gene_id,variance
ENSG00000110484.7,22.30119195502801
ENSG00000166509.12,21.708284868382076
ENSG00000153002.12,21.587315782313556
ENSG00000124935.4,16.59404569273739
ENSG00000160182.3,16.182485298942236
ENSG00000159763.4,15.368131826024065
ENSG00000172551.11,14.979746735720495
ENSG00000256612.7,14.845984561808933
ENSG00000162989.5,14.811639541034772
ENSG00000244468.1,13.878888090709902
ENSG00000235687.9,13.717201116632666
ENSG00000134184.13,13.436699116901679
ENSG00000143556.9,13.270776243300398
ENSG00000148513.18,13.259729914868633
ENSG00000008196.13,13.178890286973278
ENSG00000185686.18,12.945596600143611
ENSG00000186160.5,12.68464840091826
ENSG00000100867.15,12.665419741265563
ENSG00000134240.12,12.549803411161271
ENSG00000184956.16,12.542395699589159
ENSG00000173467.9,12.28301867222899
ENSG00000178372.8,12.076400401418141
ENSG00000170099.6,12.027588189684671
ENSG00000170419.11,11.843242980743717
ENSG00000012223.13,11.753944852551584
ENSG00000164756.12,11.722385935063446
ENSG00000138696.11,11.614423012502705
ENSG00000160180.15,11.507845133752083
ENSG00000094755.17,11.502066691863527
ENSG00000186847.6,11.198716908491077
ENSG00000235123.5,11.134220482407915
ENSG00000164128.7,11.11782416547072
ENSG00000186081.12,11.040044379295198
ENSG00000151892.15,11.017717854119917
ENSG00000139219.19,10.948811462392872
ENSG00000105141.6,10.920801691029197
ENSG00000019505.8,10.83936502506256
ENSG00000117983.17,10.764475314450285
ENSG00000086548.9,10.715772467498235
ENSG00000198650.11,10.6911874490011
ENSG00000169347.17,10.63594653478458
ENSG00000105388.16,10.599309987806073
ENSG00000213759.10,10.584339685905764
ENSG00000181617.6,10.572461365165639
ENSG00000082175.15,10.52615476817826
ENSG00000196616.14,10.52251071548544
ENSG00000100146.18,10.306631857336408
ENSG00000106541.12,10.296571404838854
ENSG00000120251.21,10.114732542835165
ENSG00000181092.10,10.112261735006385
ENSG00000141750.7,10.017361926706545
ENSG00000173335.5,9.782480300365625
ENSG00000211896.7,9.645243120203292
ENSG00000205426.10,9.639369216536767
ENSG00000185479.6,9.605988938775843
ENSG00000196091.15,9.520377182094526
ENSG00000081479.15,9.500331438250818
ENSG00000234918.1,9.298334863549503
ENSG00000091831.24,9.29367642907058
ENSG00000096006.12,9.27841568731162
ENSG00000157765.13,9.25012779818687
ENSG00000184564.11,9.126002002006446
ENSG00000137975.8,9.120096580970971
ENSG00000128422.17,9.105908768294551
ENSG00000251141.6,9.090878475657242
ENSG00000167757.14,9.043859807656755
ENSG00000007062.12,9.030623246248318
ENSG00000164434.12,9.007918478111147
ENSG00000242265.6,9.004581610247707
ENSG00000186832.9,8.903435443053594
ENSG00000162896.6,8.886932983565119
ENSG00000159212.13,8.87324856169352
ENSG00000131771.14,8.87083848971899
ENSG00000196090.12,8.86245174957912
ENSG00000121270.16,8.828133558018024
ENSG00000102837.7,8.816953387172346
ENSG00000159184.8,8.786657772426175
ENSG00000047457.14,8.755784450241514
ENSG00000286208.1,8.742400679443838
ENSG00000226278.1,8.737587971458654
ENSG00000135374.11,8.734948026611354
ENSG00000186526.13,8.71582707986069
ENSG00000166426.8,8.670362799391146
ENSG00000205420.11,8.645155699669166
ENSG00000101210.13,8.638602182815978
ENSG00000130294.17,8.570366960600587
ENSG00000134827.8,8.49377459481503
ENSG00000211899.10,8.484743233995903
ENSG00000134757.5,8.483083339195893
ENSG00000167754.13,8.47809292490465
ENSG00000135346.9,8.44181831812604
ENSG00000022556.16,8.440103843161241
ENSG00000124143.10,8.391296635232814
ENSG00000125999.11,8.384466939598155
ENSG00000256870.3,8.37798759641629
ENSG00000133169.6,8.35990597297404
ENSG00000100362.13,8.355388315854803
ENSG00000141668.10,8.275790537989515
ENSG00000175356.14,8.263281332121991
ENSG00000223808.1,8.242016641977065
ENSG00000179023.8,8.217420304672267
ENSG00000162670.11,8.182736513813337
ENSG00000170323.9,8.160863844918143
ENSG00000101098.13,8.15668886379362
ENSG00000255974.8,8.126141620427815
ENSG00000104332.12,8.086092667307264
ENSG00000181143.15,8.082229973048213
ENSG00000166006.14,8.055175101658628
ENSG00000074211.14,8.043801809807153
ENSG00000186910.4,8.032099475561873
ENSG00000161798.7,8.015462812760148
ENSG00000224559.2,8.0055390367471
ENSG00000163220.11,7.946352920906149
ENSG00000233622.3,7.931574163938725
ENSG00000171102.14,7.912765057607952
ENSG00000003989.18,7.847418140530701
ENSG00000211673.2,7.838475659080491
ENSG00000143546.10,7.823149113913721
ENSG00000102854.16,7.8195751625403735
ENSG00000211945.2,7.794799252787978
ENSG00000145451.13,7.791854872517814
ENSG00000078898.7,7.737856359861505
ENSG00000174469.23,7.716937500632253
ENSG00000211592.8,7.706683310419554
ENSG00000248779.1,7.702490012391299
ENSG00000211662.2,7.617573420233512
ENSG00000102243.13,7.604203473135375
ENSG00000211598.2,7.569627262550513
ENSG00000211890.4,7.563825529194438
ENSG00000189377.9,7.547337343120888
ENSG00000156234.7,7.544779187549892
ENSG00000235584.3,7.537703933025514
ENSG00000184811.4,7.5264914789178405
ENSG00000124939.6,7.512575241562602
ENSG00000161634.12,7.503882069362072
ENSG00000122584.13,7.486412050292465
ENSG00000183888.4,7.482772729621517
ENSG00000164326.5,7.45087412053331
ENSG00000249203.2,7.445999509789118
ENSG00000163993.7,7.426597940263856
ENSG00000287900.1,7.42182983194245
ENSG00000198788.9,7.416158096935934
ENSG00000204434.6,7.41582614683179
ENSG00000188488.14,7.375853986882119
ENSG00000211659.2,7.368162186764585
ENSG00000211947.2,7.358992137991785
ENSG00000243466.1,7.329121460027224
ENSG00000105048.17,7.323496955360449
ENSG00000168269.10,7.311474917270646
ENSG00000211663.2,7.308936288387982
ENSG00000123407.4,7.298794746061793
ENSG00000170373.8,7.286652664173664
ENSG00000170743.17,7.261546810145105
ENSG00000211666.2,7.239379228926465
ENSG00000211959.2,7.233926288616875
ENSG00000211897.9,7.230220957612454
ENSG00000211935.3,7.221719618657234
ENSG00000134258.17,7.221011009672751
ENSG00000197977.4,7.217051072072021
ENSG00000126010.6,7.211279194101984
ENSG00000180777.14,7.1982039964357245
ENSG00000211934.3,7.194351653149081
ENSG00000169035.12,7.193841181346341
ENSG00000211949.3,7.182297492634245
ENSG00000134762.17,7.1732244509996645
ENSG00000084628.10,7.1666449818246445
ENSG00000225972.1,7.161998653525134
ENSG00000136457.10,7.143094253957296
ENSG00000211966.2,7.131109252628745
ENSG00000101443.18,7.117013372429756
ENSG00000253755.1,7.110525672664977
ENSG00000171428.15,7.1029865171229405
ENSG00000172478.18,7.102809574953209
ENSG00000241361.8,7.089014240320366
ENSG00000239951.1,7.067301324242804
ENSG00000211679.2,7.05650170257853
ENSG00000108018.15,7.043651864731302
ENSG00000268104.3,7.035306344005679
ENSG00000129988.6,7.032546444069916
ENSG00000204385.13,7.030024008821357
ENSG00000241351.3,7.01933895449523
ENSG00000206075.14,7.019271938002882
ENSG00000170786.12,7.009468169316412
ENSG00000178568.15,7.0076468616081025
ENSG00000067715.14,7.000156757936023
ENSG00000108576.10,6.989528771462055
ENSG00000165863.17,6.988501446459983
ENSG00000170367.5,6.986258954333203
ENSG00000148346.12,6.980828735221592
ENSG00000171346.16,6.967997823154478
ENSG00000211895.5,6.9526819425414015
ENSG00000247627.2,6.950907474374224
ENSG00000156689.7,6.9485703293204075
ENSG00000164287.13,6.9425314570092604
ENSG00000114248.10,6.939531752152353
ENSG00000282651.2,6.931136934393815
ENSG00000255774.2,6.926373390060832
ENSG00000204792.2,6.919332700609232
ENSG00000211640.4,6.91874012649147
ENSG00000203697.12,6.906137410920638
ENSG00000196611.5,6.895595141952445
ENSG00000139352.4,6.882197488196005
ENSG00000282122.1,6.878349015913853
ENSG00000144891.18,6.8625653876900765
ENSG00000261175.6,6.846739365497049
ENSG00000249661.1,6.846160235666882
ENSG00000211651.3,6.845809873664989
ENSG00000174827.14,6.844296261174729
ENSG00000112936.19,6.836224837127779
ENSG00000166535.20,6.8356653906559846
ENSG00000169900.8,6.807282208082071
ENSG00000211660.3,6.806828911754209
ENSG00000211452.11,6.785020043387822
ENSG00000211677.2,6.778095784078026
ENSG00000129514.8,6.735464907791088
ENSG00000211648.2,6.724139742557417
ENSG00000211638.2,6.722449860171727
ENSG00000185352.8,6.721701201768891
ENSG00000154198.14,6.715331501448063
ENSG00000171236.10,6.7106863433965485
ENSG00000124107.5,6.706372770327662
ENSG00000224373.3,6.696948114427099
ENSG00000276775.1,6.695757155238693
ENSG00000211964.3,6.6934747515126976
ENSG00000211653.2,6.681562442640952
ENSG00000081277.13,6.655695007754624
ENSG00000187288.12,6.65050314014485
ENSG00000100170.10,6.5836820705940635
ENSG00000103534.17,6.561744913490372
ENSG00000167755.15,6.546404135268994
ENSG00000129451.12,6.538193547485065
ENSG00000137699.17,6.531366714520978
ENSG00000211941.3,6.523978694887735
ENSG00000263639.7,6.502010454145715
ENSG00000065618.21,6.5019912365646375
ENSG00000280411.1,6.492850164567729
ENSG00000158258.16,6.4837532149323645
ENSG00000186377.8,6.482829094461925
ENSG00000077327.16,6.478288698883941
ENSG00000126562.17,6.453792269654404
ENSG00000169550.14,6.450919447826831
ENSG00000253802.2,6.444616222481048
ENSG00000244437.1,6.437993189344752
ENSG00000170893.4,6.418204781070009
ENSG00000110195.14,6.413330083906391
ENSG00000211938.2,6.408894821345784
ENSG00000132465.12,6.406475992241481
ENSG00000211937.3,6.394566651855082
ENSG00000188505.5,6.382842660574646
ENSG00000211943.2,6.382541232201706
ENSG00000070193.5,6.3794014409353546
ENSG00000147255.19,6.367437437584511
ENSG00000211669.3,6.364753372621511
ENSG00000064787.13,6.364571955322093
ENSG00000107159.13,6.352186799986302
ENSG00000188257.12,6.336692743258003
ENSG00000168702.18,6.316231907113829
ENSG00000179593.16,6.297495364011419
ENSG00000144452.15,6.288340476217191
ENSG00000270550.1,6.280242489306655
ENSG00000185008.17,6.271952899930859
ENSG00000211892.4,6.269337782325074
ENSG00000137558.9,6.26774523381227
ENSG00000152977.10,6.26592842399284
ENSG00000167676.4,6.263677662698429
ENSG00000184330.12,6.2619110876798265
ENSG00000166819.12,6.2617212641213476
ENSG00000161055.4,6.241476874992133
ENSG00000006071.15,6.233052514623827
ENSG00000221867.9,6.21641986672894
ENSG00000124302.13,6.214934866582959
ENSG00000108244.17,6.214508922892219
ENSG00000109321.11,6.2118262059841385
ENSG00000161031.13,6.210299167329091
ENSG00000211962.2,6.206456692416129
ENSG00000144218.19,6.204383426684017
ENSG00000172724.12,6.154584862606671
ENSG00000211955.2,6.1508913771206
ENSG00000211637.2,6.144046322566723
ENSG00000150893.11,6.1058226493009435
ENSG00000281990.1,6.1017009520998995
ENSG00000196542.8,6.094966618659062
ENSG00000211668.2,6.077518558077143
ENSG00000204710.2,6.06959647886342
ENSG00000163873.10,6.06792662443914
ENSG00000145824.13,6.067762506321819
ENSG00000077274.9,6.056826252397027
ENSG00000211898.7,6.0510000825661985
ENSG00000253768.1,6.040931698579799
ENSG00000259459.6,6.039057556418421
ENSG00000180730.5,6.024823582043847
ENSG00000189058.9,6.015269632492383
ENSG00000142973.14,6.010806121462401
ENSG00000243064.8,6.00927269231262
ENSG00000147041.12,6.008051539629436
ENSG00000173404.5,6.007156242355461
ENSG00000137648.19,5.991878561287445
ENSG00000259527.2,5.984211529024524
ENSG00000150667.8,5.974374734895862
ENSG00000211965.4,5.9544724422911495
ENSG00000211950.2,5.940015280281063
ENSG00000183844.17,5.937716127966041
ENSG00000089199.10,5.93588333606461
ENSG00000171954.13,5.932700274905169
ENSG00000171564.12,5.912187817061664
ENSG00000173432.12,5.8995705739937705
ENSG00000198797.7,5.8964012877609395
ENSG00000137673.9,5.880739320323391
ENSG00000137077.8,5.878796649400379
ENSG00000075461.6,5.869256735387273
ENSG00000237442.3,5.860720586621809
ENSG00000164530.15,5.857519615827352
ENSG00000160183.17,5.843536568304391
ENSG00000183778.17,5.839033083187312
ENSG00000211893.4,5.83424908872393
ENSG00000213088.12,5.815300650561642
ENSG00000129654.8,5.809645158383451
ENSG00000188916.9,5.808314257103474
ENSG00000167588.13,5.800811713398138
ENSG00000162482.5,5.790740740994511
ENSG00000065371.17,5.790213690404606
ENSG00000112183.15,5.779551687363788
ENSG00000156219.17,5.778602881106821
ENSG00000229314.5,5.7769478091147715
ENSG00000115616.3,5.775596995184532
ENSG00000241755.1,5.767894674601012
ENSG00000163631.17,5.762579008927949
ENSG00000156076.10,5.7471571740675005
ENSG00000188001.10,5.736073527774353
ENSG00000186868.16,5.720029866936334
ENSG00000174697.5,5.7076468718491915
ENSG00000162891.10,5.705177942698373
ENSG00000137745.12,5.705067126211921
ENSG00000240864.3,5.695636049998463
ENSG00000124102.5,5.686043146843196
ENSG00000123388.4,5.684462333931203
ENSG00000197172.10,5.666860046642354
ENSG00000060718.22,5.657399345268846
ENSG00000282933.2,5.656741359577967
ENSG00000166415.15,5.652494386711412
ENSG00000156738.18,5.649773146621836
ENSG00000151365.2,5.634859518260669
ENSG00000240382.3,5.631131348695059
ENSG00000165731.20,5.62939254762756
ENSG00000184613.11,5.624397030069655
ENSG00000286379.1,5.623592761671795
ENSG00000117148.8,5.6190266299782285
ENSG00000164199.18,5.617831292772934
ENSG00000159263.16,5.616318667096966
ENSG00000166961.15,5.606947686289873
ENSG00000198729.5,5.605630087431942
ENSG00000240216.7,5.593038758572988
ENSG00000253125.1,5.588165775025454
ENSG00000287914.1,5.579526562455739
ENSG00000152669.9,5.575111441614408
ENSG00000113739.10,5.571981111708047
ENSG00000129951.19,5.568593412290505
ENSG00000117472.10,5.558426336563623
ENSG00000100095.19,5.546696177692179
ENSG00000198300.14,5.54111039689432
ENSG00000153446.16,5.536223025474826
ENSG00000185559.16,5.533295131012006
ENSG00000074410.14,5.522212801834785
ENSG00000228630.5,5.5208666934284
ENSG00000105523.3,5.511772893338373
ENSG00000115290.10,5.510112222106
ENSG00000230937.12,5.503897184423903
ENSG00000107518.18,5.503605645757754
ENSG00000105825.14,5.502738480592973
ENSG00000105852.11,5.499836625618376
ENSG00000249346.7,5.498530197328225
ENSG00000236313.1,5.487926206254408
ENSG00000287826.1,5.476532642327632
ENSG00000237515.9,5.469120182893704
ENSG00000166206.15,5.469009709785018
ENSG00000171798.18,5.46788035496127
ENSG00000143452.16,5.465771159976367
ENSG00000127324.9,5.45772744060218
ENSG00000124479.11,5.457135103736875
ENSG00000259439.2,5.451355113605196
ENSG00000211933.2,5.444946125422878
ENSG00000230873.9,5.428151732837258
ENSG00000138755.6,5.427710248453702
ENSG00000198944.6,5.425391492491036
ENSG00000099960.13,5.412985876167906
ENSG00000167656.5,5.411508375395261
ENSG00000163491.16,5.409072038691995
ENSG00000171243.8,5.408945409428583
ENSG00000197308.9,5.401603971848575
ENSG00000069535.14,5.400068426059257
ENSG00000113924.12,5.399366071178211
ENSG00000133063.16,5.396702708405734
ENSG00000149043.16,5.379142945713131
ENSG00000105929.16,5.37511103203494
ENSG00000102109.9,5.365830467476241
ENSG00000276644.5,5.364312931656415
ENSG00000106278.12,5.360523685180613
ENSG00000226745.2,5.360496255718207
ENSG00000114805.18,5.359388116246737
ENSG00000211956.2,5.351371778516243
ENSG00000180818.5,5.3507731272506005
ENSG00000169562.13,5.332893290406103
ENSG00000211976.2,5.32607496198968
ENSG00000167653.5,5.323989249588993
ENSG00000133048.13,5.316814093833379
ENSG00000106688.12,5.314769736728038
ENSG00000248360.7,5.314392228813095
ENSG00000198077.10,5.3141544171781465
ENSG00000132164.10,5.307577212125781
ENSG00000141744.4,5.305236181055455
ENSG00000104321.11,5.301305692157953
ENSG00000139910.20,5.301146302783592
ENSG00000253154.2,5.2996579099917485
ENSG00000198535.5,5.296697376010122
ENSG00000165125.22,5.295022002757195
ENSG00000211973.2,5.288672714292582
ENSG00000154478.4,5.283708569642174
ENSG00000244575.3,5.26801857197933
ENSG00000134760.6,5.267795816083618
ENSG00000278196.3,5.266932232692662
ENSG00000230076.1,5.265871384839777
ENSG00000224650.2,5.265212742182861
ENSG00000176887.7,5.263719593251937
ENSG00000009709.12,5.260819627578671
ENSG00000285094.1,5.257552395590555
ENSG00000205592.15,5.249774144373271
ENSG00000171199.11,5.243401669580571
ENSG00000124664.11,5.242008940797802
ENSG00000101441.4,5.240491643255088
ENSG00000204740.11,5.236146778606006
ENSG00000211951.2,5.235545198692688
ENSG00000064886.14,5.227221663444151
ENSG00000117322.18,5.221537959498218
ENSG00000124429.18,5.221055469930813
ENSG00000103460.17,5.218098789390188
ENSG00000238178.7,5.212911726943844
ENSG00000147689.16,5.210302136398125
ENSG00000171124.13,5.210105625806914
ENSG00000144331.20,5.204467318583803
ENSG00000239855.1,5.196843718796632
ENSG00000129151.9,5.188504955672368
ENSG00000119547.6,5.17378942441333
ENSG00000178445.10,5.173184253607204
ENSG00000091513.16,5.159095811644256
ENSG00000057593.14,5.158978560594685
ENSG00000187045.19,5.157515410284812
ENSG00000187527.11,5.1546246857814735
ENSG00000262406.3,5.146328110737119
ENSG00000043355.12,5.110412324200634
ENSG00000169083.18,5.110044381828398
ENSG00000135480.16,5.104755191594394
ENSG00000252621.1,5.098055219222116
ENSG00000282639.1,5.0972141474715595
ENSG00000233508.3,5.094542148694482
ENSG00000139865.16,5.08978328254774
ENSG00000170477.13,5.089270950306126
ENSG00000168004.10,5.086964835029806
ENSG00000162366.8,5.084193187412917
ENSG00000119866.22,5.076604884108009
ENSG00000162975.5,5.065369524985329
ENSG00000231475.3,5.059361505894475
ENSG00000196754.13,5.053845033754585
ENSG00000135069.14,5.050308394831298
ENSG00000150051.14,5.046407721374081
ENSG00000188175.10,5.032343858052962
ENSG00000218416.4,5.0297497102540465
ENSG00000227097.5,5.024984047454645
ENSG00000163879.11,5.023297368007033
ENSG00000237940.3,5.0204356361756455
ENSG00000231826.6,5.019731791622521
ENSG00000280916.2,5.011614889112107
ENSG00000138650.9,5.008465379227933
ENSG00000107954.10,5.0000383143254
ENSG00000204832.10,4.999773701482009
ENSG00000274576.2,4.992022060739683
ENSG00000162631.19,4.982441892448735
ENSG00000127249.15,4.977671311268671
ENSG00000166106.3,4.976965126433711
ENSG00000107984.10,4.973168176069135
ENSG00000243290.3,4.972257626333055
ENSG00000147256.12,4.972174946796706
ENSG00000174607.11,4.971997959659149
ENSG00000007216.15,4.97046565640363
ENSG00000238117.1,4.96052333813353
ENSG00000148488.17,4.955321533668377
ENSG00000174498.14,4.951516880027965
ENSG00000205002.4,4.951076198052022
ENSG00000115648.14,4.9501579050658195
ENSG00000101938.15,4.941310975195021
ENSG00000243238.1,4.941207512558726
ENSG00000163362.11,4.938615242951322
ENSG00000095627.9,4.925154925254071
ENSG00000178965.14,4.922142186454481
ENSG00000204049.1,4.920677954859634
ENSG00000163017.14,4.920566273056921
ENSG00000106809.11,4.916448273687718
ENSG00000272068.1,4.915200970354012
ENSG00000229453.2,4.911374799166814
ENSG00000272405.1,4.910784331594894
ENSG00000179455.10,4.910136036383843
ENSG00000163064.7,4.908390216276922
ENSG00000007038.11,4.9051537952426365
ENSG00000176406.23,4.903180627949809
ENSG00000099954.18,4.892911482243033
ENSG00000286619.1,4.881605076067403
ENSG00000168243.11,4.874771725558854
ENSG00000119698.12,4.853089498875376
ENSG00000198732.11,4.842639406735939
ENSG00000287550.1,4.838843319614113
ENSG00000108176.15,4.831445163295657
ENSG00000196208.14,4.8294694329964125
ENSG00000132746.15,4.829097352549195
ENSG00000019169.10,4.828578418256137
ENSG00000114547.10,4.824503373480958
ENSG00000171557.17,4.819342069046265
ENSG00000146038.12,4.8191185442867654
ENSG00000180269.8,4.806893980073803
ENSG00000115844.11,4.805406507906432
ENSG00000176194.18,4.799389920727052
ENSG00000164129.12,4.791815323381732
ENSG00000116176.6,4.790505594839399
ENSG00000109906.14,4.787937543878921
ENSG00000140798.16,4.781414691794685
ENSG00000100033.16,4.781142035200171
ENSG00000175426.11,4.7776816942603615
ENSG00000110169.11,4.775548952794029
ENSG00000168350.8,4.775003176113536
ENSG00000184937.16,4.765283144402569
ENSG00000228639.8,4.7650359586844315
ENSG00000224389.9,4.7555648540951205
ENSG00000241294.1,4.7544010153262874
ENSG00000196427.13,4.74669440255304
ENSG00000275385.2,4.744392013160128
ENSG00000243264.2,4.743374222336672
ENSG00000225362.10,4.742480583796154
ENSG00000211670.2,4.741971278328707
ENSG00000105369.10,4.73747426867643
ENSG00000211946.3,4.734184198310005
ENSG00000189431.8,4.7323003305922855
ENSG00000249306.6,4.729302053485998
ENSG00000203685.10,4.726815808804794
ENSG00000117215.15,4.7202440001472885
ENSG00000141639.12,4.719042620722711
ENSG00000175920.18,4.7129729595719265
ENSG00000153132.13,4.711723009510494
ENSG00000165272.16,4.710240177884828
ENSG00000197506.8,4.709923753843858
ENSG00000178538.10,4.709549186360149
ENSG00000244731.8,4.705670407338155
ENSG00000157303.11,4.698658598253919
ENSG00000249242.8,4.691854301592206
ENSG00000179913.11,4.69015283399706
ENSG00000132554.20,4.683775453024978
ENSG00000225449.3,4.683714145111937
ENSG00000133067.17,4.683651540183115
ENSG00000145920.15,4.6760353396721595
ENSG00000169862.19,4.672643862560249
ENSG00000262902.1,4.670859149421766
ENSG00000166317.12,4.667839487560164
ENSG00000260318.1,4.661567448613015
ENSG00000086570.12,4.657235816287072
ENSG00000233041.8,4.6564676569663135
ENSG00000211967.3,4.65298229859882
ENSG00000135447.17,4.652801667464559
ENSG00000026559.14,4.650168738868423
ENSG00000151632.17,4.649347019088926
ENSG00000211649.3,4.646573241592471
ENSG00000077279.19,4.638005479222035
ENSG00000182795.13,4.63206244256268
ENSG00000258910.3,4.6240716094919065
ENSG00000189001.11,4.623572244842831
ENSG00000176532.4,4.615702094273669
ENSG00000152049.6,4.615678592761774
ENSG00000071991.9,4.613601419722243
ENSG00000243955.6,4.6103989033595445
ENSG00000170579.17,4.600670776976099
ENSG00000100604.13,4.598412485768236
ENSG00000164742.16,4.593443569777254
ENSG00000211658.2,4.593284915187305
ENSG00000170500.13,4.588684021684328
ENSG00000165186.12,4.586247674648196
ENSG00000211685.3,4.565783848737444
ENSG00000009765.15,4.55609793202167
ENSG00000124493.14,4.553350937878414
ENSG00000237988.5,4.539158701009234
ENSG00000214456.8,4.538694993116292
ENSG00000166828.3,4.53599179003498
ENSG00000164120.14,4.531481230292622
ENSG00000204128.6,4.519658024838273
ENSG00000181449.4,4.510074564298626
ENSG00000107807.13,4.507852587482473
ENSG00000073282.14,4.494886254692288
ENSG00000166840.13,4.493889054085884
ENSG00000213225.7,4.490058219610521
ENSG00000286381.1,4.488774758876031
ENSG00000144355.15,4.485907122763866
ENSG00000170381.14,4.485194384904711
ENSG00000136928.7,4.484293720453698
ENSG00000140284.11,4.470807039638785
ENSG00000228278.5,4.469012844419864
ENSG00000162722.9,4.46653505237682
ENSG00000122756.15,4.465307412357641
ENSG00000188910.8,4.464365842797637
ENSG00000196557.13,4.46232428654101
ENSG00000196132.14,4.461403976779381
ENSG00000132681.17,4.460736610038748
ENSG00000072041.17,4.459210588152623
ENSG00000204019.5,4.454340657984405
ENSG00000171517.6,4.449551228080581
ENSG00000223573.7,4.445412465581757
ENSG00000198681.7,4.44184024781876
ENSG00000167080.9,4.440346758904669
ENSG00000197888.2,4.43859131608629
ENSG00000204644.10,4.4361435171577295
ENSG00000167614.14,4.43399901116992
ENSG00000138207.14,4.431617297793567
ENSG00000211625.2,4.429035852459519
ENSG00000171903.16,4.424189477993671
ENSG00000125740.14,4.420568604120058
ENSG00000083782.8,4.413212937051619
ENSG00000170549.4,4.412984014822201
ENSG00000211650.2,4.408740416577045
ENSG00000229807.12,4.402214194145391
ENSG00000148735.15,4.395911166401889
ENSG00000155093.19,4.395331058442908
ENSG00000185634.12,4.390527939089812
ENSG00000211639.2,4.3900913442531175
ENSG00000249599.2,4.38620763656071
ENSG00000215808.4,4.378025150108963
ENSG00000124205.18,4.377124454201794
ENSG00000204936.10,4.3709626504823165
ENSG00000197261.11,4.369230088664896
ENSG00000160862.13,4.368769052788058
ENSG00000235978.6,4.3675746629651675
ENSG00000233913.7,4.366236399416071
ENSG00000099812.9,4.365934076676979
ENSG00000196620.10,4.356961754519388
ENSG00000165973.19,4.348578046142635
ENSG00000118849.10,4.347106622119535
ENSG00000113763.12,4.3469957336890666
ENSG00000171401.15,4.346332258584417
ENSG00000253998.3,4.342798764453136
ENSG00000211652.2,4.340953970196298
ENSG00000265766.3,4.340881393679935
ENSG00000131203.13,4.340561639627897
ENSG00000162949.16,4.338170804323588
ENSG00000135226.18,4.333461166098516
ENSG00000255026.1,4.331318046289662
ENSG00000145681.11,4.330178056589582
ENSG00000240521.1,4.327361449406582
ENSG00000092758.18,4.327109076304648
ENSG00000130487.9,4.324533859371457
ENSG00000138615.6,4.323014842831807
ENSG00000223350.2,4.321741846918076
ENSG00000131746.13,4.31994319553342
ENSG00000125144.14,4.319864124538556
ENSG00000214100.8,4.315764913876285
ENSG00000214263.2,4.30992753861344
ENSG00000160307.10,4.306725337420933
ENSG00000287952.1,4.303268560293589
ENSG00000165078.13,4.301877234346409
ENSG00000137968.16,4.30037896098876
ENSG00000171385.10,4.298252243785766
ENSG00000159307.19,4.294912388746018
ENSG00000127954.13,4.292053016819017
ENSG00000164825.4,4.291802003110688
ENSG00000177359.20,4.289783035800663
ENSG00000115255.12,4.287151335834845
ENSG00000211942.3,4.285837769746467
ENSG00000272620.2,4.2833460130802665
ENSG00000166391.15,4.2799369178041635
ENSG00000138083.5,4.279842426979639
ENSG00000135744.8,4.27940042840694
ENSG00000147381.11,4.277681933617091
ENSG00000135750.15,4.275299573609162
ENSG00000228971.3,4.273683202155591
ENSG00000124253.11,4.267241033688011
ENSG00000113430.10,4.26201800602648
ENSG00000168079.17,4.252457382175287
ENSG00000156284.6,4.251082277415841
ENSG00000071909.19,4.246575752920586
ENSG00000168143.9,4.242593632377878
ENSG00000124249.7,4.241117936508141
ENSG00000113296.14,4.239349483158586
ENSG00000125848.10,4.238310116871178
ENSG00000111052.7,4.237436393024881
ENSG00000198074.10,4.236864572486673
ENSG00000165816.13,4.236701114482859
ENSG00000081985.13,4.22920364324867
ENSG00000135917.16,4.220914328565534
ENSG00000101311.16,4.218971500838241
ENSG00000166959.8,4.218722548069589
ENSG00000211642.3,4.21506282135287
ENSG00000143297.19,4.213566530316243
ENSG00000105664.11,4.208928432873784
ENSG00000152931.9,4.207822860499982
ENSG00000198910.14,4.205109347977811
ENSG00000156413.14,4.203111821618274
ENSG00000173175.15,4.20196007661109
ENSG00000126778.12,4.199016262125882
ENSG00000135218.19,4.185590198116984
ENSG00000145832.14,4.181480102376823
ENSG00000197253.13,4.1785289121057785
ENSG00000168447.11,4.173858524159037
ENSG00000111344.11,4.173327170864469
ENSG00000211974.3,4.17158099074173
ENSG00000160886.13,4.167725919852876
ENSG00000135373.13,4.1675789137606145
ENSG00000233101.10,4.16013677353537
ENSG00000163710.9,4.158825680815077
ENSG00000075886.11,4.156466085745633
ENSG00000107485.18,4.153628471836046
ENSG00000154654.15,4.148360465518383
ENSG00000261115.6,4.147550649400095
ENSG00000132821.12,4.147099726879256
ENSG00000137440.5,4.144580353681531
ENSG00000166670.10,4.142597491922527
ENSG00000111341.10,4.142188897057888
ENSG00000140519.14,4.139794920983362
ENSG00000069011.16,4.139727323864727
ENSG00000135638.14,4.138208547727935
ENSG00000088386.17,4.130635077784876
ENSG00000123364.5,4.129517715477239
ENSG00000211655.3,4.125706626132976
ENSG00000214128.11,4.1248126064837365
ENSG00000142449.13,4.118573952027724
ENSG00000260284.1,4.113618577967822
ENSG00000079689.14,4.113469066409702
ENSG00000151882.11,4.112271655549449
ENSG00000143867.7,4.111957953258181
ENSG00000163751.4,4.107075475474025
ENSG00000110777.12,4.09563646286816
ENSG00000237361.3,4.091949488663664
ENSG00000168539.4,4.089490866907199
ENSG00000165188.13,4.084737799870614
ENSG00000155761.14,4.084385946621635
ENSG00000095917.14,4.082459813252949
ENSG00000264589.4,4.079081708828882
ENSG00000157502.13,4.078038638294643
ENSG00000152137.8,4.072361515418877
ENSG00000244402.3,4.071581097004367
ENSG00000130720.13,4.065414636000897
ENSG00000164764.11,4.059384524007607
ENSG00000136574.18,4.054325257725586
ENSG00000019102.12,4.0429458617497325
ENSG00000196092.14,4.041702778687427
ENSG00000286042.1,4.036929341367726
ENSG00000100078.4,4.036638454616557
ENSG00000185499.16,4.034338645225161
ENSG00000172927.8,4.03257333825036
ENSG00000145536.15,4.023494254289773
ENSG00000265190.7,4.022999740290825
ENSG00000115221.12,4.017104600277236
ENSG00000188959.9,4.013210644318893
ENSG00000172137.19,4.0118489741633425
ENSG00000121005.9,4.011636971234207
ENSG00000175928.6,4.00803592661381
ENSG00000269516.6,4.007237752215591
ENSG00000225698.3,4.0052670223234035
ENSG00000123500.10,4.00492743774971
ENSG00000172461.11,3.9976712164876207
ENSG00000224271.7,3.9960874003528852
ENSG00000187634.12,3.991429851259426
ENSG00000136883.14,3.9911340878410595
ENSG00000091138.13,3.9873609513445376
ENSG00000211611.2,3.9814631700580723
ENSG00000138449.11,3.981331620714368
ENSG00000115112.8,3.981055522734535
ENSG00000256916.1,3.9805139654430137
ENSG00000168306.13,3.974651674184765
ENSG00000142178.9,3.97210609030215
ENSG00000171714.12,3.9695727432557497
ENSG00000130513.6,3.969290066508631
ENSG00000187123.15,3.96895163035622
ENSG00000186086.18,3.9687637958111814
ENSG00000081051.8,3.9684266115638853
ENSG00000167549.18,3.967574923674948
ENSG00000139144.11,3.966468278600425
ENSG00000257743.8,3.966340763177418
ENSG00000082482.14,3.9659258339049095
ENSG00000101144.13,3.9651167331786015
ENSG00000179456.10,3.964252047201052
ENSG00000068078.20,3.9625768807904294
ENSG00000229754.1,3.962067327508656
ENSG00000258986.7,3.9611916918822474
ENSG00000181234.9,3.9568660490105514
ENSG00000108932.12,3.9562259688369052
ENSG00000160867.15,3.9562128429239642
ENSG00000105707.14,3.952099825894684
ENSG00000058085.15,3.945904362000072
ENSG00000162409.11,3.9449725599662875
ENSG00000189334.9,3.9428551254440785
ENSG00000171303.7,3.9395184283290368
ENSG00000119147.10,3.9391858013756895
ENSG00000161649.13,3.9357519223739006
ENSG00000122025.15,3.9338560992414804
ENSG00000099769.6,3.9320713068047386
ENSG00000154027.19,3.931890661613682
ENSG00000081138.14,3.928947744177614
ENSG00000211664.3,3.92820313797805
ENSG00000165269.13,3.924821059884954
ENSG00000120075.5,3.923838950334023
ENSG00000109846.9,3.9229085445109004
ENSG00000075891.22,3.9218938233891896
ENSG00000134824.14,3.9145101607436716
ENSG00000175287.19,3.9144597449777074
ENSG00000251039.2,3.9133541363923414
ENSG00000155511.18,3.9124773389233582
ENSG00000133636.11,3.9110062294649426
ENSG00000248771.5,3.9075825890186024
ENSG00000224259.7,3.905113265993215
ENSG00000142619.4,3.892042488070423
ENSG00000103316.12,3.887673480287736
ENSG00000106018.14,3.8812428040198874
ENSG00000232216.1,3.8777632797102823
ENSG00000134028.14,3.8753000846442816
ENSG00000278828.1,3.8752278069430175
ENSG00000269404.7,3.8698776697754167
ENSG00000187720.14,3.8665907288957206
ENSG00000117115.13,3.865020906137083
ENSG00000153292.16,3.8647644214074073
ENSG00000140538.16,3.86442007166474
ENSG00000005513.10,3.8623958607398894
ENSG00000187957.8,3.860894984522627
ENSG00000152953.13,3.8602212195172703
ENSG00000156096.14,3.852814937930375
ENSG00000130433.7,3.850595352814132
ENSG00000237423.3,3.8503936089485924
ENSG00000100181.22,3.847659847473106
ENSG00000237541.4,3.8407929023719887
ENSG00000157851.17,3.8395069938947533
ENSG00000171759.10,3.8371052287724763
ENSG00000145808.10,3.8357981761613495
ENSG00000175352.11,3.827850225950336
ENSG00000179869.15,3.827149365406236
ENSG00000016402.13,3.824966711803549
ENSG00000062038.14,3.812275699429327
ENSG00000229544.9,3.8114966953784006
ENSG00000079841.18,3.809949302366972
ENSG00000169248.13,3.80890092928356
ENSG00000227471.9,3.805664582577883
ENSG00000078295.17,3.8011870817447213
ENSG00000228314.1,3.7961525894632597
ENSG00000166405.15,3.7952101077154894
ENSG00000230798.5,3.793169818398081
ENSG00000258837.1,3.7898364062576957
ENSG00000164403.15,3.789345833856677
ENSG00000151715.8,3.7893323054491885
ENSG00000146197.9,3.7869633833825707
ENSG00000171209.3,3.7867458411478365
ENSG00000086696.11,3.78551807063505
ENSG00000189223.15,3.784110676732606
ENSG00000100985.7,3.7835249887692366
ENSG00000223764.2,3.774432185428336
ENSG00000171004.18,3.7742255485162457
ENSG00000156968.9,3.773506430745621
ENSG00000167759.13,3.7727445685937635
ENSG00000197565.16,3.7704131857979
ENSG00000175985.10,3.7697722521630377
ENSG00000120262.10,3.762924786029201
ENSG00000151224.13,3.7621251963559406
ENSG00000153404.14,3.755534514825696
ENSG00000204179.10,3.75314099154767
ENSG00000197046.12,3.751231970016357
ENSG00000134339.9,3.7498745819637596
ENSG00000102287.19,3.7496250301949456
ENSG00000124882.4,3.7492074953888523
ENSG00000149968.12,3.7482049765857934
ENSG00000116690.13,3.7467387542879207
ENSG00000230314.7,3.744802019922197
ENSG00000088726.16,3.742009570280349
ENSG00000218357.3,3.741827242312076
ENSG00000196932.12,3.7413630255584485
ENSG00000268089.3,3.7312710914979577
ENSG00000257335.8,3.7306452659210336
ENSG00000213401.10,3.728173259153701
ENSG00000187889.13,3.7259778310619742
ENSG00000162078.11,3.72595289750929
ENSG00000211972.2,3.7259067637245837
ENSG00000184709.7,3.723508105204539
ENSG00000211968.3,3.721828303386165
ENSG00000148053.17,3.7182195947920404
ENSG00000130700.7,3.7149202009266586
ENSG00000260265.1,3.714566353778726
ENSG00000213058.3,3.711108316088899
ENSG00000183072.10,3.7097816460597075
ENSG00000280119.1,3.705607965293136
ENSG00000184809.13,3.704729760987208
ENSG00000137033.11,3.70461614466247
ENSG00000228221.6,3.7037026890911844
ENSG00000134443.10,3.7033329468186107
ENSG00000135472.9,3.703190241343903
ENSG00000173267.14,3.702610374294469
ENSG00000078725.13,3.699614553538776
ENSG00000163661.4,3.695402631905044
ENSG00000234602.9,3.687465619086144
ENSG00000138798.13,3.687009038117566
ENSG00000204175.5,3.680492803336207
ENSG00000135097.7,3.679398820309453
ENSG00000130045.16,3.677625778043747
ENSG00000019186.10,3.6776007443241845
ENSG00000169245.6,3.676189213451354
ENSG00000154080.14,3.6752430036234784
ENSG00000109182.12,3.6727662479156384
ENSG00000112812.16,3.670154889170199
ENSG00000181218.5,3.6670959095336513
ENSG00000235436.10,3.6644806742098375
ENSG00000039537.14,3.6616073885304736
ENSG00000161905.13,3.660857039365667
ENSG00000151025.11,3.6601667730649616
ENSG00000167741.11,3.6591192809275213
ENSG00000211970.3,3.657092751089691
ENSG00000158125.10,3.6529966017943467
ENSG00000143632.14,3.6455931136867483
ENSG00000254349.6,3.64524711998723
ENSG00000129437.11,3.6446127043007706
ENSG00000165061.15,3.6444652245597133
ENSG00000117154.12,3.6327513570873013
ENSG00000184454.7,3.6298208629811004
ENSG00000106819.13,3.627905544017327
ENSG00000232040.4,3.6275522941439275
ENSG00000174343.6,3.6262479060920425
ENSG00000165300.7,3.624289604232274
ENSG00000204335.4,3.6242483015734894
ENSG00000114757.19,3.6203910352042468
ENSG00000250612.2,3.617786250541401
ENSG00000103569.10,3.6174431710424906
ENSG00000263618.5,3.6157889162148185
ENSG00000144354.14,3.6130346158707445
ENSG00000069482.7,3.6121153748821504
ENSG00000181085.15,3.6086787318555205
ENSG00000171487.15,3.6066735566389236
ENSG00000136155.17,3.6064189752201257
ENSG00000212766.9,3.6040200453110143
ENSG00000197249.14,3.6039516528899203
ENSG00000184058.14,3.600750825865776
ENSG00000119938.9,3.5980831355819833
ENSG00000196436.8,3.597245352622372
ENSG00000128510.12,3.596852506010368
ENSG00000007516.14,3.5943228033825876
ENSG00000113396.13,3.592768524560252
ENSG00000054598.9,3.591333159611034
ENSG00000276566.1,3.5898914698367
ENSG00000173809.18,3.58985902588645
ENSG00000196196.3,3.5898321134983955
ENSG00000258484.4,3.5882205008309245
ENSG00000130675.15,3.5861963401918073
ENSG00000134343.14,3.5828205814420873
ENSG00000150625.16,3.582397537005886
ENSG00000094963.14,3.5808150706304875
ENSG00000228232.1,3.579739141148919
ENSG00000050628.20,3.578185386418503
ENSG00000147724.12,3.577031072559163
ENSG00000141449.15,3.576944028578387
ENSG00000230061.2,3.574588547443798
ENSG00000211599.2,3.5744418624126797
ENSG00000043039.7,3.5715776565481003
ENSG00000104267.10,3.5711725865572954
ENSG00000132975.8,3.566867325738669
ENSG00000143512.13,3.566449217407437
ENSG00000172236.18,3.5641432967794766
ENSG00000146530.14,3.5581988248828518
ENSG00000175084.12,3.556484239821798
ENSG00000166159.11,3.555435363560949
ENSG00000174175.17,3.5540915168683216
ENSG00000179862.7,3.5526367793193057
ENSG00000249158.7,3.551551125549452
ENSG00000095739.11,3.5499406542928615
ENSG00000069188.17,3.5483905209360227
ENSG00000188883.5,3.5452507824707884
ENSG00000056487.16,3.54192769878595
ENSG00000230882.1,3.5417336501664214
ENSG00000150556.17,3.541194379118153
ENSG00000264230.9,3.5401814982765583
ENSG00000074527.13,3.5400507810975608
ENSG00000058404.20,3.5384841219983367
ENSG00000141338.14,3.537427021704782
ENSG00000163040.15,3.53427519883425
ENSG00000237289.10,3.5340254718071993
ENSG00000185290.4,3.529670081269074
ENSG00000275395.6,3.528109863165833
ENSG00000273802.2,3.527582481089764
ENSG00000214313.8,3.518787420646491
ENSG00000154451.14,3.5146537061958742
ENSG00000286058.1,3.5135284187680877
ENSG00000170465.10,3.512216323887806
ENSG00000245750.10,3.5120583931749154
ENSG00000172828.13,3.510574619929834
ENSG00000011677.13,3.5099018757219818
ENSG00000248663.6,3.5050359661774615
ENSG00000102313.9,3.5012703414234747
ENSG00000186197.15,3.5009008101783734
ENSG00000172061.9,3.4947996392250067
ENSG00000125851.10,3.4913838193890365
ENSG00000133019.12,3.490236135568717
ENSG00000018625.15,3.4901944825332163
ENSG00000130612.16,3.4879874727234226
ENSG00000281406.2,3.482143128317479
ENSG00000269416.6,3.480927307111521
ENSG00000110436.13,3.4766519483713196
ENSG00000203688.6,3.472850833587235
ENSG00000256124.6,3.4699082079554704
ENSG00000133317.16,3.4667491517410913
ENSG00000064300.9,3.4653367003852256
ENSG00000255836.1,3.4623155764646443
ENSG00000164220.7,3.4622344978596207
ENSG00000248431.2,3.461165982189891
ENSG00000223648.4,3.4551563902210782
ENSG00000157150.5,3.450222415615917
ENSG00000164626.9,3.44963399851431
ENSG00000152086.9,3.446709423757246
ENSG00000123560.14,3.4446383393516173
ENSG00000004848.8,3.4425286644529174
ENSG00000077522.14,3.4422776786162594
ENSG00000123572.17,3.4415506510804126
ENSG00000265369.3,3.44008406377551
ENSG00000243479.3,3.439292247973639
ENSG00000050438.17,3.437871461206182
ENSG00000130540.14,3.432835167927287
ENSG00000170577.8,3.4323570371148935
ENSG00000196482.18,3.431064857556893
ENSG00000227507.3,3.430267484973526
ENSG00000165474.8,3.429178363187741
ENSG00000149328.15,3.424075465959527
ENSG00000012171.20,3.4238204801108223
ENSG00000147257.15,3.421891625843612
ENSG00000069812.11,3.419366275108093
ENSG00000170561.13,3.418594729941014
ENSG00000120332.16,3.4162468846824496
ENSG00000170369.4,3.4155334010920706
ENSG00000136542.9,3.414691075533477
ENSG00000197766.8,3.4145369509933845
ENSG00000115339.14,3.4142836624559822
ENSG00000055118.16,3.4134305526511586
ENSG00000240280.7,3.407696250835005
ENSG00000240671.4,3.4055778090621187
ENSG00000164106.8,3.404930065786631
ENSG00000162746.14,3.39912226766234
ENSG00000120875.9,3.3991120139165782
ENSG00000049540.18,3.3961893487644494
ENSG00000074803.20,3.393854830329515
ENSG00000136546.16,3.392503480131181
ENSG00000204140.10,3.391867520584276
ENSG00000135413.9,3.390849562217241
ENSG00000189221.10,3.3893159395318304
ENSG00000166825.15,3.3876668544442605
ENSG00000169213.7,3.383115864026015
ENSG00000134020.8,3.380844106968632
ENSG00000170476.16,3.377561464376054
ENSG00000117069.15,3.375733414613993
ENSG00000170044.8,3.37569199851024
ENSG00000114115.10,3.374861279974301
ENSG00000163207.7,3.373677981495461
ENSG00000158014.15,3.3681170834371885
ENSG00000186493.13,3.367925370063544
ENSG00000189280.3,3.3676853526986896
ENSG00000254164.1,3.3653627332620024
ENSG00000278530.4,3.362802897307394
ENSG00000166396.13,3.3617737035660653
ENSG00000173917.10,3.3585730638810727
ENSG00000170454.6,3.3585271063585798
ENSG00000187134.14,3.3571967437608867
ENSG00000204338.8,3.3571347595152563
ENSG00000211952.3,3.3526137225851182
ENSG00000251095.7,3.3524025889581224
ENSG00000169429.11,3.350850881297103
ENSG00000112175.8,3.3501470040036585
ENSG00000188833.10,3.3467359753420376
ENSG00000180616.9,3.346292656049431
ENSG00000167619.13,3.345937978611993
ENSG00000170091.11,3.345279666808423
ENSG00000182379.10,3.3413066283644057
ENSG00000087494.16,3.3403740097163728
ENSG00000164188.9,3.33992238719313
ENSG00000187608.10,3.3397612289638223
ENSG00000161249.21,3.339245595590016
ENSG00000159166.15,3.337732998487219
ENSG00000106483.12,3.33753022924153
ENSG00000268686.2,3.3361691113712766
ENSG00000171811.14,3.3356135575382915
ENSG00000164796.18,3.3353299818993514
ENSG00000261104.1,3.333987336632616
ENSG00000174938.14,3.3333325414946007
ENSG00000109436.8,3.3315218556616526
ENSG00000118785.14,3.32815730825229
ENSG00000105894.12,3.327936486357985
ENSG00000145934.16,3.326234431876219
ENSG00000121742.19,3.3259841032500135
ENSG00000272398.6,3.3258292755182692
ENSG00000078081.8,3.32212886407202
ENSG00000275713.2,3.3203292924255576
ENSG00000232044.7,3.3202060863826626
ENSG00000238118.1,3.3197424912594293
ENSG00000172201.12,3.3195259141119555
ENSG00000130829.18,3.3163422662573296
ENSG00000100453.13,3.3106434255035073
ENSG00000287262.1,3.3106059478604792
ENSG00000257017.9,3.3092482650049515
ENSG00000204542.3,3.308944993482908
ENSG00000141424.13,3.3080810495478845
ENSG00000090382.7,3.307038275121095
ENSG00000186529.16,3.3040179208549003
ENSG00000111249.14,3.3036733042505437
ENSG00000183780.13,3.295586840854971
ENSG00000127083.7,3.2950283998541874
ENSG00000108878.5,3.2921062933320173
ENSG00000073756.12,3.2867178627741946
ENSG00000163739.5,3.2864435769608042
ENSG00000175497.17,3.285467554464552
ENSG00000100721.11,3.2851704420114536
ENSG00000175161.14,3.2846744063935596
ENSG00000147697.9,3.2833166294847262
ENSG00000287609.1,3.2811773407071216
ENSG00000231106.2,3.2807907305304993
ENSG00000175318.12,3.280406412603729
ENSG00000165949.12,3.2798929224490796
ENSG00000064205.10,3.2796079701403356
ENSG00000138722.10,3.2795599427729383
ENSG00000166823.5,3.2781417906133683
ENSG00000196136.18,3.2760194731065684
ENSG00000163347.6,3.271999586448996
ENSG00000090539.15,3.271062632357621
ENSG00000105877.18,3.2692781370108195
ENSG00000105219.10,3.268271684786856
ENSG00000275896.6,3.265802068915823
ENSG00000198930.13,3.2649607728560692
ENSG00000242371.1,3.2621341985189187
ENSG00000226383.7,3.2619079907907333
ENSG00000150627.16,3.2614629458727866
ENSG00000166482.12,3.2593614882413657
ENSG00000080493.18,3.256608345191579
ENSG00000283633.1,3.256317673139311
ENSG00000171201.12,3.256103327270628
ENSG00000167749.11,3.2559136321619073
ENSG00000211891.6,3.2554793320042705
ENSG00000107165.13,3.2513655253573748
ENSG00000163082.10,3.2495150329585933
ENSG00000187122.17,3.2471213711386184
ENSG00000134202.11,3.2448373035447178
ENSG00000258616.5,3.2411253246971956
ENSG00000100473.18,3.2408868954141896
ENSG00000175315.3,3.239089712125489
ENSG00000183044.12,3.238520598651054
ENSG00000162738.6,3.237605286646522
ENSG00000173894.11,3.2351382448164707
ENSG00000215182.8,3.232150405603739
ENSG00000176153.12,3.2311214611451113
ENSG00000176907.5,3.2304931224963243
ENSG00000029559.7,3.230464227494567
ENSG00000126709.15,3.229872886430376
ENSG00000198576.4,3.227961651879368
ENSG00000123689.6,3.227331949101893
ENSG00000170959.14,3.227266370141165
ENSG00000006555.11,3.2269069487001683
ENSG00000164308.17,3.2258979630651723
ENSG00000132329.11,3.225200961508294
ENSG00000141433.13,3.224901531380593
ENSG00000181577.16,3.2246211389984865
ENSG00000233237.8,3.2238369535728237
ENSG00000240253.6,3.2238262800919397
ENSG00000178222.13,3.2228571872341676
ENSG00000182253.15,3.222691518342652
ENSG00000154274.15,3.2222551535387294
ENSG00000039139.9,3.2221985627114034
ENSG00000168685.15,3.221497739460238
ENSG00000183206.17,3.2190908249619383
ENSG00000116329.11,3.2185417556173754
ENSG00000224041.3,3.2157819413366187
ENSG00000168743.13,3.214579669997518
ENSG00000226777.7,3.211825838256753
ENSG00000224223.1,3.2091574189129792
ENSG00000223572.10,3.2026299333567554
ENSG00000154645.14,3.2020916061340636
ENSG00000263961.8,3.2019769426975806
ENSG00000260710.1,3.200860132044616
ENSG00000104237.11,3.197431118193708
ENSG00000132932.17,3.1970382438636227
ENSG00000068615.19,3.196293096647003
ENSG00000115596.4,3.1908616528375635
ENSG00000109255.11,3.190792719308236
ENSG00000155886.11,3.190660910354547
ENSG00000135773.13,3.1889936577026674
ENSG00000103723.16,3.184324365059305
ENSG00000005102.14,3.1835769177340865
ENSG00000127252.7,3.1834008692284868
ENSG00000112414.15,3.183324927300195
ENSG00000158477.7,3.1807148241428087
ENSG00000168280.18,3.1802273611940226
ENSG00000048540.15,3.178586907167309
ENSG00000128683.14,3.1758234663871407
ENSG00000286015.1,3.1736099889379115
ENSG00000004838.14,3.173342751626439
ENSG00000080854.16,3.1728666377772754
ENSG00000121207.12,3.1701263808769418
ENSG00000248538.8,3.1694604478538984
ENSG00000258414.1,3.1683012953644654
ENSG00000103528.17,3.168019832445275
ENSG00000134830.6,3.1655401513232237
ENSG00000132639.13,3.1649488947748723
ENSG00000184349.13,3.163515085300677
ENSG00000179066.8,3.162974372585196
ENSG00000112981.5,3.161538194448682
ENSG00000132854.19,3.161019204585884
ENSG00000103355.13,3.158074458007497
ENSG00000174963.18,3.154760925036636
ENSG00000147485.13,3.148209922748216
ENSG00000002726.21,3.1479543281962337
ENSG00000250120.8,3.147520007643386
ENSG00000120149.9,3.1471407108175997
ENSG00000204421.3,3.146934529889504
ENSG00000100003.18,3.1455587939142204
ENSG00000178773.15,3.145080879072059
ENSG00000287354.1,3.144811525597505
ENSG00000004468.13,3.144556787880582
ENSG00000198251.7,3.1436114077707837
ENSG00000269353.1,3.143091021609592
ENSG00000111319.13,3.142281526764494
ENSG00000137265.15,3.1394810352754097
ENSG00000278484.1,3.1385585142534893
ENSG00000138772.13,3.1381856542075126
ENSG00000185156.6,3.138078117329055
ENSG00000132514.14,3.1374114859431113
ENSG00000167034.10,3.1357407396494974
ENSG00000241945.8,3.134686489859319
ENSG00000157404.16,3.1343623829695337
ENSG00000162543.6,3.1334774189151746
ENSG00000140287.11,3.1265607236695874
ENSG00000099953.10,3.120521849077524
ENSG00000184012.13,3.1185530344971766
ENSG00000131969.15,3.1170564050554943
ENSG00000169436.17,3.116727821072267
ENSG00000225768.1,3.116284801337088
ENSG00000168453.15,3.1152085576317767
ENSG00000159167.12,3.112836172238363
ENSG00000091129.21,3.112100431737653
ENSG00000115461.5,3.109714456846951
ENSG00000157168.20,3.109633373403231
ENSG00000186007.10,3.109578934977738
ENSG00000070886.12,3.109069391234967
ENSG00000174672.16,3.1061477348681783
ENSG00000073792.16,3.1042767308116703
ENSG00000160856.21,3.1034794732224906
ENSG00000053747.17,3.0966281890307363
ENSG00000085741.13,3.0956010598285806
ENSG00000129455.15,3.0936259573206253
ENSG00000251546.1,3.0924805463085008
ENSG00000196353.11,3.0903226672174684
ENSG00000143369.15,3.0900862953673274
ENSG00000021300.14,3.0889278662989343
ENSG00000160716.6,3.0875727004647735
ENSG00000279685.2,3.087308152453393
ENSG00000177455.15,3.087067689615787
ENSG00000198848.13,3.085283395077548
ENSG00000196878.15,3.0834452126525207
ENSG00000163141.20,3.0815557414383505
ENSG00000186474.15,3.0809286318225775
ENSG00000170231.16,3.079833658957221
ENSG00000237667.7,3.0793734138245146
ENSG00000268864.4,3.078649408086703
ENSG00000112559.15,3.0770994046604603
ENSG00000144290.17,3.076829298067184
ENSG00000133083.15,3.0762136785009804
ENSG00000130707.18,3.075383544142422
ENSG00000167772.12,3.073740356246769
ENSG00000287226.1,3.0729777269053735
ENSG00000146938.16,3.071907140958184
ENSG00000185760.17,3.0718148595785895
ENSG00000186340.16,3.071724511460208
ENSG00000105668.7,3.068767184863433
ENSG00000196917.6,3.0685770470292812
ENSG00000092621.13,3.068505918093067
ENSG00000145794.17,3.065238415642529
ENSG00000105290.13,3.0607077025269387
ENSG00000184343.11,3.0596453585408443
ENSG00000165621.8,3.0567758087700194
ENSG00000112246.10,3.0562464650298593
ENSG00000204967.12,3.05551979679636
ENSG00000179388.9,3.0554644041894345
ENSG00000105855.10,3.052562281908848
ENSG00000269138.1,3.0520900862565528
ENSG00000163209.15,3.051954084956531
ENSG00000135063.19,3.0509891879128226
ENSG00000261520.5,3.0504929301612895
ENSG00000257588.1,3.048176615116056
ENSG00000198807.13,3.0479138922400306
ENSG00000243649.9,3.047410759510193
ENSG00000139304.16,3.045874846294635
ENSG00000187955.12,3.045683331681981
ENSG00000133392.18,3.044428262165998
ENSG00000231574.6,3.0440089145889364
ENSG00000109956.13,3.0422591116651954
ENSG00000188338.15,3.0420071386797174
ENSG00000185818.8,3.040977238819971
ENSG00000268416.1,3.0403055307933498
ENSG00000146648.19,3.038489234376458
ENSG00000186204.15,3.036937829587245
ENSG00000158406.5,3.0366129166206446
ENSG00000052850.8,3.0365021105259467
ENSG00000127585.12,3.0362927570177694
ENSG00000152076.19,3.0358994387004072
ENSG00000116014.10,3.0346710025049615
ENSG00000100285.10,3.032163045417643
ENSG00000104055.16,3.0321414023897706
ENSG00000115919.15,3.0318250005766076
ENSG00000127129.10,3.0306143752589683
ENSG00000154864.13,3.0293945528230473
ENSG00000287252.1,3.027623445920574
ENSG00000158089.15,3.026960775825844
ENSG00000006016.11,3.0255885064772405
ENSG00000236699.9,3.0251535937498857
ENSG00000131398.15,3.0237523196373357
ENSG00000090534.20,3.0230450046988593
ENSG00000139055.7,3.0207642498369043
ENSG00000135333.14,3.020445583856044
ENSG00000018236.15,3.0198442024105927
ENSG00000178162.8,3.0196331887784895
ENSG00000248485.2,3.0170896622754246
ENSG00000178401.16,3.0152077123148384
ENSG00000179915.24,3.0127465794475747
ENSG00000120093.11,3.0117012506100744
ENSG00000241244.1,3.011407482035088
ENSG00000156011.17,3.011348284037517
ENSG00000180543.5,3.0086293213573225
ENSG00000203867.8,3.008183686288528
ENSG00000095713.14,3.0072935881659975
ENSG00000184860.10,3.006724901967278
ENSG00000144045.14,3.006537460767693
ENSG00000168913.7,3.006356753865221
ENSG00000166165.13,3.0047625106604987
ENSG00000096088.16,3.002485760708003
ENSG00000100344.11,3.0014136228938644
ENSG00000179348.12,3.0009891265090665
ENSG00000180347.13,3.0006978185054276
ENSG00000197632.9,2.999226110217241
ENSG00000170345.10,2.9981169483386276
ENSG00000196787.3,2.996730959170257
ENSG00000259793.1,2.9962520665259005
ENSG00000115593.15,2.9961729574753244
ENSG00000168309.18,2.9961402198523057
ENSG00000064195.7,2.996029593667099
ENSG00000181847.12,2.9957096155593623
ENSG00000135116.9,2.995643748987507
ENSG00000156414.19,2.9944588890804464
ENSG00000163735.7,2.9938363962141374
ENSG00000094796.5,2.9917628568488923
ENSG00000116031.9,2.991175777824044
ENSG00000286449.1,2.990494110582001
ENSG00000165309.14,2.9886611464123374
ENSG00000253361.3,2.986837654233073
ENSG00000046774.10,2.986674521865324
ENSG00000173702.7,2.98610253576202
ENSG00000184160.8,2.985831375207201
ENSG00000211689.7,2.9850413972966856
ENSG00000124237.6,2.9849511460955083
ENSG00000225438.1,2.9800428456940216
ENSG00000187017.17,2.9798798524571204
ENSG00000029534.21,2.979490563904449
ENSG00000146151.14,2.9794695955656496
ENSG00000104783.14,2.9773907310527785
ENSG00000165548.11,2.977198610127077
ENSG00000147234.10,2.9760230653914985
ENSG00000287448.1,2.975276812354142
ENSG00000188620.11,2.97512978891543
ENSG00000137142.5,2.972534808667202
ENSG00000259495.3,2.9719466009383755
ENSG00000178776.5,2.9716324335675277
ENSG00000177238.14,2.9712712372420866
ENSG00000211772.11,2.97126522951095
ENSG00000211632.4,2.9705573933440625
ENSG00000173227.14,2.965379942771499
ENSG00000198851.10,2.9643962120708625
ENSG00000008735.14,2.9637636259921205
ENSG00000205517.13,2.963607018628326
ENSG00000142102.16,2.9634160907512066
ENSG00000189056.14,2.9630540944768193
ENSG00000175832.13,2.9628050027186896
ENSG00000113389.16,2.960912776573333
ENSG00000253973.3,2.9607850148762473
ENSG00000184368.16,2.9589414759991506
ENSG00000129990.15,2.9584863323115242
ENSG00000145423.5,2.9572060222643874
ENSG00000196890.4,2.955467531600982
ENSG00000152578.13,2.9549595729117764
ENSG00000170608.3,2.9535612214744837
ENSG00000211751.9,2.953168141540566
ENSG00000185303.17,2.9526493145027826
ENSG00000134121.10,2.9522043544872716
ENSG00000204860.5,2.9503813406794355
ENSG00000178826.11,2.947756005911073
ENSG00000253451.1,2.9473368598115486
ENSG00000134533.6,2.946998655926715
ENSG00000104059.4,2.9468981611943743
ENSG00000253123.4,2.941675605146318
ENSG00000100427.16,2.938927911209952
ENSG00000108309.14,2.9382984746931764
ENSG00000112852.7,2.9374407107709675
ENSG00000137261.14,2.937177409325834
ENSG00000166923.12,2.9370166494625995
ENSG00000262943.7,2.936183743900119
ENSG00000164099.3,2.934716135407656
ENSG00000143320.9,2.9327313148791037
ENSG00000116661.11,2.9321068675092605
ENSG00000214336.5,2.9317362132658698
ENSG00000072858.11,2.9297008583865582
ENSG00000158164.7,2.9284154518085526
ENSG00000182013.18,2.9274588376573663
ENSG00000125820.6,2.927131869681638
ENSG00000138829.12,2.9270375728011424
ENSG00000175164.15,2.926209378649067
ENSG00000108684.15,2.9253254903673214
ENSG00000248144.6,2.924814656719945
ENSG00000152503.10,2.9240911477516107
ENSG00000185745.10,2.923733817116533
ENSG00000273983.1,2.923671109070545
ENSG00000101057.16,2.919715086258658
ENSG00000244300.3,2.9181019371900656
ENSG00000152611.12,2.9171448908842046
ENSG00000105143.12,2.9170069613888527
ENSG00000129167.9,2.916720170225527
ENSG00000276547.1,2.9149977465394623
ENSG00000149534.9,2.9141453924242153
ENSG00000137285.10,2.914078035542713
ENSG00000196747.4,2.9128897367526534
ENSG00000006747.15,2.9124615519299013
ENSG00000188763.5,2.9108898152290417
ENSG00000146013.11,2.9108149199951026
ENSG00000132026.14,2.9095430938493707
ENSG00000112761.21,2.908829585152399
ENSG00000157388.19,2.90848450491808
ENSG00000108511.10,2.906411659215885
ENSG00000130822.16,2.905887695873734
ENSG00000177614.11,2.9051266052731783
ENSG00000251151.2,2.9050432280025937
ENSG00000131914.11,2.8989230822714522
ENSG00000168334.9,2.898081927968541
ENSG00000133328.4,2.8935770599331656
ENSG00000254080.1,2.8930248385288535
ENSG00000139292.13,2.8912818961383633
ENSG00000244734.4,2.8897760103586156
ENSG00000203952.9,2.888945736885126
ENSG00000197444.10,2.888173356607558
ENSG00000182175.14,2.8881379276553765
ENSG00000283646.2,2.8876572571934953
ENSG00000111404.7,2.8865905283845885
ENSG00000171033.13,2.886363727160915
ENSG00000077935.17,2.885673073659287
ENSG00000174945.13,2.8844834683790737
ENSG00000144278.15,2.881469386860804
ENSG00000112280.17,2.881458791775003
ENSG00000174939.11,2.880093422360496
ENSG00000218549.2,2.879556226099421
ENSG00000131668.14,2.8791588178760548
ENSG00000185149.6,2.8763295796613395
ENSG00000054938.16,2.876189968223344
ENSG00000130558.20,2.87462580850527
ENSG00000007372.24,2.8736575206667396
ENSG00000104313.20,2.872812901721981
ENSG00000198691.13,2.866979176373852
ENSG00000163331.12,2.8665505958188917
ENSG00000104044.16,2.866442010545937
ENSG00000158008.10,2.864813294214503
ENSG00000185904.12,2.862942337442044
ENSG00000222014.6,2.862876423137457
ENSG00000092969.12,2.8613825801196526
ENSG00000108551.5,2.861063317672382
ENSG00000169783.13,2.8607541526398435
ENSG00000283413.1,2.859250001122048
ENSG00000004799.8,2.858633071096955
ENSG00000115353.11,2.8581398785031746
ENSG00000121552.4,2.858105893742883
ENSG00000277075.2,2.8572224520542373
ENSG00000048462.11,2.856732802131882
ENSG00000100167.20,2.8540684677100607
ENSG00000114654.7,2.8537312198364586
ENSG00000100448.4,2.848561344807248
ENSG00000184828.10,2.8464872789403577
ENSG00000185133.14,2.8459226579381527
ENSG00000140479.18,2.8445536838091168
ENSG00000118432.12,2.8442908137725
ENSG00000248810.2,2.8434653188300185
ENSG00000170442.12,2.8434104134952385
ENSG00000265933.5,2.841802791049716
ENSG00000165194.15,2.841183465402486
ENSG00000180178.11,2.8395409003473646
ENSG00000130287.14,2.83898262857743
ENSG00000183971.10,2.8381836982480397
ENSG00000135549.15,2.8330719917820217
ENSG00000139800.8,2.832713094698877
ENSG00000248429.5,2.8325036861329487
ENSG00000133640.20,2.828529345279419
ENSG00000223715.3,2.8275845174286443
ENSG00000167889.13,2.827381657513236
ENSG00000143502.15,2.827349207421512
ENSG00000249992.2,2.8251392501022217
ENSG00000203709.12,2.8246991958713155
ENSG00000139737.22,2.82452926002569
ENSG00000175445.17,2.8231561153395566
ENSG00000188869.13,2.823147428381719
ENSG00000263934.5,2.822011154715603
ENSG00000183734.4,2.821542006111714
ENSG00000204248.11,2.819416946343066
ENSG00000187837.4,2.8166578469948242
ENSG00000110148.10,2.8161328453554813
ENSG00000196167.10,2.811560258314201
ENSG00000214652.6,2.8105522569228185
ENSG00000205362.11,2.8095895645036784
ENSG00000087128.10,2.808527711562362
ENSG00000171195.11,2.807343693432028
ENSG00000197106.7,2.807242455934682
ENSG00000176490.5,2.8056575285991996
ENSG00000123838.11,2.802739154393415
ENSG00000183117.19,2.8023698671732027
ENSG00000148798.11,2.801087709457285
ENSG00000007908.16,2.7994500654526915
ENSG00000250366.3,2.7988300187800634
ENSG00000132185.18,2.7977216923815376
ENSG00000163531.15,2.7961179082502876
ENSG00000162706.13,2.7940975656226676
ENSG00000196549.12,2.7931922066549864
ENSG00000121753.12,2.7911031821824577
ENSG00000142515.15,2.7887092353607073
ENSG00000160339.16,2.7877689859837065
ENSG00000232400.1,2.7847170459908823
ENSG00000139970.17,2.784237015950463
ENSG00000104899.8,2.784183412288
ENSG00000088002.12,2.7831508822499016
ENSG00000144619.15,2.782904277873939
ENSG00000257986.3,2.7815078586230677
ENSG00000069702.11,2.779784769369038
ENSG00000259725.1,2.779525696608
ENSG00000161405.17,2.7775330231620567
ENSG00000105695.15,2.7772347009097067
ENSG00000126262.5,2.7747025143369197
ENSG00000137959.16,2.7738322975393555
ENSG00000084444.14,2.7730940757400986
ENSG00000176399.4,2.7728488644177918
ENSG00000283526.1,2.7708987262162004
ENSG00000157601.14,2.770728468455951
ENSG00000100626.17,2.7701945323825052
ENSG00000167701.14,2.7683456190412232
ENSG00000109205.16,2.767623602520808
ENSG00000186603.6,2.766263477692592
ENSG00000132437.18,2.7662435663634897
ENSG00000104368.19,2.764843479719546
ENSG00000226080.1,2.76398315461181
ENSG00000224272.2,2.7637336390205527
ENSG00000256417.1,2.7610768226957405
ENSG00000165966.16,2.760888300500663
ENSG00000140873.16,2.760094236633283
ENSG00000119946.11,2.759259876733761
ENSG00000250305.9,2.7579731585404903
ENSG00000175302.5,2.756301528559836
ENSG00000272622.2,2.7560584822012557
ENSG00000117009.12,2.7553577415167645
ENSG00000041982.16,2.7538495474439535
ENSG00000101463.6,2.752848063405687
ENSG00000196684.12,2.7527825919534505
ENSG00000231852.9,2.7522949250346316
ENSG00000271850.2,2.751135823102761
ENSG00000120322.4,2.7474447438010348
ENSG00000273472.1,2.7452633854774766
ENSG00000147889.18,2.7451694639283435
ENSG00000188039.16,2.744047349283304
ENSG00000118160.14,2.7436308806190057
ENSG00000136573.14,2.742802089656972
ENSG00000254290.1,2.741821640228496
ENSG00000198768.11,2.7407450800393383
ENSG00000112164.6,2.7400559201764607
ENSG00000110693.18,2.739386839006656
ENSG00000125378.16,2.739156683730419
ENSG00000169906.5,2.7390683958637507
ENSG00000169435.14,2.738878958941819
ENSG00000203805.11,2.7374645293136233
ENSG00000116824.5,2.737426255396155
ENSG00000285587.1,2.7367946170856645
ENSG00000287048.1,2.735974300033398
ENSG00000133135.14,2.735430604185955
ENSG00000139629.16,2.7335775229335915
ENSG00000169469.9,2.73122670458317
ENSG00000103888.17,2.7310852344850156
ENSG00000128606.13,2.72862859841766
ENSG00000043591.6,2.7285562245574333
ENSG00000231367.6,2.7265218730390464
ENSG00000204442.4,2.724405767399006
ENSG00000105357.19,2.7236649790759224
ENSG00000123201.14,2.722648871605773
ENSG00000164047.6,2.722185765365578
ENSG00000152467.10,2.721185905786467
ENSG00000103257.9,2.7211136982554778
ENSG00000107242.20,2.72084964210317
ENSG00000130477.15,2.719044104678906
ENSG00000152661.9,2.71675469524057
ENSG00000205363.6,2.716012900828354
ENSG00000139044.12,2.715011181058609
ENSG00000164749.13,2.7149077520965674
ENSG00000260807.7,2.714217151380446
ENSG00000251664.5,2.712899995637458
ENSG00000102554.14,2.712047072127154
ENSG00000243137.8,2.711525767739125
ENSG00000230006.7,2.7113466376700504
ENSG00000187908.20,2.7107364669816163
ENSG00000128564.7,2.710531561710203
ENSG00000237686.7,2.7086531140969257
ENSG00000183779.7,2.70809666863224
ENSG00000112796.10,2.708019965790376
ENSG00000237978.6,2.707989408194565
ENSG00000240086.7,2.7070370647945734
ENSG00000144681.10,2.7068484457173643
ENSG00000188064.10,2.706659488056341
ENSG00000143473.13,2.7062313498770108
ENSG00000136244.12,2.7053818588964913
ENSG00000154639.19,2.7050461217397035
ENSG00000246985.8,2.7028193975917034
ENSG00000239819.2,2.7026040667545264
ENSG00000164761.9,2.7016390461957815
ENSG00000215146.5,2.701509563086461
ENSG00000162595.7,2.7000051396941616
ENSG00000118513.19,2.699896737718416
ENSG00000115556.14,2.697133178159937
ENSG00000127152.18,2.6956497691972694
ENSG00000180155.20,2.6939844392171164
ENSG00000126353.3,2.6910040427902917
ENSG00000246228.6,2.6898591143724553
ENSG00000159247.13,2.6897621995163568
ENSG00000113263.13,2.6896960569547437
ENSG00000168754.15,2.6891311208489395
ENSG00000170054.16,2.688583333156226
ENSG00000204950.4,2.688020520971322
ENSG00000171551.12,2.687092917572261
ENSG00000082556.14,2.686386003755829
ENSG00000104112.9,2.685973499828795
ENSG00000146233.8,2.685566812924787
ENSG00000169218.14,2.6847064969539667
ENSG00000053108.17,2.683255028825385
ENSG00000175264.8,2.6829288339774218
ENSG00000182575.8,2.682667830557428
ENSG00000188153.14,2.6812217144452686
ENSG00000162552.15,2.679448380595434
ENSG00000174502.19,2.678348881884252
ENSG00000166897.16,2.6771640725676655
ENSG00000154277.13,2.6754340045423497
ENSG00000285973.2,2.6753580100409793
ENSG00000081041.9,2.673892766885403
ENSG00000148948.8,2.6731628554295233
ENSG00000163485.17,2.6728384749700935
ENSG00000180438.15,2.6709985165999868
ENSG00000108924.14,2.6703207420245394
ENSG00000121101.16,2.669920458948468
ENSG00000172379.21,2.6694304993179085
ENSG00000104921.15,2.6673394426211567
ENSG00000166743.9,2.6652514812848658
ENSG00000039068.19,2.6646262654457353
ENSG00000189366.9,2.66395258929716
ENSG00000183036.11,2.663023467677907
ENSG00000183918.17,2.6620248013725547
ENSG00000160111.14,2.6602144848917253
ENSG00000115361.8,2.6571820724187942
ENSG00000144908.14,2.6564126779786346
ENSG00000143196.5,2.655878867272021
ENSG00000198643.7,2.6546767650383476
ENSG00000115457.10,2.654351316365722
ENSG00000134755.17,2.6537172485470926
ENSG00000106927.12,2.6514409797050598
ENSG00000249082.2,2.6510129802110978
ENSG00000101298.15,2.65043951221604
ENSG00000163032.12,2.649334132033432
ENSG00000081842.18,2.6492183772703863
ENSG00000172232.10,2.6489378748014465
ENSG00000129991.13,2.6484132179243973
ENSG00000232815.1,2.647723902591523
ENSG00000147138.3,2.646125762002894
ENSG00000154760.14,2.64602220378838
ENSG00000152580.8,2.6457561926512967
ENSG00000162739.14,2.645227662708276
ENSG00000176945.17,2.6446610197235785
ENSG00000271503.6,2.6437621963986633
ENSG00000171864.5,2.6430248495506974
ENSG00000183569.18,2.6422950191739982
ENSG00000131096.10,2.6415800801308307
ENSG00000007402.12,2.6409952980652522
ENSG00000021645.20,2.6390342138910636
ENSG00000123892.12,2.6364366638465984
ENSG00000168907.13,2.6360396906317343
ENSG00000154175.18,2.6353912120059584
ENSG00000131831.18,2.6351373842479946
ENSG00000231292.6,2.633325831701369
ENSG00000175175.6,2.6333124300632704
ENSG00000173376.14,2.6327244864297046
ENSG00000277224.2,2.631171017060791
ENSG00000167286.10,2.630753139380669
ENSG00000149927.18,2.6286212876713617
ENSG00000136944.19,2.6267588800960415
ENSG00000187486.5,2.626491864816851
ENSG00000149599.15,2.6264195323024393
ENSG00000215915.10,2.626372096024924
ENSG00000197410.14,2.626191877541529
ENSG00000230498.3,2.6256077645868796
ENSG00000180596.7,2.6252146105225287
ENSG00000280081.4,2.625159880594636
ENSG00000198185.11,2.6250171138323344
ENSG00000141314.13,2.6243529526995637
ENSG00000107105.15,2.6228644133685455
ENSG00000026751.17,2.6225886089878014
ENSG00000225523.2,2.621456085495182
ENSG00000204511.3,2.621174334160273
ENSG00000281655.1,2.620885981576104
ENSG00000188738.15,2.620279138346497
ENSG00000188573.8,2.6190863851855335
ENSG00000087258.16,2.6190433746592165
ENSG00000134363.12,2.6182960876352324
ENSG00000253818.1,2.61811097982157
ENSG00000186676.3,2.6166903134895736
ENSG00000152932.8,2.616464431967899
ENSG00000147642.17,2.6161901757950634
ENSG00000105519.18,2.6154746260934094
ENSG00000170558.10,2.614143205970284
ENSG00000187398.12,2.611892891397863
ENSG00000136531.18,2.611717648389056
ENSG00000003096.14,2.611283887840559
ENSG00000162782.16,2.6110433001876516
ENSG00000133710.16,2.610253134513467
ENSG00000178882.15,2.6085474686123904
ENSG00000131686.15,2.605682948074372
ENSG00000260903.3,2.605598883789176
ENSG00000144648.16,2.6050919917079463
ENSG00000156463.18,2.6049605567767946
ENSG00000169715.15,2.6041209046984717
ENSG00000127928.13,2.6038929898838634
ENSG00000078053.17,2.603371228892345
ENSG00000109819.9,2.6033225792887915
ENSG00000256229.8,2.6032101741954823
ENSG00000067798.16,2.6025939343323214
ENSG00000168329.14,2.6022270405837182
ENSG00000167771.6,2.601119489083682
ENSG00000182836.10,2.6009196911019536
ENSG00000273706.5,2.600816786775894
ENSG00000047597.7,2.600567951801705
ENSG00000166796.12,2.598034181316212
ENSG00000222033.1,2.5974139926671094
ENSG00000287853.1,2.596928848370975
ENSG00000163534.15,2.5939682395578973
ENSG00000170011.14,2.592773127546233
ENSG00000235049.1,2.5926557015735456
ENSG00000165626.17,2.592191949759313
ENSG00000182103.5,2.589936126554274
ENSG00000181374.8,2.588812454440421
ENSG00000211448.13,2.5887784709842787
ENSG00000066468.23,2.5867211437053736
ENSG00000260573.4,2.586679574805951
ENSG00000108830.10,2.5862962158876956
ENSG00000203985.11,2.5854023104063177
ENSG00000105374.10,2.5844923639182182
ENSG00000144802.11,2.584304247710541
ENSG00000254221.2,2.5833821608464613
ENSG00000205221.12,2.5827799083565712
ENSG00000227036.8,2.5824541095451807
ENSG00000101282.9,2.580385260750315
ENSG00000196553.15,2.578071231568355
ENSG00000183837.9,2.577875938617829
ENSG00000197360.9,2.5773436418988624
ENSG00000277200.1,2.574782324118838
ENSG00000133321.11,2.572656762287303
ENSG00000099194.6,2.5721414525170925
ENSG00000155961.5,2.5714941833704312
ENSG00000164778.4,2.571394365171494
ENSG00000153993.13,2.5686892830572825
ENSG00000167244.21,2.5678534388328167
ENSG00000180914.10,2.5677826846869682
ENSG00000184697.7,2.5674819360687113
ENSG00000251493.5,2.567289581338999
ENSG00000267795.6,2.566646381263632
ENSG00000188783.6,2.5663686238070986
ENSG00000101746.15,2.565742190453675
ENSG00000173210.20,2.565621324883154
ENSG00000236081.1,2.5655378580397517
ENSG00000173262.12,2.5654803160898685
ENSG00000254395.1,2.5653754622524736
ENSG00000226025.9,2.565133983238985
ENSG00000115523.17,2.5644343650423105
ENSG00000109738.11,2.5639635846808306
ENSG00000049089.15,2.563492036394678
ENSG00000122420.10,2.5630642601130895
ENSG00000244242.2,2.5622793883478217
ENSG00000063015.20,2.561472902181035
ENSG00000158488.16,2.5612706407191594
ENSG00000155980.13,2.5607810056007807
ENSG00000132031.13,2.560464553987537
ENSG00000276168.1,2.559131706129956
ENSG00000100373.10,2.558813110963148
ENSG00000143768.13,2.5584056295233744
ENSG00000183833.16,2.5580048123251373
ENSG00000134323.12,2.557773598515659
ENSG00000138685.17,2.5550050748384194
ENSG00000064655.19,2.554660323202845
ENSG00000109424.4,2.554494454066791
ENSG00000202538.1,2.5544811248645964
ENSG00000138759.19,2.5540929248254227
ENSG00000108700.5,2.5539238644213476
ENSG00000261776.1,2.5538377836341173
ENSG00000124491.16,2.553186617023174
ENSG00000175544.14,2.5531629679678294
ENSG00000230393.1,2.551970262634749
ENSG00000182600.9,2.550700620639163
ENSG00000144868.14,2.54690484277436
ENSG00000242766.1,2.5461452648564844
ENSG00000162174.12,2.545770115692113
ENSG00000276966.2,2.5449550180367555
ENSG00000159374.17,2.5448410129932246
ENSG00000183798.5,2.5443773698316945
ENSG00000225431.1,2.5441021304683393
ENSG00000262655.4,2.542735741967593
ENSG00000232629.9,2.54226053613588
ENSG00000058335.16,2.541773470323681
ENSG00000115507.10,2.541583307315333
ENSG00000050030.16,2.5408192896557615
ENSG00000133687.16,2.5402592907593746
ENSG00000171234.14,2.540241776873226
ENSG00000076344.16,2.539977723029415
ENSG00000165140.11,2.539497021277999
ENSG00000166342.19,2.5394613243147526
ENSG00000062282.15,2.539220764116365
ENSG00000254851.1,2.5389538201772557
ENSG00000168032.10,2.538930837002138
ENSG00000127084.19,2.5382644038559152
ENSG00000124256.15,2.5367425538198507
ENSG00000163293.12,2.5364919120057743
ENSG00000163406.11,2.536207128924878
ENSG00000135114.12,2.534962041766036
ENSG00000179799.9,2.534701956152202
ENSG00000085265.11,2.5337870629049877
ENSG00000125813.13,2.533467537688398
ENSG00000105976.16,2.533198471728006
ENSG00000131781.13,2.5331661657277422
ENSG00000161896.12,2.5324279238873184
ENSG00000115850.10,2.531882441870833
ENSG00000236333.4,2.531700896573803
ENSG00000078589.13,2.5286026690702097
ENSG00000183242.12,2.528545547383466
ENSG00000261538.1,2.5249007113916275
ENSG00000122188.13,2.524336477465825
ENSG00000134201.12,2.5241312554861364
ENSG00000131650.14,2.5224878512345197
ENSG00000157766.19,2.521831882505445
ENSG00000159387.8,2.520923218476167
ENSG00000179639.10,2.5186164544386322
ENSG00000164879.7,2.518161656729595
ENSG00000172031.7,2.51810704054596
ENSG00000130595.19,2.5176934676362484
ENSG00000148408.13,2.5174307811599417
ENSG00000144481.17,2.516457802157804
ENSG00000007306.15,2.515458382037641
ENSG00000166928.11,2.514488276202521
ENSG00000114200.10,2.511923114337953
ENSG00000126233.2,2.5086195668045193
ENSG00000179750.16,2.5073856870710185
ENSG00000181378.14,2.5060988993461297
ENSG00000134548.11,2.5060135455697554
ENSG00000157214.14,2.505372749488925
ENSG00000185924.7,2.5038906195284865
ENSG00000157087.20,2.5038525544356025
ENSG00000101425.14,2.503250685586754
ENSG00000227403.2,2.5030661259462916
ENSG00000273018.7,2.502784966473067
ENSG00000161082.13,2.502715569551884
ENSG00000113088.6,2.501474446421963
ENSG00000125869.10,2.500748271419281
ENSG00000157368.11,2.4999495946890313
ENSG00000103485.19,2.4995486101383846
ENSG00000079435.10,2.4994783078912075
ENSG00000229391.7,2.4982160656529073
ENSG00000168477.19,2.4976223760914897
ENSG00000150594.7,2.4968682036104077
ENSG00000204767.4,2.4957540022242233
ENSG00000164007.11,2.495295746726588
ENSG00000134769.21,2.4948941768359387
ENSG00000237438.7,2.4944203058686503
ENSG00000164176.13,2.493615872779266
ENSG00000138653.10,2.4921761993756575
ENSG00000217275.2,2.4921324981777544
ENSG00000126803.9,2.4909491591563504
ENSG00000153064.12,2.490514016570229
ENSG00000184588.18,2.490175986756758
ENSG00000139211.7,2.489987373648527
ENSG00000155918.8,2.489393965684639
ENSG00000157064.11,2.4893892993262137
ENSG00000189212.12,2.489320782957536
ENSG00000225492.6,2.4888440240805445
ENSG00000164485.15,2.487464260846441
ENSG00000177181.15,2.4860848812990306
ENSG00000153283.13,2.485870879363191
ENSG00000106631.8,2.4850763354754237
ENSG00000170523.3,2.484257980400317
ENSG00000134873.10,2.4835351243720636
ENSG00000237807.4,2.482462005740198
ENSG00000171246.6,2.482194618951649
ENSG00000008394.13,2.482119621005699
ENSG00000117013.17,2.481957646341154
ENSG00000168497.5,2.4819288206754546
ENSG00000185565.12,2.480007655463904
ENSG00000120738.8,2.4772369358133495
ENSG00000153822.14,2.4770403661224187
ENSG00000148702.15,2.4758228512809475
ENSG00000257108.2,2.4750629904542563
ENSG00000100346.18,2.474115970327711
ENSG00000287566.1,2.4738764300823908
ENSG00000140511.12,2.4726564451975874
ENSG00000129993.15,2.472180351772776
ENSG00000254709.8,2.4720698373333456
ENSG00000196109.9,2.4697263311760462
ENSG00000158445.10,2.4683851172139377
ENSG00000184408.10,2.46742774712093
ENSG00000163600.13,2.4671990000406594
ENSG00000162004.18,2.466256588726917
ENSG00000126878.13,2.465693425813896
ENSG00000132744.8,2.4639770892995756
ENSG00000095321.17,2.462068483308579
ENSG00000186810.8,2.4620656513160055
ENSG00000149294.17,2.4619491610786284
ENSG00000197291.9,2.4617129574282366
ENSG00000237550.5,2.460932156529768
ENSG00000144119.4,2.4600205340205394
ENSG00000277147.6,2.4593588641480824
ENSG00000168421.13,2.4590836247065897
ENSG00000135324.6,2.4584711017865586
ENSG00000141293.16,2.4582480311875554
ENSG00000175745.14,2.4563143690089557
ENSG00000117407.17,2.455816378855843
ENSG00000013588.9,2.455792879111907
ENSG00000054356.14,2.454707177473062
ENSG00000088538.13,2.454636587621169
ENSG00000253953.3,2.4545314159306573
ENSG00000224853.3,2.454324658368635
ENSG00000176884.16,2.453973857403154
ENSG00000213025.2,2.4530685445675635
ENSG00000156113.24,2.4528490740881677
ENSG00000197614.11,2.452407753720762
ENSG00000165953.10,2.4516631500702757
ENSG00000147180.17,2.4509379920247234
ENSG00000140443.15,2.4489255385567863
ENSG00000115085.14,2.4487328755466273
ENSG00000287064.1,2.448721721030162
ENSG00000256618.2,2.4484713503818702
ENSG00000186891.14,2.4471372704918686
ENSG00000157152.17,2.4467137050273045
ENSG00000272335.1,2.4459177757135184
ENSG00000160654.11,2.444976704806466
ENSG00000229028.2,2.444903824354883
ENSG00000006047.13,2.443654801682631
ENSG00000168671.10,2.4434465389671804
ENSG00000044524.11,2.4428139230817267
ENSG00000154556.18,2.442790862514507
ENSG00000113805.8,2.4406246659645046
ENSG00000206384.10,2.440072634079487
ENSG00000129159.9,2.439819435261498
ENSG00000124203.6,2.4395721451500276
ENSG00000070526.15,2.4385598458124846
ENSG00000150873.12,2.4377857707880857
ENSG00000172425.12,2.4374340413988964
ENSG00000168062.10,2.437098534524721
ENSG00000124171.9,2.4359708741578388
ENSG00000267013.6,2.4358371155037437
ENSG00000204624.8,2.4346409555120685
ENSG00000144285.22,2.43420300415628
ENSG00000089012.14,2.4339463532593006
ENSG00000151789.12,2.4328957888771385
ENSG00000149403.13,2.4327897010307766
ENSG00000250508.1,2.4307458366412646
ENSG00000101670.12,2.4292613351699517
ENSG00000145649.8,2.4289729252029857
ENSG00000158481.13,2.428066897437806
ENSG00000130005.13,2.4261350895980547
ENSG00000108852.15,2.42566699790869
ENSG00000286342.1,2.4241186522437723
ENSG00000015520.15,2.423718121986911
ENSG00000180537.13,2.421561978371446
ENSG00000116299.17,2.4214551867535548
ENSG00000180071.20,2.421411169875535
ENSG00000198515.16,2.420372619003448
ENSG00000169583.13,2.419695557098059
ENSG00000204983.14,2.4184862324438092
ENSG00000251381.8,2.41807645083696
ENSG00000183145.9,2.418052772295693
ENSG00000163508.13,2.4176157265289535
ENSG00000182866.17,2.417388184644261
ENSG00000207422.1,2.4172954644512954
ENSG00000214077.4,2.417021303451301
ENSG00000270930.1,2.4165770842636314
ENSG00000132561.14,2.4165443460450438
ENSG00000151640.13,2.415015747596848
ENSG00000146411.6,2.4149669236452613
ENSG00000139547.7,2.413836948634709
ENSG00000177398.18,2.4134008795473667
ENSG00000169594.13,2.4124665025383925
ENSG00000166292.12,2.41210899131205
ENSG00000149451.18,2.4107989815432003
ENSG00000084207.18,2.40995316399799
ENSG00000092068.20,2.4088859042059374
ENSG00000187550.9,2.4081507200355468
ENSG00000243063.1,2.4080206354610048
ENSG00000278318.5,2.407541424604118
ENSG00000236824.2,2.4074006479840064
ENSG00000109265.14,2.4069937338934277
ENSG00000149596.7,2.406276081803712
ENSG00000177459.11,2.4061755417834667
ENSG00000188803.15,2.4049477377389934
ENSG00000218336.9,2.404353145867911
ENSG00000238266.2,2.404060138863172
ENSG00000284395.2,2.403721931839998
ENSG00000159753.14,2.403628657460988
ENSG00000187867.10,2.401804775820638
ENSG00000106123.12,2.4014976623443274
ENSG00000188404.10,2.400828572307051
ENSG00000145244.12,2.4006970477662986
ENSG00000172602.11,2.400514825439303
ENSG00000111846.19,2.399016152576122
ENSG00000140254.12,2.398925619353324
ENSG00000088836.14,2.3985211260083767
ENSG00000251169.2,2.3983921943053703
ENSG00000227051.7,2.3982238063351082
ENSG00000132704.16,2.3977586051606745
ENSG00000101333.17,2.3972956996773
ENSG00000103260.9,2.397119151519522
ENSG00000235649.2,2.3958277407843935
ENSG00000132692.19,2.3942660804531286
ENSG00000103546.18,2.3939009643574702
ENSG00000174680.10,2.393079592120512
ENSG00000184905.9,2.3919784905202492
ENSG00000164379.7,2.391793323610319
ENSG00000151834.16,2.390271420252232
ENSG00000169126.16,2.3887282135992347
ENSG00000110092.4,2.3877920953044636
ENSG00000091262.16,2.387510739985703
ENSG00000072133.11,2.3869712178122846
ENSG00000109452.12,2.3867653467153276
ENSG00000128536.16,2.3864666212590744
ENSG00000274512.5,2.3863512828176474
ENSG00000213468.7,2.385460378967884
ENSG00000156675.16,2.3853796119919113
ENSG00000224237.1,2.3851649704712115
ENSG00000164946.20,2.383631979009822
ENSG00000244125.1,2.383253052612909
ENSG00000107295.10,2.3824978731443283
ENSG00000287331.1,2.38145851162545
ENSG00000110448.11,2.3814385857667943
ENSG00000006377.11,2.3812443078607535
ENSG00000163623.9,2.3791866311791083
ENSG00000111981.5,2.3791689455725815
ENSG00000233823.1,2.3786555721854734
ENSG00000260314.3,2.3778151025870753
ENSG00000182742.6,2.377461899593467
ENSG00000164694.17,2.3769654542172383
ENSG00000196748.10,2.3767554184475634
ENSG00000267259.1,2.3765310199231457
ENSG00000133110.15,2.375842659614835
ENSG00000225630.1,2.3751748929098673
ENSG00000224577.3,2.374996709040594
ENSG00000182263.14,2.3742710145755743
ENSG00000183098.11,2.3741393411604452
ENSG00000153347.10,2.3714681792901917
ENSG00000011465.18,2.3709096454304244
ENSG00000108688.11,2.370613906234003
ENSG00000140557.12,2.3693808407389962
ENSG00000283703.2,2.3691841908821183
ENSG00000107014.9,2.3688082467720193
ENSG00000130054.5,2.3685423657514053
ENSG00000146281.6,2.366757945352023
ENSG00000136231.14,2.3666186101032536
ENSG00000176597.12,2.3665798483370306
ENSG00000149295.14,2.366520759630215
ENSG00000204866.8,2.365677252781152
ENSG00000133134.12,2.3650889646176156
ENSG00000163519.14,2.3619205181732945
ENSG00000138356.14,2.361077888684083
ENSG00000279806.1,2.3598686597475536
ENSG00000196218.13,2.359730673300913
ENSG00000138944.8,2.3596407182161125
ENSG00000197406.7,2.3593361065249523
ENSG00000124713.6,2.3585887691020613
ENSG00000204099.12,2.3582824257045774
ENSG00000150471.16,2.3579950591220076
ENSG00000099994.11,2.3570177042979563
ENSG00000123843.13,2.356546596430177
ENSG00000186684.14,2.3563915081680387
ENSG00000153930.12,2.3555785135348
ENSG00000269113.4,2.3544300531346987
ENSG00000175785.13,2.353359729030287
ENSG00000184985.16,2.3531149791095554
ENSG00000163975.12,2.352926670010986
ENSG00000158246.8,2.351487772371813
ENSG00000237945.7,2.3511485362475315
ENSG00000203814.6,2.350634050116683
ENSG00000117090.15,2.350319381643261
ENSG00000169908.12,2.3502909839904502
ENSG00000260289.2,2.3495226384557553
ENSG00000153294.12,2.348349425406092
ENSG00000109610.6,2.347946290949403
ENSG00000259457.1,2.3441286185659336
ENSG00000167800.9,2.3440828465595125
ENSG00000073150.14,2.3432463451110808
ENSG00000129596.5,2.3427941849794753
ENSG00000122735.16,2.3421867431620247
ENSG00000102683.8,2.3421209775914003
ENSG00000154269.15,2.3420278235716614
ENSG00000121039.10,2.3416536499116694
ENSG00000144057.15,2.341238534858902
ENSG00000163273.4,2.3410056171425713
ENSG00000174788.10,2.3404059556349655
ENSG00000177494.6,2.3401433375427074
ENSG00000261409.1,2.3394632360843324
ENSG00000184925.12,2.3383869553920693
ENSG00000168824.14,2.338003324128025
ENSG00000130176.8,2.3377746462102817
ENSG00000229953.1,2.3369792481891145
ENSG00000154099.18,2.336624699089516
ENSG00000144407.9,2.336068175461189
ENSG00000122136.14,2.335054620291164
ENSG00000133454.16,2.3345642393498514
ENSG00000164919.11,2.33422766134097
ENSG00000186998.16,2.3342070005630005
ENSG00000242516.2,2.3333981876830205
ENSG00000196074.13,2.332939591935549
ENSG00000279930.1,2.3325345899072176
ENSG00000008300.17,2.329490180120217
ENSG00000120885.22,2.328400115245776
ENSG00000196668.4,2.3283098572068646
ENSG00000140835.10,2.3282832564692253
ENSG00000140323.6,2.3281461949839626
ENSG00000138131.4,2.3262692279777673
ENSG00000153820.13,2.325731516136147
ENSG00000169891.18,2.3251373362220455
ENSG00000173762.8,2.3248923749752506
ENSG00000121807.6,2.324050211405908
ENSG00000226259.10,2.3239604726985306
ENSG00000172116.23,2.323805233792087
ENSG00000229124.7,2.32374697065509
ENSG00000270547.6,2.3232634767611287
ENSG00000254726.3,2.3231972365389995
ENSG00000148926.10,2.323068918229062
ENSG00000267640.6,2.322941974581934
ENSG00000166780.11,2.322193350663656
ENSG00000089692.9,2.322047557587308
ENSG00000235947.1,2.321509666127624
ENSG00000153563.16,2.3206611972855753
ENSG00000245164.8,2.320016349019416
ENSG00000188536.13,2.318905352492305
ENSG00000172543.8,2.318072108845878
ENSG00000167768.4,2.317980633379534
ENSG00000180176.15,2.3173051055171556
ENSG00000146453.13,2.316319104612011
ENSG00000169442.9,2.316286122571009
ENSG00000134215.16,2.3162542861423847
ENSG00000172575.12,2.3152092034898826
ENSG00000157423.18,2.31485260753775
ENSG00000151790.9,2.3147307976988505
ENSG00000143341.12,2.313085967604105
ENSG00000108231.14,2.3129761049009927
ENSG00000166501.14,2.312816039043639
ENSG00000134917.10,2.312803300757173
ENSG00000203635.2,2.3116557258022046
ENSG00000130427.3,2.3105682031580876
ENSG00000154153.13,2.310539174430644
ENSG00000136943.11,2.310476311016728
ENSG00000156103.16,2.3102882588260494
ENSG00000170835.16,2.3082362229086253
ENSG00000114251.15,2.307985081914619
ENSG00000128383.13,2.3073973877981837
ENSG00000137809.17,2.3073580621319536
ENSG00000166920.13,2.3065499624633885
ENSG00000137501.17,2.3063411526918354
ENSG00000245526.11,2.3059256602667713
ENSG00000009950.16,2.3055493755258007
ENSG00000162931.12,2.3042426219216323
ENSG00000183654.9,2.3038256251929545
ENSG00000143412.10,2.303230621374621
ENSG00000115380.20,2.3030425828787724
ENSG00000272808.4,2.3029579064670034
ENSG00000225840.2,2.302220709011389
ENSG00000186897.5,2.3019717582043513
ENSG00000163145.13,2.3010719666385286
ENSG00000180535.4,2.3009718023371364
ENSG00000256678.1,2.299214016898618
ENSG00000250418.1,2.2991267219249996
ENSG00000231240.1,2.2989000970777305
ENSG00000142149.9,2.298340184368853
ENSG00000170801.10,2.2979592637948176
ENSG00000131019.11,2.297719377421536
ENSG00000170160.17,2.297700295193896
ENSG00000173557.15,2.2971314989320812
ENSG00000266242.1,2.2969955396637816
ENSG00000144649.9,2.2968743813183043
ENSG00000185028.4,2.2967549271802365
ENSG00000271615.1,2.296698222853571
ENSG00000239402.3,2.2961743114278823
ENSG00000187492.9,2.2959897326948786
ENSG00000230838.1,2.2954776601869082
ENSG00000206077.13,2.295460286216862
ENSG00000079393.20,2.2926071588619403
ENSG00000034053.14,2.2925612895113257
ENSG00000171791.14,2.292410900867206
ENSG00000167767.14,2.2921896330117217
ENSG00000178934.5,2.2920390887609186
ENSG00000006210.7,2.291744347661293
ENSG00000135111.16,2.2914897998413024
ENSG00000198759.12,2.290594147782945
ENSG00000122176.12,2.2903116244674413
ENSG00000163536.13,2.2892857641697044
ENSG00000145113.22,2.289046389722344
ENSG00000255085.8,2.2887852296844793
ENSG00000182256.13,2.28875015819832
ENSG00000101222.12,2.2885888486978687
ENSG00000154252.12,2.288474955096681
ENSG00000196503.5,2.2873987091309322
ENSG00000143365.19,2.285752002674881
ENSG00000134321.12,2.285472945358284
ENSG00000163364.10,2.2849137577897283
ENSG00000163599.17,2.282226393813855
ENSG00000130303.13,2.2821978472801407
ENSG00000055732.13,2.2819857299257125
ENSG00000013297.12,2.2818233796217373
ENSG00000275874.1,2.280793889406178
ENSG00000219438.9,2.279697976103032
ENSG00000165215.6,2.2786376324137048
ENSG00000121380.12,2.2786068937672477
ENSG00000102003.11,2.2783004699514398
ENSG00000100385.14,2.277297813437286
ENSG00000142273.13,2.2758048640517536
ENSG00000186481.16,2.2724718439797793
ENSG00000163568.15,2.271358135492577
ENSG00000065833.9,2.2710710812175487
ENSG00000153721.19,2.2710001345590762
ENSG00000189292.16,2.2704765976561436
ENSG00000070731.11,2.2700515310395453
ENSG00000175336.10,2.2697752010213055
ENSG00000198744.5,2.269445203860361
ENSG00000262877.5,2.2681855421658628
ENSG00000249231.8,2.267661236219661
ENSG00000164237.9,2.267378723167268
ENSG00000159958.7,2.2672754175101395
ENSG00000160321.15,2.2661799184247307
ENSG00000277734.8,2.2659052130185913
ENSG00000266524.3,2.265748321153927
ENSG00000077063.11,2.265186859878938
ENSG00000154319.16,2.263544839701032
ENSG00000166927.13,2.2627777319397557
ENSG00000167964.13,2.2618090067720193
ENSG00000177103.15,2.2609196711964823
ENSG00000185640.6,2.2604407815578162
ENSG00000170412.18,2.260439214889181
ENSG00000231290.6,2.2601851896744556
ENSG00000164309.15,2.259920333623526
ENSG00000182077.12,2.2599110816525685
ENSG00000109339.24,2.2595524187232945
ENSG00000147168.13,2.2581807853099924
ENSG00000108602.18,2.2573044381302814
ENSG00000118702.9,2.257066589416142
ENSG00000114270.17,2.2568676923954167
ENSG00000227827.3,2.2555224676200942
ENSG00000183196.10,2.254609426356441
ENSG00000173947.14,2.2541842753298167
ENSG00000244116.3,2.25399600028448
ENSG00000186462.9,2.253901880904679
ENSG00000130876.11,2.2534723393035696
ENSG00000164920.9,2.2527285828901364
ENSG00000120833.14,2.2521209052663194
ENSG00000167476.10,2.2519515248979416
ENSG00000196569.13,2.2508670027299944
ENSG00000106327.13,2.250836079432574
ENSG00000182601.7,2.250668420785394
ENSG00000211900.2,2.249588247049545
ENSG00000167723.15,2.249118744811715
ENSG00000203943.9,2.247530331710374
ENSG00000174348.14,2.246345168469716
ENSG00000004776.13,2.2462675699994303
ENSG00000163072.16,2.245805027983763
ENSG00000124635.9,2.2450659823360377
ENSG00000007312.13,2.2446893943180872
ENSG00000248290.1,2.2446506244293607
ENSG00000277494.2,2.2446148100049403
ENSG00000198682.13,2.2434933797976413
ENSG00000175591.12,2.2430061071061047
ENSG00000282600.2,2.2424444497678335
ENSG00000163071.11,2.2414147340543606
ENSG00000168542.16,2.2413679533219466
ENSG00000101871.16,2.2410380519251243
ENSG00000187689.10,2.240739881591964
ENSG00000105880.7,2.24009159858062
ENSG00000240694.9,2.238504903288211
ENSG00000149926.13,2.238034122349961
ENSG00000105173.14,2.2345377457280375
ENSG00000163075.13,2.2335812348086646
ENSG00000184226.15,2.232945623385335
ENSG00000169174.11,2.2318308503323516
ENSG00000132321.17,2.2317232098590445
ENSG00000272636.4,2.230646664288564
ENSG00000162981.14,2.227977254942737
ENSG00000141736.14,2.227922901201469
ENSG00000253301.6,2.227543669865684
ENSG00000150722.10,2.2274469978398037
ENSG00000255240.6,2.227427566314897
ENSG00000183813.7,2.2273846848079475
ENSG00000137441.8,2.2268690239978484
ENSG00000184599.13,2.2262469182026527
ENSG00000149972.11,2.225322753177213
ENSG00000160221.18,2.2252003336532256
ENSG00000010932.17,2.2242936068473433
ENSG00000095777.17,2.2240410951112004
ENSG00000188133.6,2.223633716155714
ENSG00000172987.13,2.2225268904188753
ENSG00000157542.11,2.2218659797191602
ENSG00000157613.11,2.220743349120301
ENSG00000152377.14,2.2205462558535287
ENSG00000176083.18,2.2198557136597468
ENSG00000178235.8,2.2194440032119727
ENSG00000266256.3,2.2178057595446923
ENSG00000186732.14,2.2175092444243516
ENSG00000277586.4,2.2170270923507975
ENSG00000122711.9,2.216811081068391
ENSG00000139329.5,2.214947017381405
ENSG00000188389.11,2.2140501237014654
ENSG00000111728.10,2.2137091717665247
ENSG00000149527.18,2.212892267323372
ENSG00000122224.18,2.21233105488998
ENSG00000198542.14,2.212288022233114
ENSG00000223722.3,2.210344780002643
ENSG00000205502.4,2.2089547567066568
ENSG00000105278.12,2.208276260665388
ENSG00000175697.11,2.208034397041205
ENSG00000138769.11,2.2077531920600273
ENSG00000112319.19,2.207638377346452
ENSG00000172260.15,2.2074109416212457
ENSG00000067840.12,2.20648882124196
ENSG00000143847.15,2.205442027584363
ENSG00000227038.3,2.2051985788043096
ENSG00000171951.5,2.205104834590797
ENSG00000234722.5,2.204551089080947
ENSG00000075340.23,2.204433108904262
ENSG00000165810.17,2.2035088835174634
ENSG00000116675.16,2.201594920283435
ENSG00000153707.17,2.2012310601680034
ENSG00000164404.8,2.200786210327178
ENSG00000152092.16,2.2004701156271516
ENSG00000180644.8,2.200213245092998
ENSG00000171560.16,2.199707959124899
ENSG00000198780.12,2.1996238334085283
ENSG00000145526.12,2.19912046130677
ENSG00000146476.11,2.1989334551380217
ENSG00000172771.12,2.1981607427275147
ENSG00000163235.16,2.197363329365199
ENSG00000100302.7,2.1970940351209522
ENSG00000168772.11,2.1970238151315407
ENSG00000134460.18,2.1968266501003826
ENSG00000196834.13,2.195986889133949
ENSG00000175063.17,2.194401520140845
ENSG00000160460.16,2.1940596293001233
ENSG00000109107.14,2.193681819995636
ENSG00000160161.9,2.1933118431636407
ENSG00000215217.7,2.1928122470764815
ENSG00000106236.4,2.1924280894982267
ENSG00000165164.14,2.1916655908598157
ENSG00000164850.15,2.191591218819974
ENSG00000108821.14,2.1906529459025132
ENSG00000288075.1,2.190327977750851
ENSG00000106511.6,2.1893805735715075
ENSG00000198915.12,2.188632058624192
ENSG00000084453.16,2.1878877855691368
ENSG00000127588.5,2.1876696277259358
ENSG00000130988.13,2.1875068474834096
ENSG00000104369.5,2.1873402594044284
ENSG00000185697.16,2.186941148301622
ENSG00000262152.7,2.186642213548703
ENSG00000125508.3,2.1856544088375998
ENSG00000185052.12,2.185226353306164
ENSG00000167434.10,2.18475554220426
ENSG00000187848.15,2.1845335689228063
ENSG00000184350.11,2.1833315729149176
ENSG00000166510.14,2.1833264664343
ENSG00000203930.12,2.1823928102300796
ENSG00000129682.16,2.1820938203987184
ENSG00000180875.5,2.1816459675616686
ENSG00000143882.12,2.181571484353058
ENSG00000138061.12,2.1808955961246563
ENSG00000154310.17,2.1805314513021585
ENSG00000258998.2,2.1799305266240623
ENSG00000143674.11,2.179472805387882
ENSG00000198821.11,2.1793926005016435
ENSG00000203727.4,2.1790736144764504
ENSG00000134716.11,2.1787031693527483
ENSG00000140379.9,2.1780665720778236
ENSG00000231817.9,2.1776745569883427
ENSG00000124134.9,2.177470056452148
ENSG00000148344.11,2.1773545329444763
ENSG00000251129.2,2.1770689103474186
ENSG00000280109.3,2.17526446716818
ENSG00000163218.15,2.1750110037383683
ENSG00000133665.13,2.174850681662224
ENSG00000107742.13,2.1747500615824022
ENSG00000107821.15,2.174544639315289
ENSG00000224689.9,2.174543573171549
ENSG00000231806.3,2.1744807904909065
ENSG00000123358.20,2.1743248323124504
ENSG00000171208.10,2.1726913896290143
ENSG00000203710.12,2.1718742668560282
ENSG00000249267.7,2.171418127000767
ENSG00000066032.18,2.171307995280201
ENSG00000257671.1,2.1703359869512076
ENSG00000284659.1,2.169061734056754
ENSG00000206073.11,2.1687042103420056
ENSG00000160200.18,2.168309239329661
ENSG00000170382.12,2.1681291259601863
ENSG00000136099.13,2.1680393875870094
ENSG00000132517.15,2.1674901538398164
ENSG00000254042.2,2.166983022235565
ENSG00000165905.18,2.165984217396325
ENSG00000102886.15,2.1656776046427186
ENSG00000172673.11,2.1649301393829066
ENSG00000149575.9,2.16410221831648
ENSG00000080200.10,2.1632224601531562
ENSG00000162998.5,2.162450200746586
ENSG00000129521.15,2.1624014513622574
ENSG00000183960.9,2.1622208788472044
ENSG00000275993.3,2.1613324893293653
ENSG00000287189.1,2.1612563480900397
ENSG00000182621.18,2.1611580919136144
ENSG00000090932.11,2.1608346255401703
ENSG00000196177.13,2.1595735890754773
ENSG00000173898.14,2.1594607659814726
ENSG00000258647.6,2.1572259903015256
ENSG00000096696.14,2.156292587843855
ENSG00000167646.14,2.1562064084241146
ENSG00000154258.17,2.1560790878321323
ENSG00000178796.13,2.15604595583332
ENSG00000136002.20,2.1558986475932898
ENSG00000283162.1,2.1557096894450036
ENSG00000262772.2,2.155423646792874
ENSG00000111058.8,2.1547644500188934
ENSG00000254231.3,2.154694656198608
ENSG00000165323.15,2.1546737400912077
ENSG00000162433.15,2.154372752516071
ENSG00000124440.16,2.153214489329673
ENSG00000146285.14,2.1528044909846535
ENSG00000134668.12,2.1524046460040376
ENSG00000114279.13,2.1519575619581692
ENSG00000168389.18,2.151807948914928
ENSG00000163701.19,2.1498902920493186
ENSG00000250378.4,2.149685233326272
ENSG00000113205.5,2.1487402788085803
ENSG00000259337.4,2.1487247603121293
ENSG00000197587.11,2.1480340921323022
ENSG00000204677.13,2.1477852230936234
ENSG00000139330.6,2.147681763117122
ENSG00000231324.1,2.146988429886648
ENSG00000198963.11,2.146882613378991
ENSG00000101194.18,2.1468063227721554
ENSG00000261373.1,2.145329007347184
ENSG00000156049.7,2.144992547318289
ENSG00000188933.16,2.1445166874508708
ENSG00000100505.13,2.1443197424962106
ENSG00000166523.8,2.1440520264185556
ENSG00000215559.8,2.14401756951946
ENSG00000183421.12,2.143628373172419
ENSG00000103269.14,2.1432887386640105
ENSG00000148357.16,2.1432023451000726
ENSG00000160678.12,2.1431134416623547
ENSG00000162755.14,2.142529309306198
ENSG00000213366.13,2.1422194680062403
ENSG00000154655.16,2.1421993977067677
ENSG00000147862.17,2.1420971089125174
ENSG00000259345.7,2.142015912831073
ENSG00000180694.14,2.1414397476531724
ENSG00000182798.10,2.1411484400189327
ENSG00000157703.16,2.1409138634704052
ENSG00000205571.14,2.1393811605960953
ENSG00000171119.2,2.138927508784231
ENSG00000056291.17,2.1388516758920417
ENSG00000171368.12,2.1388484358260134
ENSG00000138642.15,2.1388423087404953
ENSG00000183454.18,2.138772315316423
ENSG00000137078.9,2.1378567649711755
ENSG00000166592.12,2.1364249821802237
ENSG00000066382.16,2.1364124813224175
ENSG00000186281.12,2.1363380150574556
ENSG00000164692.18,2.1360235026343037
ENSG00000148219.17,2.1358362363934016
ENSG00000198203.10,2.1350337423612755
ENSG00000163898.10,2.1337999979187687
ENSG00000104435.14,2.132709569986387
ENSG00000129946.10,2.132473217625387
ENSG00000267530.3,2.1323389996651745
ENSG00000104951.16,2.131703831217405
ENSG00000255545.8,2.131228408939487
ENSG00000188508.11,2.130996578148575
ENSG00000198046.12,2.1309733785174396
ENSG00000175265.17,2.1309221420263746
ENSG00000088882.8,2.130142630305277
ENSG00000133256.13,2.1287648392509397
ENSG00000079385.23,2.128097287884599
ENSG00000131386.19,2.1278048670264393
ENSG00000196876.18,2.1257824223507362
ENSG00000113209.9,2.125774581097715
ENSG00000204789.4,2.1250905215588136
ENSG00000165349.12,2.124995184628407
ENSG00000102001.13,2.124179850242586
ENSG00000088340.17,2.1236165293577463
ENSG00000111799.21,2.12319138124249
ENSG00000167799.10,2.1218801589508467
ENSG00000158486.13,2.1216395283840432
ENSG00000211654.2,2.121342443100422
ENSG00000172005.11,2.1211813779075412
ENSG00000065320.9,2.1200501806795264
ENSG00000119508.18,2.117839328033581
ENSG00000259374.2,2.117568889716266
ENSG00000081237.20,2.117204892327069
ENSG00000047662.5,2.116848928015887
ENSG00000122679.8,2.116702431383165
ENSG00000115468.12,2.1163441273406356
ENSG00000152270.9,2.115340356815142
ENSG00000154330.13,2.1153024897243795
ENSG00000106714.17,2.1152641885431485
ENSG00000115896.16,2.115022306951691
ENSG00000268751.1,2.1140947623438473
ENSG00000197415.12,2.1140677499970777
ENSG00000251350.2,2.1135598203594266
ENSG00000188263.10,2.1130523896342086
ENSG00000124575.7,2.1123989148498357
ENSG00000161509.14,2.1121670108914645
ENSG00000164125.16,2.1109353631590397
ENSG00000214425.8,2.110435562324575
ENSG00000162772.17,2.11013002267243
ENSG00000230916.2,2.1095196062760335
ENSG00000148677.7,2.1086017129684342
ENSG00000170965.10,2.108569887810542
ENSG00000105613.10,2.1079103712642295
ENSG00000250510.8,2.1073673882296817
ENSG00000185274.12,2.1072830590362983
ENSG00000104381.14,2.107207190460416
ENSG00000248801.7,2.107063841037601
ENSG00000229644.6,2.1068216072866948
ENSG00000253203.6,2.1066782096613395
ENSG00000188624.3,2.1059006163778604
ENSG00000176920.13,2.105537180210663
ENSG00000104833.12,2.1055265979294178
ENSG00000249395.4,2.105338949778148
ENSG00000188385.12,2.1048431020691623
ENSG00000000005.6,2.104721044054255
ENSG00000224397.7,2.104572082529219
ENSG00000160188.10,2.1043121384827526
ENSG00000172346.15,2.1023580111118956
ENSG00000174171.6,2.1017397460963223
ENSG00000198626.17,2.1013020050247126
ENSG00000078018.20,2.101113483215428
ENSG00000007264.15,2.100918793467839
ENSG00000242076.2,2.100523493523275
ENSG00000253626.3,2.1004178636857884
ENSG00000165449.11,2.1003597342732894
ENSG00000100228.12,2.1003049416873716
ENSG00000237223.6,2.1002928160124985
ENSG00000049249.9,2.100286224477657
ENSG00000102962.5,2.09938307803407
ENSG00000112964.14,2.0989985810428684
ENSG00000254415.3,2.0989770871085653
ENSG00000008516.17,2.0981725410724645
ENSG00000183914.14,2.0980257755194556
ENSG00000255571.9,2.0979738171690685
ENSG00000153086.14,2.09777561997545
ENSG00000229404.6,2.097420253475798
ENSG00000255408.4,2.097294676564649
ENSG00000165124.18,2.0972152185118267
ENSG00000100219.16,2.0970933198869406
ENSG00000151012.13,2.096644573865105
ENSG00000165568.18,2.0958390858003164
ENSG00000146090.16,2.095605891203005
ENSG00000184113.9,2.095497592669247
ENSG00000138028.16,2.0950973096395735
ENSG00000169760.17,2.0950570681445164
ENSG00000215218.4,2.0940169005466878
ENSG00000143194.13,2.0933231251815076
ENSG00000123612.16,2.0932488331203962
ENSG00000170271.11,2.0930563553580424
ENSG00000257271.1,2.090917658332013
ENSG00000152192.8,2.090817836482506
ENSG00000103089.9,2.0903962985533546
ENSG00000254416.6,2.0901019287522113
ENSG00000170927.15,2.0897983649818594
ENSG00000285108.1,2.089740822462548
ENSG00000116741.8,2.089051960836132
ENSG00000078401.7,2.0884215743809116
ENSG00000175592.9,2.0881707883308542
ENSG00000283709.1,2.087703513213208
ENSG00000116035.4,2.0869096433690753
ENSG00000146477.6,2.0835969320216923
ENSG00000170689.10,2.0832295621715478
ENSG00000198929.13,2.0829790784865185
ENSG00000239552.2,2.0825621823557228
ENSG00000250986.1,2.082147961603473
ENSG00000213420.8,2.0812127734204457
ENSG00000185002.10,2.0811727275260514
ENSG00000140563.15,2.0805805327766023
ENSG00000146070.17,2.080169091259574
ENSG00000183346.9,2.07983838476549
ENSG00000137976.7,2.0797930412408348
ENSG00000038427.16,2.0789316122744834
ENSG00000140022.13,2.0784604731708374
ENSG00000118322.14,2.0780948312760965
ENSG00000083454.22,2.0776265415850963
ENSG00000260220.7,2.077362631734924
ENSG00000254681.6,2.076981831552111
ENSG00000188095.6,2.076963345962412
ENSG00000158220.14,2.076449179362292
ENSG00000229676.3,2.0760729647807343
ENSG00000171345.13,2.075044849482018
ENSG00000213130.3,2.0748435428043424
ENSG00000010310.9,2.07446147297367
ENSG00000214548.18,2.0744006682204583
ENSG00000137872.17,2.0743171313919344
ENSG00000111716.14,2.072829858396941
ENSG00000123243.15,2.0727017829137675
ENSG00000105989.10,2.0720067332833505
ENSG00000167748.11,2.071920647178082
ENSG00000154493.19,2.071809371367772
ENSG00000144191.12,2.071218536540064
ENSG00000101435.5,2.070753638499595
ENSG00000186458.5,2.0705711224104566
ENSG00000149212.12,2.0703642241429594
ENSG00000135925.9,2.0692422095303318
ENSG00000221866.9,2.0688822312234305
ENSG00000117707.16,2.068007281142419
ENSG00000169026.13,2.067437524599395
ENSG00000101447.15,2.066544690911375
ENSG00000145703.16,2.0664193952507213
ENSG00000065328.17,2.065566530037326
ENSG00000145198.14,2.065555741496997
ENSG00000198846.6,2.0655306078105906
ENSG00000187715.13,2.0652790470885423
ENSG00000196632.10,2.0645176594793218
ENSG00000165072.10,2.06436254136126
ENSG00000120068.7,2.063437200315169
ENSG00000221890.6,2.063232807457745
ENSG00000186417.14,2.0619706768498323
ENSG00000186265.10,2.0617183939379977
ENSG00000287315.1,2.0601735296071975
ENSG00000225208.1,2.0600364513208858
ENSG00000105088.8,2.0595261317297293
ENSG00000286456.1,2.059438249609285
ENSG00000198502.6,2.0592773203237997
ENSG00000261578.1,2.0590499729795604
ENSG00000158458.21,2.058854350535152
ENSG00000283199.3,2.058743082123136
ENSG00000090104.12,2.0582650688670654
ENSG00000124731.13,2.058152719443065
ENSG00000142235.12,2.057859089966615
ENSG00000169474.4,2.057586222528877
ENSG00000181790.11,2.0569196897599147
ENSG00000198354.7,2.0565144288127337
ENSG00000007933.13,2.056486572391809
ENSG00000174946.7,2.0557057821858575
ENSG00000124212.6,2.054726034963116
ENSG00000185736.16,2.054420221744234
ENSG00000239887.6,2.054390040947571
ENSG00000273203.1,2.0540802044612927
ENSG00000143845.15,2.0536191032392694
ENSG00000073464.13,2.053413297763073
ENSG00000241106.8,2.0530713191742778
ENSG00000111335.13,2.05271926495974
ENSG00000182585.10,2.052437541756214
ENSG00000137502.10,2.051785103870117
ENSG00000143318.13,2.0517432805733953
ENSG00000230445.4,2.0515916303855395
ENSG00000198598.6,2.0511390615520315
ENSG00000173406.16,2.0499579466758915
ENSG00000145287.11,2.0496976538685434
ENSG00000154548.9,2.0494900017689486
ENSG00000081052.13,2.0493690762988925
ENSG00000167483.19,2.0487852987485944
ENSG00000169515.8,2.048561631920393
ENSG00000110318.15,2.04839172883207
ENSG00000164089.9,2.048349347591821
ENSG00000074370.18,2.0477538327159266
ENSG00000260228.6,2.0477315310640436
ENSG00000101187.16,2.0463935391403583
ENSG00000172000.7,2.046138985497961
ENSG00000108352.13,2.045424267720622
ENSG00000147573.17,2.045317835904712
ENSG00000060140.9,2.044362381908994
ENSG00000185567.7,2.0435810950632374
ENSG00000163564.15,2.0429430774905004
ENSG00000224652.2,2.0428252355594045
ENSG00000259803.7,2.0427447140765023
ENSG00000115009.13,2.0427171825807453
ENSG00000287158.1,2.0424796708712663
ENSG00000152284.5,2.0422530349899857
ENSG00000171649.12,2.041896178539909
ENSG00000235142.10,2.0415909008766717
ENSG00000144406.19,2.0414670927226584
ENSG00000185332.8,2.041296515870684
ENSG00000237943.7,2.0410907157494482
ENSG00000183671.12,2.0407237739583746
ENSG00000164619.10,2.0396562778077048
ENSG00000089685.15,2.039502914233135
ENSG00000255346.10,2.039431259490015
ENSG00000166428.14,2.039427570580491
ENSG00000049130.16,2.0392389483758393
ENSG00000156006.5,2.038485313316138
ENSG00000175793.12,2.038042064730265
ENSG00000153714.6,2.037772986386474
ENSG00000117525.14,2.036618835521206
ENSG00000211961.3,2.03645283647014
ENSG00000101489.20,2.0362372899462624
ENSG00000261150.3,2.03613556655644
ENSG00000142875.19,2.03540216649922
ENSG00000102362.15,2.0350574843181013
ENSG00000108846.16,2.0345761081302416
ENSG00000246082.2,2.03430704197387
ENSG00000012124.17,2.0342997407590055
ENSG00000239975.2,2.033856485764709
ENSG00000225978.3,2.0335047687092342
ENSG00000176692.8,2.033490109109288
ENSG00000075223.14,2.0331396389720178
ENSG00000215018.10,2.032485802566625
ENSG00000104140.7,2.0321921439920687
ENSG00000165197.5,2.0304479039839585
ENSG00000137563.13,2.029933493724882
ENSG00000133937.5,2.029634841001754
ENSG00000157734.14,2.029563695770931
ENSG00000197540.8,2.029423240534445
ENSG00000172403.11,2.0290318687794655
ENSG00000261040.7,2.028459990211871
ENSG00000006128.12,2.028073389069218
ENSG00000136514.3,2.027982006203445
ENSG00000178403.4,2.0279687050814164
ENSG00000185652.12,2.0276174716656463
ENSG00000225708.6,2.0275811012872853
ENSG00000013725.14,2.0275669909794884
ENSG00000067057.18,2.027391963285062
ENSG00000183434.10,2.0273052380979655
ENSG00000165023.7,2.0268321781133256
ENSG00000154678.18,2.0266117745721908
ENSG00000259834.1,2.026415927480945
ENSG00000196139.14,2.026167883620693
ENSG00000111907.21,2.0250861853753483
ENSG00000181019.13,2.0241279986634853
ENSG00000235026.6,2.0239744600939105
ENSG00000182732.18,2.0237593056844405
ENSG00000158055.16,2.0237328144601854
ENSG00000171812.13,2.0230773846778893
ENSG00000188013.6,2.022571045956961
ENSG00000211597.2,2.0225684681553986
ENSG00000185272.14,2.0224045262178416
ENSG00000115414.21,2.0222170879258203
ENSG00000166816.15,2.02193480036533
ENSG00000155495.9,2.0213766876597115
ENSG00000082196.21,2.021233605999108
ENSG00000139194.8,2.020990723593708
ENSG00000262714.1,2.0209731103950603
ENSG00000108375.13,2.020557717381626
ENSG00000023445.16,2.0197188720945785
ENSG00000144810.16,2.019411181677746
ENSG00000273328.5,2.019267613940147
ENSG00000063180.9,2.0192371309001165
ENSG00000162654.9,2.018757999077885
ENSG00000233725.7,2.0179448686463988
ENSG00000175946.8,2.0176621561673604
ENSG00000273301.1,2.0166386923835127
ENSG00000164929.17,2.016079114860767
ENSG00000111863.13,2.016002961818056
ENSG00000117399.14,2.0159464094322472
ENSG00000167858.13,2.0146095240330912
ENSG00000238113.7,2.0142762160429855
ENSG00000206113.11,2.014221091796507
ENSG00000231419.6,2.0139768300868086
ENSG00000176244.7,2.013938928985042
ENSG00000185761.11,2.013875923265457
ENSG00000148848.14,2.0137122368221014
ENSG00000254101.7,2.013219340520137
ENSG00000085831.15,2.0131961923768973
ENSG00000254838.5,2.0131690727545153
ENSG00000184731.6,2.012620772905598
ENSG00000091986.16,2.0120237037264137
ENSG00000178935.5,2.0111642207975198
ENSG00000148468.17,2.0110379137564696
ENSG00000132677.13,2.009713383721287
ENSG00000110848.8,2.008767852012152
ENSG00000188282.12,2.0082884224072752
ENSG00000105509.11,2.007830242714053
ENSG00000117152.14,2.007536150726258
ENSG00000145864.14,2.0070028016565007
ENSG00000174950.11,2.006844574465417
ENSG00000166450.13,2.0068139232085973
ENSG00000248874.5,2.0067662308667167
ENSG00000181634.8,2.0049006033342813
ENSG00000173641.18,2.0047445156318524
ENSG00000123191.16,2.0044297472183397
ENSG00000188293.6,2.0044022221095132
ENSG00000134352.20,2.003573057023787
ENSG00000113211.5,2.003411291334493
ENSG00000230978.2,2.003400895164383
ENSG00000261039.3,2.002481417185188
ENSG00000268964.3,2.0024579611045534
ENSG00000172986.13,2.0006001924208747
ENSG00000236449.2,2.0001621602004
ENSG00000120049.20,1.9996874349198521
ENSG00000268460.2,1.9993245919622067
ENSG00000198947.16,1.999018256067422
ENSG00000124126.14,1.9988830594235951
ENSG00000236882.8,1.9980540710692423
ENSG00000248329.6,1.9978854567629154
ENSG00000137561.5,1.9969656627894943
ENSG00000106078.19,1.9968894048134966
ENSG00000268529.1,1.9965911493280482
ENSG00000274750.2,1.9949797839038321
ENSG00000226835.3,1.994881682419994
ENSG00000211445.12,1.994703020318516
ENSG00000248994.2,1.9931476515595916
ENSG00000166770.11,1.9929269913243595
ENSG00000117228.10,1.9927180466521615
ENSG00000256039.2,1.992663729590761
ENSG00000240505.9,1.9918128252535374
ENSG00000228044.3,1.9915297901996878
ENSG00000158270.12,1.9913571975794144
ENSG00000175267.15,1.9905227670074104
ENSG00000188613.7,1.9902775135036497
ENSG00000130055.14,1.9898558387568597
ENSG00000143590.14,1.9890025804323936
ENSG00000071967.12,1.9884700382224425
ENSG00000114529.13,1.9881889419834373
ENSG00000163083.6,1.9879327917768934
ENSG00000167916.5,1.9878485313247332
ENSG00000234899.11,1.987171212831085
ENSG00000287338.1,1.986366577369318
ENSG00000153234.15,1.9863521708465282
ENSG00000276107.1,1.985911076533375
ENSG00000197594.13,1.9858531366261067
ENSG00000184254.17,1.984675184141313
ENSG00000228613.1,1.9840199333382027
ENSG00000103056.12,1.9836805299691158
ENSG00000257434.1,1.9835440007994702
ENSG00000077264.15,1.9824264636633409
ENSG00000125675.18,1.9818172768178333
ENSG00000182168.15,1.981580617649023
ENSG00000168993.15,1.9813047043292245
ENSG00000267056.2,1.9810721385303591
ENSG00000102290.22,1.980839563073946
ENSG00000112996.11,1.980369157218721
ENSG00000123405.14,1.9803360879582013
ENSG00000168785.8,1.9787516097256168
ENSG00000115257.15,1.9755231669528337
ENSG00000259479.6,1.9755124410047382
ENSG00000162415.7,1.975360296305006
ENSG00000135547.9,1.9753530397442352
ENSG00000160963.14,1.9750579382993927
ENSG00000065675.15,1.9748792275574931
ENSG00000168594.15,1.9741975782878558
ENSG00000075035.10,1.9726028579894197
ENSG00000274020.4,1.972426460674708
ENSG00000141738.14,1.9721330631455705
ENSG00000273295.1,1.9721160755188445
ENSG00000183840.7,1.9706771658228066
ENSG00000269235.2,1.9701310517409671
ENSG00000181195.11,1.9699236732044316
ENSG00000125965.9,1.9695554703071951
ENSG00000078399.19,1.9695323480654052
ENSG00000064270.13,1.9688742449923877
ENSG00000131094.4,1.9678187185879676
ENSG00000108947.5,1.967698779322606
ENSG00000102924.12,1.9673329332330969
ENSG00000164687.11,1.9670610729901907
ENSG00000175766.13,1.9667939828766927
ENSG00000166147.14,1.966078652832441
ENSG00000267385.1,1.9658893759743417
ENSG00000253846.2,1.9657224023947346
ENSG00000268903.1,1.9654495850904594
ENSG00000173578.8,1.9648108597677303
ENSG00000242887.1,1.9647011125162557
ENSG00000172915.18,1.964657176385279
ENSG00000122824.11,1.9645191386717509
ENSG00000253364.2,1.9642489747942968
ENSG00000125730.17,1.963707627314923
ENSG00000184601.11,1.9636233472976252
ENSG00000132563.16,1.9628061517386994
ENSG00000135842.17,1.9622729792127123
ENSG00000164398.15,1.9620713144576403
ENSG00000196169.15,1.9609901509375016
ENSG00000042062.13,1.960856849106151
ENSG00000131095.13,1.960702472804576
ENSG00000154165.5,1.9603371014805422
ENSG00000183742.13,1.9599692821987318
ENSG00000160185.15,1.9599647191406782
ENSG00000127561.15,1.9599101629112454
ENSG00000139193.4,1.9597465170963488
ENSG00000234115.2,1.959248520633756
ENSG00000273032.3,1.959107799987375
ENSG00000131747.15,1.9587941054804123
ENSG00000267251.2,1.9582392656986194
ENSG00000120659.15,1.957442721050856
ENSG00000214776.12,1.9573788168286232
ENSG00000047617.15,1.9572604065259458
ENSG00000225783.8,1.9571610190546924
ENSG00000119917.14,1.95664912611858
ENSG00000101680.15,1.9565018101169167
ENSG00000277010.1,1.9551903171313674
ENSG00000118193.12,1.9547709700385334
ENSG00000268307.1,1.9542069972388514
ENSG00000106689.11,1.953862941202381
ENSG00000262823.1,1.9538511007819244
ENSG00000176092.16,1.9534582532415543
ENSG00000188817.8,1.9534234641607298
ENSG00000093134.15,1.9530761496739335
ENSG00000148942.15,1.9522251421541723
ENSG00000137948.18,1.9512479707474621
ENSG00000176971.4,1.9511991272022806
ENSG00000233251.8,1.9511152889732186
ENSG00000110427.17,1.9508652410815128
ENSG00000258498.8,1.9494587948982531
ENSG00000140285.12,1.9488577056942005
ENSG00000286481.1,1.948660237111442
ENSG00000198003.12,1.9483999670242522
ENSG00000081853.15,1.9482194191967288
ENSG00000162551.14,1.9481596767792078
ENSG00000204186.10,1.9478546264250336
ENSG00000162747.12,1.947764187708232
ENSG00000099284.15,1.9467612390995532
ENSG00000102452.18,1.9464187512562743
ENSG00000105376.5,1.94633166880164
ENSG00000236054.1,1.945817103057415
ENSG00000159713.11,1.9436505406368378
ENSG00000159618.16,1.94356126937831
ENSG00000133069.17,1.9431937312860825
ENSG00000213937.4,1.9430254187317482
ENSG00000280623.1,1.9429943705176145
ENSG00000249917.3,1.9428579448797714
ENSG00000128342.5,1.9428208343013884
ENSG00000221947.8,1.9427735312950098
ENSG00000001626.16,1.9422767075155312
ENSG00000100842.13,1.94194043939446
ENSG00000101213.7,1.9418908851472927
ENSG00000122133.17,1.9413962212456668
ENSG00000124780.14,1.9413521601272996
ENSG00000253955.2,1.9406683240431988
ENSG00000141574.8,1.94061410935778
ENSG00000102245.8,1.940392531727201
ENSG00000180264.11,1.939706596942297
ENSG00000156564.9,1.9393311385555818
ENSG00000277639.2,1.939228930761324
ENSG00000224842.2,1.9388673365111952
ENSG00000130600.19,1.9383741134613741
ENSG00000184678.10,1.9381562874748324
ENSG00000179542.16,1.9375810064345311
ENSG00000108813.11,1.9374767314841803
ENSG00000103044.11,1.9372627905836435
ENSG00000138115.14,1.937079624217931
ENSG00000137857.17,1.9369966086915762
ENSG00000076716.9,1.9366225909443557
ENSG00000162545.6,1.9357154400554855
ENSG00000231764.10,1.9355715873214525
ENSG00000160883.11,1.9347686485267617
ENSG00000196188.12,1.9337214585684908
ENSG00000112562.19,1.9334030514367773
ENSG00000218713.1,1.9331994588866228
ENSG00000050555.19,1.932769978918682
ENSG00000137819.14,1.9326309541933218
ENSG00000141469.18,1.932621343334888
ENSG00000152402.11,1.9326052812067613
ENSG00000170153.11,1.932513585234523
ENSG00000132470.14,1.9323542844862112
ENSG00000280027.1,1.9318300474067653
ENSG00000214546.4,1.9313546298817112
ENSG00000133962.8,1.931195713885594
ENSG00000121895.8,1.9309453396633518
ENSG00000038295.8,1.9305103392986596
ENSG00000268119.6,1.9301515553651367
ENSG00000287148.1,1.9297878806586966
ENSG00000170439.7,1.9292980746707564
ENSG00000187773.8,1.9292319796491637
ENSG00000236039.3,1.9280722598614917
ENSG00000188211.9,1.9280240521260876
ENSG00000157992.12,1.927837986007039
ENSG00000124490.14,1.9275404029074445
ENSG00000100450.13,1.92656931299262
ENSG00000144229.12,1.925496577298972
ENSG00000149050.10,1.9253849119376325
ENSG00000105810.10,1.9250835177873207
ENSG00000224189.8,1.9248247220582346
ENSG00000154928.18,1.924579067865054
ENSG00000230438.7,1.92420106043903
ENSG00000181291.8,1.9240929120323278
ENSG00000172548.14,1.9240606999538745
ENSG00000259087.5,1.923267391992687
ENSG00000287407.1,1.9227761297760118
ENSG00000274290.3,1.9223797547312222
ENSG00000108759.4,1.9209443706408151
ENSG00000101082.14,1.9205117152414306
ENSG00000145358.6,1.9195517380569425
ENSG00000135477.11,1.918291778519346
ENSG00000034239.11,1.9182588071348234
ENSG00000173237.4,1.9179782197496078
ENSG00000174123.11,1.9175572080940084
ENSG00000275004.4,1.9175271571511943
ENSG00000123453.18,1.9174746711445598
ENSG00000241644.2,1.9170099065356694
ENSG00000022267.19,1.9160939656094362
ENSG00000224769.1,1.9159131471659259
ENSG00000260230.5,1.9156158040034625
ENSG00000228649.9,1.9153296587383981
ENSG00000079156.17,1.9152567001134457
ENSG00000171450.6,1.9151800196723927
ENSG00000243710.8,1.9151295262143782
ENSG00000258227.7,1.9146366509422823
ENSG00000127863.16,1.9145831738081314
ENSG00000129295.9,1.9141340658977284
ENSG00000196350.9,1.913670042132821
ENSG00000064651.14,1.9123842322252962
ENSG00000125618.17,1.911967604188876
ENSG00000214049.8,1.9115949166655954
ENSG00000165996.14,1.9114014710593703
ENSG00000160593.19,1.9107461426242565
ENSG00000229891.2,1.910722831118415
ENSG00000170075.9,1.909479964265567
ENSG00000177679.16,1.9090582128648503
ENSG00000178999.13,1.909054310319047
ENSG00000083857.14,1.90890995983174
ENSG00000236740.6,1.908717331587086
ENSG00000223813.3,1.9082364851220364
ENSG00000214975.4,1.9078588725136991
ENSG00000142224.17,1.9075075102605625
ENSG00000179930.6,1.907290262077243
ENSG00000187140.6,1.9068127526153429
ENSG00000285637.2,1.9063781572950254
ENSG00000169710.9,1.9063190126185299
ENSG00000250208.6,1.9061678473291332
ENSG00000125398.8,1.9058872970748444
ENSG00000113494.17,1.9053048332966385
ENSG00000137965.11,1.9050643243049086
ENSG00000228561.2,1.9047899875713068
ENSG00000109654.16,1.9046087964824454
ENSG00000273604.2,1.9042274330018094
ENSG00000148143.13,1.903986007993089
ENSG00000226453.2,1.9038721318046343
ENSG00000171435.14,1.9036026765570573
ENSG00000140297.13,1.903123798776178
ENSG00000158373.8,1.9030297101407576
ENSG00000141579.7,1.9030100768823117
ENSG00000143494.15,1.9021975404898923
ENSG00000183273.7,1.9014786769284093
ENSG00000111206.13,1.9014515279676945
ENSG00000115665.9,1.9013982443297262
ENSG00000154118.13,1.9013404429931182
ENSG00000214530.9,1.9011163929426989
ENSG00000169851.15,1.901036553125124
ENSG00000092850.12,1.9009444663068902
ENSG00000266602.2,1.900498873927476
ENSG00000177675.9,1.899990240655636
ENSG00000178947.9,1.8995486871383862
ENSG00000154874.15,1.8995308278599246
ENSG00000173698.18,1.8994624855851592
ENSG00000075275.18,1.89930179486096
ENSG00000029153.14,1.8986043694003087
ENSG00000180229.12,1.8985157580378655
ENSG00000249641.2,1.898221946413267
ENSG00000205488.9,1.898141154423065
ENSG00000242580.1,1.8979631136772435
ENSG00000228918.4,1.8973704673672964
ENSG00000048052.22,1.8971491550297992
ENSG00000197472.15,1.8971427004498456
ENSG00000179546.4,1.8968707686511772
ENSG00000266968.2,1.8956982269027152
ENSG00000171819.5,1.895549909343247
ENSG00000143469.20,1.895196711188664
ENSG00000017483.15,1.8949885768416115
ENSG00000267690.1,1.8946362685461768
ENSG00000116147.17,1.894517651395043
ENSG00000017427.17,1.8942697223626364
ENSG00000204956.5,1.893814359926841
ENSG00000282988.2,1.8937734089953426
ENSG00000148123.15,1.893726749418337
ENSG00000136541.15,1.8936220037680926
ENSG00000163464.8,1.8935972859325223
ENSG00000261488.1,1.892872566633944
ENSG00000104611.12,1.8925987698857947
ENSG00000066279.18,1.89247918862879
ENSG00000203799.13,1.8923843769847426
ENSG00000137571.11,1.8921152327084487
ENSG00000163520.14,1.8911607467151184
ENSG00000103253.19,1.8905397669741948
ENSG00000181458.10,1.8893919797278962
ENSG00000276085.1,1.8890509405006075
ENSG00000101230.6,1.8887203795343401
ENSG00000172215.6,1.8884757029883181
ENSG00000132429.10,1.8881759716184585
ENSG00000248265.2,1.8877740570065928
ENSG00000118729.12,1.887393224639474
ENSG00000174156.15,1.8873708502854893
ENSG00000119535.18,1.887020920940838
ENSG00000225154.2,1.8867098316224882
ENSG00000203995.10,1.8863058235908077
ENSG00000129194.8,1.8863004979178495
ENSG00000228146.8,1.8851929755771706
ENSG00000163864.17,1.8850506666736264
ENSG00000248727.6,1.884719869005599
ENSG00000183248.12,1.8846907513476676
ENSG00000077984.6,1.8845204122706336
ENSG00000287097.1,1.8842611164287706
ENSG00000149124.11,1.8840262648998314
ENSG00000261324.2,1.8838699879653273
ENSG00000125910.6,1.8837161155924786
ENSG00000185306.13,1.8835391482073693
ENSG00000181649.8,1.8833493108039923
ENSG00000182983.15,1.8829670658347004
ENSG00000116729.14,1.882684340738085
ENSG00000137747.16,1.8826267856332894
ENSG00000224557.7,1.8824142003255924
ENSG00000170624.13,1.8820617748915172
ENSG00000183186.8,1.88072258726
ENSG00000156535.15,1.8803667874589325
ENSG00000234719.9,1.880154912210295
ENSG00000233930.4,1.879647137874529
ENSG00000129173.13,1.879377135133336
ENSG00000163395.17,1.8789348471739884
ENSG00000178750.3,1.878873575880632
ENSG00000164532.11,1.8786057429180836
ENSG00000266200.6,1.876960528356904
ENSG00000119121.22,1.8768822560219933
ENSG00000148600.15,1.8766555947013641
ENSG00000123999.5,1.8764125747809364
ENSG00000247516.8,1.8761789752084777
ENSG00000141294.10,1.8750439483383043
ENSG00000095596.12,1.8748645340749852
ENSG00000262539.1,1.8743007006394863
ENSG00000126545.14,1.873879577113446
ENSG00000197635.11,1.8734352437952968
ENSG00000231345.3,1.8728511121232791
ENSG00000198125.13,1.8728195550910536
ENSG00000159173.19,1.8728001046383653
ENSG00000078596.11,1.8726987793307697
ENSG00000105255.11,1.8717403264606947
ENSG00000255833.2,1.8709947087462262
ENSG00000073605.18,1.870757700205833
ENSG00000214376.6,1.8682702693424036
ENSG00000268916.6,1.8680697089456102
ENSG00000204262.14,1.867445642734998
ENSG00000187193.9,1.8672434257815578
ENSG00000078098.14,1.8671588354924207
ENSG00000184144.12,1.8662976802478537
ENSG00000115590.14,1.8661964500759365
ENSG00000002933.9,1.866033287236704
ENSG00000277013.1,1.8655397742994415
ENSG00000225742.6,1.865358322038534
ENSG00000225489.7,1.863760300023592
ENSG00000164070.12,1.8636355298374319
ENSG00000084710.14,1.8629910107417225
ENSG00000088899.15,1.8629513713370782
ENSG00000197168.13,1.8621788252075233
ENSG00000144451.19,1.8618714432236516
ENSG00000128591.16,1.8615890556168984
ENSG00000169962.5,1.861416306082236
ENSG00000170775.3,1.8610508961978283
ENSG00000027869.12,1.8609752534670314
ENSG00000242534.2,1.8608084658632635
ENSG00000134532.19,1.860561627011835
ENSG00000164591.14,1.8602659822851473
ENSG00000206432.4,1.8596083057619985
ENSG00000056998.20,1.8595115071156134
ENSG00000139344.8,1.8592020618221627
ENSG00000271367.1,1.858934763832969
ENSG00000130222.11,1.858898192666827
ENSG00000137825.11,1.8588523272011472
ENSG00000024526.17,1.8585388580311903
ENSG00000109101.8,1.858425424664194
ENSG00000171403.10,1.857818049170984
ENSG00000250786.2,1.8573046445999966
ENSG00000010030.14,1.8572487246631055
ENSG00000101349.17,1.8570878625916458
ENSG00000197140.15,1.8568167038342829
ENSG00000205364.4,1.8567369117134314
ENSG00000130598.16,1.8559423290581099
ENSG00000272674.3,1.8554989426723985
ENSG00000134853.12,1.8547264042384133
ENSG00000106003.13,1.8546107833822378
ENSG00000185070.11,1.854450992690802
ENSG00000102466.16,1.8541270854533594
ENSG00000166407.14,1.8540563900304818
ENSG00000128918.15,1.8535532329433972
ENSG00000079931.15,1.853551498627569
ENSG00000125384.7,1.853479651528997
ENSG00000228217.1,1.8529266626326053
ENSG00000100079.7,1.8526581902782868
ENSG00000147804.10,1.8524858341288728
ENSG00000183674.12,1.8521029028375415
ENSG00000271830.1,1.8513437642994572
ENSG00000178462.12,1.8510362688708288
ENSG00000169047.5,1.850985295228894
ENSG00000185885.16,1.8508911150059197
ENSG00000101850.13,1.850682611059595
ENSG00000115598.10,1.8504300891877707
ENSG00000249669.10,1.849977284649973
ENSG00000124875.10,1.8499354419611478
ENSG00000205089.8,1.8489849014657775
ENSG00000106211.10,1.8489269512045987
ENSG00000179954.16,1.8488346107504736
ENSG00000116191.17,1.8482593749060043
ENSG00000196739.15,1.8481321914339173
ENSG00000285601.1,1.8481205407798567
ENSG00000160181.9,1.8481084466994944
ENSG00000168952.15,1.847579355781691
ENSG00000179292.5,1.8474292881579728
ENSG00000151364.17,1.8472421614919996
ENSG00000116141.17,1.846498947117475
ENSG00000261121.2,1.8459455393838924
ENSG00000162444.12,1.8457188704491283
ENSG00000165304.8,1.8455238895110104
ENSG00000147606.9,1.8453380711991922
ENSG00000120129.6,1.845029401423064
ENSG00000165495.16,1.8450246343102195
ENSG00000164893.9,1.845013498781714
ENSG00000197558.13,1.8448434804326204
ENSG00000177685.17,1.8447486691251331
ENSG00000073737.17,1.8442947418678297
ENSG00000112394.17,1.8440997080209491
ENSG00000154065.17,1.8432363783047954
ENSG00000131620.17,1.8432351707457708
ENSG00000011201.12,1.8425980834515145
ENSG00000164292.13,1.8422115816922382
ENSG00000167641.11,1.8420891636231493
ENSG00000089101.19,1.8415515173465264
ENSG00000185518.12,1.841182713115941
ENSG00000135454.14,1.8409225997756713
ENSG00000116194.13,1.840882291359376
ENSG00000128285.4,1.8407297247386827
ENSG00000068489.13,1.8405539658825036
ENSG00000259616.2,1.8401522814215836
ENSG00000266554.2,1.8397383520473571
ENSG00000173826.15,1.8394539836507782
ENSG00000173930.9,1.8389674628047672
ENSG00000108786.11,1.8388426974228942
ENSG00000198483.13,1.8385851934586366
ENSG00000177363.5,1.8381246785251557
ENSG00000232810.4,1.8379567119448579
ENSG00000226087.2,1.837748491566373
ENSG00000158887.19,1.8374618804123228
ENSG00000171885.18,1.8372901033142384
ENSG00000111674.9,1.8371096425484306
ENSG00000122733.12,1.8369457903743955
ENSG00000171847.11,1.8369356594734694
ENSG00000198734.12,1.8367187759741996
ENSG00000183317.17,1.8365462441884242
ENSG00000135426.16,1.8358080094929707
ENSG00000185905.4,1.8351383631252127
ENSG00000057149.16,1.8346374387551947
ENSG00000047936.11,1.8338675927835244
ENSG00000138347.16,1.8338639013917644
ENSG00000169344.15,1.8333433119671805
ENSG00000282815.1,1.8332761248393246
ENSG00000173114.13,1.8332458848087914
ENSG00000253414.3,1.8332404413490897
ENSG00000128218.8,1.833233374900212
ENSG00000116985.12,1.8330714163744226
ENSG00000170017.12,1.8327462064168198
ENSG00000158485.11,1.832352355415596
ENSG00000109576.14,1.8319406147469097
ENSG00000023839.12,1.8315698695963616
ENSG00000276070.5,1.8315433338108624
ENSG00000126259.20,1.8310458858695575
ENSG00000166736.11,1.8309183650372864
ENSG00000144857.14,1.8304311263618342
ENSG00000185737.13,1.8294439668981466
ENSG00000142910.16,1.829134292271893
ENSG00000226321.5,1.8290607403040757
ENSG00000155265.11,1.82905369343514
ENSG00000214796.8,1.8287827805698835
ENSG00000006283.18,1.8282710730588148
ENSG00000111432.4,1.8276824630944557
ENSG00000173705.9,1.8272891112584813
ENSG00000231107.2,1.827239704788831
ENSG00000224607.4,1.8254875735300686
ENSG00000142025.16,1.825096272952252
ENSG00000174326.14,1.825049105384121
ENSG00000249853.8,1.8245091006982317
ENSG00000020633.19,1.8240511316053547
ENSG00000091656.19,1.8235321651761902
ENSG00000186297.12,1.8235030260104488
ENSG00000225548.7,1.8232662099850947
ENSG00000160284.15,1.8229489393896916
ENSG00000285417.1,1.8227930702056963
ENSG00000144485.11,1.822753605383167
ENSG00000139915.21,1.822208360508658
ENSG00000160781.17,1.8220717496368062
ENSG00000160471.13,1.8220711471442967
ENSG00000168589.15,1.8219912681295327
ENSG00000227191.8,1.8217209840496962
ENSG00000213988.11,1.8214152468619689
ENSG00000287865.1,1.82133588632207
ENSG00000249816.7,1.8213115519346468
ENSG00000180447.7,1.8211730787857154
ENSG00000099864.18,1.8209148108673
ENSG00000021826.17,1.8203359635734868
ENSG00000269985.1,1.819849854566086
ENSG00000111913.20,1.8197314466392494
ENSG00000173991.6,1.8193201770932164
ENSG00000145506.14,1.8190754950952024
ENSG00000272463.1,1.8190608720616612
ENSG00000088881.21,1.8188842069743636
ENSG00000224679.1,1.8186158659216498
ENSG00000177108.5,1.817037339749505
ENSG00000271856.1,1.8169602176725121
ENSG00000164488.12,1.8169270462018627
ENSG00000135083.16,1.8166329065633124
ENSG00000136689.19,1.816603435746403
ENSG00000041353.10,1.8163201908188424
ENSG00000170837.3,1.8162572911689159
ENSG00000165084.16,1.8152999645451198
ENSG00000287971.1,1.8146169348613321
ENSG00000101916.12,1.81457410960516
ENSG00000114631.11,1.814231858646003
ENSG00000133863.9,1.8138468602623696
ENSG00000183850.14,1.8136040441717403
ENSG00000265763.4,1.8132982413936516
ENSG00000115165.10,1.8125670363228163
ENSG00000237330.3,1.812254628054304
ENSG00000182326.15,1.8121654588344351
ENSG00000261026.1,1.8120616835139294
ENSG00000116711.10,1.8119217125393619
ENSG00000171766.17,1.8117086837690988
ENSG00000152766.6,1.811009500358018
ENSG00000179344.16,1.8107040280949815
ENSG00000231245.2,1.8106834478983853
ENSG00000080031.10,1.810206675101343
ENSG00000135919.14,1.8096885066868267
ENSG00000159409.15,1.8096815928203047
ENSG00000128965.13,1.8095969804936956
ENSG00000145087.13,1.809584762880443
ENSG00000163749.17,1.8095684624647692
ENSG00000152672.8,1.809034234672305
ENSG00000094804.12,1.8083797846768017
ENSG00000161243.9,1.8081202254555253
ENSG00000148604.15,1.808053298987424
ENSG00000200087.1,1.8079126078902943
ENSG00000279970.1,1.8078552054589683
ENSG00000254607.2,1.8076965389052944
ENSG00000187244.12,1.8076186443273246
ENSG00000197705.10,1.8075355204054433
ENSG00000225138.8,1.807119006638189
ENSG00000231205.11,1.8071155596382742
ENSG00000187912.12,1.8069830721636062
ENSG00000152078.10,1.8066653164534774
ENSG00000162817.7,1.8065093729969766
ENSG00000154263.17,1.8063245975476483
ENSG00000103522.16,1.8054612489749136
ENSG00000234840.2,1.805192449331549
ENSG00000167371.21,1.8051730214660235
ENSG00000205038.12,1.804639421783934
ENSG00000099822.3,1.804611751388888
ENSG00000265787.2,1.8045570000800653
ENSG00000204839.9,1.8041485670792987
ENSG00000233098.9,1.803847465084328
ENSG00000090376.11,1.8037830765963239
ENSG00000137878.17,1.80320338106928
ENSG00000188171.16,1.8019920953402426
ENSG00000011426.11,1.80196251071112
ENSG00000008517.18,1.8015953752952392
ENSG00000133433.11,1.800759116847977
ENSG00000163687.14,1.800538354806385
ENSG00000184292.7,1.8003651270088386
ENSG00000141682.12,1.8001030352660947
ENSG00000225670.4,1.7997070242397306
ENSG00000160932.11,1.799649520791553
ENSG00000226887.8,1.7994575105913326
ENSG00000115163.15,1.7991582756626185
ENSG00000128268.12,1.7991216091742743
ENSG00000188822.8,1.798726310400491
ENSG00000105549.11,1.798667433711258
ENSG00000105641.4,1.7986224778701307
ENSG00000189129.14,1.798074069794197
ENSG00000158714.11,1.797891778157361
ENSG00000157927.17,1.7978898825766352
ENSG00000185269.12,1.7977679741371757
ENSG00000250643.1,1.7976925819793865
ENSG00000131401.11,1.7976476106883588
ENSG00000236212.2,1.7967551459043565
ENSG00000262576.3,1.7959869969078093
ENSG00000184221.13,1.7952545606901071
ENSG00000066248.15,1.7950016288053154
ENSG00000159217.10,1.794848320008933
ENSG00000239571.1,1.79482951672553
ENSG00000177575.13,1.7947266169775598
ENSG00000101307.16,1.7945575666267821
ENSG00000231246.2,1.7944697246549015
ENSG00000116990.11,1.794170107814756
ENSG00000150687.12,1.7939254724179694
ENSG00000155380.12,1.7937351822231153
ENSG00000125257.16,1.7932165093631909
ENSG00000171189.17,1.792958752173293
ENSG00000105926.16,1.792731152303406
ENSG00000089127.14,1.7922230781186546
ENSG00000186564.6,1.7920121567733558
ENSG00000154734.16,1.7911584977730803
ENSG00000262814.8,1.7910995108836236
ENSG00000124749.17,1.7909740837452923
ENSG00000197748.13,1.790764978169257
ENSG00000246705.4,1.7903264485419355
ENSG00000104415.14,1.7893648669690745
ENSG00000153291.16,1.7888189558926122
ENSG00000272668.2,1.7886415463415102
ENSG00000130635.16,1.7886097642028849
ENSG00000165730.16,1.7880398698036029
ENSG00000173320.12,1.786320015538085
ENSG00000131044.17,1.7859357231671125
ENSG00000118113.12,1.7859312873655147
ENSG00000118523.6,1.7853062683444538
ENSG00000277363.5,1.7845988627044755
ENSG00000179934.7,1.7845254727852038
ENSG00000160791.13,1.784242399299779
ENSG00000104490.18,1.784163375046334
ENSG00000188452.14,1.7834311178970472
ENSG00000205325.3,1.783204768994491
ENSG00000137941.17,1.7831309863217961
ENSG00000122641.11,1.78273539271867
ENSG00000183876.9,1.7823935452230621
ENSG00000169684.13,1.7820455318184392
ENSG00000196335.13,1.7819718373431592
ENSG00000130203.10,1.781943900666311
ENSG00000196735.13,1.7815079213203913
ENSG00000133101.10,1.7812710604307558
ENSG00000168621.15,1.7808965964022374
ENSG00000197134.13,1.780789087753488
ENSG00000170298.15,1.7802805337947116
ENSG00000162849.16,1.780233376378485
ENSG00000183690.13,1.7800377353550243
ENSG00000064309.14,1.7799598425503425
ENSG00000272512.1,1.7793001616372168
ENSG00000092929.12,1.7790163025346766
ENSG00000238034.1,1.7789058159989377
ENSG00000142583.18,1.7786463522917815
ENSG00000134326.11,1.7782861871774733
ENSG00000143248.13,1.7781085822657623
ENSG00000163359.16,1.777448727351047
ENSG00000167751.13,1.7773402443666302
ENSG00000106536.21,1.7765200394730702
ENSG00000267750.6,1.77625225070385
ENSG00000139973.16,1.7760016574765927
ENSG00000165238.16,1.7752790574040016
ENSG00000127831.11,1.7747869819764646
ENSG00000152463.15,1.7745148138801465
ENSG00000179148.10,1.7743085429411074
ENSG00000168502.17,1.7739612062017946
ENSG00000008056.14,1.77387779418336
ENSG00000243449.6,1.7736221414850921
ENSG00000278857.1,1.7735329850579697
ENSG00000091490.11,1.7731639478965961
ENSG00000168874.13,1.7731428207151014
ENSG00000165655.17,1.772826296017919
ENSG00000197457.10,1.7727670695049171
ENSG00000280202.1,1.7726261842142013
ENSG00000215458.8,1.7722025224663527
ENSG00000136960.13,1.7720574913508913
ENSG00000244265.2,1.7716979565257833
ENSG00000087085.16,1.771531294426201
ENSG00000122877.16,1.7712338252100674
ENSG00000183570.16,1.7710915506140552
ENSG00000127824.14,1.771033398401073
ENSG00000211665.3,1.770728848334481
ENSG00000181656.7,1.7701833454038685
ENSG00000155367.15,1.7693185439208763
ENSG00000109705.8,1.7692267324899384
ENSG00000249096.7,1.7691055412422756
ENSG00000276850.5,1.7679532835187974
ENSG00000166448.15,1.7679007059084662
ENSG00000177839.7,1.7678698768035217
ENSG00000266017.1,1.7676718920086232
ENSG00000234493.4,1.7674414171964932
ENSG00000150054.18,1.7673410464783676
ENSG00000145284.12,1.7668786920507737
ENSG00000173890.17,1.7665286088433534
ENSG00000109072.14,1.766518781924096
ENSG00000072195.15,1.7662590077378766
ENSG00000163884.4,1.7659011254871944
ENSG00000226320.6,1.7657655530797645
ENSG00000100336.17,1.7655540379997177
ENSG00000204538.4,1.7653156131652934
ENSG00000124159.15,1.7648321359841026
ENSG00000182352.8,1.764573429394269
ENSG00000145491.12,1.763902531184216
ENSG00000237149.5,1.7632915634300326
ENSG00000129595.14,1.7620881084836477
ENSG00000255750.6,1.7619067859651392
ENSG00000186439.14,1.7616688839256784
ENSG00000101445.10,1.7601683285911938
ENSG00000260641.1,1.7599805769823305
ENSG00000176697.20,1.7594364193409973
ENSG00000186973.11,1.7590104451099524
ENSG00000145063.15,1.758986662979247
ENSG00000172824.16,1.7581521797480337
ENSG00000176928.7,1.757492004467342
ENSG00000287258.1,1.7574381109813144
ENSG00000111452.13,1.7570551508111016
ENSG00000215910.7,1.7562349757883362
ENSG00000160191.18,1.7561253243484327
ENSG00000150281.7,1.75611548306804
ENSG00000168916.15,1.7559792135863947
ENSG00000261804.2,1.7558653166012754
ENSG00000286733.1,1.7556516463511362
ENSG00000183760.11,1.755489710612605
ENSG00000164266.11,1.7551135688925465
ENSG00000286214.1,1.7548563224230138
ENSG00000189233.12,1.7541777615193106
ENSG00000215252.11,1.7540909769452868
ENSG00000186407.7,1.7537231825768556
ENSG00000183067.5,1.7522218385493822
ENSG00000285205.2,1.751914154868579
ENSG00000187980.7,1.7518464557328213
ENSG00000146555.19,1.7515383284759893
ENSG00000174371.17,1.7507355751872438
ENSG00000197520.10,1.7505114105058044
ENSG00000179841.8,1.750117951340614
ENSG00000007174.18,1.7494229642319987
ENSG00000149633.12,1.7484120603618256
ENSG00000255815.3,1.7482049475674721
ENSG00000009694.13,1.7480411028578617
ENSG00000118307.20,1.7479644972138373
ENSG00000141622.14,1.7478247362791781
ENSG00000147614.4,1.7476345855852293
ENSG00000130518.17,1.7474457006517237
ENSG00000182389.20,1.747294848969095
ENSG00000106366.9,1.7470007730799664
ENSG00000165092.13,1.7467534576717574
ENSG00000250387.3,1.7464715044230934
ENSG00000117594.10,1.7460305838398569
ENSG00000105492.16,1.7459873583614447
ENSG00000106538.10,1.745929789641756
ENSG00000169122.11,1.7455326517492875
ENSG00000171722.13,1.7449489527745374
ENSG00000232229.6,1.74451385519516
ENSG00000267147.2,1.7443980995310309
ENSG00000260549.2,1.7443807247786167
ENSG00000102098.19,1.7441988686356964
ENSG00000103490.14,1.7437234781753594
ENSG00000186472.20,1.7430308984351457
ENSG00000231439.4,1.7426799568368105
ENSG00000273812.3,1.742668251002317
ENSG00000102970.11,1.7425382532375633
ENSG00000177283.7,1.7422849233326105
ENSG00000131187.10,1.742116942016287
ENSG00000005421.9,1.7417790669569686
ENSG00000106484.16,1.7413937329255125
ENSG00000111186.13,1.7404405958514224
ENSG00000087245.13,1.7399828602630385
ENSG00000139209.16,1.738971847164739
ENSG00000136842.14,1.7383297257103494
ENSG00000196166.5,1.7377430917574073
ENSG00000198765.12,1.737599580011584
ENSG00000104419.17,1.7366814008354776
ENSG00000224920.1,1.7365456475002927
ENSG00000253910.2,1.7345253458910883
ENSG00000278683.1,1.7336137061337804
ENSG00000156959.9,1.7335378373233485
ENSG00000096060.15,1.7333864853990797
ENSG00000240041.1,1.7333764656757655
ENSG00000172382.10,1.732745659010541
ENSG00000137573.14,1.7321306703764738
ENSG00000241566.1,1.732089505040029
ENSG00000173805.16,1.7319153135808187
ENSG00000166268.11,1.7318037990127173
ENSG00000102678.7,1.7313161207899272
ENSG00000167037.19,1.7308114660220812
ENSG00000159388.6,1.73037778894949
ENSG00000101417.12,1.7303034409541207
ENSG00000196405.13,1.7296490690704405
ENSG00000253234.1,1.7293434717349512
ENSG00000151136.15,1.728699979031327
ENSG00000182463.16,1.7286966182993038
ENSG00000073861.3,1.7284626253279556
ENSG00000198948.12,1.7281913967015752
ENSG00000050730.16,1.728058668869117
ENSG00000159784.18,1.7274747232043333
ENSG00000125879.5,1.7272606083227353
ENSG00000137877.10,1.727178121202272
ENSG00000165794.10,1.726939774882831
ENSG00000198914.5,1.72655035400786
ENSG00000165457.14,1.7264808390145279
ENSG00000156298.13,1.7259106822088628
ENSG00000167419.11,1.7258774346685248
ENSG00000099958.15,1.7257214642640402
ENSG00000164659.15,1.7254007637506055
ENSG00000108691.9,1.724857629155345
ENSG00000139445.18,1.72455455717579
ENSG00000171848.16,1.7242760123931726
ENSG00000053438.11,1.7237491663109867
ENSG00000104953.20,1.7237409350046649
ENSG00000106031.9,1.7233558389690058
ENSG00000184661.14,1.7233344635480181
ENSG00000170961.7,1.7231558680648178
ENSG00000130475.14,1.7230378521284075
ENSG00000080224.17,1.7227243225430549
ENSG00000239218.2,1.7223101146834427
ENSG00000261786.1,1.7223013580637703
ENSG00000183862.5,1.721717111274373
ENSG00000259342.1,1.7215329309190153
ENSG00000006611.17,1.7214987103825923
ENSG00000115295.20,1.7213953769486987
ENSG00000250535.1,1.7209457266520043
ENSG00000267886.1,1.7205615128169902
ENSG00000166582.10,1.7200946006994047
ENSG00000121898.13,1.720081759343339
ENSG00000258551.6,1.7200802499189434
ENSG00000138646.9,1.7200391620484305
ENSG00000164638.10,1.7190570488016503
ENSG00000144488.15,1.7189390445327768
ENSG00000269964.3,1.7181753395382804
ENSG00000270765.6,1.7181392068788552
ENSG00000176402.6,1.717846660743785
ENSG00000242173.10,1.7173532657713135
ENSG00000162040.7,1.7164426077925488
ENSG00000185942.13,1.715851208995824
ENSG00000268555.2,1.7151544737825526
ENSG00000105131.8,1.7149210506226018
ENSG00000122254.7,1.7145880870411025
ENSG00000148773.14,1.7142425753796806
ENSG00000240541.3,1.714202375331889
ENSG00000174871.11,1.7138428217689103
ENSG00000117560.8,1.7137117985724617
ENSG00000174611.12,1.7127114288115148
ENSG00000165138.18,1.7126939011947029
ENSG00000164649.20,1.7113521107029386
ENSG00000156966.7,1.7111438688816398
ENSG00000164171.11,1.710949496442239
ENSG00000005379.17,1.710908677551889
ENSG00000055163.20,1.7105208826442413
ENSG00000224244.1,1.7103463403613157
ENSG00000156395.13,1.710294950143224
ENSG00000117091.10,1.7102071697197032
ENSG00000165071.15,1.7101601652102103
ENSG00000149970.16,1.709981688561364
ENSG00000177076.6,1.7090117889877372
ENSG00000105609.17,1.708961346489235
ENSG00000151655.19,1.7089068502667588
ENSG00000167183.3,1.7083743287395925
ENSG00000205628.4,1.707944285333518
ENSG00000206538.9,1.7078504044811822
ENSG00000137674.4,1.707499420987275
ENSG00000189057.11,1.7072087827116749
ENSG00000187510.10,1.706680479243226
ENSG00000165105.10,1.7065893120887161
ENSG00000205436.7,1.7064282852805335
ENSG00000259692.6,1.7062757324197326
ENSG00000171916.17,1.706261477124439
ENSG00000099617.4,1.7056577731111484
ENSG00000177272.9,1.7055018986862789
ENSG00000156218.13,1.7054542894510316
ENSG00000269933.1,1.7053643355323227
ENSG00000223749.11,1.7048671338346517
ENSG00000213973.9,1.704579310613387
ENSG00000285933.1,1.7044481843752095
ENSG00000206195.11,1.704399778911178
ENSG00000220842.6,1.7041560423967022
ENSG00000143013.13,1.7037105855635983
ENSG00000065609.14,1.703477463461333
ENSG00000163121.10,1.703374920331319
ENSG00000003137.8,1.7027833100789849
ENSG00000186185.14,1.702601456778961
ENSG00000197956.10,1.70159785438277
ENSG00000142871.18,1.7014867589345521
ENSG00000111262.6,1.7013629033439677
ENSG00000132530.17,1.7010786839261938
ENSG00000124466.9,1.7009738279976576
ENSG00000249001.5,1.7003690501975637
ENSG00000211747.3,1.7003147945977077
ENSG00000285644.1,1.70027685292331
ENSG00000166394.15,1.7001216984845648
ENSG00000090659.18,1.700119174033886
ENSG00000162490.7,1.6998120190852617
ENSG00000205795.4,1.6996816532286152
ENSG00000254815.6,1.699464956899008
ENSG00000167861.16,1.6989457646768324
ENSG00000226197.3,1.6986422320438925
ENSG00000287906.1,1.6986284400250518
ENSG00000179826.7,1.698540071619467
ENSG00000102174.9,1.6968835079531848
ENSG00000141854.9,1.6967716641178936
ENSG00000179698.14,1.6966487486116166
ENSG00000231713.2,1.6961101499858742
ENSG00000224114.1,1.695556732322982
ENSG00000174514.13,1.6952971752303467
ENSG00000180530.11,1.6950033929273398
ENSG00000205213.14,1.694352177785334
ENSG00000154262.13,1.6943123274960705
ENSG00000255310.2,1.6939375504292282
ENSG00000133800.9,1.69364573707843
ENSG00000224940.9,1.6935801880216967
ENSG00000119922.10,1.693142866361302
ENSG00000167971.16,1.6929585174114894
ENSG00000189108.13,1.6929431084787665
ENSG00000223784.2,1.6927237364049874
ENSG00000140600.17,1.6921522837185186
ENSG00000234593.3,1.6911840032296401
ENSG00000178662.16,1.690634932797129
ENSG00000196415.10,1.6904888893903849
ENSG00000272763.1,1.6904514641544217
ENSG00000184305.15,1.6904271472168102
ENSG00000143228.13,1.6903598611269341
ENSG00000166016.6,1.69010022022391
ENSG00000226965.2,1.69005936056809
ENSG00000169508.7,1.6898712368627038
ENSG00000108405.4,1.6896854913559878
ENSG00000162692.12,1.6887815610869956
ENSG00000254521.7,1.6886531062715986
ENSG00000149485.19,1.6884225039621419
ENSG00000102230.14,1.68732654620992
ENSG00000138735.16,1.686243354153249
ENSG00000180139.11,1.6860389878954485
ENSG00000214578.5,1.6857807317876428
ENSG00000134539.17,1.6853589920942493
ENSG00000173208.4,1.6852168959922862
ENSG00000079101.16,1.6849531950558119
ENSG00000184478.7,1.6848566811630104
ENSG00000149809.16,1.684817848276184
ENSG00000224078.15,1.6843948698102078
ENSG00000138080.14,1.6837990961874325
ENSG00000145908.12,1.6835002951450364
ENSG00000170482.17,1.6833849925507993
ENSG00000237970.1,1.6833538186207968
ENSG00000132000.13,1.6833431460269972
ENSG00000158528.12,1.6833103459465906
ENSG00000092009.10,1.6825436432521028
ENSG00000127990.19,1.6824705762203425
ENSG00000131015.5,1.6824542440453307
ENSG00000116748.21,1.6822245361220116
ENSG00000115641.19,1.6820043997902752
ENSG00000196263.8,1.6818807458247065
ENSG00000112379.9,1.6814302769890874
ENSG00000260653.6,1.6806699754995427
ENSG00000106624.11,1.680548027054417
ENSG00000265206.5,1.6801401291458804
ENSG00000187210.14,1.6800541855814515
ENSG00000181126.13,1.6796596125526846
ENSG00000213085.10,1.6794242707820897
ENSG00000162894.12,1.6790710805565614
ENSG00000135960.10,1.6788856719310759
ENSG00000111796.4,1.6788751202624606
ENSG00000170571.12,1.6788635474133935
ENSG00000073849.16,1.6786106344134815
ENSG00000127743.6,1.678373888531852
ENSG00000138669.9,1.678369474711611
ENSG00000007314.12,1.67827056495041
ENSG00000180592.17,1.6776064872628467
ENSG00000243069.8,1.6771450132144101
ENSG00000140545.15,1.676888471171084
ENSG00000150995.20,1.6763939843012008
ENSG00000165521.15,1.6761952021453148
ENSG00000164061.5,1.6760705415101522
ENSG00000116667.15,1.6757248720036533
ENSG00000250982.2,1.675703542042641
ENSG00000117122.14,1.6755807383632555
ENSG00000250546.6,1.6749880474884546
ENSG00000054179.12,1.6745945267105793
ENSG00000283000.2,1.6745820302443017
ENSG00000198523.6,1.6745718609420701
ENSG00000092421.17,1.6744623456796481
ENSG00000188643.11,1.6736656881163576
ENSG00000176485.12,1.6736521118190462
ENSG00000286010.1,1.672908923260427
ENSG00000196159.14,1.6728560627418552
ENSG00000253706.5,1.6726914002332882
ENSG00000189182.10,1.6724348917483383
ENSG00000283486.2,1.6721852867361295
ENSG00000204603.7,1.6720211332999944
ENSG00000159164.10,1.671907976291141
ENSG00000114638.8,1.671853129257578
ENSG00000107317.13,1.6716907303393167
ENSG00000184986.11,1.6714845605268567
ENSG00000136999.5,1.6708251460909453
ENSG00000283023.1,1.6707189795230963
ENSG00000188290.11,1.670676149641197
ENSG00000170627.11,1.6706072550903275
ENSG00000099985.4,1.6701970733018516
ENSG00000177791.12,1.670108506292585
ENSG00000228793.2,1.6701083808866726
ENSG00000128298.17,1.6700662342952366
ENSG00000163629.13,1.6698724720324405
ENSG00000143851.15,1.6695663010952198
ENSG00000142945.13,1.669238470952636
ENSG00000122691.13,1.6688323401903924
ENSG00000172159.16,1.668720533499756
ENSG00000273259.3,1.6681993987261892
ENSG00000287335.1,1.666980025671467
ENSG00000149090.12,1.6657292669936363
ENSG00000141431.12,1.6651722929858508
ENSG00000115705.22,1.6647644921958884
ENSG00000261754.2,1.6647337646005351
ENSG00000233608.4,1.6646681681164617
ENSG00000187260.16,1.6645385978832448
ENSG00000154839.10,1.6640639504410124
ENSG00000143387.14,1.6637813126870495
ENSG00000144712.12,1.6637656352363042
ENSG00000189120.5,1.6634921947421673
ENSG00000140368.13,1.6633813633967522
ENSG00000187474.5,1.6630094497273864
ENSG00000132874.15,1.6629735337853533
ENSG00000141741.12,1.6626454409051983
ENSG00000164181.14,1.662605449263317
ENSG00000226979.9,1.6621979703812189
ENSG00000227234.2,1.6613808428113523
ENSG00000286329.1,1.6611743643726693
ENSG00000030419.16,1.661123222594354
ENSG00000229604.2,1.6609295841954876
ENSG00000152779.14,1.6603266624182187
ENSG00000122121.11,1.6598254713572393
ENSG00000164647.9,1.6596405222916863
ENSG00000106004.5,1.659501200996652
ENSG00000183508.5,1.6591229120305158
ENSG00000163644.15,1.658763359445532
ENSG00000106772.18,1.6585938804083107
ENSG00000257951.2,1.6582748707651096
ENSG00000204618.8,1.6581655735289675
ENSG00000133488.15,1.658107816754602
ENSG00000197892.13,1.657756858916667
ENSG00000106025.9,1.6561022068544355
ENSG00000250056.8,1.6560121419858174
ENSG00000046653.15,1.655882077586042
ENSG00000175093.5,1.6555927620849502
ENSG00000272419.6,1.6555280903844494
ENSG00000197837.3,1.6554091327722238
ENSG00000261742.6,1.6553513507363138
ENSG00000225194.3,1.65528724216162
ENSG00000185950.9,1.6549953871526417
ENSG00000103449.12,1.6547423057083055
ENSG00000221869.5,1.654593739693292
ENSG00000282939.1,1.6544535881414286
ENSG00000177098.9,1.6543541584863308
ENSG00000121858.11,1.6541931112104675
ENSG00000102802.10,1.653380549777628
ENSG00000157551.19,1.65301896406241
ENSG00000276980.1,1.6528904801983717
ENSG00000140279.13,1.6527177843523568
ENSG00000152785.8,1.6525748157844973
ENSG00000132840.10,1.6518598024714477
ENSG00000158856.18,1.651710410466367
ENSG00000147231.14,1.651610922914137
ENSG00000121904.17,1.6514860199414043
ENSG00000239389.8,1.6514715833559073
ENSG00000181722.17,1.6513960858701848
ENSG00000145936.9,1.6513148827471034
ENSG00000108417.4,1.6512553453201928
ENSG00000250942.1,1.6512311521120981
ENSG00000088325.16,1.650829456623882
ENSG00000153253.19,1.650594908313915
ENSG00000115602.17,1.6505038674423835
ENSG00000197496.6,1.6502019888924513
ENSG00000016602.9,1.6501532596598538
ENSG00000180190.12,1.6500587869391694
ENSG00000144583.5,1.6499050297247684
ENSG00000187621.15,1.6477133086180054
ENSG00000283907.1,1.647303640680595
ENSG00000152527.14,1.6467025324934883
ENSG00000111339.12,1.646419451765791
ENSG00000143355.16,1.6461246111663062
ENSG00000225217.1,1.6459199514121572
ENSG00000111537.5,1.6455125677939817
ENSG00000100918.13,1.6447680345947144
ENSG00000112742.10,1.644754587177989
ENSG00000041515.16,1.64441901862305
ENSG00000197599.12,1.64435171540968
ENSG00000242715.8,1.644235412761086
ENSG00000170629.14,1.6441963417675651
ENSG00000156222.12,1.6440420163034755
ENSG00000144893.12,1.6439453189008049
ENSG00000175463.12,1.6439153596241558
ENSG00000104341.17,1.6437663412699302
ENSG00000154102.11,1.6435862130351242
ENSG00000172995.16,1.6434830856014169
ENSG00000287313.1,1.6432779920185583
ENSG00000128849.11,1.6425834490221538
ENSG00000270885.2,1.6422868501548507
ENSG00000157193.18,1.641821323326274
ENSG00000138435.16,1.6417686742302706
ENSG00000254337.2,1.6413692859823703
ENSG00000224715.1,1.640429621075927
ENSG00000244921.2,1.640221747975431
ENSG00000176293.20,1.6400508981878377
ENSG00000112984.12,1.6396478360028663
ENSG00000064692.20,1.6391250169140927
ENSG00000170485.17,1.6387333777162179
ENSG00000249364.6,1.6387237056849029
ENSG00000140470.15,1.6383073399919392
ENSG00000183935.5,1.6380481099381856
ENSG00000101825.8,1.6373965897229519
ENSG00000165899.11,1.6371347856901683
ENSG00000151388.11,1.636819075795755
ENSG00000172156.4,1.636762410387559
ENSG00000183580.10,1.636600715071425
ENSG00000246223.9,1.6365909730278783
ENSG00000130208.9,1.636465498442165
ENSG00000135451.13,1.6364054784064952
ENSG00000173200.13,1.635652589838239
ENSG00000173110.8,1.6355795308198642
ENSG00000188996.4,1.6351547068082384
ENSG00000228168.1,1.6350435851167717
ENSG00000082497.12,1.6346800378421253
ENSG00000137331.12,1.634664140178955
ENSG00000205847.6,1.6346253668562885
ENSG00000183347.15,1.6344988477831675
ENSG00000204632.11,1.6341913902199343
ENSG00000087303.18,1.6339945676242096
ENSG00000131435.13,1.6338144689160694
ENSG00000253348.1,1.6337905806181912
ENSG00000250488.2,1.6335331053273074
ENSG00000106565.18,1.633224079690972
ENSG00000087116.16,1.6327427967354349
ENSG00000174473.16,1.6325097892711702
ENSG00000111012.10,1.6324134920169902
ENSG00000104760.17,1.6322647716708742
ENSG00000167711.14,1.6322601059372694
ENSG00000144115.17,1.6320805853937985
ENSG00000274276.4,1.6319260665009363
ENSG00000159208.16,1.6317764148865679
ENSG00000260742.1,1.6316934451470384
ENSG00000078549.15,1.6311647488151082
ENSG00000173068.18,1.630358650142665
ENSG00000166402.9,1.6297466453096365
ENSG00000131471.7,1.629515316725557
ENSG00000110042.8,1.6288809269576707
ENSG00000129195.16,1.6287558889138467
ENSG00000160345.13,1.6284916717113735
ENSG00000163888.4,1.6277730669330177
ENSG00000253671.3,1.62734183076533
ENSG00000175602.4,1.625975779585646
ENSG00000135424.18,1.6259615015689615
ENSG00000166851.15,1.6257210203918648
ENSG00000137270.11,1.6241943491938684
ENSG00000204965.9,1.6240716514337505
ENSG00000278266.1,1.6239524412224253
ENSG00000112297.18,1.623650234564917
ENSG00000205078.6,1.6235546478595835
ENSG00000185915.5,1.6230547267763142
ENSG00000060656.20,1.6230335409195649
ENSG00000165821.12,1.6227748254153265
ENSG00000131016.17,1.6226421597891802
ENSG00000180938.6,1.6222439275193987
ENSG00000267374.2,1.6222266103234957
ENSG00000234111.6,1.622199276727459
ENSG00000198796.7,1.621742123417437
ENSG00000278041.1,1.6216607259003628
ENSG00000125538.12,1.621262323651718
ENSG00000091651.9,1.6211118392195218
ENSG00000183715.13,1.6207280669262731
ENSG00000155966.14,1.6205812398256016
ENSG00000233705.7,1.6198646951979423
ENSG00000223802.8,1.6198525844410856
ENSG00000197057.10,1.619464970221938
ENSG00000187699.10,1.6193976235793506
ENSG00000215386.13,1.6188381001179784
ENSG00000254533.1,1.6185620141543346
ENSG00000169507.9,1.618550201603874
ENSG00000185483.12,1.6182861420479382
ENSG00000240563.2,1.618097323042499
ENSG00000104205.16,1.6178358388157656
ENSG00000203760.9,1.6175614860448135
ENSG00000189320.9,1.6174822184393434
ENSG00000060709.15,1.617212084947146
ENSG00000176595.4,1.6168946883250375
ENSG00000125845.7,1.61657358387243
ENSG00000225472.2,1.616559139897642
ENSG00000162006.9,1.6162874324848107
ENSG00000184347.15,1.6161929852927375
ENSG00000185168.5,1.615835813149572
ENSG00000232679.2,1.6155128675823953
ENSG00000165566.12,1.6148349027009128
ENSG00000184515.11,1.613933756810978
ENSG00000086205.18,1.6135745518433107
ENSG00000118997.14,1.6131866569319662
ENSG00000248698.6,1.6123936281750355
ENSG00000117226.12,1.6121204999765937
ENSG00000110492.15,1.612113130326
ENSG00000250722.6,1.611493379195598
ENSG00000093009.11,1.6108154605177327
ENSG00000147813.16,1.6107643978768527
ENSG00000177519.4,1.6106300462546654
ENSG00000085563.15,1.6104147155743807
ENSG00000146857.4,1.6097871423214904
ENSG00000138180.16,1.6096550611533718
ENSG00000166833.22,1.6096164756777294
ENSG00000165891.16,1.6090135828415029
ENSG00000186867.11,1.6089105059129927
ENSG00000154227.13,1.6080770705082001
ENSG00000127903.14,1.6078377301542328
ENSG00000104723.21,1.6077787281274123
ENSG00000168209.5,1.6077194267490178
ENSG00000113083.15,1.6076759311822522
ENSG00000154553.16,1.60749557053636
ENSG00000226145.7,1.60676347180708
ENSG00000118402.6,1.6059169938189746
ENSG00000235098.8,1.6056017393193855
ENSG00000188906.16,1.605170133727891
ENSG00000170324.21,1.604559662915002
ENSG00000249550.7,1.6044307428295554
ENSG00000005073.6,1.604142035454497
ENSG00000286519.1,1.6037728172159735
ENSG00000240065.8,1.6037278181865193
ENSG00000184845.4,1.6033804803957856
ENSG00000233028.1,1.6031487866645113
ENSG00000226926.7,1.603077360077956
ENSG00000123119.12,1.6029807583686169
ENSG00000101955.15,1.6029704129239453
ENSG00000286133.2,1.6027758422788678
ENSG00000146374.14,1.6026725327837426
ENSG00000149243.16,1.6020689181533825
ENSG00000178531.6,1.6013919336832279
ENSG00000148734.8,1.6011230099039757
ENSG00000070190.13,1.6010453787520964
ENSG00000174808.12,1.6009784296148324
ENSG00000180801.14,1.6007556534725378
ENSG00000142494.13,1.6007073170352237
ENSG00000137691.13,1.6003923687823476
ENSG00000198795.11,1.6002340479695778
ENSG00000079263.19,1.5999569398323292
ENSG00000137843.12,1.599752533372403
ENSG00000156127.8,1.5995827433000653
ENSG00000287839.1,1.5993865775555953
ENSG00000005249.13,1.599166236739127
ENSG00000188176.12,1.598953834575565
ENSG00000166257.9,1.5987529689177349
ENSG00000165171.11,1.5987306022931382
ENSG00000274173.1,1.5975582818715457
ENSG00000169313.10,1.5974051921896055
ENSG00000140937.14,1.5968316003818286
ENSG00000164520.11,1.5967707180112303
ENSG00000157445.15,1.596587309312475
ENSG00000143127.13,1.5960374622076907
ENSG00000180573.9,1.59573519519096
ENSG00000154188.10,1.5956461757523221
ENSG00000200795.1,1.5954656783424574
ENSG00000274265.5,1.5953411780911695
ENSG00000183856.11,1.5946094162503996
ENSG00000275895.7,1.5943320312145552
ENSG00000036448.10,1.5937002297794496
ENSG00000185519.9,1.593601533312169
ENSG00000227066.2,1.5935103359007086
ENSG00000236397.3,1.5935017124786854
ENSG00000277268.2,1.5931968527009805
ENSG00000272568.6,1.593189142665163
ENSG00000254126.8,1.5931239212001496
ENSG00000161653.11,1.5925229273050956
ENSG00000188549.12,1.5923680276099563
ENSG00000164930.12,1.5921405082432472
ENSG00000115884.11,1.5919741470258038
ENSG00000233695.2,1.5919461599595588
ENSG00000109472.14,1.5907676825006933
ENSG00000185338.6,1.5906020460249257
ENSG00000225614.4,1.5905018470137346
ENSG00000231551.8,1.5904807941690908
ENSG00000158806.14,1.590306344208776
ENSG00000082293.13,1.5898103330710072
ENSG00000091947.10,1.588938798765817
ENSG00000286593.1,1.5888387009671852
ENSG00000120289.12,1.5872754643319458
ENSG00000211644.3,1.5870292279719598
ENSG00000140093.10,1.5866718726873144
ENSG00000175879.9,1.5866514001139604
ENSG00000262801.6,1.5861987659851304
ENSG00000260711.2,1.5860476664700793
ENSG00000148200.17,1.585949699094925
ENSG00000070601.10,1.5849869876836915
ENSG00000130413.15,1.5848651400670024
ENSG00000128573.26,1.5844562224935999
ENSG00000253293.5,1.5840879339292175
ENSG00000183160.9,1.5836471024223207
ENSG00000178821.13,1.5832398084161312
ENSG00000147443.13,1.582926007897294
ENSG00000170214.5,1.5828236939698443
ENSG00000168078.10,1.5827738860444005
ENSG00000004846.16,1.5824243307696033
ENSG00000165807.8,1.5822660405356963
ENSG00000225969.2,1.5820645641849527
ENSG00000196368.5,1.581801000371214
ENSG00000135898.10,1.5815110975661533
ENSG00000239961.3,1.5814648196998082
ENSG00000204642.14,1.581453302718875
ENSG00000091137.14,1.5814219654522987
ENSG00000128655.18,1.5812483271290123
ENSG00000250538.6,1.5807268811939124
ENSG00000127241.18,1.580540462930424
ENSG00000234665.9,1.5803420279114129
ENSG00000250579.2,1.5800980292220697
ENSG00000105997.22,1.5799815645298607
ENSG00000226363.3,1.5797759186238065
ENSG00000260428.3,1.5797665497060902
ENSG00000090889.12,1.57954115709096
ENSG00000197903.8,1.5786996718225945
ENSG00000153551.14,1.578615528324013
ENSG00000168405.17,1.578552424254313
ENSG00000127564.17,1.5783692176205097
ENSG00000064042.18,1.5777471813714967
ENSG00000162639.16,1.5777120686651438
ENSG00000147434.9,1.577488908201438
ENSG00000169184.6,1.5773271976747496
ENSG00000165507.9,1.5769754649361651
ENSG00000164076.17,1.5765246006273335
ENSG00000231133.8,1.5757542380754022
ENSG00000144063.4,1.575549914806736
ENSG00000247317.3,1.5753179250460536
ENSG00000167634.12,1.5740410790949328
ENSG00000010319.7,1.5739050147562634
ENSG00000185522.9,1.5738260117868403
ENSG00000259884.1,1.573654726707628
ENSG00000054803.4,1.5726603335396376
ENSG00000075673.12,1.5725959698468834
ENSG00000128714.6,1.5724264621510566
ENSG00000130038.10,1.572352180677358
ENSG00000228340.6,1.5719634525515294
ENSG00000143126.8,1.571437775601345
ENSG00000173838.12,1.571318735433816
ENSG00000115828.17,1.5710526511323746
ENSG00000266573.6,1.5707823010511903
ENSG00000277893.2,1.5707691409170343
ENSG00000128815.19,1.5704566674884746
ENSG00000141576.16,1.5702026251209473
ENSG00000136490.9,1.5701150457529287
ENSG00000136425.14,1.569940079871813
ENSG00000105559.12,1.5696610022531106
ENSG00000272927.1,1.5696576514387823
ENSG00000230615.7,1.569500584223546
ENSG00000138316.11,1.5692747277023402
ENSG00000112541.17,1.569112875722033
ENSG00000138135.7,1.5685293598976822
ENSG00000143153.13,1.5671833897075107
ENSG00000131171.13,1.5671402191850665
ENSG00000130234.12,1.5670700892582263
ENSG00000158023.10,1.5668852641225965
ENSG00000118156.12,1.566728264054023
ENSG00000144369.13,1.5659252899607774
ENSG00000181552.4,1.5654458065412185
ENSG00000011347.10,1.5653708064707228
ENSG00000204334.7,1.5648594454494302
ENSG00000123485.12,1.5647838450699723
ENSG00000184156.17,1.5646804454715675
ENSG00000249007.1,1.5644415338416695
ENSG00000272279.1,1.5639665953523978
ENSG00000105427.10,1.5634535167183996
ENSG00000243910.8,1.5633994347703837
ENSG00000092096.18,1.5632103292806523
ENSG00000183793.14,1.5629631774642403
ENSG00000286502.1,1.5629540878558328
ENSG00000065534.19,1.5626998552103173
ENSG00000153823.19,1.562372762013742
ENSG00000118194.20,1.5623065288487392
ENSG00000116039.13,1.5620204168668559
ENSG00000101188.5,1.5617606274705458
ENSG00000164116.17,1.5614452856816003
ENSG00000136010.14,1.5614040178001343
ENSG00000105419.18,1.5609154487228425
ENSG00000188820.13,1.5605089266555463
ENSG00000171451.14,1.560468216401967
ENSG00000187068.3,1.559774321517724
ENSG00000065621.15,1.5595988448862164
ENSG00000230699.2,1.5594101722241502
ENSG00000259129.6,1.5593211778922358
ENSG00000185477.5,1.5584698833650328
ENSG00000105366.15,1.5584063997063886
ENSG00000088827.12,1.5583937490445472
ENSG00000213424.9,1.5581881237291928
ENSG00000137474.22,1.5581701479581136
ENSG00000260877.2,1.5580112283803091
ENSG00000166473.17,1.5578920590675114
ENSG00000170615.15,1.5578716638565897
ENSG00000189369.9,1.5565688036363725
ENSG00000157399.16,1.5562682654150137
ENSG00000166111.10,1.5562369929398079
ENSG00000250133.2,1.5553757432939415
ENSG00000287151.1,1.5551789173884019
ENSG00000141977.9,1.5543039554399245
ENSG00000169116.11,1.5542369791232094
ENSG00000130032.17,1.5537432203083432
ENSG00000198088.10,1.553360739491145
ENSG00000203650.9,1.5531142021173647
ENSG00000233999.3,1.5530053057679036
ENSG00000106686.16,1.5529858685738478
ENSG00000162897.16,1.552342191211559
ENSG00000230630.5,1.5521539656147256
ENSG00000236283.5,1.5518281547456936
ENSG00000126787.13,1.5516548322263521
ENSG00000225778.5,1.5512491794466128
ENSG00000112902.12,1.5506991788641173
ENSG00000187840.5,1.5503121555569916
ENSG00000116544.12,1.5502887634738183
ENSG00000173391.9,1.5501861842145248
ENSG00000162878.13,1.5500439044766292
ENSG00000172243.18,1.5499189530585327
ENSG00000107249.23,1.5498246266036482
ENSG00000255874.2,1.5493456788311821
ENSG00000231431.7,1.5493412452375313
ENSG00000184185.10,1.549276163992703
ENSG00000242136.1,1.5492473011323025
ENSG00000109805.10,1.548776913496499
ENSG00000197471.12,1.5483152579182031
ENSG00000241359.1,1.548268408657455
ENSG00000163704.12,1.5477733471514523
ENSG00000145386.11,1.5473174810303931
ENSG00000204052.4,1.5471812373989655
ENSG00000172889.16,1.546883025173761
ENSG00000183166.11,1.5463799295767715
ENSG00000113594.10,1.5456241394652055
ENSG00000133401.16,1.5455111872533434
ENSG00000165168.8,1.5454809021834806
ENSG00000122861.16,1.5454592811007024
ENSG00000165995.22,1.5452203329733196
ENSG00000158296.14,1.5450629130611118
ENSG00000128016.7,1.5449378328146786
ENSG00000199753.1,1.544886117223991
ENSG00000198467.16,1.5446352865918451
ENSG00000105464.3,1.5446351784229941
ENSG00000167208.15,1.5445245486023638
ENSG00000253537.3,1.5443819398383054
ENSG00000164093.17,1.5442409490411613
ENSG00000149531.15,1.543739837055364
ENSG00000235961.6,1.5436481525164476
ENSG00000188403.7,1.5435743788542853
ENSG00000127951.8,1.5435161392709622
ENSG00000105639.20,1.5434753512693467
ENSG00000154529.15,1.5430727368779382
ENSG00000258545.6,1.5426865176700537
ENSG00000213047.13,1.5424146751629175
ENSG00000253304.2,1.5421631314983018
ENSG00000129009.13,1.5418304013322655
ENSG00000197479.7,1.5417882603633224
ENSG00000140451.13,1.541506988838132
ENSG00000198774.5,1.541178146086419
ENSG00000166682.13,1.5409020869548622
ENSG00000188747.8,1.54082096038582
ENSG00000078900.15,1.5406994506012406
ENSG00000167513.9,1.539629554673754
ENSG00000186854.11,1.5396237619961575
ENSG00000164078.13,1.5395153071076304
ENSG00000287430.1,1.539092158538507
ENSG00000088756.13,1.5390655709051084
ENSG00000007968.7,1.538863166520757
ENSG00000165376.11,1.5387281844972964
ENSG00000117724.13,1.5385843095043612
ENSG00000105472.13,1.5384490823711956
ENSG00000068831.19,1.5383975933747898
ENSG00000122870.12,1.5383337496242195
ENSG00000104998.4,1.5382210072248488
ENSG00000136695.15,1.5382015759813157
ENSG00000198753.12,1.5381774389537994
ENSG00000064763.11,1.5379190279516657
ENSG00000103184.12,1.5376790796614246
ENSG00000106034.18,1.5376690719522268
ENSG00000079335.20,1.537470042782155
ENSG00000049283.18,1.537398114196283
ENSG00000169302.16,1.5371632957205077
ENSG00000268496.1,1.5370508329964945
ENSG00000167702.13,1.5369851671469907
ENSG00000135519.8,1.5367724434606422
ENSG00000111331.13,1.536768284218446
ENSG00000154736.6,1.5365544678326617
ENSG00000142677.4,1.5361739811091233
ENSG00000166091.21,1.5360895654304867
ENSG00000161395.14,1.5359259019307347
ENSG00000278771.1,1.535288196267637
ENSG00000230847.4,1.5348919769471925
ENSG00000149573.9,1.533706637751269
ENSG00000184730.11,1.533686944632027
ENSG00000171533.11,1.5336678892264906
ENSG00000163431.13,1.5334640477617558
ENSG00000169064.13,1.5332413510366334
ENSG00000182704.8,1.533065041402091
ENSG00000168546.11,1.5330256350753702
ENSG00000257989.1,1.532742068298347
ENSG00000211829.9,1.532175465981191
ENSG00000103226.19,1.5320086574343545
ENSG00000165646.14,1.531621103167025
ENSG00000100290.3,1.531515023088298
ENSG00000233058.2,1.5312697922859844
ENSG00000161682.15,1.531255528002086
ENSG00000257883.1,1.5311715220235604
ENSG00000230316.7,1.5309286626543273
ENSG00000275302.2,1.530755628816455
ENSG00000247498.10,1.5307165753669039
ENSG00000128602.11,1.530712162066902
ENSG00000232445.2,1.5305609163009966
ENSG00000172322.14,1.5304858568962558
ENSG00000176601.13,1.5304359392549414
ENSG00000267270.6,1.530380024662013
ENSG00000125735.11,1.5301727262455822
ENSG00000100852.13,1.5299202200154085
ENSG00000254285.3,1.5298685113283659
ENSG00000140534.14,1.5296359096831247
ENSG00000158747.15,1.5294913220617494
ENSG00000111087.10,1.5294098847943274
ENSG00000253522.6,1.528921824940347
ENSG00000234715.2,1.5287757801585513
ENSG00000122863.6,1.528527284467119
ENSG00000231437.3,1.5285133045638202
ENSG00000124920.14,1.5283674619130059
ENSG00000165795.23,1.5282630353373523
ENSG00000178502.6,1.5281605071148463
ENSG00000185615.16,1.5279086626199982
ENSG00000198756.12,1.5278112845533414
ENSG00000213145.10,1.5276181325365332
ENSG00000111665.12,1.5275638063283388
ENSG00000236452.1,1.5274014449359132
ENSG00000172292.15,1.52724325936989
ENSG00000141401.12,1.527235561513679
ENSG00000260597.1,1.5271005274711613
ENSG00000232415.1,1.5266667316986182
ENSG00000086159.13,1.5264473441291193
ENSG00000287559.1,1.5262085535699714
ENSG00000144837.9,1.5261087275398015
ENSG00000076770.14,1.526097901258551
ENSG00000100504.17,1.525791435680573
ENSG00000230533.4,1.5255229104093384
ENSG00000100968.14,1.5255072430480399
ENSG00000115138.11,1.5253348910614934
ENSG00000164855.16,1.5251671838930982
ENSG00000189127.8,1.5249493631987372
ENSG00000204065.3,1.5238166260688473
ENSG00000131773.14,1.5237017442159007
ENSG00000286153.1,1.52350458822135
ENSG00000141665.13,1.5234074468142498
ENSG00000280217.1,1.5232791943626318
ENSG00000149256.16,1.5231275129426387
ENSG00000035720.8,1.5230263721110493
ENSG00000076555.15,1.5229442827130755
ENSG00000110811.20,1.5224475895433192
ENSG00000278965.1,1.5224399278219307
ENSG00000080986.13,1.522218404002777
ENSG00000269190.6,1.5218827093600582
ENSG00000185811.19,1.5211736650400784
ENSG00000174899.12,1.5211019087301987
ENSG00000100234.12,1.5210721967832397
ENSG00000112837.17,1.520488878264001
ENSG00000253831.3,1.5204111163637806
ENSG00000147027.4,1.5198967290604797
ENSG00000263006.6,1.5195480435125601
ENSG00000143816.8,1.5192712258236762
ENSG00000186567.13,1.5190663895506031
ENSG00000253132.1,1.519005142901689
ENSG00000136997.21,1.518927587621841
ENSG00000228065.11,1.518899888948027
ENSG00000060982.15,1.5187623889025381
ENSG00000249116.1,1.5186200281891769
ENSG00000140961.14,1.5185816471670146
ENSG00000148154.10,1.5182463679116944
ENSG00000069020.18,1.517872001758295
ENSG00000051523.11,1.5176774020386146
ENSG00000286522.2,1.517595498764149
ENSG00000153162.9,1.5174735190758624
ENSG00000174749.6,1.5172288932198128
ENSG00000117507.6,1.5171681353736972
ENSG00000240875.6,1.5169262507483154
ENSG00000100399.16,1.5163776610256146
ENSG00000211746.3,1.5162911350465558
ENSG00000214708.4,1.5161446533250689
ENSG00000205667.3,1.5159037516199971
ENSG00000261616.1,1.5154823653475054
ENSG00000232022.7,1.5152594958545946
ENSG00000054219.11,1.515042174101585
ENSG00000169297.8,1.5147469748170292
ENSG00000249715.12,1.5143532862299252
ENSG00000173198.6,1.5141419923380433
ENSG00000159200.18,1.5140224888065108
ENSG00000166289.6,1.513989915449675
ENSG00000273108.1,1.5131392124912022
ENSG00000198353.8,1.5131132602224289
ENSG00000240204.3,1.5127398118910755
ENSG00000115423.19,1.512544498319799
ENSG00000182240.16,1.5124146447536402
ENSG00000103034.14,1.5123246643073083
ENSG00000274209.4,1.512250035544033
ENSG00000255007.1,1.5117573776881583
ENSG00000267909.3,1.5111491439261535
ENSG00000121716.20,1.510786111305937
ENSG00000157456.8,1.510757141676544
ENSG00000269981.1,1.510658618794429
ENSG00000108379.10,1.5099091903615864
ENSG00000244699.1,1.5099081036921467
ENSG00000104892.17,1.5096062120805582
ENSG00000253632.1,1.5093218338993746
ENSG00000156042.18,1.5092488124701247
ENSG00000179083.6,1.509119516096433
ENSG00000146670.10,1.508947915419303
ENSG00000174567.8,1.5085506679677758
ENSG00000015413.9,1.5084822276874583
ENSG00000249332.2,1.5080273161593505
ENSG00000164949.8,1.5077564672977564
ENSG00000072657.9,1.5077475633168362
ENSG00000116574.6,1.5077077960689005
ENSG00000236060.2,1.5075067441839283
ENSG00000240184.7,1.5068341080035117
ENSG00000198075.10,1.5065323190215574
ENSG00000167608.12,1.5062620419150903
ENSG00000184194.6,1.5057162299688165
ENSG00000134775.15,1.5056731077613867
ENSG00000213214.5,1.5055372265981735
ENSG00000160223.17,1.505412259431938
ENSG00000124343.14,1.5052410450026659
ENSG00000151623.15,1.5050826159072908
ENSG00000155816.20,1.5050280793177602
ENSG00000178562.18,1.5048943743042942
ENSG00000235621.9,1.5042564712501667
ENSG00000175183.10,1.5042361238809938
ENSG00000235688.2,1.5040362588269185
ENSG00000165985.10,1.5040112030703552
ENSG00000151778.11,1.5032597876875557
ENSG00000273650.1,1.503002957679652
ENSG00000182580.3,1.5028777312101893
ENSG00000275620.1,1.5028615478989193
ENSG00000186952.15,1.5026732700869296
ENSG00000112303.14,1.5026188011380843
ENSG00000244067.3,1.5026099654318106
ENSG00000122574.11,1.5025318823083513
ENSG00000169679.15,1.5024692959608974
ENSG00000075043.19,1.5023441893288934
ENSG00000213062.5,1.5021988575309324
ENSG00000151552.12,1.5019024366694607
ENSG00000171126.8,1.5007406333860387
ENSG00000149654.11,1.5000382933663863
ENSG00000273079.6,1.4996618695049893
ENSG00000168394.11,1.4993744498233041
ENSG00000155011.9,1.4990795144563873
ENSG00000272449.2,1.4988449533059245
ENSG00000047634.15,1.4985635808421456
ENSG00000213171.3,1.4981009633271478
ENSG00000125775.15,1.4980462223120812
ENSG00000132938.21,1.4980336122903113
ENSG00000160282.14,1.4978078365942156
ENSG00000249684.6,1.497731283501242
ENSG00000273576.1,1.4974925558282433
ENSG00000125148.7,1.4971974696403179
ENSG00000100368.14,1.4971096625391165
ENSG00000227039.6,1.497056259383287
ENSG00000182272.12,1.4969558962000642
ENSG00000116254.18,1.4963526762294783
ENSG00000198146.4,1.496274085161864
ENSG00000179583.19,1.496167368008804
ENSG00000276223.1,1.4958787964759375
ENSG00000105963.15,1.4956762980388134
ENSG00000232803.1,1.4951118931206562
ENSG00000280099.1,1.4939417483715798
ENSG00000167157.11,1.4939043543138002
ENSG00000181355.21,1.4938270936516092
ENSG00000174885.13,1.4936472260292692
ENSG00000167105.8,1.4932532652059243
ENSG00000109193.12,1.4932306653105893
ENSG00000233922.3,1.4931049055750987
ENSG00000150628.7,1.4928612992774057
ENSG00000117650.13,1.4928403147653337
ENSG00000215912.12,1.4925346568453326
ENSG00000230490.3,1.4921623647594404
ENSG00000162572.21,1.491741919273664
ENSG00000105696.9,1.4916111691011535
ENSG00000164114.19,1.491307856534929
ENSG00000162493.16,1.491150297639802
ENSG00000120162.10,1.491015417721211
ENSG00000196421.8,1.4905520213747545
ENSG00000236279.7,1.490077853875337
ENSG00000182901.17,1.4897720873879061
ENSG00000251459.2,1.4897702436149873
ENSG00000224810.1,1.4894472209239606
ENSG00000163462.18,1.4886934350496452
ENSG00000144730.19,1.4886216610151346
ENSG00000139200.14,1.4885803088513296
ENSG00000125872.8,1.4884800838888503
ENSG00000137198.10,1.4883756946547084
ENSG00000226476.6,1.488107751467378
ENSG00000233533.1,1.4879646240646731
ENSG00000260027.5,1.487583016180586
ENSG00000177807.10,1.4873030088432753
ENSG00000109586.12,1.4872785434945934
ENSG00000183018.9,1.4872243679613955
ENSG00000225285.1,1.4871357269220968
ENSG00000151322.19,1.4871291303399672
ENSG00000088992.18,1.486994283361276
ENSG00000176387.7,1.4865764269612076
ENSG00000279662.1,1.486081642339896
ENSG00000205413.8,1.4858051414319486
ENSG00000126970.16,1.485756957209235
ENSG00000176381.6,1.4856224537432476
ENSG00000144366.16,1.4855000641882283
ENSG00000102879.16,1.485464983580871
ENSG00000232573.1,1.485218468292536
ENSG00000181333.12,1.4851713848195716
ENSG00000149380.12,1.4851698808729217
ENSG00000238243.3,1.4848694671275402
ENSG00000254615.3,1.4847555538208121
ENSG00000198829.6,1.4846810748324677
ENSG00000170425.3,1.4846428590038188
ENSG00000181631.7,1.4841922078408352
ENSG00000112378.12,1.484096038037306
ENSG00000169031.20,1.4838223311016407
ENSG00000072818.12,1.4832472067762057
ENSG00000104213.13,1.4831281768491895
ENSG00000164045.12,1.4830985010669704
ENSG00000172296.13,1.4830728377960842
ENSG00000288585.1,1.4828573045327906
ENSG00000124406.16,1.4826347796621566
ENSG00000162688.17,1.4823664477305194
ENSG00000106823.12,1.4820589966504005
ENSG00000227081.5,1.4817234483867223
ENSG00000162576.17,1.4815868311113796
ENSG00000241935.9,1.4814711004519394
ENSG00000222035.4,1.480999935476279
ENSG00000261235.1,1.4809545189386482
ENSG00000177409.12,1.4801414255478085
ENSG00000271569.1,1.4799193166740503
ENSG00000160469.17,1.4796010249601428
ENSG00000140526.18,1.47940118750626
ENSG00000228723.6,1.4793467246240273
ENSG00000140522.12,1.4793073607309717
ENSG00000237440.9,1.4790735701243876
ENSG00000270977.2,1.4789493254106585
ENSG00000229847.9,1.4789239135800074
ENSG00000236008.3,1.4788364228621766
ENSG00000120915.14,1.4784369227539338
ENSG00000120820.12,1.4781282563209068
ENSG00000185015.8,1.4777742836447798
ENSG00000077942.19,1.4777491176941944
ENSG00000203780.12,1.4776816006551214
ENSG00000145362.20,1.4774685755105743
ENSG00000179709.8,1.4774362881997587
ENSG00000250423.2,1.4771783701666936
ENSG00000173597.9,1.4771236149338485
ENSG00000082074.19,1.4770641426459656
ENSG00000279289.1,1.4769950767574995
ENSG00000228253.1,1.476985683464031
ENSG00000228307.2,1.4768329649140104
ENSG00000074219.14,1.4757786591223119
ENSG00000063127.16,1.4755583089942197
ENSG00000211978.2,1.4755570284104644
ENSG00000240859.3,1.475095555281333
ENSG00000142156.15,1.4750605262381682
ENSG00000100351.17,1.4750192948591083
ENSG00000248515.2,1.4745971806351847
ENSG00000164932.13,1.4741672687173015
ENSG00000109062.12,1.4739457273494943
ENSG00000176029.14,1.4737422675187175
ENSG00000267767.3,1.473152752046483
ENSG00000101493.11,1.473135835806663
ENSG00000159674.12,1.4728765475158658
ENSG00000141441.16,1.4728228138989605
ENSG00000172264.17,1.472764652226366
ENSG00000009790.15,1.472466324667241
ENSG00000006118.15,1.4723959315867783
ENSG00000168811.7,1.4719333815548807
ENSG00000164283.13,1.4719325511975891
ENSG00000138821.13,1.4718161015513833
ENSG00000111371.16,1.4717120346891932
ENSG00000146352.13,1.4713989101842502
ENSG00000157111.13,1.4708898780309492
ENSG00000172817.4,1.4706975736518222
ENSG00000260459.2,1.4704711062427953
ENSG00000099256.19,1.470383162653149
ENSG00000129465.16,1.470312951176906
ENSG00000253485.2,1.4702881072489746
ENSG00000182648.13,1.4702872433122005
ENSG00000212232.1,1.469514516051712
ENSG00000272468.1,1.4692888691305475
ENSG00000123095.6,1.469157935866962
ENSG00000164611.13,1.4687337345350084
ENSG00000255794.9,1.4681758413606485
ENSG00000254842.6,1.467950632811208
ENSG00000225886.3,1.4674583391393354
ENSG00000274767.1,1.4671053644318661
ENSG00000168679.18,1.466561776965654
ENSG00000168077.14,1.4658828340454138
ENSG00000260604.2,1.4658246974138465
ENSG00000102935.12,1.4653484354417843
ENSG00000234896.1,1.464921790901677
ENSG00000189157.14,1.4646142330653094
ENSG00000142173.16,1.4644270114547688
ENSG00000100583.4,1.4643942813564201
ENSG00000168461.13,1.4642431153486783
ENSG00000081818.4,1.4642160088652643
ENSG00000188818.12,1.4637314698419528
ENSG00000211667.3,1.4636512577422711
ENSG00000230202.1,1.4636499203381288
ENSG00000135916.16,1.463626697166008
ENSG00000142552.8,1.4631834633278058
ENSG00000119915.5,1.4631564404024793
ENSG00000080573.7,1.4630420268731323
ENSG00000165379.13,1.462775480117934
ENSG00000253549.6,1.4627286748413642
ENSG00000204655.12,1.4623846330902757
ENSG00000215105.4,1.4623838155045084
ENSG00000168878.19,1.4622953885055143
ENSG00000278030.1,1.461838162664913
ENSG00000109944.11,1.4616748280920842
ENSG00000227615.1,1.4615805895294498
ENSG00000204252.14,1.4615491191928112
ENSG00000177822.8,1.461491052954749
ENSG00000152217.20,1.4610712743984757
ENSG00000162892.16,1.4608626543713814
ENSG00000177301.16,1.4608023922389106
ENSG00000138434.17,1.4607929834554465
ENSG00000269918.1,1.4607813051980152
ENSG00000113212.7,1.459933388984207
ENSG00000084674.15,1.4588257904668114
ENSG00000161281.11,1.4585722081684074
ENSG00000124657.1,1.4584654416750886
ENSG00000283906.1,1.458148060699714
ENSG00000140057.9,1.4580456371074624
ENSG00000118495.20,1.457480362442539
ENSG00000090339.9,1.4573784741412825
ENSG00000154127.10,1.4573066589866057
ENSG00000205683.11,1.456934078283925
ENSG00000126895.15,1.4568473567808822
ENSG00000248527.1,1.4567616949821993
ENSG00000110665.12,1.456734280403214
ENSG00000106571.15,1.455977254242283
ENSG00000179299.17,1.4559274023869964
ENSG00000254153.1,1.4554132118594276
ENSG00000211454.15,1.4551964522830416
ENSG00000134602.16,1.4550747718846841
ENSG00000283098.2,1.4546546184437665
ENSG00000140968.11,1.4541623421284422
ENSG00000111962.8,1.453999655278574
ENSG00000120471.15,1.453643744341187
ENSG00000124839.13,1.4536138711625055
ENSG00000243566.7,1.4535719927424788
ENSG00000180660.8,1.4533922211599806
ENSG00000213023.11,1.4531319733848842
ENSG00000085117.12,1.4529712804939958
ENSG00000077782.21,1.4523939681282056
ENSG00000087586.18,1.4523861480678253
ENSG00000188089.13,1.4522833527324426
ENSG00000204682.8,1.4521534229790256
ENSG00000147570.10,1.4519434410412746
ENSG00000260618.1,1.451789328173761
ENSG00000161328.11,1.451621184586305
ENSG00000234380.2,1.451400354943995
ENSG00000101412.13,1.4512446273694422
ENSG00000253686.2,1.4510995160117208
ENSG00000232177.1,1.450791498668535
ENSG00000135903.20,1.4507493252028203
ENSG00000110076.19,1.4506343016145453
ENSG00000119514.7,1.4506182750127823
ENSG00000198208.12,1.4500662771585828
ENSG00000109943.9,1.449846728996779
ENSG00000091622.16,1.4497256866842396
ENSG00000135625.8,1.4494944394640106
ENSG00000116106.12,1.4493614824799663
ENSG00000237649.8,1.4492641851585304
ENSG00000103196.12,1.4491549124864658
ENSG00000102383.14,1.4480284605681104
ENSG00000046889.19,1.4478769965223448
ENSG00000276600.5,1.4477925113988555
ENSG00000177990.12,1.4466284278751163
ENSG00000137628.17,1.4465673640780496
ENSG00000110881.12,1.4463048317549025
ENSG00000075218.19,1.4461478931162497
ENSG00000169607.13,1.4460125388811473
ENSG00000234979.1,1.4459692511380067
ENSG00000160326.14,1.4457901249667602
ENSG00000187987.9,1.445427742571026
ENSG00000229921.7,1.4453290676850563
ENSG00000261762.1,1.445290950905387
ENSG00000245532.9,1.4450440786835386
ENSG00000170190.16,1.4439021153602511
ENSG00000233760.2,1.443801070677073
ENSG00000105479.16,1.4435417567016713
ENSG00000197408.10,1.442908502395767
ENSG00000097096.9,1.4427166100090951
ENSG00000260135.7,1.4426010698072378
ENSG00000187391.22,1.4424924296191841
ENSG00000234233.1,1.4424543476468548
ENSG00000255622.3,1.4424431702132545
ENSG00000197928.10,1.4422286519278724
ENSG00000213199.8,1.4417894168928063
ENSG00000272079.2,1.4416710240352097
ENSG00000179715.13,1.4413925435362858
ENSG00000105792.19,1.441392359649631
ENSG00000280073.1,1.4413259732280759
ENSG00000182568.17,1.4411256564724615
ENSG00000187097.13,1.4411051248153277
ENSG00000124243.17,1.4408362311489864
ENSG00000173621.9,1.440758346960726
ENSG00000183150.8,1.4407578787421302
ENSG00000112290.13,1.4406781351329214
ENSG00000167617.3,1.4406410460858021
ENSG00000130226.17,1.440481808698588
ENSG00000179242.16,1.4401570676267745
ENSG00000274641.2,1.4401491172555072
ENSG00000183943.6,1.4395415438018533
ENSG00000162676.12,1.4394956434961677
ENSG00000117020.18,1.4392992879724802
ENSG00000185920.16,1.4389324406165334
ENSG00000196517.13,1.4388555047754377
ENSG00000101204.18,1.4387857223210407
ENSG00000076662.10,1.438695172346929
ENSG00000071794.16,1.4382159623710493
ENSG00000161270.20,1.4381327554776768
ENSG00000272141.1,1.4380976013160767
ENSG00000080007.8,1.4380837419748633
ENSG00000187372.11,1.4379182027760735
ENSG00000286383.1,1.4376894742356219
ENSG00000102038.16,1.4376674385388104
ENSG00000170955.10,1.4376486077948296
ENSG00000164265.9,1.4376259300432557
ENSG00000250644.3,1.4373613868393578
ENSG00000268204.1,1.4370645454029551
ENSG00000185304.15,1.4367931792318531
ENSG00000134962.7,1.436409130355425
ENSG00000141337.12,1.4362881837168677
ENSG00000122787.15,1.435295740492239
ENSG00000166123.14,1.4349274164634158
ENSG00000165617.15,1.4345344411376308
ENSG00000239405.1,1.4343940602102938
ENSG00000205181.7,1.4339611914386003
ENSG00000211753.4,1.4337929684101909
ENSG00000142606.16,1.4335179979828623
ENSG00000111110.12,1.4335140065339778
ENSG00000092295.12,1.4333973575715497
ENSG00000187479.8,1.4333317029588089
ENSG00000149571.12,1.4332376674419123
ENSG00000141526.17,1.432580228320882
ENSG00000260260.1,1.432511746036007
ENSG00000211734.3,1.4324364161280685
ENSG00000188816.3,1.4321173142777976
ENSG00000136250.12,1.4315982784055974
ENSG00000086619.14,1.4310982750407388
ENSG00000206337.12,1.4309821950376707
ENSG00000253691.2,1.4304110508823964
ENSG00000181418.8,1.4304072038833398
ENSG00000197935.7,1.43017970564873
ENSG00000183287.14,1.4301235068288733
ENSG00000084636.18,1.4300748398724832
ENSG00000116132.12,1.4300016111684677
ENSG00000229344.1,1.4299919377920043
ENSG00000101115.13,1.429959826974067
ENSG00000104447.13,1.4299486046231822
ENSG00000123104.12,1.4298667450896752
ENSG00000232124.3,1.429823130848647
ENSG00000140807.7,1.4297822883470817
ENSG00000280079.1,1.4296977938710733
ENSG00000165799.5,1.4296167291138393
ENSG00000163923.10,1.4295157397889457
ENSG00000114771.14,1.4293472907259588
ENSG00000168081.9,1.42902938764453
ENSG00000177694.16,1.428855061050615
ENSG00000138311.18,1.4281795346076136
ENSG00000247095.3,1.4272103887043752
ENSG00000261172.1,1.4270284929547532
ENSG00000232352.1,1.4269448062814991
ENSG00000181690.8,1.426920932366411
ENSG00000108950.12,1.426735082452729
ENSG00000214319.2,1.4266287561994146
ENSG00000181856.15,1.4264442740474659
ENSG00000105409.19,1.4264270190707953
ENSG00000169439.12,1.4263833268097177
ENSG00000246465.1,1.4258408485634089
ENSG00000129810.15,1.4256874857792419
ENSG00000203414.2,1.425422192767733
ENSG00000138778.13,1.4253770714053122
ENSG00000214725.9,1.4248249240557034
ENSG00000256234.1,1.4247872249374751
ENSG00000233052.1,1.424539368962128
ENSG00000134569.10,1.4245304213315595
ENSG00000197993.9,1.4243451072923978
ENSG00000139626.16,1.4240856572688305
ENSG00000112218.9,1.4239990361353858
ENSG00000176170.14,1.4234926224472817
ENSG00000151718.16,1.4234816986054661
ENSG00000005844.19,1.423016815969627
ENSG00000101276.18,1.422798949955589
ENSG00000102878.17,1.4225813633794204
ENSG00000149948.14,1.4224737021506257
ENSG00000171388.12,1.4224728871019912
ENSG00000253477.5,1.4222757963843773
ENSG00000231389.7,1.4220602828220343
ENSG00000204764.14,1.4220577350280432
ENSG00000167779.9,1.4219479774775865
ENSG00000245648.2,1.4217522063274233
ENSG00000081803.16,1.421743940850024
ENSG00000250620.2,1.4216584501167255
ENSG00000151651.16,1.4214970003696061
ENSG00000187796.15,1.4211667168797928
ENSG00000167914.12,1.4207646544341395
ENSG00000155659.15,1.4204805583001292
ENSG00000234929.2,1.42033362681205
ENSG00000164483.17,1.4202644256789392
ENSG00000163817.16,1.4202176656088095
ENSG00000238072.1,1.4196911454692618
ENSG00000166250.12,1.4189301023353875
ENSG00000164675.11,1.4186348035627572
ENSG00000115956.10,1.4179404169903298
ENSG00000160801.14,1.417821157152125
ENSG00000197191.6,1.417621473583713
ENSG00000269858.6,1.4175260371437557
ENSG00000225537.1,1.4167202307007247
ENSG00000081059.20,1.4166952360917808
ENSG00000184672.12,1.4166272036848446
ENSG00000102010.15,1.4166093530638222
ENSG00000174844.14,1.4161501694782737
ENSG00000154917.11,1.4158800284684643
ENSG00000254024.1,1.4158580264078624
ENSG00000158560.14,1.415558140864252
ENSG00000228559.2,1.415547317048505
ENSG00000270607.1,1.4151966955307012
ENSG00000177551.5,1.4151417197188005
ENSG00000288658.1,1.4150675360679201
ENSG00000112182.15,1.415035321154811
ENSG00000214782.7,1.4144946261072346
ENSG00000235847.2,1.4143203157181448
ENSG00000136449.15,1.4142473442459975
ENSG00000266903.2,1.4141552311399543
ENSG00000166446.15,1.4139525001530797
ENSG00000126950.8,1.4137208842759688
ENSG00000239830.1,1.413688840584159
ENSG00000185633.10,1.4134498624479648
ENSG00000178363.5,1.4129461199069298
ENSG00000153956.16,1.412563112526268
ENSG00000115963.13,1.4123910967818085
ENSG00000267287.1,1.4121449455672137
ENSG00000010438.17,1.4121336540829712
ENSG00000207425.1,1.4120467814799087
ENSG00000255733.6,1.4109561689018473
ENSG00000147852.16,1.4104077852422858
ENSG00000222037.5,1.4100086260656282
ENSG00000132970.14,1.4098079046660486
ENSG00000257634.1,1.4095459593274502
ENSG00000172554.12,1.4095212395483216
ENSG00000147536.12,1.4090152818174937
ENSG00000116678.20,1.4087559923074822
ENSG00000107562.16,1.4085937927406251
ENSG00000075618.18,1.4080648254922699
ENSG00000248383.5,1.4079151589725267
ENSG00000136918.8,1.4078134712688029
ENSG00000254872.3,1.4076706207802692
ENSG00000141655.17,1.407628989877135
ENSG00000154162.15,1.407134742884875
ENSG00000204516.10,1.4063506350860988
ENSG00000133106.15,1.4062309040402832
ENSG00000273274.2,1.4057335485239735
ENSG00000276975.3,1.4055133456856295
ENSG00000233493.4,1.4054225866602676
ENSG00000141384.13,1.4053888084090675
ENSG00000253239.1,1.4052322887033921
ENSG00000179082.3,1.4050181958048227
ENSG00000131188.12,1.4048387777447102
ENSG00000029993.15,1.404626302214675
ENSG00000164023.14,1.4045658065646478
ENSG00000183378.12,1.4039159849277842
ENSG00000171016.13,1.4038141053554123
ENSG00000183092.16,1.4037262133118307
ENSG00000168071.22,1.4036510134522597
ENSG00000276180.1,1.4035984625846178
ENSG00000164440.15,1.4034977221654814
ENSG00000117016.10,1.4032571560753702
ENSG00000271178.1,1.4028924654424555
ENSG00000124613.8,1.402863508228325
ENSG00000196440.11,1.4025921257672955
ENSG00000115594.12,1.4025426099345586
ENSG00000233968.7,1.4024057101289649
ENSG00000172935.9,1.401976196773244
ENSG00000262117.5,1.4019311283960045
ENSG00000061455.11,1.400872605689341
ENSG00000164935.6,1.4006775551274346
ENSG00000066294.15,1.4005707449098834
ENSG00000205076.4,1.4003047759741372
ENSG00000223486.1,1.4001981849025267
ENSG00000165929.13,1.4001322385912671
ENSG00000036672.16,1.4000767953846132
ENSG00000213538.5,1.3992387546657805
ENSG00000119042.17,1.3991614903602934
ENSG00000176654.12,1.3991536887120437
ENSG00000258072.1,1.3986469705759632
ENSG00000138795.10,1.3982892295555218
ENSG00000242779.7,1.3982736168934573
ENSG00000137868.19,1.3977265528820622
ENSG00000269887.1,1.397242682993689
ENSG00000196604.13,1.3970990058918487
ENSG00000227674.3,1.3970753090464234
ENSG00000169604.20,1.3968804630661427
ENSG00000170935.8,1.3967261217114466
ENSG00000167207.14,1.3966839155256727
ENSG00000252010.1,1.3965116057973397
ENSG00000261664.5,1.3962410721415301
ENSG00000101104.13,1.3962136086104961
ENSG00000282390.1,1.3960947570275117
ENSG00000236069.2,1.395181578909008
ENSG00000111816.8,1.3951303988974595
ENSG00000166669.13,1.394967321455604
ENSG00000152782.16,1.3944051667920692
ENSG00000139734.19,1.3940642601693713
ENSG00000114812.13,1.3936622899946043
ENSG00000169085.13,1.393659519328485
ENSG00000162599.17,1.3931525856027491
ENSG00000204396.11,1.3931106629248295
ENSG00000006327.14,1.3930623117612222
ENSG00000204241.8,1.3929941949317934
ENSG00000255690.3,1.3926949074534845
ENSG00000149591.17,1.3921188301299687
ENSG00000265962.1,1.3915347656423909
ENSG00000236439.4,1.3915217122595447
ENSG00000130653.16,1.3914218681238544
ENSG00000003436.16,1.3913674410263481
ENSG00000071539.14,1.3907640703325148
ENSG00000136826.15,1.3897926109771674
ENSG00000169071.15,1.3895323686497363
ENSG00000165046.13,1.3895302274951915
ENSG00000228549.4,1.3895163114189468
ENSG00000211904.2,1.3894905354972222
ENSG00000111275.13,1.3894490473107415
ENSG00000085840.13,1.3891951814009533
ENSG00000188662.6,1.388916202110019
ENSG00000134198.10,1.3888312639506395
ENSG00000013619.14,1.3884705606696304
ENSG00000230552.6,1.3880642295846808
ENSG00000197181.12,1.3879560143515195
ENSG00000008441.18,1.3879225572693088
ENSG00000145861.9,1.3879127935122038
ENSG00000148704.13,1.387874713937003
ENSG00000014257.16,1.3877585565205763
ENSG00000140092.14,1.3877149568145233
ENSG00000117971.12,1.387706633132158
ENSG00000101292.8,1.387470446420357
ENSG00000237061.1,1.387126952796336
ENSG00000204475.10,1.3869253836926938
ENSG00000113578.18,1.3868793022367216
ENSG00000154856.13,1.3866997272039905
ENSG00000188659.9,1.3863752664452234
ENSG00000204540.11,1.3862890301217572
ENSG00000163618.18,1.386070007640999
ENSG00000090530.10,1.3859165532327098
ENSG00000203797.12,1.3856911756640762
ENSG00000166033.13,1.3856018976218887
ENSG00000169252.6,1.385562259840779
ENSG00000204969.7,1.385524304592429
ENSG00000101049.17,1.3853325463216717
ENSG00000214290.8,1.3852967806104217
ENSG00000111885.7,1.3852266187262627
ENSG00000234753.5,1.385074780845781
ENSG00000213462.5,1.385074077441652
ENSG00000178026.13,1.38481692203943
ENSG00000167077.13,1.3845858200040004
ENSG00000228696.10,1.3843401262334085
ENSG00000173157.17,1.384328705095637
ENSG00000181031.16,1.383579463685776
ENSG00000151090.20,1.383557587201738
ENSG00000186806.5,1.3834511842956438
ENSG00000196562.14,1.3834360180084102
ENSG00000286288.1,1.3831964716437222
ENSG00000156970.13,1.382997419858251
ENSG00000146839.19,1.3829884917926134
ENSG00000234156.3,1.382805902328428
ENSG00000267432.6,1.382695269108783
ENSG00000035499.13,1.3826627443168777
ENSG00000287271.1,1.382245272746941
ENSG00000110375.3,1.3821660459666123
ENSG00000084110.11,1.3819177695637024
ENSG00000182782.8,1.3818461637240966
ENSG00000286504.1,1.3815622023136516
ENSG00000050344.9,1.3815111142361405
ENSG00000121281.13,1.3814277647668136
ENSG00000112214.10,1.3812159148261673
ENSG00000163814.8,1.3808028793308726
ENSG00000171631.15,1.3807055024428634
ENSG00000174015.10,1.3806068283990345
ENSG00000089847.12,1.3805541388208413
ENSG00000253217.1,1.380360813639051
ENSG00000049768.16,1.3803071637565643
ENSG00000114405.11,1.3800645046884557
ENSG00000162365.12,1.3800079147452613
ENSG00000270933.1,1.3799992145254
ENSG00000173253.15,1.3799738761086513
ENSG00000166741.8,1.3799413610590605
ENSG00000164438.6,1.3799059321873701
ENSG00000120903.13,1.3797936377192666
ENSG00000173372.17,1.3797828732678745
ENSG00000168490.14,1.3796595225394497
ENSG00000251429.1,1.3795204740389109
ENSG00000285624.2,1.379416429640292
ENSG00000116882.15,1.3792305446651412
ENSG00000248905.10,1.3790777059599546
ENSG00000251191.8,1.3788849604377877
ENSG00000170819.5,1.378806736413251
ENSG00000115155.19,1.3786660418272962
ENSG00000092853.14,1.378662159394624
ENSG00000007237.19,1.3786248599488018
ENSG00000135476.12,1.3785341210409152
ENSG00000132518.7,1.3784593204788163
ENSG00000197182.14,1.3781674610185821
ENSG00000146072.6,1.3781656765164207
ENSG00000166086.13,1.3772731827065876
ENSG00000151079.7,1.3771052325934434
ENSG00000259772.6,1.3771044355288848
ENSG00000128165.9,1.3769161715930909
ENSG00000153789.13,1.3769057590036953
ENSG00000167693.17,1.3768106682136494
ENSG00000136492.9,1.3768036692553358
ENSG00000167895.15,1.3767638254330208
ENSG00000285407.1,1.3766610249551374
ENSG00000215548.2,1.3765550849079657
ENSG00000263155.6,1.3764268927523688
ENSG00000138622.4,1.3763170312267916
ENSG00000185046.18,1.3762662109791302
ENSG00000154640.15,1.376013564566645
ENSG00000244649.5,1.3759354220528965
ENSG00000238121.6,1.3759318608933375
ENSG00000139874.6,1.3758305500950139
ENSG00000171889.5,1.374993267807495
ENSG00000113231.14,1.3748672658826238
ENSG00000244486.9,1.37461861069079
ENSG00000074416.14,1.3742808708272904
ENSG00000152952.12,1.3740061410634308
ENSG00000236272.1,1.3735486315566865
ENSG00000238164.6,1.3732403701767197
ENSG00000254056.1,1.372869674661609
ENSG00000135913.11,1.3728648588240397
ENSG00000228536.3,1.3728642431065625
ENSG00000109814.12,1.3724801453011946
ENSG00000206341.7,1.3724574809976586
ENSG00000104219.13,1.3720480356836102
ENSG00000096996.16,1.3718284528138822
ENSG00000265018.6,1.3715651699679632
ENSG00000230148.8,1.370999752476914
ENSG00000111057.11,1.370876971698556
ENSG00000152495.11,1.3706579653369615
ENSG00000178814.17,1.3705203964394221
ENSG00000227755.1,1.3704639384783952
ENSG00000125409.13,1.3704037832463094
ENSG00000165480.16,1.370287935403489
ENSG00000183929.7,1.3702729586234166
ENSG00000254626.1,1.3698811912333848
ENSG00000186212.4,1.3694306633986715
ENSG00000124507.11,1.36929106717761
ENSG00000109674.4,1.3690736405742245
ENSG00000261327.5,1.3690053016466133
ENSG00000152413.15,1.3687355143542832
ENSG00000288605.1,1.3686294426330867
ENSG00000135929.9,1.3681080040678402
ENSG00000142798.20,1.3678743765926076
ENSG00000171724.3,1.367764005256805
ENSG00000164418.21,1.3676953161062066
ENSG00000101842.14,1.3675932511015578
ENSG00000139289.13,1.3675671430094594
ENSG00000266714.9,1.367472525466396
ENSG00000253660.1,1.367422869066863
ENSG00000060138.13,1.3671346593372284
ENSG00000175040.6,1.3667283121050817
ENSG00000179008.9,1.3667267535417014
ENSG00000165325.14,1.366700227844264
ENSG00000120756.13,1.3664688137378107
ENSG00000253417.5,1.3662175234184508
ENSG00000110900.16,1.36617319296463
ENSG00000173369.17,1.365944037956733
ENSG00000186940.6,1.3658199477099866
ENSG00000277287.1,1.3658072375075456
ENSG00000182348.7,1.3657248405376679
ENSG00000229119.3,1.365335023052244
ENSG00000233221.7,1.365316470073242
ENSG00000117114.20,1.3651629826219793
ENSG00000253641.6,1.365127255683353
ENSG00000242082.2,1.3649461339336262
ENSG00000137392.10,1.3649174646965627
ENSG00000173530.6,1.3648403554662396
ENSG00000205696.4,1.3647252969883648
ENSG00000087842.11,1.36460499276384
ENSG00000275342.5,1.3645531127962673
ENSG00000151726.15,1.3645022670608185
ENSG00000166105.16,1.3641225809415944
ENSG00000169946.14,1.3640668909629141
ENSG00000095637.22,1.364024056897124
ENSG00000197629.6,1.3639487640358252
ENSG00000008323.15,1.3635097612687508
ENSG00000105967.16,1.3629510620739524
ENSG00000122592.8,1.3629413565410549
ENSG00000162591.16,1.3629310854765857
ENSG00000120658.13,1.3627110434875973
ENSG00000112299.8,1.362235694368796
ENSG00000113448.19,1.3621997754457893
ENSG00000141448.11,1.3619891489650913
ENSG00000178718.7,1.3619476184357937
ENSG00000131711.15,1.3618769525361134
ENSG00000164743.5,1.3616804758425565
ENSG00000251320.1,1.3615495249688454
ENSG00000180739.14,1.361306418008589
ENSG00000136274.9,1.3609263595397105
ENSG00000285744.1,1.3607014751929387
ENSG00000139146.14,1.3606717579560186
ENSG00000114656.12,1.3605425340803354
ENSG00000118596.12,1.3604896845861467
ENSG00000131037.15,1.360480592840831
ENSG00000237523.2,1.3600359537797206
ENSG00000272666.1,1.3599207471202985
ENSG00000203999.9,1.3597254514980757
ENSG00000162624.14,1.3595780719413362
ENSG00000132170.23,1.359521919486669
ENSG00000163762.7,1.3594171913168387
ENSG00000140263.15,1.3591199290945661
ENSG00000158113.13,1.3588016467481112
ENSG00000265246.1,1.35817057374013
ENSG00000227141.2,1.3580362543343174
ENSG00000170921.15,1.357584694773196
ENSG00000133519.12,1.3570416668025247
ENSG00000145147.20,1.3569256599701762
ENSG00000245954.8,1.3569110622532217
ENSG00000012660.14,1.3566126593660737
ENSG00000253368.4,1.3564621090597782
ENSG00000141933.9,1.3563170203321382
ENSG00000257060.7,1.3560553612674675
ENSG00000103175.11,1.3560306428993725
ENSG00000186301.8,1.3558964788236798
ENSG00000155906.19,1.3558430732707674
ENSG00000197582.5,1.3557461272755047
ENSG00000051341.14,1.3556127801339135
ENSG00000095209.12,1.3549573425187946
ENSG00000173166.18,1.3547106364862394
ENSG00000255366.1,1.3542608877696822
ENSG00000249379.2,1.3538790886623626
ENSG00000250067.12,1.353555615238039
ENSG00000254670.1,1.3535182200950353
ENSG00000033867.16,1.3532542983416724
ENSG00000214193.11,1.352880379295476
ENSG00000259424.1,1.352819645814132
ENSG00000175305.17,1.352780945849381
ENSG00000146054.18,1.352601834248293
ENSG00000253395.1,1.3525515956359302
ENSG00000272281.6,1.352438784615317
ENSG00000185668.8,1.3521252352119506
ENSG00000154229.12,1.3520406585656968
ENSG00000134690.11,1.3519736323202272
ENSG00000124785.9,1.351910077195572
ENSG00000140527.15,1.3517921342405541
ENSG00000124602.10,1.3513993745024069
ENSG00000161888.11,1.3511646230855743
ENSG00000269028.3,1.3511470610385259
ENSG00000172782.12,1.350889663061124
ENSG00000286797.1,1.350275097835014
ENSG00000226067.7,1.3500714137434073
ENSG00000120057.5,1.3500543358524153
ENSG00000105289.15,1.349872477759176
ENSG00000132386.11,1.3495138868682952
ENSG00000122122.10,1.3493745461008808
ENSG00000107796.13,1.3489997942485334
ENSG00000112655.16,1.3487854578895948
ENSG00000271447.6,1.3486842548531373
ENSG00000232869.2,1.34842146359166
ENSG00000164362.21,1.3482465122032776
ENSG00000091409.15,1.348220563568376
ENSG00000166278.15,1.348095088364844
ENSG00000160957.14,1.3480909451460508
ENSG00000228956.8,1.347908141932231
ENSG00000164691.18,1.3476321973014973
ENSG00000270127.2,1.3475896888148982
ENSG00000102575.13,1.3474997894221685
ENSG00000287051.1,1.3474221185958368
ENSG00000180481.11,1.3471617391577104
ENSG00000203721.7,1.3470825460648015
ENSG00000137090.12,1.3470813185292791
ENSG00000140398.14,1.3469793505200225
ENSG00000066735.14,1.3467357570341956
ENSG00000099337.5,1.3467148693284798
ENSG00000100665.12,1.3466805497539973
ENSG00000203740.4,1.3466699404843938
ENSG00000075213.11,1.346447262275326
ENSG00000270472.2,1.3458935757157116
ENSG00000278962.1,1.3458863434002128
ENSG00000112186.12,1.3455307078484844
ENSG00000188306.6,1.3451190010692573
ENSG00000132749.11,1.3450050799919602
ENSG00000171877.21,1.3448449520573609
ENSG00000104814.13,1.3445199245678423
ENSG00000184384.14,1.3444426947842643
ENSG00000102468.11,1.3442277518800474
ENSG00000230267.7,1.3440904134046217
ENSG00000198286.10,1.3440018693422173
ENSG00000182118.8,1.3437348801486775
ENSG00000196155.13,1.3436826123495889
ENSG00000244586.1,1.3434189398954206
ENSG00000267506.5,1.3434061070372725
ENSG00000182674.6,1.3429265866960898
ENSG00000156140.10,1.3429079116941482
ENSG00000178752.16,1.34260954294183
ENSG00000255983.1,1.3419610362901713
ENSG00000175857.8,1.3418080733339406
ENSG00000005469.12,1.3417251517240854
ENSG00000134242.16,1.3414294021526165
ENSG00000281398.4,1.3413403020179073
ENSG00000256650.1,1.3412718506773433
ENSG00000251026.2,1.3411287693146896
ENSG00000279675.1,1.3407300747600148
ENSG00000235205.1,1.3404812406975013
ENSG00000130751.10,1.3401268014836305
ENSG00000166347.19,1.3397487625739086
ENSG00000182667.14,1.339584357954256
ENSG00000287431.1,1.3394214273835041
ENSG00000270571.2,1.3394142191304348
ENSG00000162069.16,1.3393504248367594
ENSG00000250241.6,1.3390987615994323
ENSG00000111912.20,1.3388761707516654
ENSG00000196581.11,1.338707040151596
ENSG00000111199.12,1.3386753768757413
ENSG00000142609.18,1.3383735207756235
ENSG00000284636.1,1.3382966346660048
ENSG00000182985.18,1.3372177085931298
ENSG00000236311.6,1.3364131264573647
ENSG00000105246.6,1.3363973125113247
ENSG00000181036.14,1.336174740128056
ENSG00000247774.7,1.3356975711867423
ENSG00000121152.10,1.335596992813503
ENSG00000251138.7,1.3355178914083539
ENSG00000119283.15,1.3354737613698036
ENSG00000167968.13,1.3352503300413137
ENSG00000196468.8,1.3346706999339037
ENSG00000122035.7,1.3342476494483098
ENSG00000167107.13,1.334080672554373
ENSG00000136160.17,1.3340337456559233
ENSG00000273492.6,1.3339605636312166
ENSG00000230453.9,1.333910020248904
ENSG00000287356.1,1.3335087874070541
ENSG00000230606.11,1.3332104336354855
ENSG00000188523.9,1.333101172169236
ENSG00000234648.1,1.3329718523340668
ENSG00000185247.15,1.332916632130383
ENSG00000111879.20,1.332838281634728
ENSG00000228623.6,1.3326193169818539
ENSG00000261572.1,1.332474918460821
ENSG00000266074.10,1.332237513102157
ENSG00000153898.13,1.3318451144847658
ENSG00000259070.7,1.3318345165186307
ENSG00000162383.13,1.3317877643157712
ENSG00000197838.5,1.331327997492016
ENSG00000213144.2,1.3311246950116882
ENSG00000287023.1,1.3306308821048316
ENSG00000019991.18,1.3304502205110655
ENSG00000006740.17,1.3304467762320946
ENSG00000135144.7,1.3303434218625008
ENSG00000175567.11,1.330334201834569
ENSG00000280339.1,1.3299367551854278
ENSG00000280649.2,1.3298372905832512
ENSG00000234869.1,1.329769011383787
ENSG00000137960.6,1.3297308210954506
ENSG00000177465.4,1.3295929863574725
ENSG00000087510.7,1.3287748017026075
ENSG00000235387.5,1.3286715963497517
ENSG00000270069.1,1.3281431657942642
ENSG00000214894.6,1.3276567380796824
ENSG00000005001.10,1.327629761676628
ENSG00000161609.10,1.3273772835527764
ENSG00000138378.19,1.327172720532876
ENSG00000157856.12,1.3270761241840316
ENSG00000085999.13,1.3270222669242855
ENSG00000259354.5,1.3270055276613693
ENSG00000228412.9,1.3266917188270264
ENSG00000101134.12,1.3264215175173169
ENSG00000180287.17,1.3263090897195757
ENSG00000118004.18,1.3258363099782124
ENSG00000197301.7,1.3257185000541154
ENSG00000166432.15,1.3255674019731878
ENSG00000156687.11,1.3255304995656505
ENSG00000263503.1,1.3254649439608204
ENSG00000204949.9,1.3254167374601387
ENSG00000170745.12,1.325296894218326
ENSG00000125355.16,1.3251367752593888
ENSG00000186648.15,1.3251202400584445
ENSG00000113946.4,1.324659507590076
ENSG00000143195.13,1.3243232569837198
ENSG00000183566.10,1.3243133393214224
ENSG00000217442.4,1.3240749754547005
ENSG00000145777.15,1.3239593427110992
ENSG00000143001.5,1.323161481155313
ENSG00000259370.2,1.322964560288775
ENSG00000125245.13,1.3229542499549245
ENSG00000172578.12,1.3228747992909184
ENSG00000093072.18,1.322582003864611
ENSG00000197142.10,1.3225486425087558
ENSG00000138684.9,1.3222909615527774
ENSG00000182162.11,1.3222908468854202
ENSG00000176678.6,1.3217361944546258
ENSG00000239713.9,1.3216123416791492
ENSG00000196507.11,1.3215468212269723
ENSG00000237487.1,1.3214703485190726
ENSG00000214107.8,1.3213799327328768
ENSG00000120645.12,1.3212652370247433
ENSG00000170312.16,1.3209611918645947
ENSG00000163815.6,1.3207490272940339
ENSG00000223751.1,1.3205097989251213
ENSG00000080166.16,1.3200730079108134
ENSG00000034971.17,1.3200223995204827
ENSG00000178860.8,1.3197020760740819
ENSG00000256443.1,1.3196271771329748
ENSG00000152128.13,1.3194687936164602
ENSG00000008277.14,1.3194204420754145
ENSG00000277117.5,1.3192752077592194
ENSG00000188517.16,1.319047147191154
ENSG00000110324.11,1.3188899654606647
ENSG00000233682.3,1.3179916603025743
ENSG00000115041.13,1.3175791381803725
ENSG00000267121.6,1.3174846717489905
ENSG00000134759.14,1.3171081648943248
ENSG00000198832.10,1.3169022928382008
ENSG00000122694.16,1.3168294110906746
ENSG00000104722.14,1.3167100440972168
ENSG00000057294.15,1.3162612820729698
ENSG00000154342.6,1.3161655005563517
ENSG00000175894.18,1.3159251830731256
ENSG00000186193.9,1.315374475813969
ENSG00000198133.8,1.3153219328325019
ENSG00000172752.14,1.315229014113721
ENSG00000255248.9,1.3151745556413765
ENSG00000267369.1,1.3148879974965184
ENSG00000112238.12,1.3146923367853094
ENSG00000264112.1,1.3145425349061806
ENSG00000250696.5,1.314295150694103
ENSG00000165644.11,1.314289079696847
ENSG00000113657.13,1.3142044931737409
ENSG00000135314.12,1.3136080319259429
ENSG00000102359.8,1.3134721383721328
ENSG00000138678.11,1.3133909054098922
ENSG00000186479.5,1.3132262178235201
ENSG00000287446.1,1.313131524369705
ENSG00000159228.13,1.3130609200883088
ENSG00000171044.11,1.3128131868086794
ENSG00000228420.1,1.3122897973504446
ENSG00000279878.1,1.312281021673516
ENSG00000103489.12,1.3114499466228484
ENSG00000173546.7,1.3113266312896292
ENSG00000163823.4,1.311319709182851
ENSG00000167680.17,1.3113196212208693
ENSG00000183486.13,1.3112111812575344
ENSG00000233030.2,1.311133900507491
ENSG00000169224.13,1.3110540398877355
ENSG00000267383.7,1.3110368199363558
ENSG00000196781.16,1.3105530022083116
ENSG00000279994.1,1.3103080958386992
ENSG00000166681.14,1.3099462172329759
ENSG00000176771.17,1.309774930305916
ENSG00000139263.12,1.3097032558284805
ENSG00000225950.8,1.3095982746891874
ENSG00000179902.13,1.3095972814778134
ENSG00000167900.12,1.3095218192371514
ENSG00000167103.12,1.3094214891992764
ENSG00000231768.2,1.3089102425939148
ENSG00000123329.20,1.3087670879229356
ENSG00000182853.12,1.3087373522138732
ENSG00000271013.1,1.3087365875330188
ENSG00000086289.12,1.3086587610038312
ENSG00000196664.5,1.308465866120016
ENSG00000114923.17,1.3083512003624362
ENSG00000196126.11,1.3083221470736104
ENSG00000224520.2,1.308105922919243
ENSG00000128011.5,1.3080777525022833
ENSG00000239467.6,1.3080771745437938
ENSG00000283047.1,1.3080352541009799
ENSG00000136193.17,1.3080053971217651
ENSG00000186818.12,1.307709125566733
ENSG00000260196.1,1.3076238186784161
ENSG00000117266.16,1.3076065475031529
ENSG00000277157.2,1.3075363954105137
ENSG00000114646.10,1.3072304999761493
ENSG00000239911.2,1.3067996790461507
ENSG00000144824.21,1.3061836681177301
ENSG00000070915.10,1.3059218784198625
ENSG00000134516.18,1.3058260782682214
ENSG00000130649.10,1.3057847447410116
ENSG00000237973.1,1.3057438535043306
ENSG00000281103.2,1.3055578089877238
ENSG00000254122.3,1.3054742622600601
ENSG00000273760.1,1.3048761352348661
ENSG00000158106.14,1.3048650747437576
ENSG00000162881.6,1.304776905742174
ENSG00000112619.8,1.3041893412417038
ENSG00000170421.12,1.3040150630239922
ENSG00000196636.8,1.3038364438128727
ENSG00000174099.12,1.3036127167802531
ENSG00000106178.7,1.3026418862327844
ENSG00000166979.13,1.3026382076909875
ENSG00000086717.18,1.3024643489437435
ENSG00000204544.5,1.3023491518772516
ENSG00000260231.2,1.3022295895844513
ENSG00000138100.14,1.3020530141601845
ENSG00000076864.19,1.3020311957199415
ENSG00000182809.11,1.301765302722374
ENSG00000204287.14,1.301633465371261
ENSG00000163808.17,1.3015351991651163
ENSG00000231402.1,1.3013589650525943
ENSG00000074047.22,1.3011173066972026
ENSG00000286358.1,1.3010107943304132
ENSG00000154358.22,1.3008870184251224
ENSG00000224604.1,1.300820665542972
ENSG00000188130.14,1.3004664833986208
ENSG00000205358.4,1.3004406035488605
ENSG00000114737.16,1.3002570676094118
ENSG00000186777.12,1.299847102899031
ENSG00000166183.16,1.2993533807343456
ENSG00000136286.16,1.2991324382177694
ENSG00000254089.2,1.2989369412256428
ENSG00000171241.9,1.2988051439595698
ENSG00000062524.16,1.298724841541674
ENSG00000196730.13,1.2985400422312678
ENSG00000119771.15,1.298417433425162
ENSG00000146592.17,1.2981660190637134
ENSG00000121413.13,1.2980187010034687
ENSG00000108381.11,1.2978583434419737
ENSG00000155760.2,1.297610439688491
ENSG00000188921.14,1.2975888806965252
ENSG00000241475.1,1.29733806749346
ENSG00000266302.6,1.2971319332365385
ENSG00000196361.10,1.2969173913229952
ENSG00000267934.1,1.2961664531975412
ENSG00000137970.7,1.2961065185474643
ENSG00000266088.6,1.2960533527135139
ENSG00000189184.12,1.2960227894529461
ENSG00000158571.11,1.2959930924021212
ENSG00000253274.1,1.2956658887776515
ENSG00000143631.11,1.2956589738477176
ENSG00000124813.23,1.2955651148184684
ENSG00000158748.4,1.2954336339186827
ENSG00000237457.6,1.2951883387888254
ENSG00000175877.4,1.2951277612936927
ENSG00000011028.14,1.2946797047468313
ENSG00000185101.13,1.2946116117603435
ENSG00000116133.13,1.294493543244297
ENSG00000172901.20,1.2939760450810498
ENSG00000171051.9,1.293957087033354
ENSG00000163734.4,1.2939405891369142
ENSG00000168298.7,1.2938891448403025
ENSG00000107281.10,1.293651694979207
ENSG00000185467.7,1.2936009103272323
ENSG00000059915.17,1.2933813825045657
ENSG00000143185.4,1.2933400420210657
ENSG00000283787.2,1.2932690304528738
ENSG00000197747.9,1.2930041145018523
ENSG00000174145.8,1.2927138358589225
ENSG00000025039.15,1.2924189388640457
ENSG00000224746.2,1.2923678809159156
ENSG00000006042.12,1.292117495815408
ENSG00000170035.16,1.2919577443341568
ENSG00000158050.5,1.291756173355771
ENSG00000146410.12,1.2913028054903242
ENSG00000145555.15,1.2912427330076421
ENSG00000141052.18,1.2908635037904896
ENSG00000107736.21,1.2908320846714796
ENSG00000139631.19,1.2908068708725118
ENSG00000198624.13,1.290565294566547
ENSG00000152894.15,1.289791579922804
ENSG00000172465.14,1.2895717756994545
ENSG00000244541.6,1.2895470745250452
ENSG00000145850.9,1.2894794233791464
ENSG00000112782.19,1.289469481449106
ENSG00000127325.19,1.289223712098303
ENSG00000120094.9,1.2891107538891564
ENSG00000197696.10,1.2890473242841118
ENSG00000235029.1,1.2889913473848642
ENSG00000225953.3,1.2889751114942576
ENSG00000125726.11,1.2888006023310183
ENSG00000115607.9,1.2882126227312742
ENSG00000253497.1,1.28803073106387
ENSG00000274718.1,1.2879940127768643
ENSG00000259757.1,1.2872866094003705
ENSG00000174332.5,1.287218525153573
ENSG00000233822.4,1.2866395536158293
ENSG00000172818.10,1.2865560950297275
ENSG00000258405.11,1.2863499267606007
ENSG00000205730.6,1.2863430755944707
ENSG00000152583.12,1.286305311193031
ENSG00000187240.16,1.2861306005651216
ENSG00000070087.14,1.285807491982093
ENSG00000167972.14,1.2857488483424233
ENSG00000130643.9,1.2857373301768056
ENSG00000088826.18,1.285547387528514
ENSG00000253170.1,1.2852502585053853
ENSG00000047346.12,1.28520637509062
ENSG00000160255.18,1.2848735771276285
ENSG00000270372.1,1.2846788656378676
ENSG00000268621.6,1.284616023338294
ENSG00000196277.16,1.2846084497188068
ENSG00000162882.15,1.2838570862184255
ENSG00000234690.7,1.283855058119507
ENSG00000173531.15,1.283765398317362
ENSG00000090661.12,1.283653595266684
ENSG00000198842.10,1.283449859748137
ENSG00000286451.1,1.2833239919298607
ENSG00000166126.11,1.2832579665051844
ENSG00000170166.6,1.282884214841725
ENSG00000235169.11,1.2827829174045973
ENSG00000275464.5,1.2827376412361586
ENSG00000151883.19,1.2825210859907237
ENSG00000143147.14,1.2821707396742326
ENSG00000050767.17,1.2820275837074964
ENSG00000257150.3,1.2820034129162412
ENSG00000124772.12,1.2819947443971562
ENSG00000278570.5,1.28166890217189
ENSG00000006059.4,1.2816365515472183
ENSG00000231131.8,1.2810900930816065
ENSG00000286250.1,1.2806716189422065
ENSG00000159251.8,1.2806532194582592
ENSG00000124191.18,1.2806252697110747
ENSG00000135046.14,1.2806199893890826
ENSG00000231789.2,1.2805934814056026
ENSG00000258952.2,1.2804709167906059
ENSG00000286940.1,1.2804618748867216
ENSG00000267313.7,1.2802840284335757
ENSG00000138193.16,1.2802610062856294
ENSG00000180828.3,1.2801132263620043
ENSG00000172482.5,1.2800032672992785
ENSG00000182752.10,1.279515026963697
ENSG00000132688.11,1.2794470511129203
ENSG00000172572.7,1.2789544212274162
ENSG00000104549.12,1.278670724449581
ENSG00000198363.18,1.278227786951258
ENSG00000235770.6,1.2781690516785824
ENSG00000139572.4,1.277898930867085
ENSG00000227218.7,1.2778691780812783
ENSG00000076382.17,1.277801940978613
ENSG00000263740.2,1.277772136124247
ENSG00000066583.12,1.2775687974691563
ENSG00000115592.11,1.2775459854669486
ENSG00000144426.18,1.277332363100833
ENSG00000153976.3,1.277324846085247
ENSG00000121621.7,1.2772163111162853
ENSG00000248712.7,1.2771353547909317
ENSG00000176956.13,1.2768917534993078
ENSG00000142700.12,1.2767498383743339
ENSG00000171049.9,1.2767416595226035
ENSG00000165695.10,1.2763992776673874
ENSG00000108370.17,1.275832001915514
ENSG00000118298.12,1.2757167818511115
ENSG00000253767.2,1.275706961871989
ENSG00000143382.15,1.2748454458158367
ENSG00000079102.16,1.2746277611887389
ENSG00000112139.16,1.2746236768541568
ENSG00000166025.18,1.2746008179250488
ENSG00000231881.2,1.2744183668904212
ENSG00000111218.12,1.2737861598261486
ENSG00000100767.17,1.2737220013221016
ENSG00000180458.2,1.2736707482566987
ENSG00000254717.2,1.273512273501045
ENSG00000176563.10,1.273509944379658
ENSG00000042980.13,1.2733056261348825
ENSG00000177989.13,1.2732444755391088
ENSG00000107282.8,1.2730405097502466
ENSG00000175556.17,1.2728438955943813
ENSG00000187855.5,1.272782956465932
ENSG00000123094.15,1.2726556717823343
ENSG00000144834.14,1.27248993330156
ENSG00000185090.14,1.2724854272453703
ENSG00000151376.17,1.2724366075846403
ENSG00000158517.15,1.2723188419768892
ENSG00000158859.10,1.2722882194028184
ENSG00000241280.1,1.272120587861773
ENSG00000056736.10,1.2719598719566845
ENSG00000104894.12,1.2718829221960855
ENSG00000258815.1,1.2717406616156168
ENSG00000228203.7,1.2717363891395883
ENSG00000236264.5,1.271585337395714
ENSG00000187037.8,1.2715313206367675
ENSG00000159337.7,1.2713936074135366
ENSG00000253649.5,1.27119806937302
ENSG00000181652.19,1.2706725484482813
ENSG00000065989.16,1.2705098147416143
ENSG00000196653.12,1.2701796336424767
ENSG00000118777.12,1.2700661086980332
ENSG00000196205.8,1.26992639298144
ENSG00000227695.6,1.2698951408246342
ENSG00000177335.11,1.2698468878284332
ENSG00000170962.13,1.2697775802075275
ENSG00000100628.12,1.2697665401144047
ENSG00000211672.2,1.2696006073227337
ENSG00000169884.14,1.269339672492558
ENSG00000228824.7,1.269074153659438
ENSG00000243753.5,1.2690604020265681
ENSG00000118473.22,1.2690375061202885
ENSG00000106852.15,1.269032044670962
ENSG00000203747.12,1.268884162404456
ENSG00000158966.16,1.2687857867218186
ENSG00000149150.9,1.2687399514618412
ENSG00000276043.5,1.2687356364201394
ENSG00000133116.8,1.2684101204527463
ENSG00000058063.16,1.2682859603923067
ENSG00000120217.14,1.268014578926295
ENSG00000167191.12,1.2678692295679124
ENSG00000259275.4,1.2678384998349068
ENSG00000247982.6,1.267715882322129
ENSG00000259680.5,1.2676416229953629
ENSG00000143375.15,1.267632148873502
ENSG00000287059.1,1.2674447238865776
ENSG00000253333.1,1.2670214700207145
ENSG00000121653.11,1.2667584151535651
ENSG00000152154.11,1.2667421880891234
ENSG00000231233.1,1.266419555420765
ENSG00000269526.1,1.26630405667986
ENSG00000250230.3,1.2658170724329556
ENSG00000171476.22,1.265756965913136
ENSG00000137812.20,1.2656439188284105
ENSG00000050165.18,1.2655698017826682
ENSG00000103024.7,1.2653264735358327
ENSG00000106537.8,1.2651266546683357
ENSG00000164251.5,1.2649122835562232
ENSG00000255198.4,1.2647594788948617
ENSG00000172183.15,1.2646037255395013
ENSG00000166750.10,1.2637676826251916
ENSG00000179144.5,1.263630528747806
ENSG00000049323.16,1.2634351193233155
ENSG00000177932.7,1.2634269042469235
ENSG00000237111.1,1.2629136885168706
ENSG00000273445.1,1.262903748682645
ENSG00000121075.11,1.2628861991876041
ENSG00000176533.13,1.2627209813633176
ENSG00000280219.1,1.2621382978069906
ENSG00000244161.1,1.262062910081152
ENSG00000253130.2,1.2615773017538585
ENSG00000164411.12,1.2612714367555864
ENSG00000285043.2,1.2612175435884334
ENSG00000070031.4,1.261142042665729
ENSG00000128340.15,1.2608891670380007
ENSG00000069764.10,1.2608001954644663
ENSG00000253959.1,1.2607876840796646
ENSG00000074706.13,1.2606816668681533
ENSG00000262209.3,1.2606489418667983
ENSG00000110002.16,1.2599191224428734
ENSG00000267508.6,1.259785635941216
ENSG00000089225.20,1.2595213272971786
ENSG00000161681.16,1.259341361562266
ENSG00000225871.2,1.259227540359086
ENSG00000238273.3,1.2586443610866473
ENSG00000215914.4,1.2585395290994332
ENSG00000283766.1,1.2585160511852194
ENSG00000128438.10,1.2584917383196388
ENSG00000198885.10,1.2584624306640335
ENSG00000244682.7,1.2578006608143364
ENSG00000153233.13,1.2575332003350093
ENSG00000111834.13,1.2573403646078727
ENSG00000185862.7,1.2571482507819411
ENSG00000156804.7,1.256959540349821
ENSG00000164627.18,1.2568568337464026
ENSG00000018280.17,1.2567534805211142
ENSG00000248713.1,1.2566425615566328
ENSG00000281566.3,1.256562373475444
ENSG00000253958.2,1.256461291772268
ENSG00000227953.7,1.2563426584288322
ENSG00000244274.8,1.2560425557594554
ENSG00000086967.10,1.255738928249333
ENSG00000205890.3,1.255713241101549
ENSG00000240038.6,1.25567223049835
ENSG00000255277.3,1.2556143022654231
ENSG00000280135.1,1.2551086311784956
ENSG00000260469.3,1.2546565311491746
ENSG00000114948.13,1.2545671633815076
ENSG00000186510.12,1.2542480445798196
ENSG00000005243.10,1.2539782895893659
ENSG00000072954.7,1.2539622074074965
ENSG00000025708.14,1.2535673830903555
ENSG00000139174.12,1.2533263900194942
ENSG00000236017.8,1.253225364410116
ENSG00000087250.9,1.253176610733393
ENSG00000105655.19,1.2531549641676372
ENSG00000077152.11,1.2531287673180684
ENSG00000232079.7,1.2527125693647407
ENSG00000150637.9,1.2525959907193147
ENSG00000259727.1,1.2525458239007232
ENSG00000100314.4,1.2523239207455805
ENSG00000277022.1,1.2522002635484106
ENSG00000143416.21,1.2519877864079263
ENSG00000233559.2,1.2519544757830368
ENSG00000165030.4,1.2514563889381327
ENSG00000242294.6,1.2512320946355384
ENSG00000169129.15,1.2512185285553195
ENSG00000126016.16,1.2511977676445423
ENSG00000267414.1,1.2510332681849494
ENSG00000272070.1,1.2509712957275958
ENSG00000188610.12,1.2509319697494194
ENSG00000204889.10,1.2508686154280597
ENSG00000125968.9,1.2508595284690245
ENSG00000197646.8,1.2504196247693318
ENSG00000198959.12,1.250358813629505
ENSG00000170703.15,1.2503357307874936
ENSG00000000971.16,1.2498673098060047
ENSG00000165633.13,1.2497946186644397
ENSG00000276409.5,1.249164509332759
ENSG00000168658.19,1.2491420755707798
ENSG00000235269.2,1.248996980895936
ENSG00000214279.13,1.2488187797041552
ENSG00000119699.8,1.2488084006201092
ENSG00000137709.10,1.248799951652155
ENSG00000282826.2,1.2486308142698503
ENSG00000287649.1,1.2485972294518188
ENSG00000140945.17,1.2485038594373166
ENSG00000019582.15,1.2482086638329994
ENSG00000131459.13,1.2478820523971317
ENSG00000145911.6,1.247711158005468
ENSG00000072310.17,1.247637899916099
ENSG00000105737.9,1.2476201031800906
ENSG00000225868.7,1.2475073782063597
ENSG00000184838.15,1.2473359201631609
ENSG00000001561.7,1.2471775540309564
ENSG00000170423.13,1.2469272336952157
ENSG00000237614.3,1.2467643194421787
ENSG00000162723.10,1.2467227274680976
ENSG00000256751.6,1.2466325305791346
ENSG00000287535.1,1.2465914728258645
ENSG00000182040.9,1.2465318015401867
ENSG00000279692.1,1.2464708892773453
ENSG00000166246.14,1.2460837852887805
ENSG00000228594.4,1.2457321588121153
ENSG00000173535.15,1.245228044732229
ENSG00000159403.18,1.2450660999219645
ENSG00000127578.7,1.2450110975312543
ENSG00000287306.1,1.2443102276634674
ENSG00000268027.5,1.2441556176809205
ENSG00000119681.12,1.2440840133517095
ENSG00000230426.4,1.2439569032384914
ENSG00000127528.6,1.2439106473221613
ENSG00000242242.6,1.243590856490434
ENSG00000124496.12,1.2435241008512123
ENSG00000131080.15,1.24293852227049
ENSG00000229474.7,1.2428201750113443
ENSG00000092054.13,1.2428055625980878
ENSG00000130270.16,1.2426705576695372
ENSG00000213967.11,1.2425411482349187
ENSG00000256357.1,1.2424458403156173
ENSG00000247081.8,1.242229848130764
ENSG00000143476.18,1.2422026635421448
ENSG00000181444.13,1.2421837637525
ENSG00000204963.6,1.2421258147222216
ENSG00000236404.10,1.2418704987739784
ENSG00000267751.5,1.2418377740901207
ENSG00000160606.11,1.2415769180397085
ENSG00000184557.4,1.2414846918318625
ENSG00000125966.10,1.240870914902527
ENSG00000287346.1,1.2407850767974802
ENSG00000266120.1,1.2406789177356852
ENSG00000254585.5,1.2405732721683231
ENSG00000139946.10,1.2405270438267786
ENSG00000083814.13,1.240503210698978
ENSG00000119715.15,1.2401830756781729
ENSG00000138675.16,1.2401596254349996
ENSG00000155897.10,1.2399931433024414
ENSG00000273136.7,1.2398471386244785
ENSG00000244306.11,1.239764936210026
ENSG00000165478.7,1.239736385731935
ENSG00000131748.16,1.239579457133847
ENSG00000102316.17,1.2393479520208366
ENSG00000072571.20,1.2392263110619541
ENSG00000136717.15,1.2389948179954577
ENSG00000137727.12,1.2388451484560017
ENSG00000187048.13,1.238783086185768
ENSG00000177570.15,1.2386945828767053
ENSG00000260317.1,1.2384194084456859
ENSG00000006468.14,1.2382355914321446
ENSG00000086991.13,1.238133413914928
ENSG00000186827.11,1.2379813199802143
ENSG00000172460.17,1.2377623625666125
ENSG00000110660.15,1.2377400568261465
ENSG00000138166.6,1.2375109517551752
ENSG00000174130.12,1.2374710248150425
ENSG00000147100.11,1.2374241769659386
ENSG00000113140.11,1.2374099334124529
ENSG00000212907.2,1.2372980565310963
ENSG00000165178.9,1.2372318024684996
ENSG00000225345.3,1.2371316066656173
ENSG00000156009.10,1.2371218163077993
ENSG00000164841.5,1.2368617503945223
ENSG00000256340.8,1.2363583289311064
ENSG00000151914.20,1.2362617187284766
ENSG00000178175.12,1.2361074230587143
ENSG00000183484.12,1.2360388572873757
ENSG00000155974.12,1.2358018104934294
ENSG00000172057.10,1.2354544300058075
ENSG00000143184.5,1.2354513862824887
ENSG00000205189.12,1.2353999302858119
ENSG00000249825.6,1.2350953864101661
ENSG00000105122.13,1.2349776024089316
ENSG00000141519.15,1.2349667917410705
ENSG00000185155.12,1.2348126870734994
ENSG00000177380.14,1.2346838201925145
ENSG00000197385.6,1.2346729638059326
ENSG00000016391.11,1.2346672384389614
ENSG00000150782.12,1.2345927463763864
ENSG00000283342.1,1.234523391035324
ENSG00000196502.12,1.2344808521481039
ENSG00000087076.9,1.2341541389242632
ENSG00000266338.6,1.2341184886139533
ENSG00000135094.11,1.2340056317599655
ENSG00000095587.9,1.233994796328262
ENSG00000271133.5,1.2335786441305032
ENSG00000158402.20,1.2333940720738388
ENSG00000148803.12,1.233388607567141
ENSG00000230107.1,1.2330945694061817
ENSG00000158428.4,1.2329144380276642
ENSG00000249421.2,1.2326890448879688
ENSG00000171604.12,1.232228759966595
ENSG00000171872.5,1.232130808538536
ENSG00000249896.2,1.2319217305201762
ENSG00000257894.2,1.2318999674101874
ENSG00000129757.14,1.2316980798205248
ENSG00000114113.6,1.2315246225555847
ENSG00000180549.8,1.2315018793349601
ENSG00000159231.6,1.231242827665626
ENSG00000217165.1,1.2312062516699565
ENSG00000235559.1,1.2311600266887779
ENSG00000146205.14,1.2310539684825734
ENSG00000267519.6,1.231044156779268
ENSG00000116852.15,1.230827775451817
ENSG00000120254.16,1.230525154319807
ENSG00000218226.1,1.2304666132245874
ENSG00000288543.1,1.2302368070175456
ENSG00000171316.12,1.2302013502747815
ENSG00000133661.17,1.230159577824683
ENSG00000114854.8,1.2301108935848777
ENSG00000215788.11,1.2300990371409892
ENSG00000163053.11,1.2300863676587195
ENSG00000261613.2,1.2297458097463674
ENSG00000279773.1,1.2295969832174363
ENSG00000005108.16,1.2293391266189042
ENSG00000055813.6,1.229087107757862
ENSG00000135643.5,1.2288945267476032
ENSG00000262619.2,1.2288628215153758
ENSG00000179241.13,1.2288311704966868
ENSG00000183307.4,1.2288276213542904
ENSG00000236107.10,1.2286337693176606
ENSG00000281706.3,1.2284286123476662
ENSG00000129048.7,1.2278746835603416
ENSG00000196550.10,1.2275374525039011
ENSG00000162105.19,1.2275172301886492
ENSG00000151117.9,1.227425497666955
ENSG00000089327.15,1.2273381342336889
ENSG00000171320.15,1.2273210044407639
ENSG00000104427.12,1.227315103752059
ENSG00000276529.1,1.2272458226552214
ENSG00000250584.3,1.227241740769623
ENSG00000223865.11,1.227134338148564
ENSG00000268658.5,1.227107465469727
ENSG00000280032.1,1.2267328751804625
ENSG00000177943.14,1.2267313371290232
ENSG00000131153.9,1.226583927933267
ENSG00000233723.9,1.2262823243141696
ENSG00000169247.14,1.2261840782992237
ENSG00000242258.1,1.2258540049500426
ENSG00000269954.2,1.2258432650209883
ENSG00000108106.14,1.225288233638736
ENSG00000269821.1,1.2250817564959933
ENSG00000139438.6,1.2250741377304772
ENSG00000240583.13,1.224969247833549
ENSG00000179909.15,1.2248642187990022
ENSG00000102524.11,1.224641437301046
ENSG00000134398.15,1.224621440777223
ENSG00000033327.13,1.2244156507887642
ENSG00000127074.15,1.2242831509484786
ENSG00000136859.10,1.2241597198529743
ENSG00000168615.13,1.2238511773378213
ENSG00000104901.7,1.2236866637898827
ENSG00000168301.13,1.223287176914528
ENSG00000164690.8,1.222882351229026
ENSG00000169855.20,1.2222737061403823
ENSG00000179270.7,1.222173764393315
ENSG00000186871.7,1.2221569529818628
ENSG00000069431.11,1.2220733196488618
ENSG00000120708.17,1.2219978917496148
ENSG00000121440.15,1.2219782682540397
ENSG00000215187.12,1.2218798435420435
ENSG00000204380.4,1.221869115693194
ENSG00000140465.14,1.2218277576738028
ENSG00000196104.11,1.2216446574409094
ENSG00000185532.20,1.2214779741357575
ENSG00000100031.19,1.2214490063337646
ENSG00000270882.2,1.2211867993489607
ENSG00000166922.8,1.2211382628049008
ENSG00000173077.16,1.2210605659529832
ENSG00000113302.5,1.2209605714775003
ENSG00000123124.14,1.2208465878713552
ENSG00000287978.1,1.220722187534191
ENSG00000168427.9,1.2205912601874929
ENSG00000257337.7,1.2201417833126436
ENSG00000115226.10,1.2200649630757403
ENSG00000178199.14,1.2198030468663403
ENSG00000206503.13,1.219622750582648
ENSG00000216921.9,1.2195978803313139
ENSG00000143578.16,1.2194963922690805
ENSG00000227874.1,1.2188655648783273
ENSG00000231868.1,1.218805161655933
ENSG00000163131.11,1.218668563468592
ENSG00000197245.6,1.2186123081114728
ENSG00000196154.12,1.2184600755641832
ENSG00000146955.11,1.2184540840673945
ENSG00000104290.11,1.2184289006023454
ENSG00000148482.12,1.218380736045083
ENSG00000137875.4,1.2181470840291517
ENSG00000272108.1,1.2180502474533812
ENSG00000176769.9,1.2180094533468873
ENSG00000005961.19,1.2179228558626911
ENSG00000278811.4,1.2178905393805073
ENSG00000103254.10,1.217885631111994
ENSG00000061656.10,1.2178182518195462
ENSG00000134955.12,1.2178072485397151
ENSG00000099260.11,1.2169533514745323
ENSG00000125462.19,1.2167773685917402
ENSG00000255399.4,1.216772396182709
ENSG00000242732.4,1.216440225578651
ENSG00000188760.11,1.216198092958296
ENSG00000250420.8,1.2158496513854666
ENSG00000153157.13,1.2156598455071062
ENSG00000213694.6,1.2154827322737694
ENSG00000259341.2,1.2152179689646154
ENSG00000165912.16,1.2151797539524385
ENSG00000107438.9,1.2146880190847849
ENSG00000118137.10,1.2145508899688795
ENSG00000150593.18,1.214544674425785
ENSG00000100196.11,1.2144122345433743
ENSG00000259704.2,1.213925243136577
ENSG00000162733.19,1.213879484804232
ENSG00000099365.11,1.2138080091199923
ENSG00000140459.18,1.2137131662322105
ENSG00000270605.1,1.2136195964212593
ENSG00000164056.11,1.2133886829332372
ENSG00000185442.13,1.2131745087974217
ENSG00000131941.8,1.211949705550219
ENSG00000183111.12,1.2118724392797768
ENSG00000159625.15,1.2117006121464398
ENSG00000099139.14,1.2116470865367555
ENSG00000183578.8,1.2113373944339179
ENSG00000214050.8,1.2110265677346361
ENSG00000113810.16,1.210852268558747
ENSG00000105697.9,1.2108174195421602
ENSG00000143119.14,1.2107723658474157
ENSG00000232006.9,1.2107596338382094
ENSG00000244588.5,1.2106637358690528
ENSG00000102908.22,1.2105893077245875
ENSG00000206052.11,1.210530225070065
ENSG00000104808.8,1.2102104405638858
ENSG00000154930.15,1.210193429801928
ENSG00000151693.11,1.2101933715868887
ENSG00000123338.13,1.2099114676736695
ENSG00000147526.20,1.2098906592162821
ENSG00000230387.4,1.2098483736449164
ENSG00000157227.13,1.209824511074892
ENSG00000151468.11,1.209793758741881
ENSG00000114790.13,1.2097285902868846
ENSG00000155657.28,1.209719087107611
ENSG00000003249.15,1.2097154241477341
ENSG00000250091.3,1.2095812874315992
ENSG00000255727.2,1.2093584689313626
ENSG00000178163.8,1.209288344290785
ENSG00000152213.4,1.2092720743404404
ENSG00000203875.13,1.2092358270726786
ENSG00000186766.8,1.2091853145771008
ENSG00000164236.12,1.2091362623036142
ENSG00000287647.1,1.2089094652052552
ENSG00000225882.1,1.2085535121965338
ENSG00000183691.6,1.2085091274399462
ENSG00000215030.5,1.2083269139517798
ENSG00000185507.21,1.208296418177865
ENSG00000129538.14,1.2079425912354038
ENSG00000185641.6,1.207866853508342
ENSG00000111961.18,1.2078151382256779
ENSG00000146757.14,1.2075952767888445
ENSG00000125531.7,1.207209725086942
ENSG00000158555.15,1.20716527341225
ENSG00000197822.11,1.2071150985795664
ENSG00000237032.1,1.2070262848195863
ENSG00000198478.8,1.2070240483673176
ENSG00000111666.11,1.206778183235682
ENSG00000267260.2,1.2067541693768575
ENSG00000161133.16,1.206700793598955
ENSG00000117586.11,1.2065183647907771
ENSG00000272342.1,1.2063272212709368
ENSG00000185933.7,1.2060063018688034
ENSG00000159871.15,1.20583599336111
ENSG00000236609.4,1.2056778686313627
ENSG00000117984.15,1.2056342382926135
ENSG00000215861.6,1.2053557904403904
ENSG00000179314.14,1.2053314342121233
ENSG00000234745.12,1.2051454226712326
ENSG00000003987.14,1.2046923750422283
ENSG00000245080.7,1.2046719170041564
ENSG00000179277.9,1.2040246670510892
ENSG00000257512.1,1.20398201029427
ENSG00000262920.5,1.203644210550048
ENSG00000188158.16,1.202872855701957
ENSG00000198417.7,1.2024367228995918
ENSG00000233515.2,1.2023139276052621
ENSG00000168070.12,1.2020766664848193
ENSG00000164746.14,1.2020692193106561
ENSG00000120949.15,1.2020381837714185
ENSG00000280693.2,1.201362607659326
ENSG00000181215.15,1.201297426687694
ENSG00000248517.1,1.2010753956090316
ENSG00000143653.10,1.2010727565978525
ENSG00000169258.7,1.2010680770952487
ENSG00000125878.6,1.2010330368570532
ENSG00000169836.5,1.200901103881385
ENSG00000278263.2,1.2008245542273956
ENSG00000180113.16,1.200438354357077
ENSG00000134317.18,1.2004287242274794
ENSG00000186205.13,1.1998019637811927
ENSG00000240891.8,1.1997112345840308
ENSG00000139714.12,1.199611254086933
ENSG00000156886.12,1.1993933662361174
ENSG00000256166.1,1.1993341875521455
ENSG00000111859.17,1.1991100389508524
ENSG00000073111.14,1.1990386331688982
ENSG00000111837.12,1.1989196135141083
ENSG00000171587.15,1.198835700789647
ENSG00000147394.18,1.1986652795629658
ENSG00000137449.17,1.1985842880040853
ENSG00000278195.2,1.1984717689168063
ENSG00000286403.1,1.1982845356606753
ENSG00000141753.7,1.198201614120577
ENSG00000131042.15,1.197921043833266
ENSG00000136167.15,1.1978292736805691
ENSG00000113749.7,1.1975360651512397
ENSG00000212916.4,1.1974924880942706
ENSG00000241158.7,1.197408704699967
ENSG00000157680.15,1.196998707312533
ENSG00000279656.1,1.1966205908329597
ENSG00000236438.7,1.1965879271039042
ENSG00000167912.6,1.1965420032051872
ENSG00000156466.10,1.1959681576502452
ENSG00000272841.1,1.1958444445132412
ENSG00000137869.15,1.1957790752205717
ENSG00000111181.12,1.1956986639958695
ENSG00000250328.6,1.1955117961877635
ENSG00000246859.3,1.19515520835606
ENSG00000225790.2,1.195070050488756
ENSG00000070404.10,1.1950302706581972
ENSG00000259038.1,1.1949104288707844
ENSG00000172893.16,1.1943727923781602
ENSG00000257084.1,1.1935873752269501
ENSG00000211752.3,1.1934657722659734
ENSG00000248464.1,1.1933809409250604
ENSG00000048740.18,1.193251544486919
ENSG00000117479.15,1.1931604506136604
ENSG00000223823.1,1.1929765369294205
ENSG00000115267.8,1.1927939725431116
ENSG00000237751.2,1.1927567666269925
ENSG00000205634.7,1.1927329364266896
ENSG00000122971.9,1.1926290114903544
ENSG00000109861.17,1.1925663645237878
ENSG00000165643.11,1.1925339861147721
ENSG00000187730.9,1.1924125998721962
ENSG00000235162.9,1.192360418748198
ENSG00000155926.14,1.192317713911656
ENSG00000019549.13,1.1922745864618913
ENSG00000163689.20,1.19220837375952
ENSG00000254174.1,1.1916808022986924
ENSG00000064393.16,1.1916078880368468
ENSG00000189013.14,1.1913246980269303
ENSG00000253161.5,1.1910311816381194
ENSG00000077092.19,1.1908408644295232
ENSG00000227392.2,1.190823773919441
ENSG00000233532.6,1.1905881680466677
ENSG00000107551.21,1.1902281683625848
ENSG00000154134.15,1.1901725467854751
ENSG00000112874.10,1.190067963413515
ENSG00000164484.12,1.1897816940112258
ENSG00000211459.2,1.189468021114447
ENSG00000213316.10,1.1889687142121832
ENSG00000288046.1,1.1889072691596254
ENSG00000271375.1,1.1888895579486904
ENSG00000249993.1,1.1885638011645407
ENSG00000079337.16,1.1885169565172637
ENSG00000144040.13,1.1884812365395359
ENSG00000005187.12,1.188474897218052
ENSG00000178685.14,1.1884582132837183
ENSG00000136235.17,1.188115703154091
ENSG00000112195.9,1.1880378403755718
ENSG00000169418.10,1.1877980567373354
ENSG00000271130.1,1.1876773821580506
ENSG00000183908.7,1.1875490434875486
ENSG00000109758.9,1.1874069820697117
ENSG00000087077.14,1.1872326636483728
ENSG00000141232.5,1.1869278172068882
ENSG00000133477.17,1.1867802665688603
ENSG00000139890.10,1.1867504215333191
ENSG00000166869.3,1.1867470174718742
ENSG00000237187.9,1.1866883765095038
ENSG00000151617.17,1.1863266182602619
ENSG00000151023.17,1.186093759182425
ENSG00000103942.13,1.1860556290686928
ENSG00000226791.7,1.185909742100008
ENSG00000178715.8,1.1858716595408365
ENSG00000224209.8,1.1857741281952823
ENSG00000279108.1,1.1855852128545876
ENSG00000153012.12,1.1855718671126318
ENSG00000286004.1,1.185555541540226
ENSG00000144227.5,1.185275754950973
ENSG00000162814.11,1.1852738587218228
ENSG00000178343.5,1.1852276353336395
ENSG00000142611.17,1.1850003475385285
ENSG00000227579.6,1.1848306732155818
ENSG00000272143.1,1.1847602919224347
ENSG00000121089.4,1.184683728562547
ENSG00000133878.9,1.1844421527321476
ENSG00000171101.13,1.18442008259
ENSG00000135318.12,1.1844184091346348
ENSG00000184867.14,1.1837433522926746
ENSG00000253369.2,1.183613933356327
ENSG00000116157.6,1.1834059847301788
ENSG00000134765.10,1.1831685220020196
ENSG00000137801.11,1.1829733704220582
ENSG00000235295.1,1.182900704672271
ENSG00000183087.15,1.1828109149223116
ENSG00000182902.14,1.1827471453486855
ENSG00000145736.14,1.1824194481546315
ENSG00000261716.2,1.1819912861206174
ENSG00000214814.7,1.1818915535789651
ENSG00000212978.6,1.1818282062691159
ENSG00000169896.18,1.1817687121268827
ENSG00000100162.15,1.1815273916544795
ENSG00000266066.1,1.1815257323694432
ENSG00000272168.8,1.1811086173174221
ENSG00000267466.1,1.181021398315891
ENSG00000171444.18,1.1809280948055474
ENSG00000110628.16,1.1809246041929153
ENSG00000253159.3,1.18071669292681
ENSG00000197774.13,1.1807147870300885
ENSG00000231752.6,1.1807078707976102
ENSG00000223729.1,1.1806723773240029
ENSG00000117643.14,1.1805972845274155
ENSG00000152518.8,1.180445794693964
ENSG00000171962.18,1.1800900348325383
ENSG00000188042.8,1.180023703023943
ENSG00000168140.5,1.1795864079760787
ENSG00000187741.15,1.1795568474961837
ENSG00000179431.7,1.1790033116218257
ENSG00000174640.15,1.1789591664755883
ENSG00000144476.6,1.1789464913204948
ENSG00000261787.2,1.1788711547598785
ENSG00000269289.6,1.1786943281172724
ENSG00000123610.5,1.178672926974424
ENSG00000105379.10,1.1784655158531838
ENSG00000173727.12,1.1784543951870425
ENSG00000139220.17,1.178392421706358
ENSG00000281769.1,1.178343856239539
ENSG00000280587.1,1.1776450571365318
ENSG00000110934.13,1.1775459918381055
ENSG00000175906.5,1.1775439209466418
ENSG00000174740.8,1.1773085377962833
ENSG00000172139.15,1.1772587991714476
ENSG00000182492.16,1.1770185901948733
ENSG00000109684.15,1.1767820570960796
ENSG00000282851.2,1.17672271702038
ENSG00000197992.7,1.1766252253538276
ENSG00000269994.3,1.1765807941291384
ENSG00000279013.1,1.1764754497843681
ENSG00000103742.12,1.1763833021250938
ENSG00000130528.12,1.1763817956189941
ENSG00000162804.14,1.17637627931183
ENSG00000173918.15,1.1762482898461728
ENSG00000142549.9,1.1762387376147947
ENSG00000236532.6,1.1761928687183147
ENSG00000258661.1,1.1760259207414319
ENSG00000085465.13,1.175911412641306
ENSG00000234949.2,1.175448036235315
ENSG00000244482.10,1.175387955330652
ENSG00000169885.10,1.1752933073722562
ENSG00000116774.12,1.1750474008191394
ENSG00000221818.9,1.1750105867684826
ENSG00000164684.13,1.1749158729041675
ENSG00000259977.1,1.1747955031970216
ENSG00000255182.2,1.1746031085744
ENSG00000186994.11,1.1745107584829302
ENSG00000182636.8,1.174463408347693
ENSG00000052344.16,1.1744058121546903
ENSG00000142185.16,1.1743192835380465
ENSG00000120594.17,1.1740497406455521
ENSG00000140853.16,1.1739866069572777
ENSG00000241484.10,1.1738911777979515
ENSG00000115415.20,1.1734097292409313
ENSG00000259807.2,1.1728717872918697
ENSG00000067445.21,1.1728474760441872
ENSG00000237989.1,1.1725839460690364
ENSG00000248568.1,1.1725697826554278
ENSG00000138395.17,1.1723888655474974
ENSG00000161642.18,1.1723600774618748
ENSG00000143850.16,1.1723227400215006
ENSG00000228288.7,1.1718832030896555
ENSG00000253326.2,1.1717839374334689
ENSG00000284526.1,1.1715635859590356
ENSG00000232756.1,1.1714826897642672
ENSG00000279741.1,1.1714614634841893
ENSG00000121769.8,1.1714504545191304
ENSG00000282221.1,1.1712429467678598
ENSG00000169427.8,1.1709961402840527
ENSG00000197208.6,1.1707370093547647
ENSG00000198695.2,1.1704732855967737
ENSG00000253636.1,1.1703153119561593
ENSG00000260302.3,1.1702942925613713
ENSG00000119919.11,1.1701604726147457
ENSG00000142089.16,1.1701067323997232
ENSG00000233117.4,1.1700190328136861
ENSG00000149289.11,1.170009500306101
ENSG00000277159.1,1.1699532252362357
ENSG00000128274.17,1.1699177182450469
ENSG00000279286.2,1.1697822766587727
ENSG00000229108.2,1.1696169934433742
ENSG00000286081.1,1.1695207149426996
ENSG00000174307.7,1.1693436999216649
ENSG00000147082.18,1.1691883215266368
ENSG00000135074.16,1.1689275382445725
ENSG00000250320.6,1.168270035513548
ENSG00000168961.17,1.168262072570657
ENSG00000166341.8,1.1682166154147477
ENSG00000181409.14,1.1680748584980916
ENSG00000100342.21,1.1679883111269702
ENSG00000287750.1,1.1679067399921856
ENSG00000232434.2,1.1677869614827412
ENSG00000279717.1,1.1677646535650357
ENSG00000227863.3,1.1677295853322778
ENSG00000100979.15,1.1677097752138015
ENSG00000108001.15,1.1676934509668764
ENSG00000269825.1,1.1673577428775794
ENSG00000131981.16,1.1672767134993665
ENSG00000253931.1,1.16692285452745
ENSG00000102384.13,1.166826345836442
ENSG00000145632.15,1.1667996648536616
ENSG00000101180.16,1.1667471424161722
ENSG00000156802.13,1.1667179610000429
ENSG00000171094.18,1.1666269638731468
ENSG00000136158.12,1.1665195863187972
ENSG00000183032.12,1.166368883735582
ENSG00000115232.14,1.1661028531515456
ENSG00000143401.15,1.1660397591085048
ENSG00000186715.11,1.1659120191388093
ENSG00000166002.7,1.1659079923768403
ENSG00000164342.13,1.1658862746331804
ENSG00000271474.1,1.1658681061601839
ENSG00000101439.9,1.1656822043112383
ENSG00000132204.14,1.1655259954056172
ENSG00000183668.18,1.1653980561840358
ENSG00000217801.10,1.165394835444144
ENSG00000170873.19,1.1653519310596507
ENSG00000163393.13,1.1653215044938237
ENSG00000182885.17,1.1653186489646383
ENSG00000188322.8,1.1653094131552075
ENSG00000225439.3,1.1653029675089415
ENSG00000145945.7,1.1652240569709331
ENSG00000272551.1,1.1651511355941384
ENSG00000233593.10,1.1649711436518642
ENSG00000135052.16,1.1648961713658856
ENSG00000106333.13,1.164895326740833
ENSG00000197769.6,1.1648401598180453
ENSG00000131759.18,1.1644146881757351
ENSG00000185201.16,1.1643409761064207
ENSG00000255521.2,1.1641317876043897
ENSG00000147883.12,1.1637235059087347
ENSG00000082397.17,1.1635658897016175
ENSG00000223783.1,1.1635016951796062
ENSG00000073910.22,1.1633738021290574
ENSG00000163499.12,1.1630671741398804
ENSG00000137473.18,1.1629694016421424
ENSG00000170370.12,1.1625324186846062
ENSG00000156853.13,1.1625220690706184
ENSG00000243836.5,1.1623655830029629
ENSG00000121316.11,1.1623429683964814
ENSG00000226329.2,1.1623138538845783
ENSG00000102349.18,1.1619109551361435
ENSG00000253570.1,1.1615986663858526
ENSG00000250961.2,1.1614658231286754
ENSG00000146216.13,1.1614499229279278
ENSG00000101335.10,1.161333886236057
ENSG00000060558.4,1.1612776283409711
ENSG00000183549.10,1.1612689701596357
ENSG00000134545.14,1.1612209080712623
ENSG00000243232.6,1.1611927379252862
ENSG00000101470.10,1.1611189785620422
ENSG00000140795.13,1.161112073294068
ENSG00000198178.11,1.1609047705620879
ENSG00000245910.8,1.160857163441953
ENSG00000158865.12,1.160415286280607
ENSG00000228184.1,1.1603714218764742
ENSG00000122591.12,1.1603073470486889
ENSG00000134874.18,1.160267803642848
ENSG00000179094.16,1.1602045072793057
ENSG00000183458.14,1.1601741851974454
ENSG00000004948.16,1.1601385492445637
ENSG00000286377.1,1.1601205742141651
ENSG00000111247.15,1.1600652301577483
ENSG00000153060.8,1.1600344450006026
ENSG00000214870.9,1.1596478461334672
ENSG00000102996.5,1.1595519169368032
ENSG00000268080.2,1.158835979318828
ENSG00000268100.1,1.158780645603566
ENSG00000134013.16,1.1587735562398502
ENSG00000162520.15,1.158655034971521
ENSG00000251562.8,1.158550741496961
ENSG00000200385.1,1.15848121270669
ENSG00000233223.3,1.1583738703918092
ENSG00000079215.14,1.1582986840162275
ENSG00000115604.11,1.1581358150049519
ENSG00000211745.3,1.157874147313278
ENSG00000185551.15,1.1577120373969643
ENSG00000174500.13,1.1576215793228362
ENSG00000078114.19,1.1575439327492087
ENSG00000233806.7,1.1574128249873283
ENSG00000149054.16,1.157279087260949
ENSG00000100526.20,1.1571845009392074
ENSG00000154920.15,1.1569693942864678
ENSG00000168675.19,1.1569205208127311
ENSG00000101198.15,1.1566373158865184
ENSG00000153303.17,1.1565120844514922
ENSG00000184163.3,1.1560395542236332
ENSG00000186642.16,1.1558764008476272
ENSG00000274286.2,1.1558190037229221
ENSG00000253182.1,1.1557842857534526
ENSG00000143878.10,1.1555250991230053
ENSG00000227591.5,1.1552369312959003
ENSG00000211788.2,1.1551120851910393
ENSG00000258676.5,1.1551046579878541
ENSG00000253741.2,1.155068696938059
ENSG00000108465.15,1.1549627247063963
ENSG00000287725.1,1.1548820558454207
ENSG00000197467.16,1.1547475739928093
ENSG00000168229.4,1.1546771698391958
ENSG00000240207.7,1.1545769218457949
ENSG00000164669.13,1.1544906284451029
ENSG00000164197.12,1.154288291880962
ENSG00000267296.2,1.1542398811812176
ENSG00000146414.16,1.1540730695523091
ENSG00000186976.15,1.153873181377636
ENSG00000258590.5,1.1536054324972822
ENSG00000102032.13,1.1534205325077238
ENSG00000107147.14,1.153060561523351
ENSG00000142408.6,1.153050579299783
ENSG00000205403.13,1.1529414395001192
ENSG00000261068.2,1.152625353262874
ENSG00000120324.9,1.152616891612546
ENSG00000159189.12,1.1524673601279196
ENSG00000155792.10,1.1520254746318752
ENSG00000261888.1,1.1519231740593365
ENSG00000282164.3,1.1518869137490115
ENSG00000134061.5,1.1518835982758386
ENSG00000125430.9,1.1514610395628078
ENSG00000152804.11,1.1509889038358667
ENSG00000233170.4,1.1509555425544868
ENSG00000226496.3,1.150902028926062
ENSG00000251615.3,1.150636454375919
ENSG00000180667.10,1.1505624701072708
ENSG00000146373.16,1.1504960388778214
ENSG00000172197.11,1.1503340954789099
ENSG00000285128.1,1.1494342445168593
ENSG00000124140.14,1.1494303802414427
ENSG00000141404.17,1.149292168890118
ENSG00000125657.5,1.1489866163337505
ENSG00000130962.18,1.1489071233654702
ENSG00000184227.8,1.1488934315475126
ENSG00000160117.16,1.1488267345662322
ENSG00000277182.1,1.1486342648505021
ENSG00000250486.5,1.1486246371400706
ENSG00000234883.6,1.1485862645875768
ENSG00000150672.17,1.148582393296086
ENSG00000179133.15,1.1482320008598386
ENSG00000227473.1,1.1479294949343264
ENSG00000135914.6,1.1479027092005263
ENSG00000284648.1,1.1475666790336159
ENSG00000162373.13,1.147448454376698
ENSG00000134138.20,1.1473369019707733
ENSG00000112293.15,1.1471401904267484
ENSG00000278918.1,1.1470299285352599
ENSG00000147676.14,1.1468659826844507
ENSG00000235750.10,1.1467862172665402
ENSG00000144642.22,1.1467733454484155
ENSG00000131844.16,1.1466178585635118
ENSG00000127423.11,1.1465813241095733
ENSG00000257829.1,1.1465706112167977
ENSG00000179331.3,1.1464575387895246
ENSG00000257242.8,1.1460791317301096
ENSG00000227775.3,1.1460636420244912
ENSG00000148541.13,1.145946659407806
ENSG00000115107.20,1.1457128051849275
ENSG00000250159.7,1.1454777945598287
ENSG00000085552.17,1.1451979309407874
ENSG00000204531.20,1.145154461319814
ENSG00000125744.12,1.1450029390449397
ENSG00000169668.11,1.1449034271226077
ENSG00000169618.7,1.1448107141440202
ENSG00000187595.16,1.1447950637830566
ENSG00000271361.1,1.1446677006513288
ENSG00000110079.18,1.1445959431896264
ENSG00000177707.11,1.144552573795114
ENSG00000178038.17,1.1445206842159872
ENSG00000156427.8,1.1439672423765346
ENSG00000204060.7,1.143906389962515
ENSG00000251301.7,1.1438913819989984
ENSG00000225526.5,1.143690340102385
ENSG00000250803.6,1.1434906228102304
ENSG00000182195.9,1.1431363219511739
ENSG00000089472.16,1.142999568268782
ENSG00000136982.6,1.1429838617749484
ENSG00000285847.2,1.142954960780417
ENSG00000054690.14,1.1428203622518989
ENSG00000145623.13,1.1427139203426675
ENSG00000139971.15,1.142586287686719
ENSG00000176641.11,1.142546003341085
ENSG00000186094.17,1.1424153061515554
ENSG00000171227.7,1.142263439964872
ENSG00000106780.9,1.1421823449828494
ENSG00000196329.11,1.1417692237844872
ENSG00000235314.1,1.1415556614756517
ENSG00000151572.18,1.1414877362327347
ENSG00000163596.16,1.1411516860015862
ENSG00000247011.2,1.141085856410599
ENSG00000106066.15,1.141007386017426
ENSG00000147160.9,1.140861877878518
ENSG00000121594.12,1.1406790497629866
ENSG00000171659.15,1.1405730862485395
ENSG00000181744.9,1.1405118099182467
ENSG00000182459.5,1.140400736272564
ENSG00000124678.20,1.1402837538531205
ENSG00000129038.16,1.1402198323260633
ENSG00000004809.14,1.1400267861259665
ENSG00000138400.13,1.1399836014436582
ENSG00000158715.6,1.1398335800991541
ENSG00000133818.14,1.1397565151356308
ENSG00000233332.1,1.1397043847525754
ENSG00000223485.4,1.1396341431222636
ENSG00000204219.11,1.1394193316570715
ENSG00000274602.5,1.1393825662612247
ENSG00000177234.7,1.139115954439058
ENSG00000147509.14,1.1390966099004454
ENSG00000170525.21,1.1387038751073546
ENSG00000169750.9,1.138286285312105
ENSG00000232140.2,1.1382651441192801
ENSG00000197299.12,1.138214808416518
ENSG00000001630.17,1.138202617900803
ENSG00000260855.1,1.1379601679918834
ENSG00000261934.2,1.1379309045125965
ENSG00000141968.8,1.1377721924399602
ENSG00000173627.8,1.1375951425131943
ENSG00000283178.1,1.1373594072750082
ENSG00000286289.1,1.1373214454534135
ENSG00000181392.17,1.1372885391818583
ENSG00000184260.6,1.13712164560838
ENSG00000224420.3,1.1370974087226944
ENSG00000206013.2,1.1370234669326256
ENSG00000182685.7,1.1369397848203466
ENSG00000187952.9,1.1368681838045742
ENSG00000167996.16,1.136794847962899
ENSG00000237039.1,1.1366149481538252
ENSG00000226686.8,1.136513093139267
ENSG00000155530.3,1.1364255963642578
ENSG00000212864.3,1.1364185637063537
ENSG00000139318.8,1.1362737959980107
ENSG00000260293.2,1.13616903610058
ENSG00000114770.17,1.1359636700197808
ENSG00000172794.20,1.135939301973525
ENSG00000198826.11,1.1355880120946569
ENSG00000233355.7,1.1355005495333115
ENSG00000163354.15,1.1353974644451121
ENSG00000172216.6,1.1350702377835566
ENSG00000137491.15,1.135060110423089
ENSG00000172349.17,1.1349002899761478
ENSG00000166148.4,1.1345507546430027
ENSG00000143333.7,1.134543371343372
ENSG00000108679.13,1.1342463755391203
ENSG00000168386.18,1.133914480567363
ENSG00000148700.15,1.1338144961193648
ENSG00000163638.13,1.1337970194755582
ENSG00000234184.6,1.1335453841255518
ENSG00000225756.1,1.1333649222919586
ENSG00000163171.8,1.1332983346695134
ENSG00000204397.8,1.1332118112097138
ENSG00000127533.4,1.1327262408436822
ENSG00000072274.13,1.1326372363803916
ENSG00000180432.6,1.1323093997609792
ENSG00000215262.8,1.132200796086892
ENSG00000180318.4,1.131920834272763
ENSG00000099998.18,1.131689810008345
ENSG00000158457.6,1.1315756563831163
ENSG00000162924.15,1.1313106746483934
ENSG00000072694.21,1.131213753623745
ENSG00000182472.9,1.130880413826568
ENSG00000176788.9,1.1307173291861337
ENSG00000286176.2,1.130692273018903
ENSG00000242147.3,1.1306105388386996
ENSG00000235532.1,1.130578252076612
ENSG00000152582.14,1.1301445604997484
ENSG00000165434.8,1.1300889306551711
ENSG00000182871.16,1.129961502655951
ENSG00000166803.14,1.129906897210407
ENSG00000164038.16,1.1295628276842613
ENSG00000267868.1,1.129239519488576
ENSG00000100625.9,1.1291159439395964
ENSG00000237574.1,1.1289158747025851
ENSG00000257842.6,1.1286886796578794
ENSG00000260219.2,1.1284672654594594
ENSG00000188000.5,1.1284575342944885
ENSG00000121236.21,1.1283335242234795
ENSG00000166004.15,1.1272602457935195
ENSG00000274979.1,1.1271830519101114
ENSG00000151917.18,1.1271559466080723
ENSG00000149506.11,1.1271328548409152
ENSG00000137807.16,1.127115904673987
ENSG00000107554.17,1.1270646752049318
ENSG00000243970.3,1.1269144923490495
ENSG00000260372.7,1.126562521983658
ENSG00000216588.9,1.126556566132309
ENSG00000230836.1,1.126525459564736
ENSG00000214145.7,1.12643320097866
ENSG00000100156.10,1.1263957827493722
ENSG00000065717.15,1.1263895093984475
ENSG00000253120.1,1.1262926433895548
ENSG00000070182.21,1.1262840097916456
ENSG00000279382.1,1.12598773281676
ENSG00000224260.6,1.1257923606829836
ENSG00000197859.11,1.125735842662527
ENSG00000104177.18,1.1257234179197655
ENSG00000241399.7,1.1251026219694837
ENSG00000145545.12,1.124433932913963
ENSG00000120278.16,1.1243796816913785
ENSG00000075643.6,1.1243216002835381
ENSG00000127955.17,1.1241525921337563
ENSG00000212123.4,1.1241463268684704
ENSG00000064199.7,1.12410679888745
ENSG00000188848.16,1.124013280587559
ENSG00000114378.17,1.1239685403029778
ENSG00000227825.4,1.1239503537911322
ENSG00000237863.3,1.123915412615496
ENSG00000163606.11,1.1239082600657793
ENSG00000158186.13,1.1238543878653
ENSG00000237125.11,1.123771172326962
ENSG00000170891.11,1.123576304023192
ENSG00000241684.6,1.1231511651829267
ENSG00000237594.2,1.1229656427174328
ENSG00000142303.14,1.1228733978135361
ENSG00000072840.13,1.1225880863165625
ENSG00000231870.4,1.1224650257228554
ENSG00000259605.3,1.122462427919757
ENSG00000254682.1,1.1224421948854482
ENSG00000196972.9,1.1224297090051618
ENSG00000130508.11,1.1219537292559543
ENSG00000089356.18,1.1217736627182286
ENSG00000071073.13,1.1214020490827625
ENSG00000230628.1,1.1211179128983337
ENSG00000163683.12,1.1210072941273406
ENSG00000189423.13,1.1206351129803465
ENSG00000178460.18,1.1205454340790957
ENSG00000152595.16,1.1204624415465456
ENSG00000160097.20,1.1203474757334804
ENSG00000268355.1,1.1203200273119165
ENSG00000257398.8,1.1202241590292477
ENSG00000225255.6,1.1199879700117132
ENSG00000147650.11,1.119981015147881
ENSG00000185215.11,1.119586752129738
ENSG00000169894.18,1.1194112654730402
ENSG00000105851.11,1.1193070558131004
ENSG00000105974.13,1.1191002049028838
ENSG00000277531.2,1.1188854512334272
ENSG00000157470.12,1.1187749527049031
ENSG00000156398.13,1.1187214704651276
ENSG00000243004.6,1.1185905891231311
ENSG00000204136.11,1.1183592308817358
ENSG00000253816.3,1.118052001947384
ENSG00000224137.1,1.11787610890756
ENSG00000269067.2,1.117797268264658
ENSG00000146147.15,1.117670012487202
ENSG00000105426.17,1.1176034162537019
ENSG00000261189.1,1.1172924106170723
ENSG00000204267.16,1.117256343303522
ENSG00000122012.14,1.1172046020080326
ENSG00000164035.10,1.1169870449854642
ENSG00000142279.13,1.1169815767797298
ENSG00000176383.9,1.1169775885865065
ENSG00000160201.12,1.1168469204409928
ENSG00000213757.3,1.1166995002833178
ENSG00000188681.11,1.1166664846090493
ENSG00000204616.11,1.116609030889192
ENSG00000272189.1,1.1164824983646566
ENSG00000160712.13,1.1164532530141331
ENSG00000183682.8,1.1163090181499418
ENSG00000149781.13,1.1162571353143764
ENSG00000211789.2,1.116023320789956
ENSG00000122862.5,1.115892579853703
ENSG00000242472.1,1.115848910523111
ENSG00000126947.13,1.115839749400565
ENSG00000123901.9,1.1156805805256151
ENSG00000127995.17,1.1154601473075179
ENSG00000155629.15,1.115377561880853
ENSG00000225833.1,1.1153221758787302
ENSG00000271727.2,1.115119249875441
ENSG00000280294.1,1.1149831855710353
ENSG00000109181.12,1.1148103862382037
ENSG00000015592.16,1.1146438684246005
ENSG00000184500.16,1.1146107747983696
ENSG00000214274.10,1.114477847501632
ENSG00000173258.13,1.11445409194438
ENSG00000108342.13,1.1144250803638927
ENSG00000164100.9,1.114265729779139
ENSG00000287352.1,1.1142075886837386
ENSG00000204851.7,1.1140764432294497
ENSG00000184486.10,1.113909107658465
ENSG00000287519.1,1.1138760690068894
ENSG00000253552.8,1.1138351455069533
ENSG00000129675.16,1.1137195896366743
ENSG00000265296.1,1.1136415274294642
ENSG00000267892.1,1.1133298084833259
ENSG00000164241.13,1.1133222667704878
ENSG00000130821.17,1.1132920959480084
ENSG00000159450.12,1.112949388472303
ENSG00000173040.13,1.1124319912102265
ENSG00000205056.8,1.11221859436051
ENSG00000203883.7,1.1122059938665998
ENSG00000103647.13,1.1120857615263582
ENSG00000130035.9,1.1120702522188766
ENSG00000178150.10,1.1120177701287992
ENSG00000117598.13,1.111841018694377
ENSG00000181751.10,1.111713210588898
ENSG00000038945.15,1.111705865477032
ENSG00000263563.6,1.1116955037213383
ENSG00000051180.17,1.1114936798132145
ENSG00000286989.1,1.111464717055605
ENSG00000228903.7,1.1111403728272773
ENSG00000250770.3,1.11113930826802
ENSG00000254162.1,1.111110353566248
ENSG00000224848.2,1.1110781453012641
ENSG00000234928.1,1.111055624278754
ENSG00000266094.8,1.1110339041634523
ENSG00000088305.18,1.110624688386567
ENSG00000089041.17,1.110624201090159
ENSG00000126218.12,1.1099397525262225
ENSG00000228109.1,1.1098914304755874
ENSG00000230795.3,1.1098496375930582
ENSG00000130592.17,1.1097119215777869
ENSG00000243364.8,1.1096427568505094
ENSG00000279127.1,1.1094727463679093
ENSG00000249948.6,1.1093630449115006
ENSG00000260487.1,1.1091739703341932
ENSG00000170209.5,1.1088733041212986
ENSG00000132359.15,1.108694026109619
ENSG00000141527.18,1.1086663531777814
ENSG00000068079.8,1.1085371584737869
ENSG00000227619.3,1.1085193429073197
ENSG00000185630.19,1.1084759132128599
ENSG00000196872.12,1.1084651615061594
ENSG00000171223.6,1.1081417487722214
ENSG00000156650.14,1.107840922125286
ENSG00000129244.9,1.1076094689944849
ENSG00000176049.16,1.1074733858628116
ENSG00000181788.4,1.107463125379971
ENSG00000230658.2,1.1074611768943177
ENSG00000102445.20,1.1071296335123195
ENSG00000197870.12,1.1070543417957552
ENSG00000226210.3,1.1068927287728039
ENSG00000259033.2,1.1068714699028883
ENSG00000183853.18,1.106651590256423
ENSG00000128266.9,1.1064851227973675
ENSG00000054277.14,1.1062740895328738
ENSG00000161714.12,1.1061202339275227
ENSG00000170684.9,1.1059708799102157
ENSG00000211721.2,1.1056363467326518
ENSG00000172318.5,1.1056099275041005
ENSG00000164303.11,1.105565673411568
ENSG00000254632.2,1.1055611850641842
ENSG00000142765.18,1.1053534923727275
ENSG00000012779.11,1.1053523070352924
ENSG00000150510.17,1.1050876017376396
ENSG00000028277.21,1.1050525528454038
ENSG00000240498.9,1.105026290090197
ENSG00000182791.5,1.1046681313090092
ENSG00000120156.22,1.104476163877729
ENSG00000105996.7,1.1042366975952087
ENSG00000070729.14,1.1041065133933843
ENSG00000134744.14,1.1038649379920502
ENSG00000148204.12,1.1038184247885539
ENSG00000279041.1,1.1037775419780842
ENSG00000207445.1,1.1037318081320242
ENSG00000254211.6,1.1035066561572104
ENSG00000128710.6,1.103492727693471
ENSG00000125337.19,1.103326893111014
ENSG00000238145.2,1.1032956951427728
ENSG00000197128.12,1.1032430385153273
ENSG00000147872.10,1.1031514799110367
ENSG00000262198.1,1.1031508656855555
ENSG00000177606.8,1.1028915555123666
ENSG00000156475.18,1.1026413843339529
ENSG00000020181.18,1.102457028583795
ENSG00000137962.13,1.1024188123506276
ENSG00000151320.11,1.1022973007646606
ENSG00000175868.14,1.1022010443246564
ENSG00000185513.17,1.1019626320836577
ENSG00000204323.5,1.1016647733041411
ENSG00000237886.1,1.1015884398421167
ENSG00000146192.15,1.1014209088804818
ENSG00000260001.6,1.101402920884677
ENSG00000158423.17,1.1011223517948463
ENSG00000112320.12,1.1008122376750282
ENSG00000151067.22,1.100621915502002
ENSG00000272734.1,1.1004939749799172
ENSG00000272848.2,1.1004399243419858
ENSG00000233309.1,1.1004258010236296
ENSG00000169403.12,1.1003501549616674
ENSG00000197476.3,1.100203930476903
ENSG00000026508.20,1.1000066331578773
ENSG00000227482.1,1.099829331655312
ENSG00000171843.17,1.0997495395208667
ENSG00000089820.16,1.0997398238521587
ENSG00000261379.1,1.0996783761244178
ENSG00000136011.15,1.0996768283891345
ENSG00000285873.1,1.0996247864380286
ENSG00000135678.12,1.099485073115055
ENSG00000128284.19,1.0994735450527413
ENSG00000115363.14,1.099401283610024
ENSG00000100644.17,1.099217575000368
ENSG00000287415.1,1.0991989065694718
ENSG00000136840.19,1.0991922138809367
ENSG00000204389.10,1.0988484384254662
ENSG00000163507.14,1.098774360419489
ENSG00000103187.8,1.0986512279870602
ENSG00000177453.7,1.098594707368344
ENSG00000287692.1,1.0985452943104081
ENSG00000121966.7,1.0984493026725668
ENSG00000213347.10,1.0980765563604704
ENSG00000127663.15,1.0979689977410239
ENSG00000254363.6,1.0978418183673666
ENSG00000132016.11,1.0977859981392792
ENSG00000136149.6,1.0975437615387202
ENSG00000157330.10,1.0970953991824253
ENSG00000167178.16,1.0970496502753326
ENSG00000198223.17,1.0970108775889447
ENSG00000137273.6,1.0969975044857458
ENSG00000183230.17,1.0967176971100066
ENSG00000227183.3,1.0966667454136951
ENSG00000185100.11,1.0964518949779596
ENSG00000198840.2,1.0963669341875417
ENSG00000165443.12,1.0962825800167137
ENSG00000185666.15,1.0961959609159961
ENSG00000221963.6,1.0960964115754244
ENSG00000167094.16,1.0959489459346292
ENSG00000175643.10,1.095735799246295
ENSG00000124743.6,1.0954552664593475
ENSG00000163637.13,1.0952891340005244
ENSG00000187013.4,1.0952695231205407
ENSG00000197943.10,1.0951187918765384
ENSG00000110975.8,1.0949695283710248
ENSG00000286802.1,1.0949346737684842
ENSG00000235974.1,1.0947009030409247
ENSG00000258408.1,1.094545164825577
ENSG00000112276.14,1.0944969021447704
ENSG00000156299.13,1.094245749660554
ENSG00000124374.9,1.0942397738530896
ENSG00000243978.8,1.094069601630849
ENSG00000177025.3,1.093827146662423
ENSG00000075826.17,1.093769499736093
ENSG00000277632.2,1.093561935427013
ENSG00000005884.18,1.0933678934429334
ENSG00000204021.4,1.0931972880546774
ENSG00000240225.10,1.09293102691117
ENSG00000176438.12,1.092784806312787
ENSG00000130768.15,1.0926653119425058
ENSG00000260088.1,1.0926241435513881
ENSG00000269834.6,1.092489690504739
ENSG00000261236.8,1.0923344516102622
ENSG00000186487.20,1.092291314696016
ENSG00000115758.13,1.0922826957652896
ENSG00000150394.14,1.0922519337075034
ENSG00000283511.1,1.0921229846376261
ENSG00000064989.13,1.0920392125249223
ENSG00000108823.16,1.0918328227977214
ENSG00000099282.10,1.0916932769170575
ENSG00000250337.7,1.0915842369414002
ENSG00000106789.13,1.0912976933058063
ENSG00000182912.6,1.0911647699268743
ENSG00000176463.14,1.09102010812537
ENSG00000186471.13,1.091016473160992
ENSG00000226876.3,1.0907677023226012
ENSG00000242574.9,1.0907225060373587
ENSG00000112333.12,1.0906058145799287
ENSG00000260018.1,1.0903828195220673
ENSG00000225964.6,1.0902967599319562
ENSG00000198720.13,1.0902912873308885
ENSG00000128242.13,1.0900062355678266
ENSG00000182612.10,1.0899863749593153
ENSG00000235713.1,1.0896094347108851
ENSG00000154040.21,1.0894942229885842
ENSG00000068650.18,1.0889613819489288
ENSG00000112294.14,1.0889497316961987
ENSG00000223553.6,1.0889278587041549
ENSG00000212747.5,1.0886515215286612
ENSG00000228933.8,1.0886473377220638
ENSG00000278291.1,1.0884770498096206
ENSG00000109832.14,1.0882835068152668
ENSG00000228705.2,1.0881828029209555
ENSG00000072832.15,1.0878674152930616
ENSG00000185347.18,1.087808170800734
ENSG00000077943.8,1.0878035547418667
ENSG00000166924.9,1.0875763735939539
ENSG00000198723.11,1.0875273302572757
ENSG00000144668.12,1.0873682407088578
ENSG00000264070.1,1.0871021471258078
ENSG00000197588.9,1.0869691607195704
ENSG00000130775.16,1.086967489017679
ENSG00000162873.15,1.0869428897034688
ENSG00000216915.2,1.0868334034252736
ENSG00000185038.14,1.0868296724313478
ENSG00000234703.1,1.0867321451909384
ENSG00000150938.10,1.08657836552924
ENSG00000158315.11,1.0864279805799797
ENSG00000160145.15,1.0861160664821257
ENSG00000187546.14,1.0860335906639695
ENSG00000228695.10,1.0858769615915034
ENSG00000134817.11,1.085719895688917
ENSG00000163563.8,1.0857024840698293
ENSG00000214575.9,1.0856697903949049
ENSG00000264714.1,1.0854604492159377
ENSG00000163430.12,1.0848178452950252
ENSG00000261829.1,1.084563257971572
ENSG00000211795.3,1.08441668126405
ENSG00000204131.9,1.0843828237512851
ENSG00000286705.1,1.0843783325481078
ENSG00000169181.13,1.0842497219961167
ENSG00000235568.7,1.084085333317629
ENSG00000000003.15,1.0840574954981586
ENSG00000151150.22,1.083865859942159
ENSG00000169495.5,1.0838530157857993
ENSG00000198771.11,1.0838208719197278
ENSG00000177602.5,1.0837327972325488
ENSG00000259683.1,1.0837208895074246
ENSG00000261693.1,1.0837031465945863
ENSG00000260805.2,1.083624779138753
ENSG00000105971.15,1.0836212134993777
ENSG00000163794.6,1.0835776923248555
ENSG00000262119.1,1.0831891363407897
ENSG00000218281.1,1.0831812122177475
ENSG00000273619.1,1.0829821927003596
ENSG00000144152.13,1.08296359657711
ENSG00000105717.14,1.082895988302441
ENSG00000140403.12,1.0827970329997907
ENSG00000180061.10,1.082029209930713
ENSG00000251533.2,1.0815387196053716
ENSG00000271811.1,1.0814479549841778
ENSG00000164107.9,1.0813021593194085
ENSG00000127329.16,1.0811208265588956
ENSG00000284753.2,1.0809074859603267
ENSG00000105889.16,1.0806936111408336
ENSG00000008226.20,1.0805295113335576
ENSG00000162643.13,1.0804422450229145
ENSG00000271824.2,1.0797719974852429
ENSG00000100206.10,1.0794486886902845
ENSG00000265660.1,1.0791830718924453
ENSG00000206190.12,1.0790077433570562
ENSG00000137752.24,1.07886388590925
ENSG00000183784.7,1.0788518277865706
ENSG00000102048.16,1.078582713867377
ENSG00000153982.11,1.078458649292621
ENSG00000101197.13,1.0783897510956784
ENSG00000187010.21,1.0783895028860573
ENSG00000149131.17,1.078379140406812
ENSG00000006282.21,1.0782207615983315
ENSG00000173295.7,1.0780478950523904
ENSG00000069696.7,1.0780442273005921
ENSG00000288009.1,1.0779455996623428
ENSG00000197847.12,1.0778156627362063
ENSG00000132274.16,1.0777337786729073
ENSG00000011422.12,1.0776288672237992
ENSG00000184979.10,1.0775807765079213
ENSG00000170989.10,1.0775793338709483
ENSG00000283930.1,1.0773231608321758
ENSG00000147251.15,1.0773161761963213
ENSG00000186310.10,1.0772858804659957
ENSG00000257315.3,1.0771856754040932
ENSG00000271079.1,1.0769736437181927
ENSG00000273151.1,1.0769370254575135
ENSG00000117600.12,1.0764793690793373
ENSG00000105011.9,1.0764187469055788
ENSG00000005981.13,1.0763514894752426
ENSG00000163106.11,1.076345959741147
ENSG00000137193.14,1.0762617769770664
ENSG00000178395.7,1.0759822525797158
ENSG00000242193.11,1.075616971901093
ENSG00000162745.10,1.0755724429589286
ENSG00000147535.17,1.0755700916193827
ENSG00000075651.16,1.075522779807013
ENSG00000259820.1,1.075478923735751
ENSG00000123473.16,1.0753611983996043
ENSG00000230084.6,1.0753454051744398
ENSG00000215009.5,1.07524214010669
ENSG00000125895.5,1.0752230672212872
ENSG00000149582.16,1.0751953241100671
ENSG00000134463.15,1.075061352862547
ENSG00000188859.7,1.0749780084021896
ENSG00000149554.13,1.0749422887421365
ENSG00000118898.16,1.0744727919717232
ENSG00000215784.6,1.074227454175529
ENSG00000225465.9,1.0741749676010868
ENSG00000198719.9,1.0741721919965892
ENSG00000137642.13,1.0739335093667812
ENSG00000204264.12,1.0739136595607328
ENSG00000036565.15,1.0737624295831845
ENSG00000164330.17,1.0737306975661318
ENSG00000129910.8,1.0736412432118319
ENSG00000214491.8,1.0735288533700538
ENSG00000278071.1,1.0734220913896313
ENSG00000171522.6,1.0733998121000479
ENSG00000116396.15,1.073330014964652
ENSG00000127472.11,1.0733019490888436
ENSG00000092607.15,1.0731624737326573
ENSG00000175600.16,1.0729049887412079
ENSG00000214900.11,1.0728248056873348
ENSG00000198879.12,1.0727345979055047
ENSG00000161929.15,1.0727131831033856
ENSG00000224957.6,1.0726893719808397
ENSG00000244509.4,1.0725664869131541
ENSG00000174992.8,1.0725399327707694
ENSG00000111490.15,1.072450615433347
ENSG00000253716.6,1.0724263275025006
ENSG00000279414.1,1.0721449058789345
ENSG00000134802.18,1.072127661856994
ENSG00000171658.8,1.0719517833894865
ENSG00000118503.15,1.0718202726122246
ENSG00000189350.13,1.0717700461208823
ENSG00000186862.20,1.071641385118892
ENSG00000134115.13,1.0712173764155457
ENSG00000177706.9,1.071143692701259
ENSG00000259207.9,1.0710871946990388
ENSG00000148516.22,1.0709928632834351
ENSG00000117425.14,1.0709643178385646
ENSG00000131477.11,1.0708031712678021
ENSG00000112667.13,1.0706331170345023
ENSG00000259925.1,1.0705793077580077
ENSG00000170498.9,1.0704565968614634
ENSG00000049247.14,1.0704432476990418
ENSG00000165490.13,1.0700207709614902
ENSG00000214401.4,1.0699223734513825
ENSG00000173212.4,1.069892476311354
ENSG00000187862.12,1.069727319301387
ENSG00000105711.13,1.0696601008859898
ENSG00000106006.6,1.0695328684274874
ENSG00000178789.9,1.0694629470290309
ENSG00000174600.14,1.069456445294896
ENSG00000147576.17,1.0694024782605205
ENSG00000165359.16,1.069283293769337
ENSG00000211645.2,1.069130567166126
ENSG00000059804.16,1.0690282069797725
ENSG00000230454.1,1.068878398936842
ENSG00000178031.17,1.068860640783634
ENSG00000173013.6,1.0687374303442991
ENSG00000105327.18,1.068615656422341
ENSG00000178772.7,1.0685345004672662
ENSG00000287069.1,1.068251175974894
ENSG00000118308.15,1.0682046204351734
ENSG00000102024.18,1.0680937919844689
ENSG00000167618.10,1.0679756952673563
ENSG00000120457.12,1.0676082187208311
ENSG00000184357.5,1.0675465040824035
ENSG00000117632.23,1.0674779493941384
ENSG00000266970.1,1.0674035554384516
ENSG00000162390.18,1.0673383912848522
ENSG00000167311.14,1.0672837135538586
ENSG00000274605.2,1.0672449473315666
ENSG00000240219.1,1.0669973732155682
ENSG00000233110.1,1.066982782677392
ENSG00000274928.6,1.0669040255739242
ENSG00000257556.2,1.0668950395567587
ENSG00000099849.15,1.0667066590158905
ENSG00000171291.8,1.0665374684744706
ENSG00000197380.11,1.066365738462469
ENSG00000220323.4,1.0662072514215584
ENSG00000122223.13,1.0662059606531058
ENSG00000178301.4,1.066159004736631
ENSG00000135119.15,1.0657376072996423
ENSG00000091428.18,1.065594641644248
ENSG00000108984.15,1.0655939589247065
ENSG00000146267.12,1.0655756636007399
ENSG00000007129.18,1.0655054678497167
ENSG00000279561.2,1.0654829758463171
ENSG00000269699.6,1.0653969270434716
ENSG00000145088.9,1.0653895840353056
ENSG00000244219.7,1.0653024848882795
ENSG00000168830.8,1.0651207866238097
ENSG00000197121.15,1.0650723313972672
ENSG00000273388.1,1.0649703223300226
ENSG00000126821.8,1.064921250823559
ENSG00000101224.17,1.064622170039564
ENSG00000127507.18,1.0646125187283315
ENSG00000099840.14,1.064583511267631
ENSG00000215006.4,1.0645745639957271
ENSG00000223931.2,1.0643044989972756
ENSG00000258732.1,1.0642334970564855
ENSG00000104763.20,1.064230267106992
ENSG00000183873.18,1.0641685911982528
ENSG00000204161.14,1.0640913772058238
ENSG00000260852.1,1.0640714326757783
ENSG00000261678.3,1.0640598488771846
ENSG00000243742.5,1.0639944137690969
ENSG00000177202.3,1.0639635517294963
ENSG00000095203.14,1.0634303334666468
ENSG00000185275.6,1.063412148834103
ENSG00000075702.18,1.0633994139330516
ENSG00000135127.11,1.0632150915378709
ENSG00000131409.13,1.0630870896829865
ENSG00000287929.1,1.0627704501362258
ENSG00000255135.4,1.0627619720329156
ENSG00000261241.7,1.0625640357131187
ENSG00000040608.14,1.0625400081084517
ENSG00000170458.14,1.0625039665559024
ENSG00000123384.14,1.0623754170445001
ENSG00000198216.12,1.0619793796806176
ENSG00000211694.2,1.061783401629614
ENSG00000165923.16,1.0616604307434983
ENSG00000253661.2,1.0615833640559265
ENSG00000274373.1,1.061443171421697
ENSG00000006015.18,1.0612575037535397
ENSG00000099251.14,1.0611199894352723
ENSG00000279965.1,1.0611059658917998
ENSG00000116183.11,1.0610954396258698
ENSG00000223564.1,1.0610143693696539
ENSG00000234432.4,1.0609687045047513
ENSG00000129422.14,1.0606776043295774
ENSG00000197971.16,1.060663902347261
ENSG00000205045.11,1.0606630574728197
ENSG00000132965.10,1.0606278031279264
ENSG00000167700.9,1.0606239413468441
ENSG00000187672.14,1.060456707513956
ENSG00000198763.3,1.0602993880213538
ENSG00000275549.1,1.060254278666903
ENSG00000143507.18,1.0602224019840831
ENSG00000213760.11,1.0601137445415088
ENSG00000266947.1,1.0600899148174572
ENSG00000175262.14,1.0600107851213152
ENSG00000127586.17,1.0598973735168222
ENSG00000057704.13,1.0597990588700632
ENSG00000146122.17,1.059752628096804
ENSG00000110344.10,1.0596604767360391
ENSG00000211633.3,1.0595962786180235
ENSG00000104972.15,1.0595453268522506
ENSG00000164109.14,1.0595110140549082
ENSG00000173272.16,1.0594330550202569
ENSG00000152315.5,1.0594107848822087
ENSG00000226465.3,1.0591827689277462
ENSG00000230082.1,1.059079972196091
ENSG00000280255.1,1.0589550658948688
ENSG00000002746.15,1.0588952212833211
ENSG00000278897.1,1.0588180851105853
ENSG00000196843.17,1.0587334176019785
ENSG00000166173.11,1.0586182769204833
ENSG00000189419.8,1.05841576263109
ENSG00000189051.5,1.0584033995949595
ENSG00000171433.12,1.0581850278517582
ENSG00000197083.11,1.0580902269591814
ENSG00000273599.1,1.0580518950923434
ENSG00000141837.21,1.057888972311639
ENSG00000151835.16,1.0575013505662283
ENSG00000254343.2,1.0573350265835975
ENSG00000135406.14,1.0572657262684981
ENSG00000197149.5,1.0570753355113203
ENSG00000162645.13,1.0568388280883647
ENSG00000276791.1,1.0568225050371451
ENSG00000008513.16,1.0567919466849727
ENSG00000145819.18,1.0564053086320961
ENSG00000146950.13,1.0563661027570355
ENSG00000250295.6,1.0559379182540463
ENSG00000155307.19,1.055898194155911
ENSG00000176076.7,1.055778689840304
ENSG00000186153.17,1.0556796383555627
ENSG00000222038.4,1.0556312151324017
ENSG00000138160.7,1.0555611441971522
ENSG00000266010.2,1.0554050439677043
ENSG00000188641.14,1.055375802550836
ENSG00000154721.15,1.0553258448098932
ENSG00000176428.6,1.055324862575632
ENSG00000256663.1,1.0552806039412086
ENSG00000065054.14,1.0549038627811664
ENSG00000010610.10,1.0548085948866819
ENSG00000120327.6,1.054756346424331
ENSG00000250742.4,1.054524072622709
ENSG00000170522.10,1.0545075081159385
ENSG00000205978.6,1.054201493997481
ENSG00000180066.10,1.054193590966131
ENSG00000198786.2,1.0540269671115607
ENSG00000162426.16,1.053857029482469
ENSG00000166143.10,1.053557483666718
ENSG00000182632.15,1.0535062057681805
ENSG00000174564.13,1.0534663396173942
ENSG00000115464.15,1.0534058242950604
ENSG00000224063.6,1.0532985891906326
ENSG00000064218.5,1.0531378667512759
ENSG00000265107.3,1.0530511815618513
ENSG00000233762.3,1.0530071752018106
ENSG00000278389.1,1.052777592962763
ENSG00000248359.2,1.0525311722128816
ENSG00000123836.15,1.0523139376732977
ENSG00000253553.7,1.0520368028455285
ENSG00000230638.4,1.051831792757783
ENSG00000279249.3,1.0517611813001675
ENSG00000110876.10,1.0516990426932684
ENSG00000255624.3,1.0516624148804883
ENSG00000278974.1,1.0511850041008544
ENSG00000152642.11,1.0511106835696296
ENSG00000172247.4,1.05109587599223
ENSG00000275011.1,1.0510953339745899
ENSG00000029725.17,1.0509944120789025
ENSG00000204991.11,1.0509163163457642
ENSG00000168268.11,1.0507130585928266
ENSG00000125686.12,1.05070511510027
ENSG00000160072.20,1.050544553665066
ENSG00000258752.2,1.0504852474136452
ENSG00000283041.1,1.0501084229835833
ENSG00000101003.10,1.0500211568305235
ENSG00000187583.11,1.050010489242579
ENSG00000233836.7,1.0499699003493128
ENSG00000116701.15,1.0499205768529407
ENSG00000106952.7,1.049918281914819
ENSG00000082014.17,1.0499159276872807
ENSG00000288538.1,1.049719692228392
ENSG00000155970.12,1.0496998512957338
ENSG00000261061.1,1.0494748262856726
ENSG00000100987.15,1.049391867082325
ENSG00000211593.2,1.0492881325953407
ENSG00000225556.1,1.0492732463885937
ENSG00000285867.1,1.04891335908698
ENSG00000167081.18,1.048841357263441
ENSG00000173926.6,1.0487555017852024
ENSG00000235034.7,1.0487070331000097
ENSG00000183801.8,1.048634891520035
ENSG00000114013.16,1.0485871745605027
ENSG00000187775.17,1.0482506026370662
ENSG00000111254.8,1.0482204239048325
ENSG00000160972.9,1.0481075188264148
ENSG00000166265.13,1.048098983073779
ENSG00000198121.13,1.047880745637372
ENSG00000260912.1,1.0478113039301495
ENSG00000176177.10,1.0476693732972386
ENSG00000178878.13,1.0476404100072008
ENSG00000172164.15,1.0476182135700405
ENSG00000233093.6,1.047504559080214
ENSG00000089177.19,1.047387089078467
ENSG00000137225.13,1.0471950083906518
ENSG00000227630.4,1.0471869232314523
ENSG00000121871.4,1.0469037219656128
ENSG00000180353.11,1.0467060130006438
ENSG00000249859.12,1.0465926082762862
ENSG00000129680.16,1.04655591693683
ENSG00000182487.12,1.0464679544654263
ENSG00000268941.2,1.0460858858066213
ENSG00000204577.11,1.0460356879285513
ENSG00000133142.18,1.045978536528737
ENSG00000080644.16,1.0458586346515808
ENSG00000126733.21,1.04584289828885
ENSG00000198932.13,1.045786155390585
ENSG00000279673.1,1.0455829664970635
ENSG00000188611.16,1.0455122452783578
ENSG00000234663.7,1.0452690787858785
ENSG00000026652.15,1.0451367046392048
ENSG00000070081.17,1.0450775686971634
ENSG00000261192.1,1.045065826099233
ENSG00000227388.3,1.0448858399619534
ENSG00000166831.9,1.044882967216815
ENSG00000146250.7,1.0448593206742347
ENSG00000267327.2,1.044778745927713
ENSG00000251372.6,1.0445926706151605
ENSG00000112208.11,1.04451727380702
ENSG00000246095.2,1.0443956771088292
ENSG00000197653.16,1.0443579744918563
ENSG00000167880.8,1.0443136568720823
ENSG00000279205.1,1.0440932470095898
ENSG00000088543.15,1.0437183888891264
ENSG00000162344.4,1.0436055895272343
ENSG00000225649.6,1.043410034934528
ENSG00000137101.13,1.0431955573833953
ENSG00000004139.14,1.0431928533494217
ENSG00000164588.8,1.043074421955908
ENSG00000166439.6,1.0429807291871804
ENSG00000141485.17,1.0429250443910458
ENSG00000262966.2,1.042900035900205
ENSG00000213889.10,1.0428917740262846
ENSG00000170899.11,1.0428445746763704
ENSG00000185261.14,1.042395131110315
ENSG00000239672.8,1.0422147532443151
ENSG00000168528.12,1.0420170559220605
ENSG00000218014.1,1.0418668149358339
ENSG00000214553.10,1.0416413134312108
ENSG00000130164.14,1.0415359713999852
ENSG00000226816.3,1.04130941855211
ENSG00000170390.16,1.0413060286174638
ENSG00000214121.4,1.0412986669830528
ENSG00000106829.20,1.0412047630788608
ENSG00000225107.1,1.0410737824776493
ENSG00000151033.10,1.0410233087177914
ENSG00000123342.16,1.0410111902950676
ENSG00000097046.13,1.040885715110273
ENSG00000180806.5,1.0408786462104436
ENSG00000179399.15,1.0408621144552959
ENSG00000258387.1,1.0407295559788843
ENSG00000109794.13,1.0407261221652853
ENSG00000240342.3,1.0407004518067038
ENSG00000145569.6,1.040690730756282
ENSG00000135824.12,1.0404337948756046
ENSG00000082269.17,1.0403892391272798
ENSG00000049192.15,1.04028306360237
ENSG00000160949.17,1.0402178169040304
ENSG00000197670.6,1.0401682967211445
ENSG00000235529.1,1.0401456750253677
ENSG00000244694.7,1.0400810610388964
ENSG00000151014.6,1.0399965443293415
ENSG00000067842.17,1.039674730199558
ENSG00000101336.17,1.0395966854010135
ENSG00000142623.11,1.0395578701923227
ENSG00000128283.7,1.039549892994575
ENSG00000178297.14,1.0393179402253263
ENSG00000135905.20,1.0392270989806356
ENSG00000270504.1,1.0391182615346353
ENSG00000260588.1,1.0388456510678388
ENSG00000015285.11,1.038686019530593
ENSG00000134107.5,1.0386252047837972
ENSG00000259363.6,1.0382514302238384
ENSG00000183049.13,1.037655115675341
ENSG00000282995.1,1.0376365584280873
ENSG00000283294.1,1.037535495775989
ENSG00000186765.12,1.0373267196068705
ENSG00000165424.7,1.0372836400590915
ENSG00000155846.17,1.0371222125049158
ENSG00000287963.1,1.037116014641374
ENSG00000113492.14,1.0371066964718856
ENSG00000100065.15,1.0370224475482188
ENSG00000170293.9,1.0369959904114805
ENSG00000143217.9,1.0369125579894156
ENSG00000139117.14,1.0368053010616642
ENSG00000176014.13,1.0367115151540123
ENSG00000279716.1,1.0366859060647908
ENSG00000248323.7,1.0365020988157454
ENSG00000134207.17,1.0359247526963804
ENSG00000083720.13,1.035912179834132
ENSG00000275484.1,1.0353870471859905
ENSG00000235576.1,1.0352276578430784
ENSG00000117480.16,1.0352145098914733
ENSG00000100321.15,1.0351468480512505
ENSG00000144821.10,1.034925075217867
ENSG00000102890.16,1.034873328358371
ENSG00000251363.3,1.034773195330687
ENSG00000171867.17,1.0347245852829787
ENSG00000220785.7,1.0346608811729079
ENSG00000128578.10,1.0342868979519464
ENSG00000249852.1,1.0339138659525051
ENSG00000125967.17,1.0334535155494409
ENSG00000165804.16,1.0333424862132
ENSG00000239572.3,1.033142278415257
ENSG00000151725.12,1.0329739380155223
ENSG00000225518.3,1.0329194903854422
ENSG00000226306.6,1.0328046730683784
ENSG00000107968.10,1.0327851328055244
ENSG00000263316.1,1.0325039914592398
ENSG00000130997.16,1.0324387095988667
ENSG00000137507.11,1.0323780386250723
ENSG00000162460.7,1.0323210941070058
ENSG00000269737.2,1.0321708062304062
ENSG00000286647.1,1.0319415043821598
ENSG00000286868.1,1.0318463864859033
ENSG00000236975.2,1.0318126019615887
ENSG00000260701.2,1.0314215846685295
ENSG00000198468.9,1.0313818035859523
ENSG00000162062.15,1.0311676493633133
ENSG00000259583.3,1.0305832435417606
ENSG00000161513.12,1.0304202373861626
ENSG00000012048.23,1.0302931282420706
ENSG00000178033.6,1.0302199854300511
ENSG00000256576.2,1.0301527583117396
ENSG00000272977.1,1.030105236033615
ENSG00000226660.2,1.0300047268334498
ENSG00000115194.11,1.0296956161412427
ENSG00000204228.4,1.0296844866622312
ENSG00000167508.12,1.029667485298759
ENSG00000178726.7,1.0295182531353355
ENSG00000151208.17,1.0290500750557523
ENSG00000128652.11,1.0290164800220163
ENSG00000170379.20,1.0289395078978394
ENSG00000275557.1,1.0289162530239517
ENSG00000136770.11,1.0284277480737976
ENSG00000033170.17,1.028369769817823
ENSG00000160323.19,1.0280024383856368
ENSG00000157827.20,1.0279553159909132
ENSG00000258743.6,1.0277303419036459
ENSG00000168646.13,1.0276970843536404
ENSG00000176273.15,1.0269997306043166
ENSG00000288156.1,1.0268812759428518
ENSG00000248757.2,1.0268318455570569
ENSG00000217455.8,1.0267648185294127
ENSG00000166960.16,1.0265640370581626
ENSG00000171608.16,1.0265501774653734
ENSG00000162614.19,1.0261953310105667
ENSG00000150045.12,1.0261275846078606
ENSG00000181104.7,1.0260039391445928
ENSG00000161664.7,1.0259011908656208
ENSG00000169067.4,1.0257049665772733
ENSG00000173559.14,1.02542051240799
ENSG00000239445.6,1.025328823655162
ENSG00000250479.9,1.0251150305304664
ENSG00000250874.1,1.0250599848824862
ENSG00000117394.24,1.0250487234680277
ENSG00000254245.3,1.0249117502012421
ENSG00000254404.1,1.0248564190482996
ENSG00000254535.4,1.0248424318037146
ENSG00000120907.18,1.0247654719285968
ENSG00000105784.15,1.0246535913043102
ENSG00000095015.6,1.0244816835350583
ENSG00000146678.10,1.0240198976717498
ENSG00000099338.23,1.023955137602165
ENSG00000179477.11,1.023929241084129
ENSG00000188483.8,1.0239240978259017
ENSG00000109084.14,1.0238791850901712
ENSG00000254860.6,1.0237943172634525
ENSG00000242125.3,1.0237531347203646
ENSG00000166813.16,1.02372108175806
ENSG00000154783.12,1.023628117223594
ENSG00000182481.10,1.0236132182434017
ENSG00000142530.11,1.023597011166116
ENSG00000023171.18,1.0234828370591338
ENSG00000165917.10,1.0234712432176238
ENSG00000164736.6,1.0232423302568703
ENSG00000119714.11,1.0228668008058792
ENSG00000204778.4,1.0227266021318697
ENSG00000198888.2,1.022658410477459
ENSG00000112773.16,1.0226102839536104
ENSG00000223969.6,1.0225498470858558
ENSG00000152207.7,1.022543465723684
ENSG00000275494.1,1.022361048065113
ENSG00000241472.7,1.0223485205788005
ENSG00000143199.18,1.022230942525737
ENSG00000272720.1,1.022149874273765
ENSG00000281404.2,1.0221115054898882
ENSG00000260337.4,1.0220039338497169
ENSG00000271826.5,1.021895775347534
ENSG00000166225.9,1.021779598176576
ENSG00000182916.8,1.021658690080178
ENSG00000095970.17,1.0214275025784252
ENSG00000214595.12,1.0213924506571943
ENSG00000124216.4,1.0213229325787352
ENSG00000188672.19,1.021274513006028
ENSG00000260810.1,1.0212083987927545
ENSG00000013583.10,1.0210765359200913
ENSG00000100298.16,1.0210598700480842
ENSG00000128805.15,1.0210426002938018
ENSG00000034510.6,1.0210135574764643
ENSG00000174125.8,1.0207855769791165
ENSG00000187116.14,1.0207437302516003
ENSG00000140481.15,1.0206629916253607
ENSG00000167775.11,1.0205870605153768
ENSG00000273542.2,1.0205289602322147
ENSG00000123700.5,1.0204850409574775
ENSG00000132622.11,1.0204630366896992
ENSG00000253481.2,1.02042233700347
ENSG00000203668.3,1.0198324660638967
ENSG00000211979.2,1.0198322991911535
ENSG00000145860.12,1.0197452565645153
ENSG00000137726.17,1.0197316636729774
ENSG00000147454.14,1.019727722867626
ENSG00000188372.15,1.0196501638176059
ENSG00000136059.14,1.0194539015329267
ENSG00000163827.13,1.019445701398556
ENSG00000281183.1,1.0190994326516243
ENSG00000248740.6,1.018932540305099
ENSG00000145675.15,1.0189215253053399
ENSG00000082684.16,1.0188920300805322
ENSG00000121690.11,1.0187878194486917
ENSG00000146005.4,1.018503371523043
ENSG00000272583.1,1.0184338629552896
ENSG00000278709.2,1.018295324656374
ENSG00000143797.12,1.0181282414427655
ENSG00000100292.18,1.0179968520650813
ENSG00000081923.15,1.017784359208577
ENSG00000232043.1,1.0176817309037323
ENSG00000229056.2,1.017662551581707
ENSG00000197753.11,1.017654749038476
ENSG00000172867.4,1.0175234607854078
ENSG00000205212.5,1.0175088498182128
ENSG00000075884.14,1.0174619812725287
ENSG00000233143.2,1.0172755760533803
ENSG00000197893.14,1.0170953764748651
ENSG00000255491.3,1.017014187911411
ENSG00000115902.11,1.0168161492828496
ENSG00000158022.7,1.0165780492664218
ENSG00000257497.2,1.016260479867146
ENSG00000132205.11,1.0161361238141164
ENSG00000123146.20,1.0161238380086437
ENSG00000141198.16,1.0161117299871323
ENSG00000287185.1,1.0159338368714075
ENSG00000251003.9,1.0158931017074408
ENSG00000216775.3,1.0157606127275607
ENSG00000162913.10,1.0157510184690495
ENSG00000288611.1,1.0156976453424762
ENSG00000283267.1,1.0156944260416536
ENSG00000122707.12,1.0156842389999259
ENSG00000167555.14,1.0156817596800984
ENSG00000166546.14,1.0155710236861404
ENSG00000136052.9,1.015536386426289
ENSG00000253525.1,1.0152940273095028
ENSG00000234477.1,1.0152355650358753
ENSG00000112210.12,1.0150350815276246
ENSG00000218565.2,1.0150320395987316
ENSG00000178467.18,1.0149506425955828
ENSG00000261211.1,1.0147856655067875
ENSG00000047365.12,1.0146694493382356
ENSG00000231793.5,1.0145339761167544
ENSG00000285906.2,1.0145308981879613
ENSG00000213203.3,1.014391296290154
ENSG00000198758.11,1.0142736700968873
ENSG00000108344.15,1.014216562115267
ENSG00000118514.14,1.0141953141232958
ENSG00000169738.8,1.0141053808466378
ENSG00000260009.1,1.0140942352180564
ENSG00000227496.3,1.0139520138668199
ENSG00000102302.8,1.0137195471713771
ENSG00000225889.9,1.0136932798146592
ENSG00000163239.12,1.0136761754143984
ENSG00000211794.3,1.0136140543118441
ENSG00000242808.10,1.0132173064253007
ENSG00000228742.11,1.0132031084008282
ENSG00000232855.7,1.0130897335548854
ENSG00000171596.7,1.0129333094853257
ENSG00000177374.13,1.0129079800807794
ENSG00000156925.12,1.012775198704648
ENSG00000164938.14,1.0126510582854247
ENSG00000126231.15,1.0126421547029756
ENSG00000124721.18,1.0126217437093394
ENSG00000261220.2,1.0125047850247182
ENSG00000090013.11,1.0124451905063327
ENSG00000245384.2,1.0122908410269065
ENSG00000198466.12,1.0115274041041928
ENSG00000104361.10,1.0113781361997571
ENSG00000245552.7,1.0113482809124368
ENSG00000066185.13,1.0113268328053022
ENSG00000167306.20,1.0113244995644937
ENSG00000152104.12,1.011157282034342
ENSG00000284727.1,1.0110948203877437
ENSG00000278869.1,1.011012199542542
ENSG00000095059.16,1.0109866472967777
ENSG00000182578.14,1.0109400100280626
ENSG00000137936.18,1.01073588824255
ENSG00000239899.3,1.010704928578861
ENSG00000178125.14,1.0107007225724565
ENSG00000224635.2,1.010694021946915
ENSG00000174807.4,1.0105646974894298
ENSG00000159556.10,1.0105558042895937
ENSG00000145349.17,1.0105154942634331
ENSG00000146521.10,1.0103302245702703
ENSG00000168970.22,1.0103200940203265
ENSG00000241288.8,1.0102717245203758
ENSG00000235304.2,1.0101351663516462
ENSG00000164741.15,1.0100028783867405
ENSG00000101460.13,1.0098077308785474
ENSG00000148426.13,1.0096482274892942
ENSG00000226419.8,1.0095593415471136
ENSG00000145283.8,1.0094664909198872
ENSG00000136040.9,1.0094009574654053
ENSG00000211957.2,1.0093926932274777
ENSG00000122145.15,1.009301427673665
ENSG00000204257.15,1.0092289693237813
ENSG00000132819.17,1.0089291284705237
ENSG00000116962.15,1.008699403206878
ENSG00000168994.14,1.00867297564033
ENSG00000169994.18,1.0084600580683387
ENSG00000073670.14,1.0084211396248974
ENSG00000255606.1,1.0084153041372568
ENSG00000272264.1,1.008405150115393
ENSG00000287080.2,1.0083509949594482
ENSG00000251002.8,1.0083086788564735
ENSG00000062096.15,1.0082069842131953
ENSG00000082929.8,1.007995966564016
ENSG00000255224.1,1.0079654232366209
ENSG00000162073.14,1.007879634982018
ENSG00000211801.3,1.0078062847843903
ENSG00000211797.2,1.0076401801765054
ENSG00000269867.1,1.0075175022011957
ENSG00000250790.4,1.0074587133015744
ENSG00000256894.1,1.007420838451036
ENSG00000237702.2,1.0074145434249682
ENSG00000257817.2,1.0073223235239128
ENSG00000184999.12,1.007275972653312
ENSG00000273209.1,1.0072698628388372
ENSG00000107833.10,1.0070661051864536
ENSG00000224739.2,1.0069043804321711
ENSG00000177191.2,1.006835573504624
ENSG00000251791.1,1.006515023426678
ENSG00000142319.18,1.0064984787258833
ENSG00000211786.3,1.0063876723362577
ENSG00000214711.10,1.006139706482799
ENSG00000168255.20,1.0059479856717377
ENSG00000255650.6,1.0058316549292357
ENSG00000185245.8,1.0055756768101767
ENSG00000275880.1,1.0055296687487862
ENSG00000222032.1,1.0054309326889066
ENSG00000261226.1,1.005321724033342
ENSG00000286830.1,1.005297187145549
ENSG00000256616.3,1.0051472323779276
ENSG00000280162.1,1.0050622201185997
ENSG00000113721.14,1.0050069716453618
ENSG00000224090.1,1.0048059018937554
ENSG00000220378.3,1.0047443132431308
ENSG00000106392.11,1.004686862134879
ENSG00000153902.14,1.0046405163887555
ENSG00000103710.11,1.0044242824837735
ENSG00000165409.18,1.004409309617335
ENSG00000231528.3,1.0043383790041935
ENSG00000182218.9,1.0042491570242662
ENSG00000254877.1,1.0040537433536798
ENSG00000123570.4,1.0040518523025046
ENSG00000259362.2,1.0035196034837879
ENSG00000227719.1,1.0033845932389263
ENSG00000148082.10,1.0033134545380589
ENSG00000211793.2,1.0032649918809262
ENSG00000158104.11,1.0032549117251024
ENSG00000037749.12,1.0031493223565173
ENSG00000150750.8,1.0029824518760733
ENSG00000286935.1,1.0029215634534827
ENSG00000204572.10,1.0028974037318226
ENSG00000226767.1,1.0027107759095715
ENSG00000133216.17,1.0026820202373785
ENSG00000131067.17,1.0025064681160398
ENSG00000109099.16,1.0024671940322527
ENSG00000172123.13,1.0022696317267001
ENSG00000279778.1,1.002251927921841
ENSG00000107099.16,1.0021232653264662
ENSG00000137462.9,1.0020371255113396
ENSG00000273179.1,1.0020258067892562
ENSG00000236816.3,1.0019737215216022
ENSG00000189143.9,1.0019633912377173
ENSG00000144749.14,1.0019166878561085
ENSG00000235726.7,1.0018015599325658
ENSG00000102393.14,1.0017560683670337
ENSG00000110171.20,1.0017477469392855
ENSG00000102096.9,1.001634544617182
ENSG00000164976.9,1.0015874844546098
ENSG00000262484.1,1.0015039549984446
ENSG00000259490.2,1.001368508938298
ENSG00000210082.2,1.0013257555112416
ENSG00000275763.3,1.001311660281091
ENSG00000189159.16,1.0012413127323219
ENSG00000125864.14,1.00118506652414
ENSG00000119632.4,1.001140606578011
ENSG00000261456.6,1.0010702888901335
ENSG00000185345.23,1.0009839490153822
ENSG00000198794.12,1.0007953327371886
ENSG00000166821.9,1.0006772958091514
ENSG00000176136.6,1.0006506042758279
ENSG00000136925.15,1.000645595668789
ENSG00000196666.6,1.0004765582286437
ENSG00000105538.10,1.0004452068452072
ENSG00000277758.5,1.0004444481365296
ENSG00000280734.3,1.0003594289010413
ENSG00000234965.2,1.0002714936580075
ENSG00000176058.13,1.0001794551017291
ENSG00000261087.1,1.000102196610657
ENSG00000123496.8,0.9999426298451741
ENSG00000138670.18,0.9999010999799605
ENSG00000099624.8,0.9997877461350481
ENSG00000204314.12,0.9997580664295539
ENSG00000234456.8,0.999544174223393
ENSG00000255189.1,0.9995208911993934
ENSG00000129467.14,0.999385362295739
ENSG00000180096.12,0.9992237623755672
ENSG00000243701.7,0.9992042217191082
ENSG00000112539.15,0.9986627295034702
ENSG00000225511.7,0.9983204168132814
ENSG00000237505.8,0.9980325580040706
ENSG00000066336.12,0.9979743779257403
ENSG00000267475.1,0.9976474711621719
ENSG00000267074.1,0.9975633194350849
ENSG00000142405.22,0.997552122323731
ENSG00000258926.2,0.9971648890205609
ENSG00000254506.1,0.9971300031039626
ENSG00000028137.19,0.9971280383293205
ENSG00000046604.13,0.9970839132306988
ENSG00000263874.2,0.9970302456107711
ENSG00000146674.15,0.9970185359718271
ENSG00000267280.5,0.9969808015727456
ENSG00000092529.25,0.9969476230775597
ENSG00000251226.1,0.9969177974979608
ENSG00000180263.14,0.9968336694315783
ENSG00000253404.1,0.9967834715490984
ENSG00000229637.4,0.9962162154488938
ENSG00000196407.12,0.9961891191055314
ENSG00000183114.8,0.9961206917229781
ENSG00000124225.16,0.9960835613474113
ENSG00000285887.1,0.9959624525155253
ENSG00000276116.2,0.9958939563513688
ENSG00000278023.7,0.9958535141685815
ENSG00000171222.10,0.9958445481277551
ENSG00000246174.9,0.9958314328029997
ENSG00000245248.8,0.9958090606167465
ENSG00000175899.15,0.9957677997362641
ENSG00000233633.2,0.9954964256895064
ENSG00000276557.1,0.9952513751741827
ENSG00000279712.1,0.9951030529795483
ENSG00000205746.9,0.9950996676701904
ENSG00000128709.13,0.9950150733352198
ENSG00000269896.2,0.9949373103818837
ENSG00000159261.12,0.9948019101271871
ENSG00000198838.14,0.9947233714691649
ENSG00000126264.10,0.9946893294868759
ENSG00000182010.11,0.9946579628962082
ENSG00000183340.7,0.9945932518794066
ENSG00000255129.6,0.9943540244195104
ENSG00000130701.4,0.9942177268830936
ENSG00000173213.9,0.9941796667035463
ENSG00000244676.5,0.9940883600768604
ENSG00000211804.3,0.9940550897595761
ENSG00000133055.9,0.9940508522179045
ENSG00000204815.10,0.9940417697836395
ENSG00000176046.9,0.9933740073570423
ENSG00000147475.17,0.993357382321494
ENSG00000186523.14,0.9933236556492675
ENSG00000115355.17,0.9930353985368562
ENSG00000127530.4,0.9928885463280945
ENSG00000163792.6,0.9927599597949831
ENSG00000117791.16,0.9927214710354721
ENSG00000132481.7,0.99263001845437
ENSG00000150681.10,0.9925758244475715
ENSG00000138964.17,0.9923568604176418
ENSG00000258708.1,0.9922617062720709
ENSG00000160352.16,0.9918643417389439
ENSG00000232624.8,0.9917110282495409
ENSG00000183091.19,0.9917020321133138
ENSG00000189420.8,0.9914569235697414
ENSG00000285294.1,0.9914444576997157
ENSG00000138336.9,0.9913940599750192
ENSG00000143171.13,0.9913739080661411
ENSG00000154822.18,0.991181120786655
ENSG00000258053.1,0.991039097310638
ENSG00000269713.7,0.9907616692018536
ENSG00000113319.13,0.9907551094413442
ENSG00000248362.1,0.9907235668124538
ENSG00000152082.15,0.9906809498261158
ENSG00000205838.14,0.9906098179332998
ENSG00000139549.4,0.9906089449893531
ENSG00000081026.19,0.9905967620739791
ENSG00000177508.12,0.9899990267161691
ENSG00000196584.3,0.9898146584710982
ENSG00000255020.1,0.9897369440449996
ENSG00000077420.16,0.9896984083912143
ENSG00000282608.2,0.9896111826258791
ENSG00000168010.11,0.9895485599923887
ENSG00000250303.4,0.9894943985804034
ENSG00000113368.12,0.9894655055731044
ENSG00000110077.14,0.9893144701660569
ENSG00000176842.15,0.98894870177952
ENSG00000233009.1,0.988833816777043
ENSG00000133466.14,0.9887389416157005
ENSG00000000938.13,0.9886705492888269
ENSG00000242866.10,0.9884858612461521
ENSG00000164574.16,0.9884384410447108
ENSG00000056558.11,0.9881683187051206
ENSG00000142661.19,0.9880861038832258
ENSG00000124116.19,0.9880734837016987
ENSG00000076554.15,0.9880603960658688
ENSG00000184545.11,0.9879089237442296
ENSG00000121064.13,0.9877861984708735
ENSG00000162437.14,0.9876754493039515
ENSG00000120280.6,0.9874300200065363
ENSG00000233426.3,0.9873844217149721
ENSG00000215440.12,0.9873412514089549
ENSG00000155850.8,0.9872058028009635
ENSG00000249574.1,0.9871770954403267
ENSG00000118369.13,0.9870735018047248
ENSG00000211594.2,0.9869231013464635
ENSG00000174226.9,0.9866762101414273
ENSG00000160888.7,0.9866662422526202
ENSG00000179846.10,0.9866336569625457
ENSG00000140749.9,0.9865596326614056
ENSG00000246695.8,0.9862811286822372
ENSG00000162267.12,0.9862428325049536
ENSG00000151458.12,0.986182804741978
ENSG00000258947.7,0.9858564285120133
ENSG00000121743.4,0.9858315963791809
ENSG00000214544.7,0.9857806373834633
ENSG00000173221.14,0.9857042480081849
ENSG00000183048.12,0.9855972920544132
ENSG00000260708.1,0.9852757355049643
ENSG00000181513.15,0.9852435030703744
ENSG00000107201.10,0.9852291875187775
ENSG00000105227.16,0.9851384486757889
ENSG00000163191.6,0.9850306044560376
ENSG00000120337.8,0.9849771834760294
ENSG00000243896.4,0.9849029204060809
ENSG00000173083.15,0.9846945560232238
ENSG00000267272.5,0.9845315405029292
ENSG00000213928.9,0.9845177484497829
ENSG00000159423.17,0.9844816211074678
ENSG00000221923.9,0.9843358283345938
ENSG00000133315.12,0.9843202152782942
ENSG00000142512.15,0.9841605323515723
ENSG00000101773.19,0.9841037450301614
ENSG00000145730.20,0.9840873374261039
ENSG00000261437.1,0.983989360166106
ENSG00000205057.6,0.983821495433248
ENSG00000213190.4,0.9838033053545444
ENSG00000186665.10,0.9837681781154525
ENSG00000139926.16,0.9836381968383128
ENSG00000189171.14,0.9835452736001589
ENSG00000206228.4,0.983206971483205
ENSG00000238105.7,0.9830669639443954
ENSG00000161544.10,0.9830505485183115
ENSG00000196364.9,0.9829590459252677
ENSG00000244383.2,0.9828104311292001
ENSG00000280332.1,0.9827792884676938
ENSG00000179967.11,0.9827577553904043
ENSG00000198108.4,0.9827510547569348
ENSG00000229425.3,0.9826443867577955
ENSG00000186235.11,0.9825168083514896
ENSG00000273062.1,0.9823819137051663
ENSG00000287071.1,0.9823486457825971
ENSG00000147036.12,0.9823014369288416
ENSG00000178248.11,0.9822886362694435
ENSG00000204681.11,0.9820847714221156
ENSG00000255443.1,0.9820805535620105
ENSG00000182557.8,0.982070039176858
ENSG00000164124.11,0.9817624356867773
ENSG00000114698.15,0.9817300373678732
ENSG00000198157.11,0.9815894198392654
ENSG00000275805.1,0.9814628939645236
ENSG00000138623.10,0.981371774414977
ENSG00000137309.20,0.9813418657183023
ENSG00000283063.1,0.9809099027374705
ENSG00000228509.6,0.9808250234991458
ENSG00000068366.20,0.9806876234714466
ENSG00000131116.12,0.9806672895228885
ENSG00000273117.1,0.9806021433662451
ENSG00000261126.7,0.9805734369499203
ENSG00000170006.12,0.9805110881292954
ENSG00000213442.5,0.980439862357833
ENSG00000254087.8,0.9804258500982705
ENSG00000227063.5,0.9803847147358267
ENSG00000285201.1,0.9803842979137009
ENSG00000115252.18,0.9803553187709395
ENSG00000211785.1,0.9803177865374878
ENSG00000155066.16,0.9799450664900746
ENSG00000228223.3,0.9799298832825922
ENSG00000144815.16,0.9795382737652472
ENSG00000184371.14,0.9793081249815259
ENSG00000070371.16,0.9790556228577922
ENSG00000143429.10,0.9788388570508464
ENSG00000134470.21,0.9785825873948377
ENSG00000277972.2,0.978581152353853
ENSG00000168398.7,0.978515807608902
ENSG00000230099.2,0.9784877814604384
ENSG00000163565.19,0.9784816317764929
ENSG00000204482.11,0.9784166748726592
ENSG00000135439.11,0.9782823485997649
ENSG00000188559.15,0.9782006086543505
ENSG00000119943.13,0.9780622974720995
ENSG00000279623.1,0.9780270272892309
ENSG00000185404.17,0.9780169343170974
ENSG00000054392.13,0.97799045357081
ENSG00000244675.2,0.9775611839299169
ENSG00000233901.6,0.9774811698309
ENSG00000070882.13,0.9774580809585398
ENSG00000211799.3,0.9773865554574568
ENSG00000203734.12,0.977365359565782
ENSG00000198400.12,0.9773451253045811
ENSG00000267107.8,0.9772939247450975
ENSG00000258314.3,0.977290694534147
ENSG00000116285.13,0.9772857848856605
ENSG00000262179.3,0.9771968305033368
ENSG00000104883.8,0.9769299291027025
ENSG00000250899.3,0.9768788390917116
ENSG00000262884.1,0.9767234597889081
ENSG00000232442.1,0.9767212181220227
ENSG00000260816.2,0.976331766871048
ENSG00000128596.17,0.9758208360177653
ENSG00000173988.13,0.9758011793583683
ENSG00000166963.13,0.975635540394207
ENSG00000246430.7,0.9755966256771914
ENSG00000163517.15,0.9755913056436041
ENSG00000235501.6,0.9754734754886795
ENSG00000261305.2,0.9754590211320219
ENSG00000136327.7,0.9754313446869463
ENSG00000104432.14,0.975369593658417
ENSG00000141934.10,0.9753678822449108
ENSG00000183571.11,0.9753327095798925
ENSG00000178803.12,0.9752106580149794
ENSG00000250451.5,0.9749438645113931
ENSG00000274213.1,0.9746489288616935
ENSG00000235703.6,0.9743042732392597
ENSG00000177173.5,0.9741316450783442
ENSG00000267136.1,0.9736593435804641
ENSG00000104888.10,0.9734991179482794
ENSG00000123096.12,0.9734975662267995
ENSG00000233183.3,0.9734086619114977
ENSG00000137266.15,0.9732916045130049
ENSG00000064201.16,0.97316910107692145
ENSG00000142959.5,0.9731580568382616
ENSG00000004777.18,0.9731155807238177
ENSG00000280063.1,0.9729191582517912
ENSG00000232118.2,0.9729036685791418
ENSG00000259420.5,0.97276271119404
ENSG00000206579.9,0.9722951173245744
ENSG00000183019.7,0.9722092088319294
ENSG00000114450.11,0.9721898910805027
ENSG00000178187.8,0.9721670954834287
ENSG00000261634.4,0.9720695033992987
ENSG00000142233.14,0.9720010404621672
ENSG00000283075.1,0.9718750055910174
ENSG00000138074.15,0.9717393372463822
ENSG00000254973.2,0.9716001940302639
ENSG00000233198.4,0.9714833447889242
ENSG00000119411.11,0.9713863010740376
ENSG00000269397.1,0.9713269630063576
ENSG00000228626.1,0.9713262670575527
ENSG00000246898.1,0.9713054230184188
ENSG00000163110.15,0.9711479002277976
ENSG00000268869.6,0.9711056035567607
ENSG00000260025.1,0.9709793965149812
ENSG00000155957.18,0.9708785779328455
ENSG00000270460.1,0.9706961157321232
ENSG00000266830.1,0.9706207694410172
ENSG00000085788.14,0.9705576337387591
ENSG00000091592.16,0.9705273503132115
ENSG00000132405.19,0.9701979636504502
ENSG00000244560.7,0.9701957998264403
ENSG00000172716.16,0.9701878937796116
ENSG00000217702.3,0.9701436497248304
ENSG00000229961.3,0.970112543645375
ENSG00000231331.1,0.9700711230322558
ENSG00000197165.11,0.9700332472899599
ENSG00000119125.17,0.9699713001088072
ENSG00000182890.5,0.9699164545287744
ENSG00000144230.16,0.9699055788113974
ENSG00000163513.19,0.9698897769431248
ENSG00000184304.16,0.9698482908561744
ENSG00000167664.8,0.9697686190308168
ENSG00000072163.20,0.9697608905744756
ENSG00000140678.17,0.969611480288713
ENSG00000154096.14,0.9695733018417021
ENSG00000198521.12,0.9694957207385084
ENSG00000176826.15,0.969485595890984
ENSG00000285280.2,0.9694838606047003
ENSG00000262580.5,0.9692875650572059
ENSG00000278922.1,0.9692753528375236
ENSG00000100055.21,0.9692483702294725
ENSG00000164683.18,0.9692022380828597
ENSG00000116260.17,0.969147049745854
ENSG00000228748.2,0.9690336730772606
ENSG00000016082.15,0.9689647329522482
ENSG00000187800.13,0.968920081057712
ENSG00000169291.10,0.9689170944525797
ENSG00000243244.7,0.9688180836639142
ENSG00000248243.1,0.9686410579889722
ENSG00000259417.3,0.9686141107743966
ENSG00000144847.13,0.9685805824972918
ENSG00000185681.13,0.9683589286930099
ENSG00000260947.1,0.9682457730196448
ENSG00000047648.23,0.9681383223469073
ENSG00000249378.6,0.9680386764057467
ENSG00000167733.14,0.9679903094285021
ENSG00000241717.1,0.9679725170128801
ENSG00000116785.14,0.9678979832587272
ENSG00000166527.8,0.9678493214554323
ENSG00000135298.14,0.9677886209706087
ENSG00000167600.14,0.9675544471731985
ENSG00000174080.12,0.9672350827511389
ENSG00000234354.3,0.9670488336172568
ENSG00000103154.9,0.9670451379131434
ENSG00000204711.9,0.9670370174197094
ENSG00000107731.12,0.9669891527432145
ENSG00000167333.13,0.966911425583591
ENSG00000073734.10,0.966591498731975
ENSG00000183696.14,0.9665253039055384
ENSG00000243156.9,0.9662587381889918
ENSG00000223803.1,0.9657141506081216
ENSG00000221887.6,0.9656475717697668
ENSG00000270164.1,0.96557041840822
ENSG00000119900.9,0.9655332544177704
ENSG00000085276.19,0.9654682310426463
ENSG00000213260.3,0.9654487236502427
ENSG00000135540.11,0.9652771142877974
ENSG00000154265.16,0.9652328536059064
ENSG00000256463.8,0.965087522363101
ENSG00000204941.14,0.9650504227387623
ENSG00000170089.15,0.9650143360450837
ENSG00000104221.13,0.9649701812755465
ENSG00000186115.13,0.9649546017347742
ENSG00000253490.5,0.9647117308850571
ENSG00000244119.1,0.964422535842167
ENSG00000261490.1,0.9644078508774637
ENSG00000183479.12,0.9643972641894906
ENSG00000188580.15,0.9643780880613628
ENSG00000205309.14,0.9642838226876436
ENSG00000143891.17,0.9642386263903342
ENSG00000235902.1,0.9640913802505654
ENSG00000169006.7,0.964078763982671
ENSG00000065325.13,0.9640321595081716
ENSG00000065361.16,0.9638995458037442
ENSG00000174501.14,0.9636712807905982
ENSG00000269376.1,0.9636560984877173
ENSG00000095539.15,0.9636490290632495
ENSG00000186951.16,0.9634895775615481
ENSG00000226051.8,0.9634894145624747
ENSG00000136378.15,0.9634664406677694
ENSG00000150676.13,0.9632639320336956
ENSG00000277241.1,0.9631318365836132
ENSG00000134057.15,0.9627628717378878
ENSG00000234261.4,0.9627338428043002
ENSG00000148655.15,0.9624675850926814
ENSG00000158286.13,0.9624564005220178
ENSG00000160179.19,0.9624199556770032
ENSG00000269855.2,0.962357708114032
ENSG00000168918.14,0.9619829636027925
ENSG00000151692.15,0.9618966207610337
ENSG00000276649.1,0.9616655978319693
ENSG00000168779.20,0.9616554689065012
ENSG00000170545.17,0.9616310387825895
ENSG00000203896.10,0.9616247703292433
ENSG00000153933.10,0.9616056101920797
ENSG00000170356.9,0.9615778712832876
ENSG00000256139.2,0.9615395267648535
ENSG00000228502.1,0.9615222702947203
ENSG00000229836.1,0.9614148594571722
ENSG00000235609.7,0.9613491826761823
ENSG00000273350.1,0.9610765142702629
ENSG00000284543.1,0.9609738667500628
ENSG00000180044.5,0.9609232738965519
ENSG00000088320.4,0.9607728754971576
ENSG00000169991.11,0.960601726681152
ENSG00000235890.2,0.9603292248434846
ENSG00000277496.1,0.9601549599897456
ENSG00000121297.8,0.9596682024130501
ENSG00000275560.1,0.9596551877205497
ENSG00000239998.6,0.9596381453674865
ENSG00000170085.18,0.9596242518907845
ENSG00000229970.3,0.9596122213353812
ENSG00000279530.2,0.9594547869440136
ENSG00000115825.11,0.9594315660921084
ENSG00000223459.6,0.9593526236951527
ENSG00000198648.11,0.9592051373712768
ENSG00000234693.1,0.9591944905022031
ENSG00000232295.7,0.9591791619050463
ENSG00000287263.1,0.9591069857670688
ENSG00000272692.2,0.9590277170501811
ENSG00000273702.1,0.9589900258196461
ENSG00000286190.2,0.9589147686881657
ENSG00000175505.11,0.9588413471266803
ENSG00000253731.3,0.9588406714917503
ENSG00000053524.12,0.9586749202595647
ENSG00000264204.2,0.9586322682245723
ENSG00000161835.11,0.9585827964637043
ENSG00000283498.1,0.9582662050325688
ENSG00000134531.10,0.9579793746232829
ENSG00000146409.12,0.9579755614258498
ENSG00000177721.4,0.9579176152869258
ENSG00000236901.6,0.9576337668245422
ENSG00000212694.8,0.9576336846086854
ENSG00000025423.11,0.9574547877244632
ENSG00000225200.2,0.9574150027496497
ENSG00000251273.4,0.9573120592436578
ENSG00000164776.10,0.9569848969653485
ENSG00000101017.14,0.956880625563701
ENSG00000174669.12,0.9567305053323651
ENSG00000124762.14,0.9564781288283063
ENSG00000263513.5,0.9563862607278715
ENSG00000151229.13,0.956330994202528
ENSG00000272549.1,0.9561636969553369
ENSG00000089250.19,0.9561486377844781
ENSG00000115325.13,0.9560200980145126
ENSG00000160838.14,0.9559071819319189
ENSG00000283475.1,0.9558888980653023
ENSG00000011600.12,0.9557704672084222
ENSG00000111348.9,0.9556727824358524
ENSG00000053918.18,0.9555208109572424
ENSG00000174951.11,0.9554625097723987
ENSG00000138587.6,0.9554587510519095
ENSG00000211647.1,0.9550817621664012
ENSG00000212719.13,0.9550375203631729
ENSG00000174837.15,0.9548731977055357
ENSG00000116833.14,0.9548460460028398
ENSG00000248187.1,0.9547694498046733
ENSG00000026103.22,0.9546658934095941
ENSG00000262454.4,0.954446613735489
ENSG00000087495.17,0.9544040994483566
ENSG00000158525.16,0.9543746385745269
ENSG00000198221.10,0.9543311645389213
ENSG00000134595.9,0.9541696358653861
ENSG00000109113.20,0.9541694423175411
ENSG00000187653.11,0.9541032283183272
ENSG00000188037.12,0.9537888083414345
ENSG00000124215.17,0.9537339055740551
ENSG00000187951.11,0.9536069672937357
ENSG00000163576.18,0.9535694877961953
ENSG00000211787.1,0.9535373223721951
ENSG00000102385.12,0.9535318065791226
ENSG00000226237.2,0.9534838772719065
ENSG00000286013.1,0.9534285651061604
ENSG00000286610.1,0.953258398845021
ENSG00000154479.13,0.9531623680543823
ENSG00000145431.11,0.9531418899001826
ENSG00000241769.7,0.9530947996121734
ENSG00000186907.8,0.9530811595798746
ENSG00000272505.1,0.9529815729866995
ENSG00000242611.2,0.9528990550428525
ENSG00000164695.5,0.9527633303946815
ENSG00000261257.1,0.9525950082706434
ENSG00000107130.10,0.9525600746076704
ENSG00000165553.4,0.9522627469733888
ENSG00000171840.12,0.9520496561522082
ENSG00000223658.8,0.9520307798874039
ENSG00000267470.6,0.9520089246724588
ENSG00000276953.1,0.9519089883970996
ENSG00000211716.2,0.9518943153559822
ENSG00000140859.16,0.9518301714437639
ENSG00000204420.10,0.951797031054587
ENSG00000214872.8,0.951732436588101
ENSG00000131370.16,0.9516748558199761
ENSG00000182050.13,0.9515417010437905
ENSG00000008311.15,0.9512296698940675
ENSG00000214252.4,0.9511892472045006
ENSG00000179071.5,0.951152085382561
ENSG00000157833.13,0.9509145335809784
ENSG00000241170.3,0.9509134482629854
ENSG00000107872.13,0.9508243765787409
ENSG00000074966.11,0.9505856977021852
ENSG00000179603.18,0.9504574004914847
ENSG00000150337.13,0.9503880123414742
ENSG00000265778.3,0.950381854425314
ENSG00000234338.1,0.9502576031472413
ENSG00000170537.13,0.9502016792809145
ENSG00000240877.3,0.9502005030350091
ENSG00000105518.14,0.950181063519436
ENSG00000133424.22,0.9501778922472474
ENSG00000240747.8,0.9501520849574945
ENSG00000237975.7,0.9501225177777021
ENSG00000182993.5,0.9500753983894413
ENSG00000104903.5,0.949984927096228
ENSG00000286039.1,0.949559583086748
ENSG00000170456.16,0.9492750823253246
ENSG00000225079.2,0.9491641745267297
ENSG00000279369.1,0.9485875712636785
ENSG00000100116.17,0.9484219801705511
ENSG00000250673.2,0.9483512607389452
ENSG00000226891.9,0.9482702196314213
ENSG00000223534.1,0.9482415052276156
ENSG00000043462.13,0.9480502485254578
ENSG00000244471.6,0.9478707045457826
ENSG00000130561.17,0.9478170714000448
ENSG00000245848.3,0.9477970669432344
ENSG00000213976.4,0.9477423834895454
ENSG00000122741.16,0.9474167619133537
ENSG00000263968.2,0.9472983430529002
ENSG00000234350.5,0.9471991686035944
ENSG00000184139.8,0.947189491159245
ENSG00000161677.12,0.9471662016331854
ENSG00000013810.20,0.9468592112262225
ENSG00000188732.11,0.9468257333985916
ENSG00000154122.14,0.9466967020130217
ENSG00000272221.1,0.9465872362869443
ENSG00000128311.14,0.9465007892716591
ENSG00000160229.13,0.9463608524605575
ENSG00000134376.16,0.9463598835464294
ENSG00000198899.2,0.9461319192488102
ENSG00000170909.13,0.9460783499233765
ENSG00000226174.7,0.9459542036798138
ENSG00000270947.1,0.9459009006300395
ENSG00000134324.12,0.9458993504889577
ENSG00000135604.10,0.9458465476665895
ENSG00000234996.4,0.9458263951029678
ENSG00000258667.2,0.9457383686482482
ENSG00000278983.1,0.9456920398896456
ENSG00000274997.2,0.9456684724275055
ENSG00000159335.18,0.9456251743136557
ENSG00000265158.1,0.945616819596142
ENSG00000179796.12,0.9455688882245153
ENSG00000169228.14,0.945568620942829
ENSG00000136866.14,0.9455554946267655
ENSG00000165591.6,0.9453174434921471
ENSG00000182393.3,0.9452123434862343
ENSG00000149269.10,0.9451380465771134
ENSG00000211706.2,0.9450421866543112
ENSG00000198712.1,0.9450311470279923
ENSG00000251307.1,0.9449959943222298
ENSG00000163399.16,0.9449807013253316
ENSG00000164294.14,0.9449393808051358
ENSG00000250608.2,0.9447183237220351
ENSG00000276715.4,0.9447080405730778
ENSG00000125266.8,0.9443699694309128
ENSG00000237742.7,0.9443591920133411
ENSG00000278385.1,0.9442770449226464
ENSG00000091181.20,0.9442689620309458
ENSG00000267128.2,0.9440450529036883
ENSG00000213222.3,0.9440076708387677
ENSG00000260910.2,0.9439445290638128
ENSG00000198237.8,0.943895318776586
ENSG00000179057.14,0.9438728212226212
ENSG00000259881.1,0.9431732417941955
ENSG00000112096.19,0.943091818279541
ENSG00000181381.14,0.9430904568477565
ENSG00000287168.1,0.9429581085195118
ENSG00000236385.1,0.9428832881648556
ENSG00000128833.13,0.9426384940247726
ENSG00000101846.8,0.9425880625394297
ENSG00000285632.1,0.9425140896646492
ENSG00000143479.17,0.9422021187760059
ENSG00000279199.1,0.9421927085193862
ENSG00000204894.4,0.9421876322742774
ENSG00000121361.5,0.9421742654568513
ENSG00000279672.1,0.942103518771208
ENSG00000253763.1,0.9420778666042445
ENSG00000198721.13,0.942038027927437
ENSG00000235531.11,0.94198022283977
ENSG00000102409.10,0.9419562083248385
ENSG00000145428.15,0.9418482004614932
ENSG00000275791.1,0.9418184586675489
ENSG00000130224.15,0.941815634847387
ENSG00000129646.14,0.9417263781522766
ENSG00000270673.1,0.9416193319202706
ENSG00000163995.21,0.9415747776695518
ENSG00000128872.10,0.9412513651546887
ENSG00000144596.13,0.9411976108303457
ENSG00000260793.2,0.9410714156696587
ENSG00000269345.1,0.9410039642174176
ENSG00000136732.16,0.9409985665834578
ENSG00000138792.10,0.9409049424971072
ENSG00000165895.19,0.9408822534269886
ENSG00000133985.3,0.940772137776229
ENSG00000168491.10,0.9407051532745159
ENSG00000267480.1,0.9406235800697194
ENSG00000224383.8,0.9405742077378307
ENSG00000253540.5,0.9405387368988835
ENSG00000026036.22,0.9403917562367542
ENSG00000244879.8,0.940213916986612
ENSG00000272438.1,0.940166733207863
ENSG00000223705.9,0.9400175639878813
ENSG00000280222.1,0.9400028558226122
ENSG00000204291.11,0.939907532044973
ENSG00000110799.14,0.9397713101841978
ENSG00000185610.6,0.9397628740782011
ENSG00000244398.1,0.9396409838435574
ENSG00000185436.12,0.9396107370575317
ENSG00000152926.15,0.9395562426941589
ENSG00000253305.2,0.9393707075127364
ENSG00000204118.2,0.9393401048903326
ENSG00000198093.11,0.9391455364722502
ENSG00000231747.1,0.9391417325798851
ENSG00000180525.13,0.9389375700405126
ENSG00000151490.15,0.9388291200710267
ENSG00000112530.11,0.9384810058597762
ENSG00000198520.12,0.9384624188705143
ENSG00000104870.13,0.9384509073428076
ENSG00000268654.2,0.9383623965402118
ENSG00000170542.6,0.9383391095825677
ENSG00000071575.11,0.9382097048290806
ENSG00000176809.10,0.938137802074696
ENSG00000159648.11,0.9380988564223478
ENSG00000162511.8,0.9380907800242141
ENSG00000203706.8,0.9379585772597601
ENSG00000163697.17,0.9377661490236358
ENSG00000120669.16,0.9376924118750383
ENSG00000168481.9,0.9374984539654465
ENSG00000139618.16,0.9374976319610099
ENSG00000181773.7,0.937227032593041
ENSG00000275340.1,0.9368899111938218
ENSG00000213638.6,0.9368868155870497
ENSG00000269001.2,0.9368622615637222
ENSG00000236548.2,0.9366520903950258
ENSG00000121933.19,0.9366320087379524
ENSG00000165181.16,0.9363225003928433
ENSG00000186076.5,0.936297677135764
ENSG00000134627.12,0.9362121087320234
ENSG00000091482.8,0.9360282781229552
ENSG00000172361.6,0.9359404100482162
ENSG00000176720.6,0.9358411032720317
ENSG00000158813.18,0.9356442025584883
ENSG00000166451.13,0.9355759800322704
ENSG00000118971.9,0.9355354066693415
ENSG00000106560.11,0.9355035903049959
ENSG00000102547.19,0.9354596083697482
ENSG00000123975.5,0.9353882193185372
ENSG00000178075.20,0.9353354655867696
ENSG00000003400.15,0.9353214452503293
ENSG00000163016.10,0.9352166922058799
ENSG00000182759.4,0.9351971677426142
ENSG00000100300.18,0.934946451629056
ENSG00000066923.17,0.9349417476734387
ENSG00000153832.12,0.9349116082350019
ENSG00000067191.16,0.9347547474731205
ENSG00000163376.11,0.9347034381137762
ENSG00000253883.1,0.9346896164965643
ENSG00000163060.8,0.9346005803304261
ENSG00000272021.1,0.9345881744412138
ENSG00000169432.18,0.9345551176846106
ENSG00000224712.12,0.934271868413545
ENSG00000112137.18,0.9342521086142788
ENSG00000163219.12,0.9342421452777638
ENSG00000211778.2,0.9341879803996909
ENSG00000273367.1,0.9341361484005558
ENSG00000235280.2,0.9340596204698409
ENSG00000236345.1,0.9339998941118157
ENSG00000130589.16,0.9339882432062298
ENSG00000234685.1,0.9339324217467488
ENSG00000106038.13,0.9338040757619885
ENSG00000250244.5,0.9337383619638165
ENSG00000231057.4,0.9336354530236812
ENSG00000228252.9,0.9336221498447532
ENSG00000179520.11,0.9335780494271576
ENSG00000218537.1,0.9333667442441977
ENSG00000169860.7,0.9332052526108572
ENSG00000268041.2,0.9330379678828612
ENSG00000105619.13,0.9327325347313772
ENSG00000167874.7,0.9323803843384286
ENSG00000232354.8,0.932317684461093
ENSG00000228590.2,0.9320104805468827
ENSG00000141756.19,0.9319692961616647
ENSG00000167232.14,0.9319685030336416
ENSG00000230587.2,0.9319410566251528
ENSG00000215612.8,0.9317895047222426
ENSG00000106976.21,0.9316654070136652
ENSG00000183773.15,0.9315717704856755
ENSG00000128262.8,0.931543767234737
ENSG00000184385.2,0.9314856041579755
ENSG00000273230.1,0.9313709199608896
ENSG00000090975.13,0.9312472057619785
ENSG00000147408.14,0.9312002343198088
ENSG00000225210.10,0.9310623255465116
ENSG00000116991.11,0.9310444209387604
ENSG00000123066.9,0.9309386930335686
ENSG00000179046.8,0.9308913377664401
ENSG00000238098.9,0.9308058607550783
ENSG00000172366.20,0.930679822333674
ENSG00000211958.2,0.9305554301853836
ENSG00000272425.1,0.9305411729033664
ENSG00000236830.7,0.9304023919315788
ENSG00000246596.7,0.9303997838764351
ENSG00000260081.2,0.9303923864913504
ENSG00000228834.1,0.9303099863372768
ENSG00000064225.12,0.9302699476072639
ENSG00000152763.17,0.9301636152434752
ENSG00000118257.17,0.9300433651660108
ENSG00000174776.11,0.9300031919948794
ENSG00000253210.2,0.9299529222336927
ENSG00000122952.17,0.9298793348742699
ENSG00000173581.8,0.9297610582957443
ENSG00000179097.6,0.9297325937709866
ENSG00000162687.19,0.9296338378597223
ENSG00000277128.2,0.9295583877837542
ENSG00000203907.9,0.9293884046438371
ENSG00000282728.1,0.9293837211334588
ENSG00000152229.18,0.929359373516979
ENSG00000279770.1,0.9292761242282339
ENSG00000248846.3,0.9292712696991877
ENSG00000149260.18,0.9291776942504675
ENSG00000211777.2,0.9291144720151147
ENSG00000125434.11,0.9291008988616273
ENSG00000197872.11,0.9288663684351022
ENSG00000233388.2,0.9284354373961791
ENSG00000143776.18,0.9284040271145377
ENSG00000072952.19,0.9282367365200218
ENSG00000179772.8,0.9280159957364811
ENSG00000165025.15,0.9279749493105574
ENSG00000159915.12,0.927960873344059
ENSG00000226864.2,0.9274912571154124
ENSG00000233834.6,0.9273656935748986
ENSG00000144395.18,0.9272596510307994
ENSG00000179271.3,0.927205676011915
ENSG00000198835.4,0.9271483866686075
ENSG00000161040.16,0.9268604006685566
ENSG00000165152.9,0.9268498081429913
ENSG00000231982.1,0.9267986274841578
ENSG00000205869.2,0.926780654898504
ENSG00000196976.7,0.9267653946919493
ENSG00000239265.5,0.926518670245023
ENSG00000198727.2,0.9260070862874993
ENSG00000138379.5,0.9259589173388314
ENSG00000135697.10,0.9259191788840524
ENSG00000282556.3,0.9258681414691011
ENSG00000135100.18,0.9258233282439103
ENSG00000236499.2,0.925765115066249
ENSG00000235217.6,0.925751492636701
ENSG00000274536.7,0.9257496328282866
ENSG00000102934.10,0.9254259947885591
ENSG00000185164.14,0.9250121199669786
ENSG00000173334.4,0.9249816122072582
ENSG00000174721.10,0.924824372951608
ENSG00000250195.1,0.924753304115012
ENSG00000230033.1,0.9246691773747687
ENSG00000233191.2,0.9245727358132694
ENSG00000186326.4,0.9245550665263961
ENSG00000175895.4,0.9244337362688669
ENSG00000151338.18,0.9243535151912406
ENSG00000279518.1,0.9242186860492142
ENSG00000128408.9,0.9240915167850919
ENSG00000146215.14,0.9236569837843581
ENSG00000128228.5,0.9236419301609791
ENSG00000109061.10,0.9236297516724064
ENSG00000220008.3,0.923587718429538
ENSG00000204261.9,0.9235788865547916
ENSG00000231160.10,0.923562983718782
ENSG00000187642.9,0.9233959659675988
ENSG00000261618.2,0.9232652664828987
ENSG00000260788.6,0.9232057196553597
ENSG00000179085.8,0.9231853434213108
ENSG00000171056.8,0.9231835845904393
ENSG00000163377.16,0.9230661394731754
ENSG00000095752.7,0.9229720578953466
ENSG00000213513.3,0.9229638713707269
ENSG00000179627.10,0.9227186825973255
ENSG00000259205.2,0.922658090811644
ENSG00000184774.10,0.9226403791324174
ENSG00000067141.17,0.9226149446065322
ENSG00000179978.11,0.9226135178719348
ENSG00000254531.1,0.9225884278706102
ENSG00000125107.18,0.9223199838511468
ENSG00000118515.11,0.9221445343126221
ENSG00000204446.4,0.9218677438045498
ENSG00000203724.11,0.9217444912793542
ENSG00000259291.2,0.9216078742465049
ENSG00000286667.1,0.9215697468163255
ENSG00000162458.13,0.9212878307948246
ENSG00000212993.5,0.9211756827282266
ENSG00000176845.13,0.921164768034229
ENSG00000124194.17,0.9210061317089068
ENSG00000176890.16,0.9210058264254056
ENSG00000223652.2,0.9209561344768746
ENSG00000111664.11,0.9209313937908108
ENSG00000287385.1,0.9208875890904513
ENSG00000133561.15,0.9206688251507322
ENSG00000213640.3,0.9205899911517796
ENSG00000143061.18,0.9205274076749119
ENSG00000236467.8,0.9204849211078441
ENSG00000118492.17,0.9203989684781394
ENSG00000229140.11,0.9203632706504443
ENSG00000113070.8,0.9198482355390891
ENSG00000256148.1,0.9197756614316982
ENSG00000171873.8,0.9196996912507347
ENSG00000133958.13,0.9196035821163895
ENSG00000182508.14,0.9195765313420791
ENSG00000205710.4,0.9194427183220608
ENSG00000259685.3,0.9191735903654619
ENSG00000086300.16,0.9191165224533732
ENSG00000163435.16,0.9189305565818662
ENSG00000157600.12,0.918916741358305
ENSG00000256982.2,0.9188152116935234
ENSG00000172380.6,0.918789368981953
ENSG00000196639.7,0.9187776975615153
ENSG00000217624.2,0.9187256593120372
ENSG00000226251.6,0.9186315184054322
ENSG00000211710.3,0.9184935431189016
ENSG00000128594.8,0.9183330068677164
ENSG00000215475.5,0.9182821890795121
ENSG00000236366.3,0.9181852111364952
ENSG00000286424.1,0.918160905665691
ENSG00000280334.1,0.9181122332648962
ENSG00000236496.2,0.9179636180409461
ENSG00000255100.1,0.9179413619780665
ENSG00000224984.1,0.917904293714171
ENSG00000110446.11,0.9178757041378379
ENSG00000137098.14,0.9178680945679204
ENSG00000236289.4,0.9178288328237683
ENSG00000273442.1,0.9177650647214174
ENSG00000177875.5,0.9177464004900232
ENSG00000156510.13,0.9177119734458031
ENSG00000188886.3,0.917668139777449
ENSG00000244405.8,0.9175503273399603
ENSG00000162711.18,0.9174614382144266
ENSG00000076641.4,0.917388360644335
ENSG00000178722.13,0.9173009193608068
ENSG00000090971.5,0.9172418445392265
ENSG00000160233.8,0.9171922522753541
ENSG00000205085.12,0.916952402850904
ENSG00000130755.13,0.916951211199104
ENSG00000101605.13,0.9168423304089928
ENSG00000223723.1,0.916800426440578
ENSG00000244558.6,0.916664837500135
ENSG00000186710.11,0.9166210116032931
ENSG00000107738.20,0.9165840464428956
ENSG00000242540.3,0.9165048575975603
ENSG00000285799.1,0.9161648968589128
ENSG00000104518.11,0.916090020931656
ENSG00000237233.2,0.9159923211888622
ENSG00000197889.10,0.9159876349237484
ENSG00000172638.13,0.9159479565211951
ENSG00000235819.2,0.9157779908819907
ENSG00000279281.1,0.9157244724815182
ENSG00000246375.3,0.9156399821701594
ENSG00000226124.8,0.9155255993919738
ENSG00000076351.13,0.9154489031340399
ENSG00000198886.2,0.9153758857006274
ENSG00000189295.13,0.9153208316254215
ENSG00000266402.3,0.9152858240330505
ENSG00000182165.18,0.915228579198446
ENSG00000266278.1,0.9150339234464545
ENSG00000224307.2,0.9149373002161933
ENSG00000058453.17,0.9149127507322368
ENSG00000283537.2,0.9148986304341854
ENSG00000260997.1,0.914891198885984
ENSG00000149925.22,0.9147502434730351
ENSG00000156587.16,0.9146532638156853
ENSG00000180998.12,0.9145653371030875
ENSG00000147465.12,0.9143231281561716
ENSG00000240403.5,0.9142871043945937
ENSG00000182154.8,0.9142385870033577
ENSG00000211790.2,0.9140981813328489
ENSG00000167780.12,0.9139812262091596
ENSG00000257702.3,0.9138040354825284
ENSG00000225342.2,0.9137279862434543
ENSG00000129474.16,0.9136935585526754
ENSG00000083807.10,0.9136786803983816
ENSG00000167613.16,0.9133321704773013
ENSG00000260577.2,0.9133013076237431
ENSG00000159399.10,0.9132354657127998
ENSG00000185250.16,0.913020679568892
ENSG00000166845.15,0.9129474763814923
ENSG00000147548.17,0.9129257135393706
ENSG00000223561.7,0.9127260288157253
ENSG00000196083.10,0.9126434093519743
ENSG00000272282.1,0.9126373642136162
ENSG00000263745.7,0.9125098653050885
ENSG00000261342.1,0.912500325973203
ENSG00000287860.1,0.9124841861123459
ENSG00000143839.15,0.9124088180511921
ENSG00000223949.8,0.9123444267946108
ENSG00000157110.16,0.9123171330873842
ENSG00000206530.11,0.912307038812991
ENSG00000234323.8,0.9123044640388771
ENSG00000261959.1,0.9122615210453123
ENSG00000250155.2,0.9122136431340759
ENSG00000100739.11,0.912115073560074
ENSG00000286417.1,0.9120827058848713
ENSG00000158427.15,0.9119127156992198
ENSG00000168040.5,0.9117604984458043
ENSG00000165244.7,0.9116827535880576
ENSG00000205444.3,0.9116587972703657
ENSG00000180354.16,0.9114535937935522
ENSG00000198589.14,0.911419897706707
ENSG00000116819.8,0.9112047083489239
ENSG00000103876.13,0.9111918068606872
ENSG00000235655.3,0.9111838485267241
ENSG00000135821.19,0.9110320644778661
ENSG00000014914.21,0.9110014744219385
ENSG00000218358.2,0.9106040687833179
ENSG00000160999.10,0.9104477624614578
ENSG00000102271.14,0.9104406298418333
ENSG00000163132.8,0.9104319217016177
ENSG00000125347.14,0.9103965644755555
ENSG00000065057.9,0.9103602529895712
ENSG00000205846.4,0.9103372212520469
ENSG00000270804.1,0.9099928399725952
ENSG00000140030.6,0.90997317853443
ENSG00000185875.13,0.9099005442535821
ENSG00000184293.7,0.9097933581853201
ENSG00000279407.1,0.9097726573111236
ENSG00000158292.7,0.9095717053594676
ENSG00000155754.15,0.9093264974348697
ENSG00000259430.2,0.9092536499351785
ENSG00000164430.16,0.9092079714817953
ENSG00000164136.17,0.9090939035960606
ENSG00000197989.14,0.9089754072277617
ENSG00000121068.14,0.9089501565033444
ENSG00000185985.11,0.9089249606322455
ENSG00000185187.13,0.9088119673031718
ENSG00000018510.17,0.9086797066469028
ENSG00000254338.1,0.9086401636409404
ENSG00000169903.7,0.9086201472950773
ENSG00000180340.7,0.908597717406389
ENSG00000126368.6,0.9085969540243859
ENSG00000124557.12,0.9085536455704598
ENSG00000127415.13,0.9085216237074211
ENSG00000178896.9,0.9084031954135137
ENSG00000174791.11,0.9083637194152747
ENSG00000171860.5,0.9083235278046917
ENSG00000237424.1,0.9082096364857261
ENSG00000237248.5,0.9079989342102142
ENSG00000100092.24,0.9077872020691006
ENSG00000177294.7,0.9075490949438195
ENSG00000276550.4,0.9075387655336143
ENSG00000159239.13,0.907495402259545
ENSG00000117834.13,0.9073988437568485
ENSG00000186517.14,0.9071259978264724
ENSG00000235823.3,0.9071167833862726
ENSG00000233288.2,0.9070775464358005
ENSG00000145721.12,0.9069895310384838
ENSG00000267134.3,0.906969003006499
ENSG00000183770.7,0.9069389196517708
ENSG00000272523.1,0.9066923929351469
ENSG00000124224.17,0.9066513189358265
ENSG00000204525.17,0.906557055330683
ENSG00000286293.1,0.90655058081518
ENSG00000229422.2,0.9065025736171666
ENSG00000261770.1,0.9064892162518638
ENSG00000179362.14,0.9064678464367488
ENSG00000010671.16,0.9064506027102773
ENSG00000020577.14,0.906374799514451
ENSG00000100097.12,0.9062474367585851
ENSG00000197530.12,0.9061978946919128
ENSG00000221716.1,0.9061652706776263
ENSG00000223519.8,0.9061069500122322
ENSG00000087589.16,0.9060672451914905
ENSG00000182132.14,0.9060264265151903
ENSG00000155158.20,0.9060124342431896
ENSG00000181885.18,0.9059411221415571
ENSG00000100276.10,0.9057927167623732
ENSG00000215834.10,0.9057841224119069
ENSG00000080618.17,0.9054675850301013
ENSG00000175471.19,0.9054161212981651
ENSG00000073146.16,0.9052733761358518
ENSG00000277149.5,0.9051698409643878
ENSG00000126860.12,0.9050667704187351
ENSG00000273464.1,0.904908394840583
ENSG00000091536.19,0.9047519206169782
ENSG00000027644.5,0.9046084714610767
ENSG00000119888.11,0.9045493533558591
ENSG00000157514.16,0.9043403796381986
ENSG00000286391.1,0.9042714215823932
ENSG00000137203.15,0.9039907838636698
ENSG00000177189.14,0.9039314016446223
ENSG00000253936.1,0.9036988520711446
ENSG00000112706.12,0.903604208378659
ENSG00000242588.6,0.9033941309515737
ENSG00000182310.15,0.9033610897790201
ENSG00000187624.9,0.90333294615012
ENSG00000111405.9,0.9033040709358469
ENSG00000276710.4,0.9032617058199084
ENSG00000233757.6,0.9031585339412205
ENSG00000258711.2,0.9031143365005732
ENSG00000215068.8,0.9030012952160567
ENSG00000101265.16,0.9029419622985715
ENSG00000169169.15,0.9028990745167569
ENSG00000272626.1,0.9027794385598419
ENSG00000100365.16,0.9026918335844303
ENSG00000254366.7,0.9026691881664797
ENSG00000236155.6,0.9025197260818265
ENSG00000158321.18,0.9023649363989252
ENSG00000173457.11,0.9023425949147376
ENSG00000278989.1,0.9022968490844594
ENSG00000109854.14,0.902231598907848
ENSG00000141295.14,0.9022250482668497
ENSG00000255769.7,0.902115127142938
ENSG00000259969.1,0.90182487243239
ENSG00000177469.13,0.9017330320592716
ENSG00000148680.16,0.901535582075217
ENSG00000257178.5,0.9012443582573951
ENSG00000171502.15,0.9011785024150113
ENSG00000115526.11,0.9011679175695435
ENSG00000162104.10,0.901059758965487
ENSG00000145217.14,0.900820105970435
ENSG00000285907.1,0.900692324935931
ENSG00000169918.10,0.900674536502629
ENSG00000254995.4,0.9006538036380564
ENSG00000175701.10,0.9005844566798624
ENSG00000258818.4,0.9005401491326974
ENSG00000228058.2,0.9004374686088019
ENSG00000279759.1,0.9003699847126461
ENSG00000277282.1,0.9001954380083227
ENSG00000287626.1,0.9001753638770141
ENSG00000119636.16,0.9001364355856829
ENSG00000099860.9,0.9001322296270741
ENSG00000256056.1,0.9001045731778586
ENSG00000159214.13,0.8997369105450014
ENSG00000157103.12,0.8996642626325407
ENSG00000108515.18,0.8993908393053146
ENSG00000141577.14,0.8992973298168561
ENSG00000226530.2,0.8989406236696916
ENSG00000163221.9,0.8988589428930381
ENSG00000151575.14,0.898790133491755
ENSG00000210195.2,0.8987472142641729
ENSG00000172020.13,0.8983979095093031
ENSG00000139354.11,0.8983866695305885
ENSG00000196935.9,0.8983594492270276
ENSG00000218175.2,0.8982712299196208
ENSG00000250138.4,0.8981696272526171
ENSG00000137486.17,0.8978777853706201
ENSG00000198513.13,0.8978197292007014
ENSG00000274471.2,0.8977692748058231
ENSG00000150551.11,0.8976890650532245
ENSG00000211695.2,0.8976358582129753
ENSG00000169330.9,0.8976274995552876
ENSG00000035862.12,0.8975214493807677
ENSG00000163874.11,0.8974765014501306
ENSG00000104738.18,0.8974167270709908
ENSG00000165716.11,0.8971516118776298
ENSG00000266709.1,0.8970085160530648
ENSG00000102265.12,0.8969292163485159
ENSG00000226917.6,0.8968495091679186
ENSG00000222012.1,0.8965864175539967
ENSG00000169692.13,0.8965023585067498
ENSG00000137135.18,0.8964506730189605
ENSG00000271916.1,0.8962922550604676
ENSG00000070985.13,0.8960300966435514
ENSG00000173137.12,0.8959667847507324
ENSG00000196352.16,0.8957950054627292
ENSG00000158869.11,0.8956743922932543
ENSG00000134780.10,0.8956195542227734
ENSG00000213654.10,0.8956068856706855
ENSG00000225096.3,0.8955675121611456
ENSG00000128739.23,0.8955461235647016
ENSG00000117280.13,0.8955058343897679
ENSG00000231123.1,0.8951711615481546
ENSG00000126603.9,0.8949360095354371
ENSG00000267653.1,0.8947958291217533
ENSG00000238042.5,0.8947186933453196
ENSG00000226360.5,0.8945928488863361
ENSG00000134193.15,0.8945555872065081
ENSG00000232721.2,0.894354412194414
ENSG00000104879.5,0.8942283203187029
ENSG00000204305.14,0.8939068515164132
ENSG00000223940.1,0.8938583355526593
ENSG00000158683.9,0.8935398357066946
ENSG00000011590.14,0.8935283906859681
ENSG00000139187.10,0.8934527243312644
ENSG00000196924.19,0.8934474424041787
ENSG00000188596.11,0.8934437959242226
ENSG00000241720.2,0.8933976169799926
ENSG00000185022.12,0.8932092209778661
ENSG00000182747.5,0.8927086477323187
ENSG00000226332.2,0.8925974465803993
ENSG00000133816.17,0.8925938963075002
ENSG00000102780.17,0.8925445543162213
ENSG00000286542.1,0.8923935039640819
ENSG00000187098.17,0.8922312220922993
ENSG00000198689.13,0.8921754187557351
ENSG00000113742.14,0.8921734338403349
ENSG00000134954.14,0.8919277156628113
ENSG00000260838.3,0.8919156754568184
ENSG00000284946.1,0.8918604425775974
ENSG00000162636.16,0.8918312626564555
ENSG00000214429.3,0.891674204358269
ENSG00000183722.9,0.8916203020644189
ENSG00000161912.18,0.8916146769234873
ENSG00000183496.6,0.8913214812331602
ENSG00000198496.12,0.8908623914441199
ENSG00000173572.11,0.8907254438993728
ENSG00000254560.6,0.8907237653501842
ENSG00000286389.1,0.890709368912785
ENSG00000042832.12,0.8906298259120731
ENSG00000146966.13,0.8906061714896044
ENSG00000141068.14,0.8905044297865533
ENSG00000134909.18,0.8904657870410922
ENSG00000175756.13,0.8904215733050932
ENSG00000189283.10,0.8904094647043549
ENSG00000111788.10,0.8903829567538732
ENSG00000280241.4,0.8901784847078174
ENSG00000207146.1,0.8901053543234381
ENSG00000121454.6,0.8899382252644829
ENSG00000210196.2,0.889834507832282
ENSG00000198569.10,0.8895151558181432
ENSG00000122786.20,0.8895003568935157
ENSG00000225706.2,0.8892806034607575
ENSG00000236871.7,0.8892258720742907
ENSG00000197768.10,0.8891451067577493
ENSG00000230481.2,0.889139646368891
ENSG00000134253.10,0.8891234352857785
ENSG00000152253.9,0.889061874915605
ENSG00000160256.13,0.8889766958988607
ENSG00000280229.1,0.8885399441247491
ENSG00000175414.7,0.8884784173652936
ENSG00000265688.2,0.8883331906030663
ENSG00000159708.18,0.8883113945739062
ENSG00000259225.7,0.8881468084893638
ENSG00000141540.11,0.8880934310036165
ENSG00000286786.1,0.8880922648328999
ENSG00000180448.10,0.8879470677259477
ENSG00000173156.7,0.8879464545063243
ENSG00000162761.14,0.887944793520016
ENSG00000225684.4,0.8878844328987033
ENSG00000189433.7,0.8877166602266395
ENSG00000137267.6,0.8876723175763238
ENSG00000015479.20,0.8876008341950453
ENSG00000116983.13,0.8875529304310439
ENSG00000100304.13,0.887496474157972
ENSG00000279483.2,0.8873977299052891
ENSG00000089169.15,0.8873877497248946
ENSG00000225177.6,0.8873039556998775
ENSG00000237254.2,0.887253213805692
ENSG00000226194.5,0.8870414394968159
ENSG00000254750.1,0.886935707875973
ENSG00000171408.14,0.8868358239417057
ENSG00000197815.4,0.8867879843568417
ENSG00000211807.3,0.8866640663416623
ENSG00000197119.13,0.8865136852414223
ENSG00000057657.17,0.8864278830946528
ENSG00000099889.14,0.8864137271682139
ENSG00000206417.8,0.886396983466107
ENSG00000105642.15,0.886388330706038
ENSG00000136869.16,0.8863565862565211
ENSG00000149231.15,0.8863434023884177
ENSG00000163251.4,0.8862442090874196
ENSG00000070759.17,0.8860823901979163
ENSG00000115525.18,0.8859528633473297
ENSG00000271420.1,0.8857347944172201
ENSG00000238142.2,0.8856545167235865
ENSG00000178409.14,0.8855709912241849
ENSG00000154146.13,0.8854760956005313
ENSG00000257258.2,0.8853184647091141
ENSG00000146700.9,0.8851229846387159
ENSG00000256379.2,0.8850668397876247
ENSG00000259120.3,0.8850512959042577
ENSG00000258689.1,0.884859832323003
ENSG00000273355.1,0.88463707165285
ENSG00000251396.7,0.8846166815012197
ENSG00000105404.11,0.8839399165586841
ENSG00000176749.9,0.8835972221568847
ENSG00000139351.15,0.8835604819082558
ENSG00000196209.13,0.8834583034495783
ENSG00000168672.4,0.8833662897889063
ENSG00000072210.19,0.8832766694824186
ENSG00000215417.13,0.8832138687797008
ENSG00000211810.3,0.8831858693195147
ENSG00000174482.10,0.8831710020111601
ENSG00000133246.12,0.8831433407891951
ENSG00000183741.12,0.8828443380059937
ENSG00000186470.14,0.8827854904098776
ENSG00000143869.7,0.8827592681128098
ENSG00000255052.5,0.8826855064283343
ENSG00000099869.8,0.8825580810790309
ENSG00000246575.2,0.8823658185432293
ENSG00000135698.10,0.8822519174953046
ENSG00000215845.11,0.8822362846691074
ENSG00000250475.1,0.8821538569044115
ENSG00000254419.1,0.8821408861830016
ENSG00000130748.7,0.8820802782609377
ENSG00000169683.8,0.8820044038982371
ENSG00000231711.2,0.8819760601875162
ENSG00000137496.18,0.881854519279819
ENSG00000243716.10,0.8816365309855141
ENSG00000058091.17,0.8816343672679243
ENSG00000219395.2,0.8815686423230437
ENSG00000174804.4,0.8815312530195873
ENSG00000255151.2,0.8815285471674327
ENSG00000187094.12,0.8814903733614072
ENSG00000234810.4,0.8814750477328224
ENSG00000229205.5,0.8814436305471645
ENSG00000274253.5,0.8813667337134882
ENSG00000260398.1,0.8813013289609245
ENSG00000242419.5,0.8812952238361826
ENSG00000142347.19,0.8810403670688232
ENSG00000229267.3,0.8809412184049316
ENSG00000272695.2,0.8808556930017554
ENSG00000205704.7,0.8808096376880227
ENSG00000140682.19,0.8807446097163724
ENSG00000160213.9,0.8807158642098937
ENSG00000203499.12,0.8806870765017432
ENSG00000169413.3,0.8804984839096118
ENSG00000153531.13,0.8803603981594638
ENSG00000142627.13,0.8803537919605287
ENSG00000137434.11,0.8802808569202369
ENSG00000260423.2,0.880263924133155
ENSG00000188269.10,0.8802342893919615
ENSG00000188486.3,0.8802156012641645
ENSG00000187566.6,0.8800023012582838
ENSG00000143994.14,0.8799133736761353
ENSG00000156735.11,0.8798676717043119
ENSG00000049246.14,0.8797336511441466
ENSG00000204472.13,0.8796764106471726
ENSG00000177994.16,0.8794296030256251
ENSG00000270231.4,0.8793788366675473
ENSG00000095303.17,0.8792620135707141
ENSG00000176986.16,0.8789390676559674
ENSG00000254510.2,0.878719346554046
ENSG00000137393.10,0.878648050588274
ENSG00000131055.5,0.8785464350971661
ENSG00000230953.2,0.8785415805167727
ENSG00000076356.7,0.8784509010007613
ENSG00000237238.3,0.8781543179223495
ENSG00000146242.9,0.8781017424725991
ENSG00000188603.22,0.8778138461816939
ENSG00000271109.2,0.8776932456220418
ENSG00000131730.16,0.8776165901267439
ENSG00000143178.13,0.8776112626840117
ENSG00000215375.6,0.8775619962003028
ENSG00000118263.15,0.8774498124278984
ENSG00000122644.13,0.8774285495594352
ENSG00000138771.16,0.8773993068706771
ENSG00000119630.14,0.8773525941257052
ENSG00000253196.1,0.8772386373045883
ENSG00000225828.1,0.877164422029028
ENSG00000246214.2,0.8770308616607682
ENSG00000275074.2,0.8769218978677059
ENSG00000214081.8,0.8768029533402012
ENSG00000110013.13,0.8766940048086189
ENSG00000063660.9,0.8763596350852536
ENSG00000166503.9,0.876281227335373
ENSG00000279368.1,0.8762602132418563
ENSG00000090006.18,0.8762308804995155
ENSG00000135437.10,0.8761738496514544
ENSG00000269313.5,0.8761583803943569
ENSG00000099957.16,0.8759136641378615
ENSG00000281383.1,0.875906019840702
ENSG00000285938.1,0.8758989732777025
ENSG00000120328.6,0.8757898720712128
ENSG00000215374.6,0.8757596121259021
ENSG00000165091.18,0.8757578831795372
ENSG00000235385.2,0.8756926498127955
ENSG00000196372.13,0.8756113426588323
ENSG00000224631.4,0.8755579397712829
ENSG00000279332.1,0.8755526601053362
ENSG00000186074.19,0.875458774570555
ENSG00000230074.3,0.8754450440831809
ENSG00000150967.18,0.8753812001198078
ENSG00000230943.3,0.8753675143260682
ENSG00000177133.11,0.8750358222454909
ENSG00000127418.15,0.8749660298891023
ENSG00000143409.15,0.8747574393578196
ENSG00000251676.2,0.8746559742023517
ENSG00000125995.16,0.8743353908777357
ENSG00000256673.1,0.874253147771985
ENSG00000232931.6,0.87413268462815
ENSG00000139508.15,0.8737972165973148
ENSG00000182771.19,0.8737835120185884
ENSG00000259271.1,0.8737533284161618
ENSG00000168487.20,0.8737407916222436
ENSG00000237512.6,0.8735435967304914
ENSG00000143815.15,0.8733777746489366
ENSG00000106462.11,0.8732400479330998
ENSG00000102931.8,0.8732131953886393
ENSG00000272732.1,0.8732105018164377
ENSG00000179403.12,0.8731554215336739
ENSG00000160360.13,0.8731328637254057
ENSG00000254098.1,0.8728702809388843
ENSG00000092345.14,0.8727697495912526
ENSG00000182107.7,0.8726901716463389
ENSG00000275367.1,0.8725022252818555
ENSG00000230102.8,0.872490521114418
ENSG00000225806.8,0.8724569010658544
ENSG00000146386.8,0.8723813435724451
ENSG00000196628.20,0.8723791864821763
ENSG00000187185.4,0.8721650107384347
ENSG00000205133.12,0.8721512199631373
ENSG00000170290.4,0.8719018809142028
ENSG00000176933.5,0.8712956585750785
ENSG00000234694.1,0.8712784755746711
ENSG00000286472.1,0.871178509648831
ENSG00000111732.11,0.8711303044599169
ENSG00000080298.15,0.870906241844986
ENSG00000173193.15,0.8708508906980336
ENSG00000271869.1,0.8708174984763121
ENSG00000197959.14,0.8705706311857309
ENSG00000171310.11,0.870517572503782
ENSG00000151650.8,0.8704919307415897
ENSG00000112149.10,0.8703965577752534
ENSG00000102904.15,0.8703347715804732
ENSG00000105767.3,0.870327622476508
ENSG00000197714.9,0.8701929102284616
ENSG00000179104.9,0.8701281745473395
ENSG00000143036.17,0.870121415639153
ENSG00000281490.1,0.8700457132885466
ENSG00000176753.5,0.8700007678534513
ENSG00000260792.1,0.869978907025725
ENSG00000179088.15,0.8699507958582183
ENSG00000175874.10,0.8697950128739685
ENSG00000151948.12,0.8697375075492741
ENSG00000076685.19,0.8695250736338094
ENSG00000067836.13,0.8694921840321888
ENSG00000185437.13,0.8692821714084105
ENSG00000254027.1,0.8692660474427102
ENSG00000158825.6,0.8691629594121256
ENSG00000261136.1,0.869119345306071
ENSG00000142046.15,0.8690066987160275
ENSG00000100060.18,0.8689893723570664
ENSG00000130193.8,0.868982302095719
ENSG00000173706.14,0.8688365719790943
ENSG00000261332.1,0.8688206866613147
ENSG00000174599.5,0.8686673873579457
ENSG00000168505.7,0.8685343429133683
ENSG00000188015.10,0.8684179593200317
ENSG00000163909.8,0.86829502196379
ENSG00000144959.11,0.8681366853561167
ENSG00000188676.13,0.8681042387392544
ENSG00000121957.15,0.868094608252211
ENSG00000160813.7,0.8680940759587965
ENSG00000250590.6,0.8679883086004729
ENSG00000274370.1,0.8679427456161967
ENSG00000259343.7,0.8678430065850609
ENSG00000260918.1,0.8678147231747211
ENSG00000249173.6,0.8677406663607738
ENSG00000123685.9,0.8675329682015561
ENSG00000070778.13,0.8675136494425694
ENSG00000278864.1,0.867270555922684
ENSG00000275183.2,0.8672217304041328
ENSG00000188931.4,0.8670626462347911
ENSG00000122966.17,0.8669566652692826
ENSG00000130037.5,0.8666247805870289
ENSG00000139116.19,0.8665473114085673
ENSG00000272031.3,0.8662850796191987
ENSG00000206557.6,0.8662624896146136
ENSG00000257176.3,0.8661498217670092
ENSG00000163803.13,0.8659999640348218
ENSG00000104687.14,0.8658523682557688
ENSG00000180891.13,0.8657415701479353
ENSG00000263011.1,0.8657273216882605
ENSG00000164442.10,0.8655331212319787
ENSG00000287024.1,0.8654202205356067
ENSG00000280362.1,0.8652155469860767
ENSG00000135736.6,0.86509700461224
ENSG00000134042.14,0.8649926234066796
ENSG00000233006.8,0.8648944290877526
ENSG00000101255.11,0.8646673847131708
ENSG00000230417.12,0.8644483712891055
ENSG00000135245.10,0.8643385835285425
ENSG00000168765.17,0.8643070635817671
ENSG00000171130.18,0.8643030097327846
ENSG00000124006.15,0.8642645368884135
ENSG00000152784.16,0.8640905083379921
ENSG00000235448.3,0.8638420998021941
ENSG00000229619.4,0.8634141209316972
ENSG00000141506.14,0.8633829616173984
ENSG00000260075.1,0.8632260509797642
ENSG00000172167.8,0.8631770989231956
ENSG00000142731.11,0.8630963771584869
ENSG00000197153.5,0.8630039329630819
ENSG00000197375.13,0.8630023738435071
ENSG00000160539.6,0.8628046656446678
ENSG00000279536.1,0.8627216429855846
ENSG00000169548.3,0.8625989823598634
ENSG00000229152.2,0.8625223180698649
ENSG00000166313.19,0.8624597873103717
ENSG00000273156.2,0.8624316169655569
ENSG00000281560.1,0.8624243430703138
ENSG00000197329.12,0.8623625910152715
ENSG00000205361.8,0.8623226332191726
ENSG00000125534.10,0.862283991258829
ENSG00000141497.14,0.8622209181717732
ENSG00000232545.1,0.862155635686879
ENSG00000185130.5,0.8621280763673336
ENSG00000265972.6,0.8621189988946919
ENSG00000143434.16,0.8620802278658327
ENSG00000018869.17,0.8619055117959031
ENSG00000079819.19,0.8618222145102535
ENSG00000182183.15,0.8615194385197369
ENSG00000182247.10,0.8614139264565743
ENSG00000243478.9,0.8613478034029804
ENSG00000134070.5,0.8610058811630494
ENSG00000231453.1,0.8608893110032435
ENSG00000106605.11,0.8608636359165222
ENSG00000026025.16,0.8607516772415343
ENSG00000124942.14,0.8607260614648348
ENSG00000156509.14,0.8606982149313964
ENSG00000272970.3,0.8606383052548352
ENSG00000264061.1,0.8605858388882649
ENSG00000070808.16,0.8605635469711327
ENSG00000145107.16,0.8604625005653015
ENSG00000120440.15,0.8603874636667185
ENSG00000228318.3,0.8603391000682712
ENSG00000131196.18,0.8602968433123831
ENSG00000278192.1,0.8602914304640646
ENSG00000280172.1,0.8601240929915162
ENSG00000099625.13,0.860099357580943
ENSG00000186912.6,0.8600795432526744
ENSG00000279694.1,0.8600715134719088
ENSG00000155465.20,0.8599662677702906
ENSG00000288096.1,0.8598801965847701
ENSG00000227232.5,0.8597935960494055
ENSG00000058866.15,0.8597078106199962
ENSG00000287985.1,0.8595322283795505
ENSG00000255031.5,0.8593818775378085
ENSG00000163154.6,0.8592284463346523
ENSG00000211776.2,0.8591283254220723
ENSG00000257002.1,0.8591011158367684
ENSG00000260418.1,0.8589641877463993
ENSG00000251161.4,0.8589332074542025
ENSG00000024422.12,0.8588818270581994
ENSG00000198053.12,0.8588719862656535
ENSG00000137841.12,0.8587803631372467
ENSG00000259702.3,0.8587701427346163
ENSG00000266265.4,0.8586760337600667
ENSG00000254319.6,0.8586601077118658
ENSG00000169306.10,0.8585319048763409
ENSG00000284948.1,0.8584132878353233
ENSG00000177788.6,0.8583826923276847
ENSG00000266521.1,0.8583696610881609
ENSG00000253873.6,0.8581449300243033
ENSG00000163518.11,0.8580150743998295
ENSG00000223349.1,0.8580116727549364
ENSG00000271550.1,0.8579539683033014
ENSG00000087253.13,0.8578951006362148
ENSG00000259030.7,0.857720029067224
ENSG00000254731.1,0.8576752781168129
ENSG00000174944.9,0.8576735313006547
ENSG00000265752.3,0.8575646042099376
ENSG00000082438.17,0.8575498160931793
ENSG00000253692.3,0.8574634777851837
ENSG00000196724.13,0.8574255632088706
ENSG00000209082.1,0.8573887211375902
ENSG00000133574.10,0.8573745896969567
ENSG00000107104.20,0.8573357939116737
ENSG00000269934.3,0.8572035665547092
ENSG00000235903.9,0.857021942887449
ENSG00000171815.6,0.8570006139647096
ENSG00000233429.9,0.856999536949666
ENSG00000241657.1,0.8569426736219133
ENSG00000167580.8,0.8567802815110412
ENSG00000269720.2,0.8566096779762878
ENSG00000112599.9,0.8565460880958571
ENSG00000265702.2,0.8565073477318046
ENSG00000149557.14,0.8563154860409083
ENSG00000108582.12,0.8560174518193148
ENSG00000235027.1,0.855974200498541
ENSG00000185739.13,0.8559001998414977
ENSG00000228672.4,0.8558650275705806
ENSG00000219481.10,0.8556724722835883
ENSG00000179240.13,0.8556694455710068
ENSG00000259366.1,0.8555666893861826
ENSG00000091879.14,0.855488762777918
ENSG00000254614.2,0.8554441785188175
ENSG00000110090.13,0.8554101514411494
ENSG00000185664.14,0.8553162535795815
ENSG00000265519.1,0.8552504574621055
ENSG00000197405.8,0.8552345032367071
ENSG00000269356.1,0.8549957655180123
ENSG00000259964.7,0.8548274384491018
ENSG00000106546.14,0.8547379640393762
ENSG00000279352.1,0.8545719009752494
ENSG00000129932.10,0.8544363205828288
ENSG00000130147.16,0.8540224089696105
ENSG00000245498.7,0.8539488331160395
ENSG00000187556.7,0.8539421083570825
ENSG00000164620.9,0.8539075977006163
ENSG00000071205.12,0.8538905911153534
ENSG00000120693.14,0.8538590379155309
ENSG00000277142.1,0.8538299072696544
ENSG00000286486.1,0.8537172649561413
ENSG00000185386.15,0.8536349166287724
ENSG00000145476.16,0.8535893322512831
ENSG00000250072.6,0.853485564047961
ENSG00000233966.1,0.8534628788432261
ENSG00000228607.2,0.8532911459670025
ENSG00000180902.18,0.8531746147811663
ENSG00000187513.9,0.8530856150983359
ENSG00000278934.1,0.8530616354676734
ENSG00000228566.2,0.8530550220714634
ENSG00000255221.3,0.8530510651134838
ENSG00000156050.10,0.8526095702407126
ENSG00000247157.7,0.8526042719865774
ENSG00000224812.3,0.8525519275609056
ENSG00000133195.11,0.8524083425877965
ENSG00000196376.11,0.8523742393995604
ENSG00000186446.12,0.8522875630548502
ENSG00000276007.1,0.8522453207802537
ENSG00000139364.10,0.851977244843858
ENSG00000188313.13,0.8518779030237835
ENSG00000215244.3,0.8518270044405328
ENSG00000119969.15,0.8518268409091114
ENSG00000138604.10,0.8516564467781642
ENSG00000174886.14,0.8516049837804894
ENSG00000143125.6,0.8515715066198701
ENSG00000010704.18,0.8515460440666717
ENSG00000251432.7,0.8513925169538084
ENSG00000171532.5,0.8513625258800737
ENSG00000203711.14,0.8513157812455509
ENSG00000266145.1,0.8512781060992056
ENSG00000152256.14,0.8511600698419214
ENSG00000234511.10,0.851147461378883
ENSG00000169554.22,0.8511297816338497
ENSG00000071282.12,0.8510917922990462
ENSG00000115935.18,0.8510290694783272
ENSG00000135912.11,0.8509190069778498
ENSG00000105649.10,0.8505600618728184
ENSG00000260963.2,0.8505029085417365
ENSG00000182963.11,0.8501752616954686
ENSG00000235174.1,0.8501615831953828
ENSG00000112715.25,0.8501392941835573
ENSG00000272379.1,0.8500566280539663
ENSG00000134278.15,0.8500371007676333
ENSG00000183723.13,0.8498669094963212
ENSG00000188191.15,0.8497921556613472
ENSG00000188525.4,0.8493882392802433
ENSG00000263893.2,0.8491146161436012
ENSG00000278952.1,0.8490198467193816
ENSG00000186395.8,0.8489176190718186
ENSG00000221843.4,0.8488344769766432
ENSG00000231424.3,0.8483804364467313
ENSG00000256377.6,0.8482245807220243
ENSG00000104043.15,0.8480821152814804
ENSG00000237510.7,0.847900076015625
ENSG00000143110.12,0.8478740536920529
ENSG00000150773.11,0.8478334926392112
ENSG00000112685.14,0.8477773780817198
ENSG00000287886.1,0.8477741796466827
ENSG00000128656.15,0.8477694634925713
ENSG00000152475.7,0.8477201598919395
ENSG00000051128.19,0.8476547070772146
ENSG00000128482.16,0.8476142486312337
ENSG00000159899.15,0.8472034343041048
ENSG00000211728.2,0.8471443139499646
ENSG00000257654.1,0.8471123874855334
ENSG00000091039.17,0.8469375445924755
ENSG00000228544.1,0.8469285465343727
ENSG00000264570.1,0.8469039762152512
ENSG00000035664.11,0.8468393907028937
ENSG00000172687.13,0.8465807867407964
ENSG00000073008.15,0.8465003982393831
ENSG00000267127.7,0.8463514432308605
ENSG00000145990.11,0.8462884835632883
ENSG00000049449.10,0.8462778348295905
ENSG00000104918.8,0.8462301882869084
ENSG00000277215.2,0.8461969294797594
ENSG00000152558.15,0.8460840956049844
ENSG00000233016.7,0.8459950095806232
ENSG00000102981.10,0.8458176595087991
ENSG00000248690.8,0.8457616453269179
ENSG00000249628.3,0.8457026142885602
ENSG00000073067.14,0.8456558100512557
ENSG00000183644.13,0.845578910144946
ENSG00000281162.2,0.845540501888773
ENSG00000171115.4,0.8454151786875682
ENSG00000250571.7,0.8451887292294981
ENSG00000259126.1,0.8450411973288187
ENSG00000121406.9,0.844981223171831
ENSG00000196873.16,0.844921849684416
ENSG00000167769.5,0.8446869284700611
ENSG00000134369.15,0.8445984369235078
ENSG00000205809.9,0.8445390241055214
ENSG00000248124.8,0.8445317394275967
ENSG00000274565.1,0.844401372765203
ENSG00000198816.7,0.8442375740503915
ENSG00000257270.1,0.8440655696605044
ENSG00000286443.1,0.844045226628084
ENSG00000249626.1,0.8440428211504166
ENSG00000136153.20,0.8440009300472879
ENSG00000246922.9,0.8439344756479477
ENSG00000232973.13,0.8439168993785733
ENSG00000145687.16,0.8439020426923182
ENSG00000159496.14,0.8436709566368015
ENSG00000234614.1,0.8436166173225211
ENSG00000126882.13,0.8435802470876208
ENSG00000163492.15,0.8435730171447973
ENSG00000246379.8,0.843351707146464
ENSG00000167261.14,0.843241989967407
ENSG00000240764.4,0.8431989953622031
ENSG00000213160.10,0.8431907953851283
ENSG00000124019.10,0.8431115965181343
ENSG00000228784.9,0.8430646010190483
ENSG00000140525.19,0.8429119501680506
ENSG00000196260.5,0.842827072554734
ENSG00000170509.12,0.8427773528694517
ENSG00000245904.4,0.8427579424453169
ENSG00000270728.1,0.8427344603559451
ENSG00000185189.18,0.8426647738905743
ENSG00000267665.2,0.8424800428628098
ENSG00000233217.2,0.8424322411616924
ENSG00000285210.1,0.8424299516911239
ENSG00000006534.16,0.8421442001554804
ENSG00000178695.6,0.8420256662248252
ENSG00000180785.10,0.8420080175487563
ENSG00000183688.4,0.841908613653324
ENSG00000236700.6,0.84187159387417
ENSG00000138613.14,0.8418592726004327
ENSG00000196862.10,0.8417606385805536
ENSG00000171747.9,0.8416428005824403
ENSG00000228887.3,0.8416320066759472
ENSG00000234807.7,0.8414345551024638
ENSG00000156486.8,0.8411897431741876
ENSG00000075073.15,0.8410145520794945
ENSG00000277399.5,0.8409204721897988
ENSG00000244968.7,0.8408144667087458
ENSG00000134222.16,0.8405672366785332
ENSG00000125414.19,0.840506794435164
ENSG00000274419.6,0.8404078655689498
ENSG00000105499.14,0.8402578675470447
ENSG00000266952.2,0.840005848876269
ENSG00000213178.3,0.8399776158865829
ENSG00000096433.11,0.8399631901675134
ENSG00000211676.2,0.8394607426463174
ENSG00000118985.16,0.839376052791071
ENSG00000018408.15,0.8392614468684486
ENSG00000197757.8,0.8392498854300873
ENSG00000131018.24,0.839105426142207
ENSG00000154898.15,0.8391016641213989
ENSG00000276075.1,0.8390793188447281
ENSG00000105373.19,0.839027241089022
ENSG00000283236.1,0.8389587640336242
ENSG00000168676.11,0.8389093239345651
ENSG00000162620.16,0.8388382937308572
ENSG00000255239.2,0.8387855921593103
ENSG00000249464.6,0.8387425455982636
ENSG00000087301.9,0.8386852533780659
ENSG00000278473.1,0.8385581812734962
ENSG00000233967.7,0.8384415688879984
ENSG00000111801.16,0.8383762432498224
ENSG00000259134.7,0.8382196642601275
ENSG00000224805.2,0.8382112682510203
ENSG00000108578.15,0.8381869741313351
ENSG00000236209.1,0.8381650165692759
ENSG00000001617.12,0.8380402186267498
ENSG00000264727.1,0.8380295461079019
ENSG00000180999.11,0.8380197482594941
ENSG00000074590.13,0.8375042076192688
ENSG00000201183.1,0.8374151867454573
ENSG00000135976.20,0.8373937959001894
ENSG00000182022.18,0.8373705625844836
ENSG00000214826.5,0.8373680069114939
ENSG00000255587.9,0.8371349947700687
ENSG00000226409.3,0.8370632272751783
ENSG00000236616.3,0.8369942987369899
ENSG00000169220.18,0.8368247735287032
ENSG00000226856.7,0.8366830253749041
ENSG00000233256.1,0.8366610562347193
ENSG00000102030.16,0.8366434460118165
ENSG00000158473.8,0.8364808650891756
ENSG00000279631.1,0.836443118187504
ENSG00000108298.12,0.8363449581138824
ENSG00000123360.12,0.8362438297330443
ENSG00000158062.20,0.8362042066619966
ENSG00000224081.9,0.8361139867125786
ENSG00000232093.1,0.8361106163941413
ENSG00000180611.7,0.8360855626096746
ENSG00000162669.16,0.8360567647952111
ENSG00000106125.14,0.8359764270561346
ENSG00000233435.2,0.8359436342110185
ENSG00000237928.6,0.8357822583872422
ENSG00000226015.2,0.8357635666633625
ENSG00000205336.14,0.8356288619165634
ENSG00000227582.2,0.8355881985991553
ENSG00000275393.1,0.8355800722648714
ENSG00000258819.2,0.8354838411040503
ENSG00000185803.12,0.835396081375957
ENSG00000183628.14,0.8353438034619963
ENSG00000173281.5,0.8352936415916976
ENSG00000234284.7,0.8351870038965437
ENSG00000136854.24,0.8351445472710942
ENSG00000230487.8,0.8349961348557493
ENSG00000134259.5,0.834980305790919
ENSG00000197442.10,0.8348744854511887
ENSG00000130762.15,0.834837821173798
ENSG00000273143.2,0.834830953635022
ENSG00000204959.4,0.8348272926458626
ENSG00000148175.13,0.8348217946343344
ENSG00000255345.1,0.8345729401645918
ENSG00000141391.14,0.834533718471501
ENSG00000259675.2,0.8344508360108785
ENSG00000165185.15,0.8343925802337762
ENSG00000104524.14,0.834362282342514
ENSG00000174775.17,0.8341526832366128
ENSG00000143753.13,0.8341393913705596
ENSG00000117318.9,0.8339638639215189
ENSG00000204528.3,0.8339369696157679
ENSG00000157873.17,0.8338930360938223
ENSG00000214944.9,0.8337009729319618
ENSG00000197785.14,0.8336610195658206
ENSG00000138030.13,0.8336382780501973
ENSG00000276564.1,0.8336183584638317
ENSG00000260253.1,0.8335329026934004
ENSG00000173269.14,0.833414501937846
ENSG00000219607.4,0.833188382496907
ENSG00000247809.9,0.833167085571007
ENSG00000104856.14,0.8330492055420833
ENSG00000110852.4,0.8328563646324173
ENSG00000263952.5,0.8328044504859302
ENSG00000178201.4,0.8326406251254312
ENSG00000249780.1,0.832605524731111
ENSG00000186496.12,0.8325696385882256
ENSG00000171621.14,0.8325257427233751
ENSG00000267523.1,0.8325098666046
ENSG00000143819.12,0.8324165067626224
ENSG00000152818.18,0.8323221550266892
ENSG00000287260.1,0.8322067609473053
ENSG00000253773.3,0.8321777095776294
ENSG00000213057.5,0.8321676838216642
ENSG00000238358.2,0.8321647445465717
ENSG00000170122.5,0.8320899972399911
ENSG00000204961.7,0.8320744998358192
ENSG00000272989.1,0.8319288413868813
ENSG00000228492.2,0.8318870983943308
ENSG00000205959.4,0.8318741453910959
ENSG00000159873.10,0.8318391382280865
ENSG00000267666.2,0.8318383871000163
ENSG00000169621.10,0.8313763273686372
ENSG00000148362.11,0.8312978337827602
ENSG00000197813.6,0.8311604893582712
ENSG00000223756.7,0.8311370096016121
ENSG00000162367.11,0.8309024698801966
ENSG00000224945.1,0.8308744483043626
ENSG00000288079.1,0.8308425402543382
ENSG00000278212.2,0.8308335412595367
ENSG00000126785.13,0.8307862715111263
ENSG00000105516.11,0.8306942174137475
ENSG00000166762.19,0.8306611902406889
ENSG00000167981.7,0.8305216335254173
ENSG00000189229.11,0.8302293153358702
ENSG00000130529.16,0.8300181383324694
ENSG00000254389.3,0.829851141126064
ENSG00000269893.8,0.8297165283391423
ENSG00000122386.11,0.8296597823285625
ENSG00000168899.5,0.8296522756977274
ENSG00000102043.16,0.8296471872139021
ENSG00000142632.17,0.8296352294047967
ENSG00000226945.1,0.8295666261064034
ENSG00000237080.3,0.8295644410740983
ENSG00000253227.2,0.8295511639722483
ENSG00000228127.3,0.8294819778519292
ENSG00000122367.20,0.829461244651568
ENSG00000183023.18,0.8294139900635461
ENSG00000197580.13,0.8294124880261882
ENSG00000186188.11,0.8291502211351572
ENSG00000211792.2,0.8288400166088287
ENSG00000185420.19,0.8287450970380802
ENSG00000186469.8,0.8284204388921371
ENSG00000037965.6,0.8283104525440791
ENSG00000239559.2,0.8280936544813177
ENSG00000138738.11,0.8280215354630851
ENSG00000123219.13,0.8280014289862984
ENSG00000250740.1,0.8279216719725699
ENSG00000145700.10,0.827897447904861
ENSG00000165694.10,0.8278257070310776
ENSG00000148737.17,0.8278235199751788
ENSG00000142227.11,0.8277938063108751
ENSG00000250771.2,0.8277329745737477
ENSG00000187688.15,0.827341026925215
ENSG00000235438.7,0.8273352216908484
ENSG00000223387.6,0.8273273578447754
ENSG00000197816.16,0.8272781269462455
ENSG00000128346.11,0.827272487145349
ENSG00000262585.1,0.8271919795649033
ENSG00000249679.2,0.8266257391729326
ENSG00000173599.15,0.8266060397315914
ENSG00000110697.13,0.8264777180436014
ENSG00000273837.1,0.8264542995909653
ENSG00000255471.1,0.8263975878833422
ENSG00000126838.10,0.8263702052602296
ENSG00000258920.1,0.8263606669608703
ENSG00000159905.15,0.8263256220026771
ENSG00000148935.11,0.8262953348989711
ENSG00000010327.10,0.8262795485918872
ENSG00000101638.14,0.8262355939265446
ENSG00000109501.14,0.8262063642324186
ENSG00000149418.11,0.8261417233680706
ENSG00000257542.5,0.8261331272469231
ENSG00000267554.1,0.8260629738271509
ENSG00000172985.11,0.8260486073867871
ENSG00000253302.1,0.8259919180094448
ENSG00000186480.13,0.8259137044538302
ENSG00000164877.19,0.8258069628948798
ENSG00000006788.14,0.8257139858773326
ENSG00000161551.14,0.8255532122509055
ENSG00000159884.12,0.8254430230999895
ENSG00000117595.12,0.825379729015791
ENSG00000174276.7,0.8253445348534938
ENSG00000161800.13,0.8252363426695937
ENSG00000258884.2,0.8252211684359501
ENSG00000113361.13,0.8250889930545866
ENSG00000115474.7,0.825007546139389
ENSG00000185527.12,0.8249572435401846
ENSG00000093144.19,0.8247806255232607
ENSG00000241316.8,0.8247194667804494
ENSG00000218426.5,0.8246068008657249
ENSG00000183426.17,0.824383988845717
ENSG00000214837.8,0.8242887417585767
ENSG00000182511.12,0.8240117941873978
ENSG00000088053.11,0.82379011049198
ENSG00000146221.10,0.8236372387950095
ENSG00000157240.4,0.8234852602433946
ENSG00000277775.2,0.8234481251431724
ENSG00000254166.3,0.8233467325748618
ENSG00000125046.15,0.8232722586637301
ENSG00000175984.15,0.8232496724679156
ENSG00000203446.2,0.8231059803508268
ENSG00000198892.7,0.8230213464403787
ENSG00000064666.15,0.8229490098503113
ENSG00000251634.2,0.8228221250312621
ENSG00000242861.1,0.8225883752372489
ENSG00000263655.1,0.8225424947228359
ENSG00000250302.3,0.8224913418294012
ENSG00000101096.20,0.8223700771087629
ENSG00000127328.22,0.8222361338831102
ENSG00000240429.1,0.8222169428469115
ENSG00000184489.12,0.8222111035190369
ENSG00000267594.5,0.8221406263908775
ENSG00000129354.12,0.8221082308851496
ENSG00000180509.12,0.8220262098702862
ENSG00000226950.8,0.8219673828767444
ENSG00000173482.17,0.8219555690942012
ENSG00000159640.17,0.8219179198944532
ENSG00000272849.1,0.8217948652441862
ENSG00000167332.9,0.8217384568919887
ENSG00000258376.2,0.8216785676919124
ENSG00000246339.6,0.8215906790316819
ENSG00000118946.12,0.8215701438430425
ENSG00000125652.8,0.8215391353788647
ENSG00000143995.20,0.8215216600031195
ENSG00000182054.10,0.8214176480652124
ENSG00000155962.13,0.8213590027820525
ENSG00000044459.15,0.8213563969273067
ENSG00000157570.12,0.8211391901050227
ENSG00000223804.5,0.8209634092028945
ENSG00000241489.8,0.8207466087522447
ENSG00000214988.4,0.8206843835421289
ENSG00000091010.6,0.8206672835654185
ENSG00000287136.1,0.8206638335445368
ENSG00000254827.6,0.8206288030022919
ENSG00000273142.1,0.8203884427144514
ENSG00000131797.12,0.8199548784099929
ENSG00000147003.7,0.8198106510051602
ENSG00000251661.3,0.8198013697063775
ENSG00000241322.11,0.8197262943733256
ENSG00000167123.19,0.8195757804639953
ENSG00000272341.1,0.8195707931439062
ENSG00000091136.15,0.8195699785928154
ENSG00000158352.16,0.8193981174948287
ENSG00000179528.16,0.8193518479998154
ENSG00000078814.17,0.819334914951665
ENSG00000164142.16,0.8192463048107055
ENSG00000279954.1,0.8191933213478978
ENSG00000082781.12,0.8191499462653604
ENSG00000182179.13,0.8184916795906912
ENSG00000272931.1,0.8184442127394175
ENSG00000114346.14,0.8183396265821109
ENSG00000163584.18,0.8182705271589444
ENSG00000242741.2,0.8182188552745381
ENSG00000214021.16,0.8180181110910741
ENSG00000110719.10,0.8179229977445276
ENSG00000162374.18,0.817721047888092
ENSG00000197948.11,0.8175445229455253
ENSG00000169282.18,0.8175372759268994
ENSG00000158955.11,0.8175305491308081
ENSG00000197275.14,0.8175164579094552
ENSG00000286970.1,0.8174473560443516
ENSG00000267943.1,0.8173857137238218
ENSG00000182489.9,0.8173671580900062
ENSG00000213326.4,0.8173438785288057
ENSG00000160683.5,0.8172947531188702
ENSG00000234290.2,0.81677539702004065
ENSG00000262503.1,0.8166614949109664
ENSG00000205277.9,0.8165460962984351
ENSG00000262668.2,0.8165160097270513
ENSG00000127554.13,0.8163324706177963
ENSG00000176531.10,0.8161548095265762
ENSG00000137672.13,0.8160617999472448
ENSG00000255693.3,0.8158527377509043
ENSG00000215023.2,0.815622699564782
ENSG00000137310.12,0.8156181719030573
ENSG00000120279.6,0.8156134623425063
ENSG00000284505.1,0.8155782062005037
ENSG00000162496.9,0.815447406179008
ENSG00000171488.15,0.8154050593285423
ENSG00000084731.15,0.8153051187408389
ENSG00000251635.2,0.8152780379654985
ENSG00000100307.13,0.815274998001596
ENSG00000124074.12,0.8151444842298032
ENSG00000167850.4,0.8148924907657262
ENSG00000232692.1,0.8148915935509755
ENSG00000128394.17,0.8148902252872717
ENSG00000257869.1,0.8148653531002324
ENSG00000165029.17,0.814852467185613
ENSG00000262155.2,0.8148392021779458
ENSG00000272727.2,0.8146337830389114
ENSG00000197905.10,0.8146235591172385
ENSG00000043143.20,0.8145722398575164
ENSG00000171657.6,0.8144925663804167
ENSG00000240024.5,0.8144360947361652
ENSG00000229092.2,0.8142657579070027
ENSG00000167258.15,0.814231667160872
ENSG00000143515.19,0.8139508218625785
ENSG00000229689.3,0.8138968237444846
ENSG00000284874.1,0.8138894261435509
ENSG00000278921.2,0.8137890584334295
ENSG00000167536.14,0.813711442635869
ENSG00000169689.15,0.8136422166132619
ENSG00000167136.7,0.8136233568688356
ENSG00000287670.1,0.8136017654444818
ENSG00000178828.7,0.8133739376021552
ENSG00000105467.9,0.8133126572227709
ENSG00000179813.7,0.8131921260426842
ENSG00000149257.16,0.8131154581123641
ENSG00000179178.11,0.812701231546043
ENSG00000271387.1,0.8125739191841227
ENSG00000155099.8,0.812558848039138
ENSG00000285668.1,0.8125224694440362
ENSG00000286530.1,0.8125022787642333
ENSG00000287595.1,0.8122990705310499
ENSG00000164318.18,0.8121002375611384
ENSG00000149218.5,0.8119283073692908
ENSG00000204583.10,0.8119094285170053
ENSG00000171804.11,0.811800394211721
ENSG00000184428.13,0.8117719744231471
ENSG00000205611.5,0.8115499479936974
ENSG00000284194.3,0.8115242087690904
ENSG00000198574.6,0.811511480074197
ENSG00000260139.6,0.8114950307760158
ENSG00000073711.11,0.8114919503845827
ENSG00000287852.1,0.8113201676262312
ENSG00000173848.19,0.8111892197667606
ENSG00000132003.9,0.8111494921141896
ENSG00000139410.15,0.8111474086340129
ENSG00000005020.13,0.8109837890288107
ENSG00000136895.19,0.8108464564023395
ENSG00000229886.1,0.8107796284346112
ENSG00000100197.22,0.8107576330784475
ENSG00000112699.11,0.8107514893553457
ENSG00000136014.12,0.8106964088145188
ENSG00000139832.5,0.8105996415523116
ENSG00000180773.15,0.8104860312733297
ENSG00000133627.18,0.8104765164163918
ENSG00000267924.1,0.8102353918697083
ENSG00000156150.9,0.8101561871933438
ENSG00000272138.2,0.8099690916391578
ENSG00000153944.12,0.8099550202204797
ENSG00000127920.6,0.8099304989941344
ENSG00000249846.7,0.8098117421662737
ENSG00000267221.3,0.8097670665792455
ENSG00000273291.5,0.8093792402884069
ENSG00000254369.6,0.8092156918735215
ENSG00000117308.15,0.8091639170037062
ENSG00000164161.10,0.8089939469958581
ENSG00000249577.1,0.8089572005948029
ENSG00000144935.15,0.8085634723930343
ENSG00000143418.20,0.8084864730453093
ENSG00000235092.6,0.8084379206716942
ENSG00000234604.2,0.808365868389739
ENSG00000135048.14,0.8083504619362383
ENSG00000118276.11,0.8080959096658227
ENSG00000255303.2,0.8080623558953105
ENSG00000166046.11,0.8080295304201982
ENSG00000101280.8,0.8079882533481259
ENSG00000170832.13,0.807904311438069
ENSG00000135077.9,0.8078640051556918
ENSG00000197061.5,0.807837466300192
ENSG00000198189.11,0.8077997663622754
ENSG00000161647.19,0.8077823264399672
ENSG00000113262.16,0.807691974902876
ENSG00000285979.1,0.8076546201126851
ENSG00000196172.9,0.8076276997566959
ENSG00000110400.11,0.8076206907178185
ENSG00000066230.12,0.8075574000901019
ENSG00000157554.19,0.8075369208557753
ENSG00000274922.1,0.8073097526423114
ENSG00000163577.8,0.8071677993146439
ENSG00000204387.14,0.8070931467515429
ENSG00000184719.12,0.8070455924918315
ENSG00000275223.1,0.8070001059803403
ENSG00000006757.12,0.8069574261919888
ENSG00000237732.9,0.8069223305308453
ENSG00000258203.5,0.8068532934118511
ENSG00000166710.21,0.8068380442435256
ENSG00000254810.1,0.8067045335252714
ENSG00000251087.3,0.8066760276944225
ENSG00000167992.13,0.8066649769235881
ENSG00000223855.2,0.8065546675410605
ENSG00000108179.14,0.8064711750397977
ENSG00000281333.2,0.8064243413350537
ENSG00000271576.1,0.8063896103031338
ENSG00000122180.5,0.8063788336127887
ENSG00000227077.3,0.806261678877163
ENSG00000119927.14,0.8061488978763183
ENSG00000165757.9,0.8060800209120178
ENSG00000233820.2,0.8058338777486367
ENSG00000234498.3,0.8058030031164927
ENSG00000135269.18,0.805739719495903
ENSG00000132613.15,0.8056495799912367
ENSG00000181800.6,0.8054053173759378
ENSG00000139793.18,0.8051289620125314
ENSG00000007080.11,0.8050484090440202
ENSG00000170954.11,0.8048305620300622
ENSG00000286271.2,0.8048041159551139
ENSG00000249307.7,0.8047309454759924
ENSG00000160050.15,0.8046603318291418
ENSG00000097021.20,0.8044644400674068
ENSG00000183010.17,0.8044585988178627
ENSG00000184792.16,0.8043574679019846
ENSG00000230623.6,0.8043249213234265
ENSG00000128040.11,0.8042145940245281
ENSG00000061337.15,0.8041645587257318
ENSG00000213398.8,0.8041645033101656
ENSG00000287593.1,0.8041125902490109
ENSG00000253164.5,0.8040914187004319
ENSG00000213853.10,0.8040753061982105
ENSG00000244459.2,0.804062707567523
ENSG00000263345.1,0.8040585533785075
ENSG00000230333.6,0.8040511980933889
ENSG00000280594.1,0.8039901241462447
ENSG00000182325.11,0.8039769204148813
ENSG00000228113.7,0.8038152880365146
ENSG00000228801.6,0.8038117707921945
ENSG00000255823.5,0.8037410008102595
ENSG00000108479.12,0.8036663767058326
ENSG00000279255.1,0.8036435195137911
ENSG00000138411.13,0.8035843446688129
ENSG00000271216.2,0.8035043679591226
ENSG00000213892.12,0.80346177172557
ENSG00000250166.3,0.8033459734517437
ENSG00000186260.17,0.8031368917294753
ENSG00000237949.2,0.8031318367570265
ENSG00000287125.1,0.8031198952396897
ENSG00000278716.1,0.8031021505389662
ENSG00000287110.1,0.8030196911603343
ENSG00000138346.15,0.8030186999406949
ENSG00000165752.17,0.8027549792976723
ENSG00000153237.18,0.802654135081165
ENSG00000180574.3,0.8023386139016052
ENSG00000181826.10,0.8022776916265388
ENSG00000275131.3,0.8022451227328619
ENSG00000151366.13,0.8019724484595069
ENSG00000105497.8,0.8018735031105207
ENSG00000242612.7,0.8016787099553152
ENSG00000136379.12,0.8014651570482086
ENSG00000116717.13,0.8013726249182415
ENSG00000250490.1,0.8013344332580977
ENSG00000183134.5,0.8012349531770554
ENSG00000180251.5,0.8012138471197705
ENSG00000241269.1,0.800964070104684
ENSG00000267193.7,0.8009194051381533
ENSG00000186409.18,0.8008908258722439
ENSG00000224376.1,0.8008690347740386
ENSG00000287538.1,0.8007956763866918
ENSG00000108960.9,0.8006778635413492
ENSG00000065413.20,0.8006753100923018
ENSG00000233718.8,0.8006654055538553
ENSG00000234741.8,0.8006292575629308
ENSG00000229051.2,0.8006149401006414
ENSG00000254206.5,0.8005588606079662
ENSG00000108387.15,0.800412563204536
ENSG00000173825.7,0.8003641880687852
ENSG00000205269.6,0.8003606430231162
ENSG00000139985.7,0.8003137471586228
ENSG00000132357.14,0.8002917236092788
ENSG00000232000.3,0.8001127398845195
ENSG00000184261.5,0.800047971477287
ENSG00000163263.7,0.8000316270326353
ENSG00000180336.18,0.7999664513763239
ENSG00000103381.12,0.7999548087117326
ENSG00000245149.4,0.7997506635829581
ENSG00000198844.12,0.799679782518318
ENSG00000106415.13,0.7996367689651236
ENSG00000081377.17,0.7994353398618064
ENSG00000198933.9,0.7993712450527724
ENSG00000049759.19,0.7992164848847481
ENSG00000130396.20,0.799184721609643
ENSG00000260876.6,0.7990209876773596
ENSG00000253982.2,0.7990134528148273
ENSG00000274211.6,0.7988474951515047
ENSG00000205940.8,0.7988446014820797
ENSG00000248441.7,0.7987734819564928
ENSG00000176912.5,0.798716364835008
ENSG00000111291.8,0.7986988104619454
ENSG00000125458.7,0.7986884833431259
ENSG00000158163.15,0.7986806046001803
ENSG00000198743.7,0.7986184593360125
ENSG00000165028.12,0.7985323698666489
ENSG00000235552.4,0.7985295011216826
ENSG00000042493.16,0.7983852536963887
ENSG00000278626.1,0.798283602530096
ENSG00000272323.1,0.7981271367332469
ENSG00000144724.20,0.7980591599600935
ENSG00000100558.9,0.7980298218099513
ENSG00000111261.14,0.798001449792017
ENSG00000257800.1,0.7979880824514268
ENSG00000274225.1,0.7978437370789918
ENSG00000069424.15,0.7978412826855066
ENSG00000212743.2,0.7978390852022275
ENSG00000280213.1,0.7977858734184803
ENSG00000185863.8,0.7976060730139205
ENSG00000129003.19,0.7975905488851979
ENSG00000183828.15,0.7974988591594813
ENSG00000279348.1,0.7974500678214347
ENSG00000211724.3,0.7974492030537896
ENSG00000181804.15,0.797429092711315
ENSG00000235505.7,0.7973783448668441
ENSG00000127377.10,0.7973453584092987
ENSG00000214216.11,0.7972970315789979
ENSG00000187323.12,0.7972834366242839
ENSG00000236502.1,0.7972506781797382
ENSG00000184381.20,0.7972357387685931
ENSG00000223547.10,0.7971823206515675
ENSG00000100433.16,0.7970106101004223
ENSG00000253729.8,0.7969743831051376
ENSG00000104371.5,0.7969172884088985
ENSG00000143603.19,0.7968603432490641
ENSG00000120210.8,0.7968578818137432
ENSG00000110723.12,0.7968013468982155
ENSG00000256209.2,0.7967663785717215
ENSG00000271737.1,0.7966920251805314
ENSG00000176593.8,0.7966913430404186
ENSG00000272092.1,0.7965852279749017
ENSG00000266916.7,0.7964614487305887
ENSG00000183323.13,0.7960787841728147
ENSG00000145335.17,0.7959871074047608
ENSG00000130522.6,0.7959089022455602
ENSG00000286785.1,0.7959074092564974
ENSG00000120051.15,0.7958607207836269
ENSG00000110786.18,0.7958573733601858
ENSG00000263266.2,0.795777195075939
ENSG00000102221.14,0.795768507700187
ENSG00000280138.1,0.7957605186649926
ENSG00000119737.6,0.7957047079958537
ENSG00000276386.1,0.7956474758322911
ENSG00000178053.20,0.7956340556599057
ENSG00000196456.13,0.7953043208115833
ENSG00000287223.1,0.7952530785625054
ENSG00000171617.14,0.7950903275311841
ENSG00000085662.14,0.7950761183198574
ENSG00000167363.14,0.7950720031320365
ENSG00000171509.16,0.7950032489892344
ENSG00000139625.13,0.7949891723431847
ENSG00000161267.12,0.7947453487650924
ENSG00000163545.11,0.794613638814139
ENSG00000228510.2,0.7946092800258424
ENSG00000152990.14,0.7945748182340278
ENSG00000196296.14,0.7945621794088543
ENSG00000251364.7,0.7944315368180689
ENSG00000099204.20,0.7943733431947383
ENSG00000214797.3,0.7943572949433124
ENSG00000171443.7,0.7943311606881789
ENSG00000086288.12,0.7943161746473545
ENSG00000146707.14,0.7941604851015924
ENSG00000279833.1,0.7941577179223174
ENSG00000162840.4,0.7941071800983723
ENSG00000182185.18,0.7940489750335378
ENSG00000213185.7,0.7940293295400959
ENSG00000147437.10,0.7938954303861752
ENSG00000187535.14,0.7938814849109069
ENSG00000224535.2,0.7938321275693169
ENSG00000053328.8,0.7938012551379082
ENSG00000154237.13,0.7937020381806532
ENSG00000238018.2,0.7934522881562891
ENSG00000147996.16,0.7934190346598309
ENSG00000105514.8,0.7934093890365144
ENSG00000285755.2,0.7934038590026491
ENSG00000262468.6,0.7931725648443425
ENSG00000172594.13,0.7930255191978792
ENSG00000286732.1,0.7929368398991389
ENSG00000115718.18,0.7929043358949874
ENSG00000177595.18,0.7928368866035179
ENSG00000231742.6,0.7927953388915268
ENSG00000277969.1,0.7927702046148419
ENSG00000235939.1,0.79275948195051
ENSG00000138764.15,0.7927172871064622
ENSG00000112494.10,0.7925272752834946
ENSG00000127914.18,0.79250154788013
ENSG00000206262.9,0.7923584251399478
ENSG00000131480.9,0.7923464836068562
ENSG00000176435.7,0.7922240597223097
ENSG00000168061.17,0.7922181731501766
ENSG00000238062.6,0.7921562649118902
ENSG00000225792.2,0.7920701585456842
ENSG00000002587.10,0.7917995345273724
ENSG00000166596.15,0.7914872372332149
ENSG00000255893.1,0.7914840282115013
ENSG00000137675.5,0.7914673335392333
ENSG00000168995.13,0.7914639427097102
ENSG00000227855.3,0.7913980304340198
ENSG00000167984.18,0.7913219677688569
ENSG00000286548.1,0.7911830192875411
ENSG00000082512.15,0.7909906456839242
ENSG00000147113.17,0.7909131063217913
ENSG00000150347.16,0.7908876567869165
ENSG00000184574.10,0.7908872832222533
ENSG00000167525.14,0.7908093337928318
ENSG00000171680.23,0.7906682195389476
ENSG00000288048.1,0.7906336927980496
ENSG00000260257.2,0.7906313857020562
ENSG00000255910.2,0.7906251299179191
ENSG00000123908.12,0.7904650163375188
ENSG00000145949.11,0.7903377043206692
ENSG00000132837.15,0.7902103540952458
ENSG00000154316.16,0.7901709312040001
ENSG00000146677.7,0.7900388373200979
ENSG00000169385.3,0.7900144690972993
ENSG00000135248.15,0.7898847172741519
ENSG00000272669.1,0.7898376493148213
ENSG00000279314.1,0.7896514725496294
ENSG00000004700.16,0.7896279869353386
ENSG00000165338.17,0.7895850777650957
ENSG00000118922.17,0.7895805724144815
ENSG00000284485.1,0.7895535268270091
ENSG00000103021.9,0.7894878854486155
ENSG00000011332.19,0.7893245185550668
ENSG00000205885.7,0.7891640631061541
ENSG00000167740.10,0.7891620152282962
ENSG00000272894.5,0.7890984418325735
ENSG00000223511.7,0.7887064830768246
ENSG00000168356.13,0.7886628684075776
ENSG00000171817.17,0.7884885961415891
ENSG00000225940.7,0.7883639488351422
ENSG00000164211.13,0.7880975860882067
ENSG00000233927.5,0.7879713199565155
ENSG00000095585.17,0.7879599119021535
ENSG00000161016.18,0.7879319151763815
ENSG00000215869.4,0.7878749705677347
ENSG00000196912.12,0.7878475836845428
ENSG00000068976.14,0.7878126655632963
ENSG00000026297.16,0.787809204321086
ENSG00000284237.1,0.7876993169007909
ENSG00000278376.1,0.7874237602304868
ENSG00000203722.8,0.7874048563834021
ENSG00000229228.1,0.7873310523515643
ENSG00000230650.1,0.7871701526730749
ENSG00000228714.4,0.7869996185002855
ENSG00000009724.17,0.7869727690455056
ENSG00000277534.1,0.7869127716919665
ENSG00000113356.13,0.7866036292448385
ENSG00000213553.4,0.7865004673442813
ENSG00000164951.16,0.7864806106129423
ENSG00000131634.14,0.7863610974197586
ENSG00000188897.9,0.7863104331271177
ENSG00000113790.11,0.7862847193335926
ENSG00000264491.1,0.7861854485744293
ENSG00000106799.13,0.7860053161721566
ENSG00000261377.5,0.7859675182339031
ENSG00000187824.9,0.7858054849417438
ENSG00000175489.10,0.7857961020375922
ENSG00000204850.4,0.7857937182752531
ENSG00000265982.1,0.7857597121113861
ENSG00000074276.10,0.785361796592154
ENSG00000272825.1,0.7852273334644404
ENSG00000132698.15,0.7851986543800058
ENSG00000108771.13,0.7851634252517047
ENSG00000238097.2,0.7849709356499409
ENSG00000218891.5,0.7849066416867333
ENSG00000251604.1,0.7848845106849924
ENSG00000151838.12,0.7848524941854255
ENSG00000106804.8,0.7846412647952159
ENSG00000231298.7,0.7844314733610808
ENSG00000175147.13,0.7843852372898219
ENSG00000232613.6,0.784317926207913
ENSG00000185222.10,0.7841898587021722
ENSG00000255980.1,0.7841642737708016
ENSG00000167851.15,0.7840364392276005
ENSG00000226690.8,0.7839598826298989
ENSG00000138834.14,0.7838415227992099
ENSG00000196081.10,0.7838238512200606
ENSG00000116096.6,0.7836951110450057
ENSG00000140986.8,0.783654005271861
ENSG00000167554.15,0.7836511180166534
ENSG00000248923.1,0.7835651064739261
ENSG00000152767.17,0.783560288176391
ENSG00000176978.14,0.7834919961753782
ENSG00000172830.13,0.783370047409559
ENSG00000105835.12,0.7833495705524552
ENSG00000160298.18,0.7831543823089941
ENSG00000108021.20,0.783100828379459
ENSG00000165959.12,0.7830171624138463
ENSG00000196220.16,0.7829091836579867
ENSG00000250251.6,0.7828383804835787
ENSG00000069493.15,0.7828343033950655
ENSG00000229896.2,0.782819686013078
ENSG00000274372.5,0.7827103179006334
ENSG00000146006.8,0.7826284575476132
ENSG00000230390.1,0.7824611497400435
ENSG00000263069.6,0.782437333289464
ENSG00000178977.3,0.7823780082926225
ENSG00000185585.20,0.782348615518046
ENSG00000262061.6,0.7823426174270935
ENSG00000173715.18,0.7823236525401265
ENSG00000117519.16,0.7823161295533277
ENSG00000111671.10,0.7822910660356415
ENSG00000287222.1,0.7822487609687683
ENSG00000106013.15,0.7822006070793672
ENSG00000145103.15,0.7821314706846272
ENSG00000148288.13,0.7820875318255015
ENSG00000105281.12,0.7820092087814455
ENSG00000066629.18,0.7819812124413199
ENSG00000111305.19,0.7819430226522419
ENSG00000266680.1,0.7819151199770642
ENSG00000179041.4,0.7815707327486795
ENSG00000177106.16,0.7813202819749709
ENSG00000268079.1,0.7812725779812172
ENSG00000104537.17,0.7810598571652776
ENSG00000104863.12,0.7807803941904926
ENSG00000111860.14,0.7806716527489067
ENSG00000007171.18,0.780578812326904
ENSG00000258636.2,0.7805334515891341
ENSG00000188312.14,0.7805182534577433
ENSG00000271857.1,0.7803317221004095
ENSG00000142748.13,0.7803123328932342
ENSG00000184005.11,0.7802463842966948
ENSG00000120675.6,0.7800786037488615
ENSG00000288545.1,0.7800688846231378
ENSG00000106089.12,0.7800683158116121
ENSG00000287558.1,0.7800654153968207
ENSG00000215644.10,0.7799468197780198
ENSG00000128487.17,0.7799439920662127
ENSG00000204514.10,0.7799344681408162
ENSG00000228526.7,0.7797463383609531
ENSG00000129691.16,0.77960426692428475
ENSG00000078124.12,0.7794527971771116
ENSG00000112769.20,0.7794512123277131
ENSG00000270071.3,0.7793963654627099
ENSG00000204172.12,0.7793276049528782
ENSG00000139278.10,0.7790013460165269
ENSG00000225905.1,0.7789936094781007
ENSG00000225077.3,0.7789823269178273
ENSG00000153246.13,0.7789457804275539
ENSG00000249091.1,0.7788456719712805
ENSG00000257194.2,0.7787570432973776
ENSG00000255274.9,0.7787508683149262
ENSG00000177432.8,0.7786790087215951
ENSG00000076826.10,0.7786696530555058
ENSG00000270864.1,0.7786182741214743
ENSG00000139269.3,0.7785993967501144
ENSG00000165887.12,0.7785456078140182
ENSG00000136068.15,0.7785212297261024
ENSG00000230479.1,0.7784972398117891
ENSG00000263264.2,0.7784658793895189
ENSG00000283154.2,0.7784440928819377
ENSG00000135338.14,0.7783783125660934
ENSG00000240405.7,0.778334431045998
ENSG00000129116.19,0.7783000202578235
ENSG00000187554.14,0.7781333215696968
ENSG00000251365.4,0.7781021416868322
ENSG00000211791.2,0.7780865301294456
ENSG00000140939.14,0.7780217788954796
ENSG00000135740.17,0.7780124713662826
ENSG00000008086.13,0.7780069043698855
ENSG00000260386.6,0.7779375200478895
ENSG00000287998.1,0.7777832732719655
ENSG00000213903.9,0.7777160396381932
ENSG00000160318.6,0.7774974236050686
ENSG00000023902.14,0.7774224598246849
ENSG00000286393.1,0.77733778190075
ENSG00000185480.12,0.7773147564487939
ENSG00000235109.7,0.7771208915787787
ENSG00000104450.13,0.7770802640196136
ENSG00000153790.12,0.7770728642263958
ENSG00000277619.1,0.7770420419767895
ENSG00000162618.15,0.7768623687556012
ENSG00000184922.14,0.7767996108769978
ENSG00000170396.9,0.7767877952650925
ENSG00000180089.6,0.7767843422173353
ENSG00000083168.11,0.7767728874463729
ENSG00000225652.2,0.7767583052853094
ENSG00000224511.2,0.7765853147592817
ENSG00000225914.3,0.7765005258846849
ENSG00000186231.17,0.7763765404268739
ENSG00000251348.1,0.776362016350305
ENSG00000162337.12,0.7762884683948309
ENSG00000231407.6,0.7762387999022857
ENSG00000265179.7,0.7761830226121267
ENSG00000185339.9,0.7761152399931986
ENSG00000268912.1,0.7760725681751922
ENSG00000151846.8,0.7759806608427597
ENSG00000284825.1,0.7759087054656266
ENSG00000138639.18,0.7758006443112726
ENSG00000151746.15,0.7756359640023832
ENSG00000249437.8,0.7754012696033683
ENSG00000180900.20,0.7752300218109467
ENSG00000267904.1,0.775097975676821
ENSG00000125810.10,0.775024830495912
ENSG00000263612.1,0.7749309070827695
ENSG00000244187.8,0.77477702839756
ENSG00000279118.1,0.7747669182481606
ENSG00000147488.11,0.7747314649313704
ENSG00000241990.5,0.7746746955608286
ENSG00000236120.7,0.7746521919064667
ENSG00000254786.1,0.7745329108094893
ENSG00000196839.13,0.7745040374732112
ENSG00000126217.21,0.7744094995284139
ENSG00000236651.1,0.7743433179760024
ENSG00000176919.13,0.774285153364557
ENSG00000204381.12,0.7741731383829981
ENSG00000210144.1,0.7739824119463762
ENSG00000159433.12,0.7739655937447313
ENSG00000140280.14,0.7737294736991956
ENSG00000287188.1,0.773672978107028
ENSG00000164707.15,0.7736200208479305
ENSG00000272933.1,0.7735459117596336
ENSG00000078328.22,0.77324041623226
ENSG00000286156.1,0.7731856316501866
ENSG00000166707.12,0.773151526321592
ENSG00000286540.1,0.7731458234652717
ENSG00000183401.12,0.7727868991011864
ENSG00000255197.6,0.7727016968383345
ENSG00000160219.12,0.7724549960067536
ENSG00000171695.10,0.7723948612516093
ENSG00000196358.11,0.7723463973042047
ENSG00000224596.8,0.7721859678915549
ENSG00000214212.9,0.7721249171346601
ENSG00000171723.16,0.7720644999999622
ENSG00000239569.3,0.772056682089876
ENSG00000211817.2,0.771957560439414
ENSG00000261083.3,0.7718906640549553
ENSG00000267454.6,0.7718834591511089
ENSG00000128928.10,0.7718366375258846
ENSG00000164344.16,0.7717457642189437
ENSG00000163590.14,0.7714923421001005
ENSG00000174021.11,0.771376132297311
ENSG00000146809.13,0.7713656517209577
ENSG00000203364.2,0.7712974068955825
ENSG00000230524.8,0.7712837070484867
ENSG00000143226.15,0.7708798319372897
ENSG00000283757.1,0.7708210765195225
ENSG00000264125.1,0.7706922313953998
ENSG00000237101.1,0.7705735310477616
ENSG00000184675.11,0.7705322677731158
ENSG00000204529.4,0.770456507535507
ENSG00000280173.1,0.7703305035788828
ENSG00000164104.12,0.770321459790596
ENSG00000214787.10,0.7701404502640589
ENSG00000170074.19,0.77007845424887
ENSG00000258894.1,0.7700316753550135
ENSG00000253824.2,0.769942756433121
ENSG00000101306.11,0.7699050748692052
ENSG00000248019.3,0.7698737334856366
ENSG00000255960.1,0.769804356667825
ENSG00000275714.2,0.7695745990001545
ENSG00000069122.19,0.7694233035918918
ENSG00000164983.7,0.7693086907007372
ENSG00000184363.10,0.7692676460588054
ENSG00000161996.19,0.769052905885248
ENSG00000256393.1,0.7690399860065353
ENSG00000269514.3,0.7689992088654113
ENSG00000169193.12,0.7689843757030371
ENSG00000278879.1,0.7688522044784716
ENSG00000115008.6,0.768800975912204
ENSG00000099219.14,0.7686635032372985
ENSG00000167552.14,0.7685261708010702
ENSG00000229638.1,0.7684238104517921
ENSG00000214485.6,0.7683150278781695
ENSG00000188991.3,0.7683117871823069
ENSG00000028116.18,0.7682981829219503
ENSG00000176171.11,0.7682788603432218
ENSG00000272010.1,0.7682671038501567
ENSG00000196460.14,0.7681123981522677
ENSG00000274210.1,0.7681009839335565
ENSG00000105640.13,0.7680793479717546
ENSG00000279140.1,0.7680765979288349
ENSG00000010361.14,0.7679811295486794
ENSG00000287672.1,0.7679140116392099
ENSG00000175324.10,0.7678529925202188
ENSG00000285763.1,0.7676623248304617
ENSG00000078804.13,0.767646665434517
ENSG00000197320.5,0.767621794028023
ENSG00000287818.1,0.7675332337925055
ENSG00000081181.8,0.767300821067155
ENSG00000128309.16,0.7672588155464699
ENSG00000250891.2,0.7672136964625629
ENSG00000147459.18,0.7670813355660595
ENSG00000092051.17,0.7670568988643062
ENSG00000279693.1,0.7669499196828637
ENSG00000234459.1,0.7669301733159378
ENSG00000274712.2,0.7668055013901682
ENSG00000184908.18,0.7667984162639382
ENSG00000102387.16,0.7666991486260184
ENSG00000189410.12,0.7665707141872585
ENSG00000136111.14,0.7665603995022134
ENSG00000247735.2,0.7665266224300676
ENSG00000178078.12,0.7664762657004508
ENSG00000167705.12,0.7664199759259852
ENSG00000188060.7,0.7663707984673247
ENSG00000273213.3,0.7660829235227474
ENSG00000008838.20,0.7660594512833966
ENSG00000253545.1,0.7660387741075626
ENSG00000002330.14,0.766033518952557
ENSG00000270175.1,0.7659119775591184
ENSG00000166435.15,0.7659095620801045
ENSG00000112799.9,0.7658740135900658
ENSG00000288065.1,0.7658103206566585
ENSG00000262979.1,0.7657898796781354
ENSG00000275160.1,0.7656920840692123
ENSG00000144130.11,0.7656816287825418
ENSG00000236908.2,0.7656802850339618
ENSG00000231703.2,0.7656572178633094
ENSG00000277203.1,0.7655634987677745
ENSG00000133121.21,0.7654047334891665
ENSG00000254427.2,0.7653831215911922
ENSG00000180720.7,0.7652818721039231
ENSG00000272824.1,0.7652643790086919
ENSG00000198938.2,0.7651055235414372
ENSG00000167526.14,0.7650395457160751
ENSG00000277829.1,0.7650326273948576
ENSG00000173992.9,0.7648839596308551
ENSG00000258630.3,0.7647742830138259
ENSG00000275832.5,0.7645547379283946
ENSG00000164845.16,0.7644550923503354
ENSG00000172037.14,0.7644343102623651
ENSG00000136636.13,0.76442300493320825
ENSG00000258701.1,0.7644124713945282
ENSG00000174255.8,0.764352379472569
ENSG00000092445.12,0.7642770592496457
ENSG00000179776.19,0.7641825106123821
ENSG00000137460.9,0.7640919226491254
ENSG00000164512.18,0.7640347161932721
ENSG00000002586.20,0.7638522970591137
ENSG00000284669.1,0.7638166791650565
ENSG00000235454.1,0.7637577392426956
ENSG00000269978.1,0.7637539774670096
ENSG00000287902.1,0.7637007807393009
ENSG00000271781.1,0.7636162911651577
ENSG00000273084.1,0.7635129528510314
ENSG00000126460.11,0.7635057398208197
ENSG00000257261.6,0.7634680597343468
ENSG00000160013.9,0.7633914335649247
ENSG00000122778.10,0.7629727471594915
ENSG00000285693.1,0.7629475608874989
ENSG00000188157.15,0.7629108910256888
ENSG00000123080.12,0.7628627084540046
ENSG00000273002.1,0.7627643696369946
ENSG00000116771.6,0.7627595963526511
ENSG00000077585.14,0.7627501059530126
ENSG00000263327.6,0.7625882960269343
ENSG00000183579.16,0.7625298375698709
ENSG00000115297.11,0.7623632159802239
ENSG00000227124.11,0.7623368633704919
ENSG00000257221.4,0.7623110501908019
ENSG00000205702.11,0.7621828397063333
ENSG00000249459.11,0.7621679383638277
ENSG00000260123.2,0.7621439344844738
ENSG00000282870.1,0.7620041698838852
ENSG00000261159.1,0.7619968065958362
ENSG00000135253.15,0.7619918077238963
ENSG00000224238.2,0.7619863429256833
ENSG00000214309.5,0.761960378947287
ENSG00000189343.7,0.7619426676242059
ENSG00000133739.16,0.7619054265798664
ENSG00000161381.14,0.7618760759282582
ENSG00000154642.11,0.7617145508671905
ENSG00000287737.1,0.7617139670941598
ENSG00000079308.19,0.7615747978640778
ENSG00000269069.1,0.7615143731881531
ENSG00000079482.13,0.7614591325210289
ENSG00000188487.12,0.7614231810830482
ENSG00000126453.9,0.7614135155983296
ENSG00000039600.11,0.7612654371641533
ENSG00000232677.9,0.7611531789865472
ENSG00000221821.4,0.7609656014829296
ENSG00000228709.1,0.7608829668804694
ENSG00000141505.12,0.760748962903948
ENSG00000226580.1,0.7606050601506421
ENSG00000171940.13,0.760527699807143
ENSG00000238005.4,0.7605063329109532
ENSG00000213809.9,0.7604652811570698
ENSG00000278090.3,0.7604195218258902
ENSG00000236213.2,0.7604054039469812
ENSG00000145604.17,0.7603058961134505
ENSG00000076944.16,0.7602830182595125
ENSG00000259153.2,0.7601482875609527
ENSG00000183762.13,0.7600588175023456
ENSG00000188761.13,0.7598852336228671
ENSG00000287972.1,0.7598368076373094
ENSG00000143344.16,0.7598111440596134
ENSG00000248161.5,0.7597675027219345
ENSG00000178852.16,0.7597439822520524
ENSG00000187498.16,0.7596929808110662
ENSG00000111276.11,0.7596343554477355
ENSG00000211803.2,0.7596286515916423
ENSG00000258512.1,0.7596112791014451
ENSG00000281641.3,0.7596047334252467
ENSG00000213563.7,0.7595272383039313
ENSG00000196923.14,0.759411097143329
ENSG00000197776.8,0.7593970594325687
ENSG00000226314.8,0.7593171627993175
ENSG00000164754.15,0.7592804558047501
ENSG00000253616.5,0.7592729112029997
ENSG00000158201.10,0.7592331715204114
ENSG00000130255.13,0.7592018347126923
ENSG00000218027.2,0.7590857003202744
ENSG00000282317.1,0.7589991523691099
ENSG00000213713.3,0.7588844930970782
ENSG00000143256.5,0.7588224932883743
ENSG00000260924.2,0.758758367337957
ENSG00000108107.15,0.758756084175462
ENSG00000095397.16,0.7587294689717224
ENSG00000263004.2,0.7585424087273337
ENSG00000280870.3,0.7585147988634204
ENSG00000175155.11,0.758366012024377
ENSG00000163380.16,0.7582296862972339
ENSG00000179674.4,0.7580109133840212
ENSG00000231527.7,0.7579682453906604
ENSG00000259985.1,0.7578967546020996
ENSG00000197852.12,0.7578967057491937
ENSG00000265485.7,0.7577546270684794
ENSG00000223382.5,0.7577384478329285
ENSG00000254852.8,0.7577010442722119
ENSG00000006625.18,0.7576370579664754
ENSG00000138606.19,0.7574435434783823
ENSG00000181585.7,0.757278496975571
ENSG00000226330.1,0.757203493333582
ENSG00000283828.1,0.757196771238647
ENSG00000261801.6,0.7571787134243008
ENSG00000121797.10,0.7571475460739131
ENSG00000261051.1,0.7571019357616137
ENSG00000265728.1,0.7570780055328967
ENSG00000244791.3,0.7569974990506818
ENSG00000149922.11,0.7569027298700529
ENSG00000172508.10,0.7568357927846614
ENSG00000184785.6,0.7567659287034617
ENSG00000204498.11,0.7567395793106408
ENSG00000277476.1,0.7566313208071316
ENSG00000287975.1,0.7566242505731173
ENSG00000169744.13,0.7566056471628597
ENSG00000188051.7,0.7565991190378171
ENSG00000221953.5,0.7564983838895593
ENSG00000138823.13,0.7564954815391562
ENSG00000270076.1,0.7564613592487013
ENSG00000173868.12,0.756231919819501
ENSG00000204930.10,0.7562091038454256
ENSG00000263427.1,0.7561520925314189
ENSG00000233396.8,0.7560662721459984
ENSG00000185834.10,0.7560571270328549
ENSG00000163013.12,0.7560426557539293
ENSG00000176222.9,0.7558421676606187
ENSG00000146263.11,0.7558149859233303
ENSG00000170486.11,0.755599983622032
ENSG00000235349.1,0.7555952450083777
ENSG00000101935.10,0.7554354346179174
ENSG00000128567.17,0.7552160814675359
ENSG00000246090.7,0.7549154520715161
ENSG00000105372.8,0.7548929126493524
ENSG00000236090.2,0.7548304185432844
ENSG00000279908.1,0.7547519083371463
ENSG00000228484.3,0.7547274318635685
ENSG00000113580.15,0.7546930789287066
ENSG00000188993.3,0.754473171843482
ENSG00000276900.1,0.754374603248466
ENSG00000251209.9,0.7543217000669773
ENSG00000128641.19,0.7542206327371498
ENSG00000182378.14,0.7542042807935707
ENSG00000181754.7,0.7540975622162732
ENSG00000197114.12,0.7540702597735824
ENSG00000232386.9,0.7539850400731701
ENSG00000147378.11,0.7537796191454098
ENSG00000081320.11,0.7537753539010373
ENSG00000166763.8,0.7537106330534411
ENSG00000202522.1,0.7535348636466165
ENSG00000159588.15,0.7534679306595402
ENSG00000133812.16,0.7533667186008123
ENSG00000206344.7,0.7532614948398302
ENSG00000091972.18,0.7530805049528629
ENSG00000185710.9,0.7529441119020387
ENSG00000135766.9,0.7526683348509409
ENSG00000171132.14,0.7526248578549057
ENSG00000180881.19,0.7525895745691589
ENSG00000255153.1,0.7525707694899723
ENSG00000236431.1,0.7523099932909801
ENSG00000204176.14,0.752304723171798
ENSG00000248367.1,0.7522815064224097
ENSG00000072071.16,0.7521959693206506
ENSG00000212802.4,0.7521208398928972
ENSG00000255717.7,0.7519483257380998
ENSG00000279375.1,0.7519101113343178
ENSG00000100068.13,0.7518126818451855
ENSG00000161960.16,0.7517618359674979
ENSG00000260578.1,0.7516452551563866
ENSG00000261349.1,0.7516435763389859
ENSG00000226508.1,0.7515905621197398
ENSG00000154764.6,0.7515353746903454
ENSG00000205913.7,0.7514650804752482
ENSG00000229809.8,0.7512505390402427
ENSG00000007255.10,0.7511736906537568
ENSG00000287003.1,0.7510531508849485
ENSG00000203666.12,0.7509308719735799
ENSG00000010295.20,0.7507880839633702
ENSG00000073060.16,0.7507763911566321
ENSG00000261971.8,0.7506277061996387
ENSG00000154589.7,0.7505894806657446
ENSG00000261183.5,0.7505826670370879
ENSG00000234409.7,0.7505450378306561
ENSG00000106077.18,0.7505081063091845
ENSG00000179532.13,0.7504609676250366
ENSG00000231721.7,0.7504390448260327
ENSG00000196189.13,0.7503879074746928
ENSG00000172803.18,0.7503861042148741
ENSG00000205268.11,0.750322152058025
ENSG00000235072.2,0.7503146778648736
ENSG00000135378.4,0.750290504517439
ENSG00000237476.1,0.750249422245109
ENSG00000112029.10,0.7502441719797491
ENSG00000103241.7,0.7502169670331218
ENSG00000215160.3,0.7499301962107338
ENSG00000183066.14,0.7498193496599143
ENSG00000263280.2,0.7495881369428727
ENSG00000205090.9,0.7494919094611542
ENSG00000257704.4,0.7493128776290837
ENSG00000225762.1,0.7490166810527374
ENSG00000180767.10,0.7489819499115805
ENSG00000221957.8,0.7489665055156014
ENSG00000287359.1,0.748955719754682
ENSG00000143514.17,0.7488727711662498
ENSG00000147471.12,0.748833417361842
ENSG00000267503.1,0.7488141714428602
ENSG00000106948.17,0.7486734974388388
ENSG00000099866.15,0.7486328733088242
ENSG00000163472.19,0.7486072513075911
ENSG00000179588.9,0.7485643845603958
ENSG00000126561.17,0.7485181395974794
ENSG00000197238.5,0.7484612983051093
ENSG00000234176.1,0.7484125226123988
ENSG00000184923.12,0.7480985317748106
ENSG00000170128.5,0.7480961132454165
ENSG00000159063.13,0.7480632470856058
ENSG00000170430.10,0.7480243254578345
ENSG00000185864.16,0.7479860710119683
ENSG00000213293.4,0.7478360224291047
ENSG00000066855.16,0.7477043717421563
ENSG00000283297.2,0.747555932650863
ENSG00000154914.17,0.7472661613965489
ENSG00000279145.2,0.7472226829303554
ENSG00000260051.1,0.7468823490160885
ENSG00000266472.6,0.7467363183072905
ENSG00000240005.6,0.7467014793707394
ENSG00000147155.11,0.7466850310142589
ENSG00000238279.1,0.7466384783177602
ENSG00000245213.7,0.7465918266628038
ENSG00000138315.13,0.7464390065400001
ENSG00000280071.4,0.7463839702869735
ENSG00000163746.12,0.746369851550596
ENSG00000259663.2,0.7462378412773362
ENSG00000066056.14,0.746219879264782
ENSG00000099795.7,0.7461463414025901
ENSG00000279384.1,0.7460026882883949
ENSG00000227885.3,0.7459902009829783
ENSG00000272872.1,0.7459454742431927
ENSG00000250413.1,0.7457986156055877
ENSG00000143942.5,0.7457066787515254
ENSG00000129450.8,0.7455364637626173
ENSG00000101695.9,0.7454969791125875
ENSG00000136630.13,0.7454567329527155
ENSG00000282936.2,0.7453817769153738
ENSG00000225676.2,0.7453765975335287
ENSG00000277301.1,0.7452626890097381
ENSG00000149273.15,0.7452234259433428
ENSG00000135312.7,0.7452039441080645
ENSG00000225383.8,0.745120175896649
ENSG00000134871.19,0.7450620297401858
ENSG00000169499.15,0.744927021662906
ENSG00000161643.13,0.7448845600903108
ENSG00000186654.21,0.7447425290882981
ENSG00000226004.1,0.7447126672567467
ENSG00000246084.5,0.7446123114457233
ENSG00000255178.1,0.74460260376398
ENSG00000166578.10,0.7445943973978235
ENSG00000231028.9,0.7445107733470534
ENSG00000248869.7,0.7444976131476166
ENSG00000227082.3,0.7444847489672902
ENSG00000255968.1,0.7444419547585184
ENSG00000230118.1,0.7444252124603714
ENSG00000183171.5,0.7443378088172745
ENSG00000198517.10,0.7443312041124708
ENSG00000277258.5,0.7442470721176822
ENSG00000272360.1,0.7441708226506062
ENSG00000258331.1,0.7439132471688352
ENSG00000155070.8,0.7438859492718342
ENSG00000234286.1,0.7438819938042716
ENSG00000138780.15,0.7438525347731562
ENSG00000166073.11,0.7438362523723433
ENSG00000130702.15,0.7437867507640051
ENSG00000274460.1,0.7437077916685568
ENSG00000213376.4,0.7436954928955052
ENSG00000169246.16,0.7436778588640923
ENSG00000240291.1,0.7436354496754541
ENSG00000196782.12,0.7436311330332048
ENSG00000157654.19,0.7434751670500309
ENSG00000151690.15,0.7434542660847768
ENSG00000202058.1,0.743355812222572
ENSG00000127311.10,0.7433320109504906
ENSG00000260339.1,0.7432830182611936
ENSG00000226944.1,0.7432032623678413
ENSG00000072134.15,0.7430778561989507
ENSG00000260978.1,0.7428052446966469
ENSG00000006831.10,0.7427781715535883
ENSG00000248405.10,0.7427776035430415
ENSG00000260581.1,0.7427353744174218
ENSG00000090238.12,0.7426577171451438
ENSG00000204962.6,0.742606579410203
ENSG00000284707.2,0.7425839990230835
ENSG00000168060.16,0.7425412808412019
ENSG00000139190.17,0.7422978661664025
ENSG00000286337.1,0.7422840017578187
ENSG00000137766.17,0.7422780002147579
ENSG00000116032.5,0.7421236058754441
ENSG00000101986.12,0.7420533946249583
ENSG00000131389.17,0.7419960443776339
ENSG00000286299.1,0.7418708499234915
ENSG00000108622.11,0.7418313477477374
ENSG00000171163.16,0.7415687241059079
ENSG00000149292.17,0.7415484147364356
ENSG00000103599.20,0.741547098515486
ENSG00000099377.14,0.7415316561225374
ENSG00000110455.14,0.7415073920998814
ENSG00000112053.14,0.7414033227347069
ENSG00000085514.16,0.7412231825850707
ENSG00000006652.15,0.7411903943843172
ENSG00000105383.15,0.7411703353033822
ENSG00000268758.7,0.7411252523866815
ENSG00000108556.10,0.7409030261824421
ENSG00000224897.8,0.7408993889471629
ENSG00000284610.1,0.740885826973653
ENSG00000152969.20,0.7407326900093592
ENSG00000272462.3,0.74067466080034
ENSG00000271662.1,0.7406643276791076
ENSG00000211595.2,0.7406566018966478
ENSG00000155368.16,0.7405917013816327
ENSG00000198342.10,0.7404755247589809
ENSG00000162909.18,0.7404703067117873
ENSG00000233654.2,0.7404367237563478
ENSG00000079462.8,0.7404195685566698
ENSG00000167969.13,0.7403942001760373
ENSG00000276365.1,0.740132588037177
ENSG00000087884.14,0.7400324487881018
ENSG00000131378.14,0.7400135250794163
ENSG00000145708.11,0.7399666109873945
ENSG00000161921.17,0.739954967097901
ENSG00000157077.15,0.7398804519051001
ENSG00000278611.2,0.7398242237828591
ENSG00000049769.14,0.739737730571365
ENSG00000182329.14,0.7396214033855175
ENSG00000145779.8,0.7395791769434057
ENSG00000137821.12,0.7394984973422721
ENSG00000175170.16,0.7392358039953169
ENSG00000147684.10,0.7392330646512256
ENSG00000233029.3,0.7392279608400815
ENSG00000135838.13,0.7391737391195026
ENSG00000007350.17,0.7389999567857567
ENSG00000153885.14,0.7389935252663027
ENSG00000275325.4,0.7389291485368418
ENSG00000197728.11,0.7389262171293756
ENSG00000254602.2,0.7389097084103938
ENSG00000198857.3,0.7388181823215227
ENSG00000159199.14,0.7388106125946656
ENSG00000146021.15,0.7387006849686704
ENSG00000179284.5,0.7383855671939504
ENSG00000101977.21,0.7383287295506724
ENSG00000250397.2,0.7383223264250949
ENSG00000156453.14,0.738269704964405
ENSG00000280287.1,0.7381316992316979
ENSG00000139537.11,0.7379488453878394
ENSG00000105270.15,0.7377984449790312
ENSG00000164385.9,0.7375908188253334
ENSG00000153208.17,0.737589333441566
ENSG00000147065.17,0.7375396310036271
ENSG00000104327.7,0.7374157774331535
ENSG00000196867.8,0.7373446856904733
ENSG00000141582.15,0.7371676483843362
ENSG00000233421.4,0.7371325912504036
ENSG00000188599.17,0.7370701219305998
ENSG00000235499.1,0.7370498319862001
ENSG00000231663.1,0.7370457636784883
ENSG00000240990.10,0.7369212605404597
ENSG00000204237.5,0.736915668541151
ENSG00000125971.17,0.7364348994945694
ENSG00000214659.4,0.7364111744811801
ENSG00000287804.1,0.736304679410315
ENSG00000116016.14,0.7363039346637075
ENSG00000222009.8,0.7362471730051661
ENSG00000196476.12,0.7362424654634669
ENSG00000183831.7,0.736203232317619
ENSG00000286179.1,0.7361854996135101
ENSG00000074800.16,0.73616784500461
ENSG00000245857.3,0.7361643944375899
ENSG00000233491.8,0.7359894727290858
ENSG00000175550.8,0.7359395491627919
ENSG00000007541.17,0.7358444916975905
ENSG00000167524.16,0.7358287024093112
ENSG00000177548.13,0.7357826260749304
ENSG00000106268.15,0.7356734622960094
ENSG00000099326.9,0.7356608916651924
ENSG00000054793.14,0.7355870204904904
ENSG00000272172.1,0.7355176748161033
ENSG00000285756.2,0.735361547535917
ENSG00000186051.7,0.7353390988480221
ENSG00000171017.11,0.735311642578477
ENSG00000286977.1,0.7352608823613216
ENSG00000140416.23,0.7352224989942829
ENSG00000236790.6,0.7351814501709177
ENSG00000174370.11,0.7351782190691465
ENSG00000188185.13,0.7350960691080487
ENSG00000101004.15,0.7350750328131572
ENSG00000145246.14,0.7350746290944934
ENSG00000010810.17,0.7350741334308019
ENSG00000162627.17,0.7350407210111969
ENSG00000108306.13,0.7349709748301573
ENSG00000287760.1,0.7349668009206487
ENSG00000214783.9,0.7349275452758793
ENSG00000155849.15,0.7349233359741996
ENSG00000145390.11,0.7349074227157361
ENSG00000150764.14,0.7348817175408895
ENSG00000156875.14,0.7348445771508975
ENSG00000228570.7,0.7348109719550013
ENSG00000205544.4,0.7347975732143189
ENSG00000185838.14,0.7347457179665017
ENSG00000251637.6,0.7346699761498642
ENSG00000279207.1,0.7346456370011676
ENSG00000113722.17,0.7345975854835813
ENSG00000213064.10,0.734533733108148
ENSG00000183807.8,0.7344547627109185
ENSG00000280327.1,0.7343967563352033
ENSG00000243323.7,0.7343450718224116
ENSG00000279443.1,0.7343227942492286
ENSG00000111684.11,0.7342767527692432
ENSG00000280254.1,0.7342383219711851
ENSG00000149548.15,0.7341217297531208
ENSG00000135862.6,0.7340726752694514
ENSG00000101220.18,0.7339851255907237
ENSG00000073712.15,0.7339792140321963
ENSG00000106701.13,0.733906635937212
ENSG00000140450.9,0.733899765002001
ENSG00000125898.13,0.7338852083875049
ENSG00000273373.1,0.7338672258761921
ENSG00000239415.1,0.7338629294854044
ENSG00000013364.19,0.7338530020425268
ENSG00000151491.14,0.7337244231052179
ENSG00000107262.26,0.7336951626932393
ENSG00000162066.16,0.7336862455476023
ENSG00000215241.4,0.7336445698924162
ENSG00000100577.19,0.7335345582518509
ENSG00000255737.2,0.7334139030914849
ENSG00000238099.3,0.7333967103361887
ENSG00000141524.17,0.7333463595897656
ENSG00000107018.8,0.7330910529095
ENSG00000179598.6,0.7328989655121491
ENSG00000185561.10,0.7328983283694109
ENSG00000226287.8,0.7328030796659032
ENSG00000277559.1,0.732784255327549
ENSG00000237513.2,0.7327831512167956
ENSG00000279726.2,0.7327141068650898
ENSG00000231999.7,0.7326848230172059
ENSG00000149716.13,0.7325439833755131
ENSG00000128052.10,0.7324808807742136
ENSG00000119865.9,0.732460132148722
ENSG00000070019.5,0.73240787479821845
ENSG00000205084.11,0.73238133296837
ENSG00000168065.16,0.7323805096691187
ENSG00000142544.7,0.7323726089085789
ENSG00000196345.13,0.7322006624581281
ENSG00000183423.12,0.7321862103994854
ENSG00000268388.6,0.7321060743686192
ENSG00000256948.1,0.7320792301189712
ENSG00000077238.14,0.7319111384292418
ENSG00000198804.2,0.7318938283048404
ENSG00000198939.8,0.7316779087972726
ENSG00000173209.23,0.731619106372658
ENSG00000260586.2,0.7315659664191664
ENSG00000184897.6,0.7315428799310535
ENSG00000197978.9,0.7315071766142885
ENSG00000249352.4,0.7313784318651407
ENSG00000185033.14,0.7312608060710306
ENSG00000144214.10,0.7311489106181263
ENSG00000233791.5,0.7310873287348333
ENSG00000269086.3,0.7310755570480887
ENSG00000204410.16,0.7309924903157772
ENSG00000279774.1,0.7308792849078835
ENSG00000167994.13,0.7308236964232858
ENSG00000220161.4,0.7308171430854805
ENSG00000124587.14,0.7307585921599521
ENSG00000241529.3,0.730749341415046
ENSG00000256001.2,0.7307017918108557
ENSG00000140564.12,0.7305998827454679
ENSG00000230212.6,0.7305625527373829
ENSG00000248399.1,0.7305593677861583
ENSG00000125520.14,0.7305250125286865
ENSG00000133740.11,0.7304570425288243
ENSG00000140105.18,0.7302853292451936
ENSG00000249740.3,0.7300988221521857
ENSG00000268362.6,0.7300533114391262
ENSG00000272196.2,0.7300124209815358
ENSG00000185453.13,0.7298826752620386
ENSG00000173207.13,0.7297398790718737
ENSG00000280206.1,0.7297389966018283
ENSG00000258457.5,0.729622824795602
ENSG00000226380.9,0.7294963347343258
ENSG00000158716.9,0.7294813573990112
ENSG00000168016.15,0.7293504928352085
ENSG00000198435.4,0.7293083873010068
ENSG00000143669.14,0.7292712810259774
ENSG00000177732.8,0.7290098402535972
ENSG00000264425.1,0.7287079553184277
ENSG00000036530.9,0.7287032708067049
ENSG00000264647.1,0.7286917956402378
ENSG00000261594.4,0.7284526140700835
ENSG00000064687.13,0.7281553448515955
ENSG00000138162.19,0.7278719974585173
ENSG00000129355.7,0.727825922495392
ENSG00000286219.1,0.7277413373943928
ENSG00000200534.1,0.7277221105245744
ENSG00000239528.1,0.7276813797764751
ENSG00000131979.20,0.7276666450909219
ENSG00000112992.18,0.7276498931511001
ENSG00000285715.1,0.7275639729770725
ENSG00000229660.1,0.7274965526100502
ENSG00000274414.1,0.7273241865258755
ENSG00000167642.13,0.7272670063327862
ENSG00000112312.10,0.7271885268108179
ENSG00000187950.8,0.7270926104065264
ENSG00000267731.1,0.7270600216001625
ENSG00000100784.12,0.7270114144017139
ENSG00000135205.15,0.726953699760154
ENSG00000266995.1,0.7268354593341316
ENSG00000104522.16,0.7266374014901916
ENSG00000105617.4,0.7265715963729821
ENSG00000260249.3,0.726529518734209
ENSG00000130307.12,0.7263768110191591
ENSG00000225179.2,0.7262710740609851
ENSG00000214514.8,0.7262233835716141
ENSG00000256553.1,0.7261688700443228
ENSG00000198673.10,0.7260764888837096
ENSG00000236924.1,0.7260190990683821
ENSG00000150656.15,0.7258722256551564
ENSG00000279058.2,0.7258368152392337
ENSG00000225361.4,0.7256741641548791
ENSG00000170681.7,0.7256416283149764
ENSG00000198153.8,0.7255860462082898
ENSG00000091704.10,0.7255615549930984
ENSG00000261105.6,0.7255364646625463
ENSG00000165685.8,0.725499705901528
ENSG00000259319.1,0.7253153021256052
ENSG00000185432.12,0.725241649645046
ENSG00000246528.3,0.7252184514527615
ENSG00000134612.12,0.7251803430179069
ENSG00000099834.19,0.725135435729597
ENSG00000286330.1,0.7248324075584999
ENSG00000233073.2,0.7248102423305869
ENSG00000169020.10,0.7247896761755803
ENSG00000239335.4,0.7247029181685618
ENSG00000275322.1,0.7246044269344251
ENSG00000204588.5,0.7245667709464941
ENSG00000181544.15,0.7243125001675647
ENSG00000131242.18,0.7242053624451192
ENSG00000068137.15,0.7241592327588615
ENSG00000102760.13,0.7241426647792911
ENSG00000251442.6,0.7241172643043992
ENSG00000279511.1,0.7240605930666277
ENSG00000166349.10,0.7239734168661216
ENSG00000235706.8,0.7238780771360664
ENSG00000185614.7,0.7238746358575636
ENSG00000267801.1,0.7238074299249843
ENSG00000172731.14,0.7237829375069251
ENSG00000267023.5,0.7237333008599356
ENSG00000215270.3,0.7237289295460543
ENSG00000163297.17,0.7236753111978169
ENSG00000151729.11,0.7236118285909559
ENSG00000175938.7,0.7236063300137121
ENSG00000288062.1,0.7235361284678187
ENSG00000197557.7,0.7235011020575273
ENSG00000246877.1,0.7233957938851518
ENSG00000233521.7,0.7233929627864312
ENSG00000251179.1,0.7232383985512532
ENSG00000160211.19,0.7231481813196953
ENSG00000232859.10,0.7231469625400311
ENSG00000124593.16,0.7231350540382986
ENSG00000270179.1,0.7231241900456293
ENSG00000225330.1,0.7231158174999238
ENSG00000138756.18,0.7231143135169377
ENSG00000110080.20,0.7230855272513707
ENSG00000196268.12,0.7228438423452425
ENSG00000105991.10,0.7227932993908415
ENSG00000204592.9,0.7227289732145616
ENSG00000280721.1,0.7226700911197692
ENSG00000272384.1,0.7226612963864633
ENSG00000233461.6,0.7226449690097443
ENSG00000276772.1,0.7225631114905958
ENSG00000187609.16,0.7225043823283408
ENSG00000197258.5,0.7224409084271033
ENSG00000172799.5,0.7220874038206685
ENSG00000267199.1,0.7219742711385032
ENSG00000244693.1,0.7218741981856879
ENSG00000153071.15,0.7218187174515477
ENSG00000099330.9,0.7217940605720727
ENSG00000265148.6,0.7217498820436457
ENSG00000229739.4,0.7217049695157194
ENSG00000196793.14,0.7216511291577155
ENSG00000285852.1,0.721536322144481
ENSG00000156381.9,0.7214737723915069
ENSG00000119686.10,0.7214387072554427
ENSG00000285278.1,0.7213691952369412
ENSG00000214226.9,0.7212678942418627
ENSG00000248092.8,0.7212626356351106
ENSG00000172428.11,0.7212079473181405
ENSG00000171793.16,0.7210984644522699
ENSG00000171365.17,0.7209283313864872
ENSG00000148400.12,0.7207415419108133
ENSG00000163357.11,0.7207379121678659
ENSG00000279789.1,0.7207356849639163
ENSG00000244617.2,0.7207193178643003
ENSG00000275212.3,0.7207103178460383
ENSG00000115268.10,0.7204201159106437
ENSG00000196696.13,0.7204029338358404
ENSG00000263001.7,0.7204005291255157
ENSG00000205763.13,0.7203552051456569
ENSG00000233175.2,0.7203445528888862
ENSG00000121900.19,0.7203350408580835
ENSG00000100139.13,0.7202815497975732
ENSG00000235366.2,0.7201208135118775
ENSG00000177888.8,0.7201189476821708
ENSG00000136367.14,0.7200760800740954
ENSG00000143545.10,0.7199746450334406
ENSG00000226953.8,0.7199746114817902
ENSG00000171462.15,0.7198866902581845
ENSG00000248884.1,0.7198347099347444
ENSG00000244476.3,0.7197387348705193
ENSG00000211782.2,0.719670707495065
ENSG00000270761.1,0.7196674445280661
ENSG00000110031.13,0.7196510831731228
ENSG00000253276.4,0.7195606186590632
ENSG00000111678.11,0.719511799229519
ENSG00000279198.1,0.7193514467250446
ENSG00000197536.11,0.7192946234066764
ENSG00000204856.12,0.7191009526264966
ENSG00000198099.9,0.7190264220355556
ENSG00000211750.2,0.7190086545603912
ENSG00000274698.1,0.718982017686187
ENSG00000167011.9,0.718767125382214
ENSG00000224968.2,0.7187514271191108
ENSG00000110328.6,0.7186602025107887
ENSG00000005381.8,0.7186100074476606
ENSG00000259840.1,0.718548811036888
ENSG00000222041.11,0.718486141221048
ENSG00000204584.1,0.7184020760278148
ENSG00000108641.19,0.7183859179797638
ENSG00000118407.15,0.7183016912994047
ENSG00000159761.15,0.7179587773568423
ENSG00000138413.14,0.7179556593618022
ENSG00000223776.5,0.7179163965921388
ENSG00000272829.1,0.717850696079063
ENSG00000144228.9,0.7178189843115387
ENSG00000260804.3,0.7176973270321605
ENSG00000227210.2,0.7175623306040514
ENSG00000101542.10,0.7175618325350266
ENSG00000119139.21,0.7174855905442828
ENSG00000109929.10,0.7173514816865508
ENSG00000203497.2,0.7173477092859522
ENSG00000245685.7,0.7172991636380038
ENSG00000156787.17,0.7172832941248009
ENSG00000248587.8,0.7172030968504925
ENSG00000276855.1,0.7172009558327564
ENSG00000226179.6,0.7171938328199333
ENSG00000183684.8,0.7171252100110276
ENSG00000287787.1,0.7170707780153242
ENSG00000101384.12,0.716985688335267
ENSG00000231563.2,0.7169477331456818
ENSG00000264449.6,0.7169067666377182
ENSG00000230002.3,0.7168868436747725
ENSG00000164187.7,0.7167710130567934
ENSG00000183397.5,0.716738744266261
ENSG00000164082.15,0.7167143404620749
ENSG00000213339.9,0.7167029756091101
ENSG00000145040.4,0.7166628442428987
ENSG00000254605.1,0.7166271159629053
ENSG00000230716.3,0.7165430216163513
ENSG00000178795.9,0.7164972545717533
ENSG00000137070.18,0.7164414632854506
ENSG00000134897.14,0.7163863776017501
ENSG00000213131.3,0.7162697418459182
ENSG00000226608.3,0.7161480675401033
ENSG00000210140.1,0.716089330210948
ENSG00000271911.1,0.7160740159299829
ENSG00000113248.6,0.7159887713246688
ENSG00000236751.2,0.7158072411590122
ENSG00000260908.1,0.7157232365129709
ENSG00000279024.1,0.7156484177770663
ENSG00000226074.5,0.7156239719145628
ENSG00000231652.2,0.7155773290545132
ENSG00000287712.1,0.7155679986911004
ENSG00000134709.12,0.7155039010422047
ENSG00000145494.12,0.71541894090037506
ENSG00000283288.1,0.7153578332074815
ENSG00000176909.12,0.7153386384295495
ENSG00000286388.1,0.715262292731538
ENSG00000287576.1,0.7152212254499842
ENSG00000173821.19,0.715127230888426
ENSG00000167601.12,0.7149925856496666
ENSG00000259230.1,0.714920473696016
ENSG00000161955.16,0.7148984661638343
ENSG00000171159.5,0.7148880707551302
ENSG00000253327.2,0.7148168341194929
ENSG00000259146.4,0.714783153915202
ENSG00000167925.16,0.714698812012325
ENSG00000250312.8,0.71462437393543
ENSG00000253746.1,0.7145907468012916
ENSG00000263677.2,0.7145787604154487
ENSG00000275793.1,0.7144263447631076
ENSG00000231258.2,0.7143962645867717
ENSG00000152592.14,0.714174872166229
ENSG00000139514.13,0.714055212199577
ENSG00000274114.2,0.7139863434999475
ENSG00000166035.11,0.7139815609300864
ENSG00000277112.3,0.7136564703657395
ENSG00000263301.1,0.713626567815788
ENSG00000211905.1,0.7136019219965373
ENSG00000283674.3,0.7133166005346893
ENSG00000129204.17,0.7131213912703236
ENSG00000204173.11,0.712968404834382
ENSG00000214182.5,0.7127930084398444
ENSG00000275897.1,0.7125624780705132
ENSG00000187994.14,0.712517275116863
ENSG00000270906.1,0.7125115348576575
ENSG00000185986.12,0.7122876618578696
ENSG00000280435.1,0.7121651199689052
ENSG00000232104.3,0.7121288285040842
ENSG00000231863.2,0.7121201611351382
ENSG00000173714.8,0.7120982304972646
ENSG00000140950.16,0.7120328736311279
ENSG00000231811.3,0.7119628345113482
ENSG00000138496.16,0.7119556288583814
ENSG00000214654.8,0.7119531614999541
ENSG00000249119.1,0.7119088690055116
ENSG00000269293.3,0.7118172201223446
ENSG00000256667.6,0.711815045865684
ENSG00000231050.1,0.7117514364004868
ENSG00000278540.5,0.7116941585613218
ENSG00000130943.7,0.711687917149798
ENSG00000261371.6,0.711535152850204
ENSG00000226445.2,0.7115067862906318
ENSG00000137145.20,0.7115006071695994
ENSG00000247134.7,0.7114476100409269
ENSG00000287401.1,0.7114021764254344
ENSG00000092964.18,0.7113672261892452
ENSG00000197180.2,0.7112956975704071
ENSG00000162148.11,0.7111514324204774
ENSG00000172348.15,0.7111279911032073
ENSG00000270624.1,0.7110603534383542
ENSG00000006025.12,0.7110260283839686
ENSG00000228775.8,0.7109750813767043
ENSG00000276740.1,0.7108506019916372
ENSG00000232818.2,0.7108424833129894
ENSG00000123454.12,0.7108382582656374
ENSG00000008118.10,0.7108115446691657
ENSG00000215156.5,0.7107592452892363
ENSG00000100142.16,0.710735503430895
ENSG00000179761.12,0.7105330140512207
ENSG00000259867.6,0.7105283365561545
ENSG00000262223.8,0.7104573083598178
ENSG00000222022.1,0.7104495404310796
ENSG00000123505.19,0.7102957832678519
ENSG00000111817.19,0.7100368280047378
ENSG00000248554.1,0.7099963629889172
ENSG00000130940.15,0.7099548129800428
ENSG00000244313.3,0.7099270914919346
ENSG00000175518.8,0.7098975632633647
ENSG00000070501.12,0.709881994378181
ENSG00000144852.19,0.7098265338385659
ENSG00000232656.8,0.7097457710246597
ENSG00000280670.3,0.709729175986755
ENSG00000180871.8,0.7096979073535451
ENSG00000243709.1,0.7095589073474847
ENSG00000231776.5,0.7095042961843163
ENSG00000178623.12,0.709434552096921
ENSG00000173338.13,0.7094294532668025
ENSG00000135720.13,0.7094222175692225
ENSG00000113758.13,0.7093830294953509
ENSG00000118242.16,0.7093212254800851
ENSG00000271533.1,0.7092620282732763
ENSG00000145416.13,0.7091325771018325
ENSG00000186723.4,0.7091136073889776
ENSG00000215493.3,0.709104520146634
ENSG00000236552.2,0.709082912252622
ENSG00000002834.18,0.709028046778195
ENSG00000189337.17,0.7090111588503495
ENSG00000176155.19,0.7089805876483974
ENSG00000274736.5,0.7089305423469133
ENSG00000228133.3,0.7088740952207416
ENSG00000285570.1,0.7088672877113393
ENSG00000229848.1,0.7088610672966409
ENSG00000236675.1,0.7088303787470696
ENSG00000203280.4,0.7087993219019801
ENSG00000141552.18,0.7087347050590876
ENSG00000238083.8,0.70865437806416
ENSG00000260941.1,0.7086319423153719
ENSG00000253853.3,0.7086217239494176
ENSG00000254951.7,0.7085969837641982
ENSG00000253764.3,0.7085415634616303
ENSG00000133138.20,0.7084765664603977
ENSG00000203950.6,0.7084578857359822
ENSG00000264548.1,0.7082222901082919
ENSG00000287117.1,0.7081681504973805
ENSG00000185900.11,0.7081162810901207
ENSG00000105146.13,0.707941279935782
ENSG00000254739.1,0.7078846735800248
ENSG00000231482.3,0.7078416335211886
ENSG00000171813.14,0.7076994166770032
ENSG00000245832.7,0.7076418159246763
ENSG00000181029.9,0.7075359041290885
ENSG00000286378.1,0.7073828775083104
ENSG00000151702.17,0.7072484148246931
ENSG00000233321.2,0.707193433561985
ENSG00000248238.2,0.70707258472329
ENSG00000182108.11,0.7069285285498541
ENSG00000198429.10,0.7067715497140683
ENSG00000172058.16,0.7067242949927326
ENSG00000207181.1,0.7066711792250742
ENSG00000287527.1,0.7066481140311256
ENSG00000074181.9,0.7065970138814608
ENSG00000235272.2,0.7063681629369964
ENSG00000255150.2,0.7062558021785473
ENSG00000241431.1,0.7062110210888316
ENSG00000187266.14,0.7061755959316608
ENSG00000167703.15,0.7060970385747488
ENSG00000231672.8,0.7060868422553892
ENSG00000268717.1,0.7058640325942306
ENSG00000100678.19,0.705803763011849
ENSG00000277050.1,0.7057707807953825
ENSG00000030304.14,0.705685950282694
ENSG00000256128.6,0.7056697952323796
ENSG00000115419.13,0.7056045785403405
ENSG00000227487.4,0.7054858425765149
ENSG00000099800.8,0.7054724619533177
ENSG00000126005.17,0.7053396252567511
ENSG00000123609.11,0.7052214414709285
ENSG00000279861.1,0.7052032248314245
ENSG00000078177.14,0.705179028257141
ENSG00000261326.4,0.7051544166949155
ENSG00000267041.6,0.705104665744935
ENSG00000220749.4,0.7050899117579977
ENSG00000285373.2,0.7049905557856705
ENSG00000184669.9,0.7049804857599196
ENSG00000187105.9,0.7049772856790416
ENSG00000262188.2,0.7048899488222221
ENSG00000120436.4,0.7047448102349845
ENSG00000157343.9,0.7046475683401416
ENSG00000237575.4,0.7046114696920894
ENSG00000173662.21,0.7045258528681899
ENSG00000225760.2,0.7044429761441063
ENSG00000134594.5,0.7044087787959702
ENSG00000257167.2,0.7044082948838054
ENSG00000158792.16,0.7043764416308118
ENSG00000269388.1,0.7042981858182094
ENSG00000240668.1,0.7042738474863193
ENSG00000105552.15,0.7042177088089143
ENSG00000273449.1,0.7041238532701395
ENSG00000272144.1,0.7040727902483013
ENSG00000215790.8,0.7039932691932217
ENSG00000109790.16,0.7039370553300628
ENSG00000211455.8,0.7038875255497552
ENSG00000138814.17,0.7038339826235531
ENSG00000258441.1,0.7037273459220206
ENSG00000073350.14,0.7037177945343187
ENSG00000159339.13,0.703695961103452
ENSG00000253771.6,0.7036654789559018
ENSG00000183625.15,0.7036558447294708
ENSG00000010818.10,0.7036338427529826
ENSG00000167281.19,0.703458031293151
ENSG00000229167.2,0.7034263351810345
ENSG00000259500.1,0.703405256092857
ENSG00000119138.4,0.7033777151426931
ENSG00000234616.9,0.7033763316999504
ENSG00000125746.18,0.7033652503727115
ENSG00000187808.5,0.7032789655738675
ENSG00000286067.1,0.7032506006404106
ENSG00000005882.12,0.7032216592838588
ENSG00000272711.1,0.7031973018232185
ENSG00000220891.1,0.703153231124605
ENSG00000224424.8,0.7031391964209841
ENSG00000132718.9,0.7030854407298114
ENSG00000267060.7,0.7029898700160153
ENSG00000286984.1,0.7029561735279094
ENSG00000226824.7,0.7027812306710075
ENSG00000287778.1,0.7025499494891017
ENSG00000280187.1,0.7025355238793939
ENSG00000231609.7,0.7023910367678141
ENSG00000161618.10,0.7023390746903216
ENSG00000244137.1,0.7023149308640695
ENSG00000270589.1,0.7022545606025735
ENSG00000170426.2,0.7021570652229164
ENSG00000198740.9,0.7021527498655453
ENSG00000284309.1,0.7021117738295062
ENSG00000237451.3,0.7020337009901892
ENSG00000263528.8,0.7020190784435372
ENSG00000255250.2,0.7019581999410679
ENSG00000177600.9,0.7016881409186029
ENSG00000121310.17,0.701604071247683
ENSG00000221968.9,0.7015526355073494
ENSG00000103145.11,0.7015463034647245
ENSG00000230834.1,0.7014897944296214
ENSG00000151062.15,0.7014372607868237
ENSG00000214402.7,0.7014271453232558
ENSG00000148225.16,0.7013043641335548
ENSG00000275964.1,0.7012867023979986
ENSG00000254864.1,0.7012640636179441
ENSG00000286280.1,0.7012098194341223
ENSG00000186174.12,0.701139476477683
ENSG00000278535.5,0.7011327317260044
ENSG00000188002.10,0.7010456821595707
ENSG00000137834.15,0.7009897803667272
ENSG00000138031.14,0.7009534805027883
ENSG00000105137.13,0.7009504620780617
ENSG00000230415.1,0.7009471919817082
ENSG00000005448.17,0.7008235153431038
ENSG00000159733.14,0.7007493540225961
ENSG00000286407.1,0.7007433773096285
ENSG00000057252.13,0.7007247241098639
ENSG00000232774.8,0.700702528680226
ENSG00000078674.18,0.7006499873294028
ENSG00000139908.15,0.7005278205100569
ENSG00000285796.1,0.7004722811482391
ENSG00000280604.1,0.7004420840782702
ENSG00000230216.1,0.7004269341530199
ENSG00000138640.15,0.7004225517681939
ENSG00000205220.12,0.7002201387545695
ENSG00000164867.11,0.7001205862411707
ENSG00000169660.17,0.7000939590528336
ENSG00000148180.21,0.7000389802857199
ENSG00000178233.18,0.6999822656111327
ENSG00000197794.2,0.699980438879819
ENSG00000244627.5,0.699974488639245
ENSG00000225032.5,0.6999272656006542
ENSG00000213642.3,0.6998804399219484
ENSG00000059377.18,0.6997720711871872
ENSG00000174527.10,0.6997427294338847
ENSG00000185305.11,0.6996835231892011
ENSG00000213045.3,0.6996502227777498
ENSG00000070018.9,0.699420636595356
ENSG00000260565.7,0.6994064238498516
ENSG00000167216.17,0.6992915255722792
ENSG00000283982.1,0.69920315980881
ENSG00000186792.17,0.6991716271902981
ENSG00000259065.2,0.6991621428396734
ENSG00000228293.1,0.6990504243842602
ENSG00000230629.2,0.6990265368840255
ENSG00000132623.16,0.698964659367163
ENSG00000228067.1,0.6989538857917144
ENSG00000177700.6,0.6989399857712257
ENSG00000226808.3,0.6989284227576865
ENSG00000107611.16,0.6988546248806362
ENSG00000286159.1,0.6988167664554849
ENSG00000250616.2,0.6988129877272067
ENSG00000214063.11,0.6987901088966664
ENSG00000226091.7,0.6987165021916888
ENSG00000165175.16,0.6986933857885298
ENSG00000131626.19,0.69868720840943
ENSG00000260907.1,0.6986676709364595
ENSG00000258010.4,0.6984835760384142
ENSG00000185988.15,0.698469875175792
ENSG00000143554.14,0.6983125990546546
ENSG00000196586.16,0.6983022509319062
ENSG00000100253.13,0.6980871119877009
ENSG00000243302.3,0.698085965210675
ENSG00000110717.13,0.6978668437010975
ENSG00000286511.1,0.6978317272008988
ENSG00000265666.1,0.6978159502228988
ENSG00000196388.8,0.6977655495302081
ENSG00000131142.13,0.697731713225453
ENSG00000138119.17,0.6977134129998224
ENSG00000225663.8,0.6976278078225416
ENSG00000166199.13,0.6974418661424269
ENSG00000270006.2,0.6974078941233262
ENSG00000245694.10,0.6973288930225936
ENSG00000277232.2,0.6971929787949118
ENSG00000258839.4,0.6971137236207988
ENSG00000261879.7,0.6970770522849044
ENSG00000236144.8,0.6970416731898513
ENSG00000259865.1,0.6970207653894785
ENSG00000147647.13,0.6968618242904208
ENSG00000126500.3,0.6968401530981978
ENSG00000132702.13,0.6968315343850944
ENSG00000166436.16,0.6966935911223997
ENSG00000128512.23,0.6966479931434669
ENSG00000260430.2,0.6964792047053728
ENSG00000215045.8,0.6964308213087955
ENSG00000267453.7,0.6964265940482902
ENSG00000104093.14,0.6963628139375311
ENSG00000223923.2,0.6963507928618504
ENSG00000248409.2,0.6962809335245648
ENSG00000176208.9,0.6962421371208489
ENSG00000248738.6,0.6962131762876189
ENSG00000162399.9,0.6961834424535802
ENSG00000170049.9,0.6961107411549934
ENSG00000112893.9,0.6958371441501646
ENSG00000233996.1,0.6958129962495537
ENSG00000204536.14,0.6957774297425898
ENSG00000173153.17,0.6957696914313062
ENSG00000148841.17,0.69564648924306
ENSG00000073584.20,0.6954148508466813
ENSG00000278022.1,0.6954081622259075
ENSG00000272455.1,0.6952919116443624
ENSG00000143786.8,0.6952430932968203
ENSG00000137757.11,0.6951944206835772
ENSG00000267254.7,0.6951354503496239
ENSG00000166068.13,0.6951227885922296
ENSG00000258572.1,0.6950405065496895
ENSG00000176125.7,0.6947787883023732
ENSG00000261655.1,0.6947663290914629
ENSG00000166263.13,0.6945434579676123
ENSG00000253742.1,0.6945101203562551
ENSG00000221955.11,0.6944572032142126
ENSG00000281571.2,0.6943577259670525
ENSG00000274021.1,0.694263708231631
ENSG00000261795.1,0.6942168477119585
ENSG00000174132.9,0.6939490825822497
ENSG00000128039.12,0.6938030206701794
ENSG00000111328.7,0.6938019461005812
ENSG00000072201.14,0.693739053961316
ENSG00000188730.5,0.6936511980036547
ENSG00000128045.7,0.6935865158834215
ENSG00000130173.13,0.6935833671399926
ENSG00000119227.8,0.6934655986044514
ENSG00000198937.9,0.6933874128357945
ENSG00000108506.13,0.6933677320491994
ENSG00000142409.6,0.6933539791920589
ENSG00000180209.12,0.693282596519625
ENSG00000169242.12,0.6932750005677791
ENSG00000124334.17,0.6931558992090219
ENSG00000215481.9,0.6931533820685424
ENSG00000132122.12,0.6930433794401576
ENSG00000065809.13,0.6930198652526112
ENSG00000287608.1,0.6929355972820941
ENSG00000224877.4,0.6928769278906873
ENSG00000235192.1,0.6928524474052298
ENSG00000255621.1,0.6928515385314683
ENSG00000272485.1,0.6928025708912734
ENSG00000203808.12,0.6927506254282495
ENSG00000224172.1,0.6927461521416717
ENSG00000121905.10,0.6927074445902759
ENSG00000208772.1,0.6927065763845434
ENSG00000286563.1,0.6925996585998165
ENSG00000280039.1,0.6925961557397651
ENSG00000272275.1,0.6925785940046421
ENSG00000204103.4,0.6925130860177834
ENSG00000150048.10,0.6923921102908561
ENSG00000163659.13,0.6923261439140368
ENSG00000149489.9,0.6922385910903329
ENSG00000164105.4,0.6921720322386915
ENSG00000154217.15,0.6921673809955784
ENSG00000125089.17,0.6919149679959867
ENSG00000244198.7,0.6918802471279767
ENSG00000234964.4,0.6917427616069289
ENSG00000117528.14,0.6917083929718323
ENSG00000112972.15,0.691691696756809
ENSG00000050405.13,0.6916804803982474
ENSG00000167920.10,0.6916447125679916
ENSG00000168234.13,0.6915888592906732
ENSG00000143630.10,0.6915616179251748
ENSG00000287763.1,0.691491059526584
ENSG00000259390.4,0.6914406258040716
ENSG00000160766.14,0.6914031415313708
ENSG00000004478.8,0.6913446069284968
ENSG00000119285.11,0.6913408139644941
ENSG00000171992.13,0.6912973888922369
ENSG00000122548.5,0.691054698470509
ENSG00000175061.18,0.6910374788856396
ENSG00000226471.6,0.6909571282304404
ENSG00000132849.21,0.6908661594523685
ENSG00000162779.22,0.690862147131672
ENSG00000265750.1,0.6908493995093881
ENSG00000179899.8,0.6908300904446432
ENSG00000276832.2,0.6907245274378595
ENSG00000141367.12,0.6907035544967259
ENSG00000166387.13,0.6906602736972954
ENSG00000174705.13,0.690594498116683
ENSG00000164972.13,0.690591907652797
ENSG00000074657.14,0.6905828283845924
ENSG00000185112.6,0.6905122315767397
ENSG00000134986.14,0.6904659021498921
ENSG00000272518.1,0.6903637020099591
ENSG00000141510.18,0.6902854407895029
ENSG00000230409.3,0.6900772969086603
ENSG00000234076.1,0.6900338579244659
ENSG00000117461.15,0.6899866809325942
ENSG00000258592.1,0.6899652282034009
ENSG00000271780.1,0.6899606871420353
ENSG00000157017.16,0.6898026986843192
ENSG00000227001.3,0.6897007361249864
ENSG00000185669.6,0.689648223699066
ENSG00000271605.6,0.6895295398140867
ENSG00000069869.16,0.689509957765532
ENSG00000275234.1,0.6895013398199783
ENSG00000281332.1,0.689437241251242
ENSG00000198805.12,0.6894161350461273
ENSG00000232306.2,0.6893347919453592
ENSG00000077044.11,0.6892560303526656
ENSG00000103067.14,0.6892040073498484
ENSG00000112039.5,0.6891781274213918
ENSG00000248487.9,0.689158330286432
ENSG00000154240.17,0.6891538662772332
ENSG00000264968.1,0.6891457655441424
ENSG00000083444.17,0.6890786678062155
ENSG00000159259.8,0.68904579818667
ENSG00000105699.16,0.6890109552349349
ENSG00000126458.4,0.6889958539725171
ENSG00000279044.1,0.688955751999212
ENSG00000205129.8,0.6888715273345419
ENSG00000104936.19,0.6888246474485755
ENSG00000262370.6,0.6888136917236224
ENSG00000184374.3,0.6886724790236759
ENSG00000158669.11,0.6886660094359531
ENSG00000227632.2,0.6886219010978296
ENSG00000278982.1,0.6881907036369128
ENSG00000183011.13,0.6881445969549254
ENSG00000136048.14,0.6881432991118597
ENSG00000101084.18,0.6881229604798864
ENSG00000226674.11,0.6880929031395135
ENSG00000124145.6,0.6879586076059602
ENSG00000255337.1,0.6879416583491229
ENSG00000214026.11,0.6878204701515265
ENSG00000115541.11,0.6877718727319297
ENSG00000268756.1,0.6877202105314417
ENSG00000143537.14,0.6876839614704919
ENSG00000243635.1,0.687672924260881
ENSG00000277791.5,0.6876056092904594
ENSG00000119711.13,0.6875746104823511
ENSG00000253394.6,0.687563586805913
ENSG00000203812.2,0.6875456101298969
ENSG00000139899.11,0.6875385219678068
ENSG00000152939.17,0.6874818559117283
ENSG00000166793.13,0.6874308764484738
ENSG00000176973.8,0.6873577781777244
ENSG00000054148.18,0.687356697759112
ENSG00000142197.12,0.6872154094834878
ENSG00000105258.9,0.687186343370997
ENSG00000113369.9,0.6871542250008645
ENSG00000150093.20,0.6871065705675975
ENSG00000225913.2,0.6870901496148193
ENSG00000136383.7,0.6870444226318461
ENSG00000163694.15,0.6868140981160654
ENSG00000057019.16,0.6867613119712096
ENSG00000287299.1,0.6866327957337727
ENSG00000198934.5,0.6865564079289708
ENSG00000197279.4,0.6865563228937159
ENSG00000175806.15,0.6865118973427068
ENSG00000267364.2,0.6864599443083255
ENSG00000131951.11,0.6864405114951488
ENSG00000115266.12,0.6863626436503711
ENSG00000234975.6,0.6862797617071867
ENSG00000260404.3,0.6862498862165611
ENSG00000071246.11,0.6861604804025294
ENSG00000103266.11,0.686062671790376
ENSG00000143167.12,0.6859824113263672
ENSG00000242953.1,0.6859117215039477
ENSG00000268601.1,0.6859021083590127
ENSG00000147206.17,0.685781632171483
ENSG00000168404.13,0.685726258661267
ENSG00000160214.13,0.6856432319418497
ENSG00000179886.6,0.6855792046345892
ENSG00000228162.1,0.6854373432597445
ENSG00000275437.1,0.6854273564077198
ENSG00000139998.16,0.6852473708148404
ENSG00000167393.18,0.685240724379059
ENSG00000061918.14,0.6852040290157783
ENSG00000236420.1,0.6851817094921338
ENSG00000104413.18,0.6851477997480627
ENSG00000262903.1,0.6850909031916782
ENSG00000157578.13,0.6847867944390602
ENSG00000131355.15,0.6847630925244396
ENSG00000115129.14,0.684715918849008
ENSG00000148908.15,0.6846123985165593
ENSG00000236772.1,0.6845864362169435
ENSG00000144362.12,0.6845769963784224
ENSG00000253320.7,0.6844641395293287
ENSG00000101000.6,0.6843746234703464
ENSG00000133247.14,0.6843626925201592
ENSG00000235244.4,0.684355738562786
ENSG00000071242.12,0.6843036761972501
ENSG00000280303.2,0.6842721138937774
ENSG00000279456.1,0.6842072346224668
ENSG00000174586.11,0.6841026275819162
ENSG00000126583.11,0.6840729620746501
ENSG00000214357.9,0.6840393631235195
ENSG00000232284.7,0.6839499297947081
ENSG00000253666.2,0.6839186040508693
ENSG00000234771.3,0.6839103630120502
ENSG00000230091.6,0.68390017508726
ENSG00000136603.14,0.6837989128707708
ENSG00000138182.15,0.6837662989588348
ENSG00000177640.16,0.683175802818528
ENSG00000223947.1,0.6831378091031265
ENSG00000181350.12,0.6828785677352943
ENSG00000233476.3,0.6828291600353846
ENSG00000233860.2,0.682821259495887
ENSG00000111077.18,0.6828006633150465
ENSG00000204520.14,0.6827371264603598
ENSG00000262097.2,0.6827092184580624
ENSG00000286707.1,0.6826763290138799
ENSG00000213722.10,0.6826704938718337
ENSG00000122884.12,0.6826329331863247
ENSG00000006432.15,0.6826037112638816
ENSG00000130731.16,0.6825994815588167
ENSG00000228727.9,0.6825782675631187
ENSG00000231566.2,0.682550690368558
ENSG00000161179.14,0.6825133385290931
ENSG00000188766.12,0.6824160127578754
ENSG00000260296.1,0.6823372312995706
ENSG00000008256.16,0.6823329984199863
ENSG00000228506.2,0.6822010567778047
ENSG00000225106.1,0.6820160519680346
ENSG00000136295.15,0.6818021498476067
ENSG00000168283.14,0.6817497049623942
ENSG00000144031.12,0.6817398141298563
ENSG00000142794.19,0.6816960859955796
ENSG00000235863.4,0.6816816354319378
ENSG00000157557.13,0.6815775497442444
ENSG00000187961.14,0.6814445731514854
ENSG00000070756.17,0.6812695524623469
ENSG00000225329.3,0.6811867172173586
ENSG00000196071.5,0.6810425458256865
ENSG00000255021.1,0.6808467122285077
ENSG00000177045.10,0.680818841742238
ENSG00000170919.16,0.6807921183047666
ENSG00000180015.12,0.6807475050390052
ENSG00000224585.1,0.6806171691214722
ENSG00000141696.13,0.6805443207699494
ENSG00000229939.1,0.6805262150915928
ENSG00000108798.9,0.6804015238501333
ENSG00000138688.15,0.6803869361507706
ENSG00000158816.15,0.6803723840334067
ENSG00000132549.18,0.6803690817280913
ENSG00000160294.11,0.6801353584741289
ENSG00000076706.17,0.6801170083134558
ENSG00000228486.10,0.680110332066337
ENSG00000227533.6,0.6800353117387228
ENSG00000273344.1,0.679976931246293
ENSG00000026950.17,0.6798918678297816
ENSG00000112242.15,0.6798119990549438
ENSG00000162630.6,0.6795501952288759
ENSG00000188511.12,0.6795416346368541
ENSG00000162039.17,0.6795084684494341
ENSG00000134285.11,0.6794131964830213
ENSG00000267321.3,0.6793284110324073
ENSG00000286207.1,0.6793094973628917
ENSG00000255642.1,0.679292405402054
ENSG00000136634.7,0.6792490115642951
ENSG00000171858.18,0.6792454112815198
ENSG00000189430.13,0.6791826210413614
ENSG00000204922.5,0.6791353798404052
ENSG00000132182.12,0.6790790627150272
ENSG00000095932.7,0.6790674062571269
ENSG00000140931.20,0.6789302323913935
ENSG00000273253.2,0.6789275187764139
ENSG00000139687.16,0.67888124778413
ENSG00000251136.9,0.6787602294620804
ENSG00000174059.17,0.678744535903944
ENSG00000226564.1,0.6787194436435696
ENSG00000242950.7,0.6787187720446956
ENSG00000204872.4,0.678631618176475
ENSG00000276397.2,0.6786292545657056
ENSG00000107957.16,0.678567543326698
ENSG00000160808.11,0.6785626282922128
ENSG00000279319.1,0.6785279694952144
ENSG00000276368.2,0.678343967467414
ENSG00000189060.5,0.6783205116462363
ENSG00000139835.14,0.678305307954346
ENSG00000228701.2,0.6779897022136431
ENSG00000230513.2,0.6777916424262485
ENSG00000197296.6,0.6777268345604447
ENSG00000196756.13,0.6776339508506393
ENSG00000285184.3,0.6775256827708057
ENSG00000272733.1,0.6774991441257756
ENSG00000146276.12,0.6774772917235041
ENSG00000215908.10,0.6774445180459757
ENSG00000262294.1,0.6773490286440474
ENSG00000142621.19,0.6773347881217013
ENSG00000015133.19,0.677320481279187
ENSG00000112419.14,0.6773036649693486
ENSG00000242299.1,0.6772868403078312
ENSG00000147145.12,0.6772571645086078
ENSG00000183615.6,0.6772392735038515
ENSG00000249751.4,0.6772315342928755
ENSG00000099250.18,0.6771913189472172
ENSG00000211796.1,0.6771056041773348
ENSG00000233124.2,0.6769734624587295
ENSG00000188522.15,0.6769096659114316
ENSG00000232406.7,0.6769023299641455
ENSG00000181097.5,0.6767577606186522
ENSG00000120437.9,0.6765193294529427
ENSG00000230551.4,0.6765007072813723
ENSG00000184916.9,0.6764610372033554
ENSG00000155269.12,0.6764399992911584
ENSG00000254111.3,0.6764224931098473
ENSG00000119782.14,0.6764196862082097
ENSG00000275155.1,0.6763929313262774
ENSG00000080839.12,0.6763157024008414
ENSG00000214960.11,0.6762663090426342
ENSG00000113916.18,0.6762433249933714
ENSG00000286529.1,0.6762187720420051
ENSG00000255495.1,0.6762000070023773
ENSG00000175482.9,0.6760584233941164
ENSG00000277443.3,0.6760460423458307
ENSG00000259520.6,0.6760236301640938
ENSG00000118762.8,0.6760174810012073
ENSG00000231769.3,0.675929529306114
ENSG00000244086.1,0.6759134623174914
ENSG00000225849.2,0.6759091294161205
ENSG00000114670.14,0.6758247804635229
ENSG00000233487.6,0.6758080104899427
ENSG00000258077.2,0.6757628214553896
ENSG00000280832.1,0.6757162864732154
ENSG00000173852.15,0.6756971306163044
ENSG00000086730.17,0.6756256687369588
ENSG00000198416.9,0.6755892868994867
ENSG00000087237.12,0.6755204854157375
ENSG00000196247.11,0.6752249062191266
ENSG00000140836.17,0.6751918535139998
ENSG00000237781.3,0.67511868956771115
ENSG00000253981.5,0.6750779134770089
ENSG00000256069.7,0.6750238952533174
ENSG00000205209.7,0.6749208749244896
ENSG00000260563.3,0.674875316318209
ENSG00000211820.1,0.6748708866308851
ENSG00000225932.3,0.674837643850924
ENSG00000108448.21,0.674823188754439
ENSG00000135362.14,0.6747928046499778
ENSG00000135045.7,0.6747479291424084
ENSG00000279821.1,0.674709583841856
ENSG00000075420.13,0.6745919002361377
ENSG00000104728.16,0.6744514958283688
ENSG00000178385.15,0.6743932445475962
ENSG00000251194.2,0.6743918316691552
ENSG00000085063.17,0.6743886136440617
ENSG00000172426.16,0.6743436857546287
ENSG00000103740.10,0.6742947637994686
ENSG00000166444.19,0.6742569888520032
ENSG00000273409.3,0.6742166376301397
ENSG00000180638.19,0.6741950573236696
ENSG00000256802.2,0.6741659550451158
ENSG00000180921.7,0.6740508387837739
ENSG00000189136.9,0.6739493111321124
ENSG00000164405.11,0.6739259006108876
ENSG00000213949.10,0.6739247401742574
ENSG00000187051.9,0.6738995632957544
ENSG00000285996.1,0.6738795943158372
ENSG00000271524.1,0.6738500496522931
ENSG00000245275.8,0.6738213204426525
ENSG00000151967.18,0.6738096745315942
ENSG00000276317.1,0.673800291010643
ENSG00000198019.13,0.6737025816718168
ENSG00000276903.2,0.6736940155570693
ENSG00000288234.1,0.6736564181903015
ENSG00000220201.7,0.6736463994150967
ENSG00000115159.16,0.673615746594439
ENSG00000167543.16,0.6735512145789586
ENSG00000213412.3,0.6735408537370597
ENSG00000139597.18,0.6735066716393044
ENSG00000237310.2,0.6733939364621937
ENSG00000213888.3,0.6731770772050736
ENSG00000006756.16,0.6731576889507654
ENSG00000134250.20,0.6731467950653801
ENSG00000246792.3,0.6731166411981083
ENSG00000196118.12,0.6730939850682013
ENSG00000220793.5,0.6730860778808645
ENSG00000183963.19,0.6730771488525309
ENSG00000266258.1,0.6730605653996663
ENSG00000223551.1,0.6729970434234871
ENSG00000261054.1,0.6729116321097696
ENSG00000152292.17,0.6726334010137716
ENSG00000166575.17,0.6726032486126367
ENSG00000257718.1,0.6725822664173263
ENSG00000286558.1,0.6725400493799719
ENSG00000109063.15,0.6724442299193724
ENSG00000232727.2,0.672436274596155
ENSG00000228300.14,0.6723963735206976
ENSG00000242759.8,0.6723236535647092
ENSG00000006453.14,0.6722842134094738
ENSG00000031081.11,0.6722554996509678
ENSG00000090061.17,0.6722380254255309
ENSG00000164406.8,0.672184845652761
ENSG00000123989.14,0.6721564386493031
ENSG00000273321.1,0.6720350781627256
ENSG00000100726.15,0.6720219203719736
ENSG00000226012.1,0.6719556435862147
ENSG00000228158.2,0.6719415605355622
ENSG00000283064.1,0.6719372744919282
ENSG00000148965.10,0.6719149827161843
ENSG00000198369.10,0.6718362803847885
ENSG00000104974.12,0.6718118021268757
ENSG00000251600.8,0.6717893730320936
ENSG00000168992.4,0.67174269410858
ENSG00000136942.15,0.6717298686373616
ENSG00000124097.7,0.6717075371466221
ENSG00000171931.13,0.6717035497346404
ENSG00000247137.9,0.6716610107203426
ENSG00000167615.17,0.6716585500677982
ENSG00000274925.1,0.671647116481384
ENSG00000175967.4,0.6716385704903138
ENSG00000107331.17,0.6715988648249337
ENSG00000161970.15,0.6715174017522842
ENSG00000135749.19,0.6714877278260947
ENSG00000102755.12,0.6714745214229781
ENSG00000254271.1,0.6714708156763665
ENSG00000270055.1,0.6711625137842966
ENSG00000037280.16,0.6710710904190652
ENSG00000160447.7,0.6710207483755268
ENSG00000287562.1,0.6709702650695927
ENSG00000125319.15,0.6709354875262459
ENSG00000233614.6,0.6709244422579361
ENSG00000287041.1,0.6709212572876395
ENSG00000138448.12,0.6708956711391272
ENSG00000171611.10,0.6708818162197026
ENSG00000100836.10,0.6707993787776265
ENSG00000278619.5,0.670628312410129
ENSG00000273888.1,0.6705989867994656
ENSG00000280927.1,0.6705809708789976
ENSG00000150907.10,0.6705324322437437
ENSG00000285557.1,0.6704547996096536
ENSG00000239779.7,0.6704508356527832
ENSG00000175416.16,0.6704448531645839
ENSG00000212724.3,0.6703834629934194
ENSG00000262768.2,0.6702892728291794
ENSG00000184164.15,0.6702362986684345
ENSG00000120498.14,0.6700117656097482
ENSG00000205740.2,0.6698422151179727
ENSG00000168496.4,0.6698296936625938
ENSG00000095370.20,0.6698144597707262
ENSG00000227671.4,0.6698106839248309
ENSG00000103202.13,0.6697068838049625
ENSG00000262881.1,0.6696538028624124
ENSG00000260719.1,0.6695306800274344
ENSG00000273415.3,0.6695240578776499
ENSG00000197568.14,0.669495920395118
ENSG00000211656.3,0.6694583753995035
ENSG00000212195.2,0.6694347868976048
ENSG00000274214.1,0.669306715352773
ENSG00000143158.11,0.669289295203221
ENSG00000226711.7,0.6692483946969827
ENSG00000130723.21,0.6692022654784069
ENSG00000162585.17,0.6692011650427963
ENSG00000227170.1,0.6691600386487322
ENSG00000260517.3,0.6691485377392813
ENSG00000153250.20,0.6691357956160632
ENSG00000254548.1,0.6691280599078377
ENSG00000188219.14,0.6690569552974863
ENSG00000172671.20,0.6690366930853839
ENSG00000258789.1,0.6690188428773682
ENSG00000187678.10,0.6689810103679613
ENSG00000249602.1,0.6688906422502183
ENSG00000284308.1,0.6688653752095671
ENSG00000079257.8,0.66879567952082
ENSG00000230646.1,0.6686513263269124
ENSG00000254035.1,0.6686117887282875
ENSG00000163673.7,0.6685124805298737
ENSG00000197093.11,0.668472941359278
ENSG00000188997.8,0.6684413253671191
ENSG00000258469.1,0.6683571289891294
ENSG00000225265.2,0.6683401713248296
ENSG00000281195.1,0.6683028575322948
ENSG00000285825.2,0.6681711933240977
ENSG00000187942.12,0.6681564767761926
ENSG00000236732.1,0.6681250947878078
ENSG00000137860.12,0.6680325791031341
ENSG00000162944.11,0.6679998216201551
ENSG00000239704.11,0.6679477304627803
ENSG00000008283.16,0.6679011963928133
ENSG00000278743.1,0.6678638528067209
ENSG00000281912.1,0.6678155519823342
ENSG00000197016.12,0.667791544609966
ENSG00000234692.1,0.6676577632427351
ENSG00000159461.15,0.6676560664757769
ENSG00000081189.16,0.6675932163979492
ENSG00000125931.11,0.6675804096350555
ENSG00000173442.13,0.6675460132347691
ENSG00000101347.10,0.6675298522345019
ENSG00000285589.1,0.6675103194208862
ENSG00000058668.15,0.6674968175576315
ENSG00000268182.6,0.6674223675774612
ENSG00000176105.14,0.6673998180787148
ENSG00000285768.1,0.667359644783936
ENSG00000223745.8,0.6671710160237351
ENSG00000130517.14,0.6671216301618036
ENSG00000226005.5,0.6669675506760434
ENSG00000255191.1,0.6668581325534337
ENSG00000240409.1,0.6668116926940927
ENSG00000155542.12,0.6667237592803303
ENSG00000104356.11,0.6667208930024157
ENSG00000286952.1,0.666711457440198
ENSG00000274520.1,0.6665652881814711
ENSG00000250237.1,0.6665396820959495
ENSG00000180758.12,0.6663478313769742
ENSG00000105329.11,0.6663477754503482
ENSG00000113249.13,0.6663470368464683
ENSG00000101203.16,0.6662850543663915
ENSG00000287855.1,0.6662229119293934
ENSG00000276136.1,0.6662222266189507
ENSG00000267102.1,0.6662064973030343
ENSG00000248858.7,0.6661366209790498
ENSG00000137710.17,0.6661338412078808
ENSG00000224093.5,0.6660989120850478
ENSG00000273066.5,0.6660783728821043
ENSG00000175970.11,0.6660757212769395
ENSG00000099984.11,0.666059831800677
ENSG00000004660.15,0.6659506276168102
ENSG00000251532.1,0.665481442179379
ENSG00000136404.16,0.6654704322960456
ENSG00000260285.1,0.6654332365643661
ENSG00000230521.1,0.6653481527812458
ENSG00000273796.1,0.6653371682362497
ENSG00000267002.4,0.6652036974591264
ENSG00000237004.4,0.6651045707650902
ENSG00000107890.17,0.6650559470468987
ENSG00000182158.15,0.6650451185221853
ENSG00000221990.4,0.6649678870124464
ENSG00000138386.17,0.6648822599417159
ENSG00000022567.10,0.6648535424639272
ENSG00000287275.1,0.6647960630565494
ENSG00000237115.2,0.664783145206769
ENSG00000170638.10,0.6647495953398974
ENSG00000112561.19,0.6645266324496731
ENSG00000117601.14,0.6644955025988578
ENSG00000279277.2,0.6644669472684401
ENSG00000075429.9,0.6644533246529067
ENSG00000241155.1,0.6644516903044775
ENSG00000241449.6,0.6644159108975042
ENSG00000121210.16,0.6643838091632461
ENSG00000267288.2,0.6643464924709563
ENSG00000270388.1,0.66426346052876
ENSG00000225573.4,0.6642430425115425
ENSG00000164985.15,0.6641935450240609
ENSG00000271888.1,0.6641856584838814
ENSG00000175772.11,0.6641737222470929
ENSG00000257298.1,0.6641257231779518
ENSG00000227742.2,0.6641091876380565
ENSG00000171045.16,0.6640305796189722
ENSG00000137404.14,0.663996278588534
ENSG00000200879.1,0.6639465968427525
ENSG00000189195.15,0.6639429075385321
ENSG00000141378.15,0.6639108280925718
ENSG00000145016.16,0.6638572266694225
ENSG00000235711.4,0.6638160481351653
ENSG00000260442.5,0.6637793035418802
ENSG00000227640.3,0.6637396334482948
ENSG00000130511.16,0.6637359295330048
ENSG00000107593.17,0.6637288539336589
ENSG00000182534.13,0.6637127045157185
ENSG00000048392.12,0.6636329782180981
ENSG00000225151.10,0.6635683878756538
ENSG00000259448.3,0.6635493228233119
ENSG00000250548.7,0.6634653570603499
ENSG00000104365.16,0.6634564736978328
ENSG00000188707.6,0.6634335351379487
ENSG00000264067.1,0.6633752330915337
ENSG00000219891.2,0.6633621838009901
ENSG00000246640.1,0.6633073077062738
ENSG00000171121.16,0.6632523433915597
ENSG00000279092.1,0.6632444528167835
ENSG00000226121.2,0.6632240981052193
ENSG00000254610.3,0.6631766632664938
ENSG00000237522.1,0.6631382004659316
ENSG00000164066.13,0.6631348660606738
ENSG00000152117.17,0.662954307668281
ENSG00000269486.2,0.6628898425306112
ENSG00000212901.4,0.6628222341494164
ENSG00000237214.3,0.6628074673350065
ENSG00000144645.14,0.662775898584114
ENSG00000279453.1,0.6627681798327574
ENSG00000185650.10,0.6626321173195122
ENSG00000188895.12,0.6625731639063894
ENSG00000227214.2,0.6625578447037819
ENSG00000268087.1,0.6625562203338456
ENSG00000170667.15,0.6625467333254459
ENSG00000167797.8,0.6625354399243392
ENSG00000164509.15,0.6625172353735301
ENSG00000275743.1,0.6623127595224172
ENSG00000223704.2,0.6622386809983939
ENSG00000123009.4,0.6622194542688313
ENSG00000271327.1,0.6622169585503055
ENSG00000170915.9,0.6621011789667292
ENSG00000270872.2,0.6620988821643743
ENSG00000222020.3,0.6620936369984418
ENSG00000125611.15,0.6619933354253634
ENSG00000249375.8,0.6619905172850185
ENSG00000261603.3,0.6619892146296605
ENSG00000234948.2,0.6618386264792085
ENSG00000147324.11,0.6618075420692137
ENSG00000157617.17,0.6617951893604765
ENSG00000229931.1,0.6616460797000061
ENSG00000241404.7,0.6616231360555829
ENSG00000145715.15,0.6615378196977131
ENSG00000256037.1,0.661477682526453
ENSG00000161640.15,0.6614645995936489
ENSG00000108785.7,0.6614235987270916
ENSG00000287232.1,0.6613881306956728
ENSG00000279891.1,0.661362009526826
ENSG00000229833.10,0.6613551657570231
ENSG00000183598.4,0.6613417505201182
ENSG00000242550.6,0.6613313290073127
ENSG00000260917.1,0.6612875024111334
ENSG00000231920.1,0.6612433238797378
ENSG00000225968.7,0.661204782920658
ENSG00000173638.19,0.6612043884680323
ENSG00000144792.9,0.6611497281580961
ENSG00000163535.18,0.6610448772955496
ENSG00000133065.11,0.661044187805107
ENSG00000242267.6,0.6610179850173098
ENSG00000114315.4,0.6609675402995369
ENSG00000205542.11,0.6608963749628586
ENSG00000272347.1,0.6608916318727952
ENSG00000147533.17,0.660890016866891
ENSG00000120896.13,0.6606546204270158
ENSG00000285081.1,0.6606529947228081
ENSG00000227857.2,0.6605273633982583
ENSG00000233369.7,0.660504002768743
ENSG00000187242.6,0.6604767027830503
ENSG00000236255.2,0.660384328479942
ENSG00000228981.3,0.6603733324177288
ENSG00000265531.3,0.660209605490336
ENSG00000249288.1,0.660187673963919
ENSG00000185974.7,0.6601771978767661
ENSG00000204366.4,0.6601388054413927
ENSG00000255438.2,0.6601006278999647
ENSG00000229589.1,0.66000853701581
ENSG00000108510.10,0.6599798108880288
ENSG00000147010.18,0.6598892747758118
ENSG00000234420.7,0.6597793406162864
ENSG00000170906.16,0.6597726269883011
ENSG00000110944.9,0.6597622981595314
ENSG00000143450.18,0.6597568596348391
ENSG00000246451.2,0.6596578270533
ENSG00000237380.7,0.6594994081340014
ENSG00000213707.2,0.6594693410128646
ENSG00000120137.7,0.6593908182692424
ENSG00000104689.10,0.6593124097324445
ENSG00000248334.6,0.6592185600162974
ENSG00000242086.8,0.6592062561831267
ENSG00000114473.14,0.6591856476586674
ENSG00000048649.13,0.6591583425644523
ENSG00000211802.3,0.6590763936802987
ENSG00000167747.15,0.6590738943343423
ENSG00000120992.18,0.659025667016162
ENSG00000170289.12,0.6590196622235142
ENSG00000279138.1,0.6588971612300827
ENSG00000227145.2,0.6588821852359967
ENSG00000197070.14,0.658861500288907
ENSG00000236423.6,0.6588180719255112
ENSG00000214078.13,0.6587771366887099
ENSG00000073169.14,0.658764185637687
ENSG00000164393.8,0.6587001029982289
ENSG00000167695.15,0.6586661457262439
ENSG00000240499.7,0.6585733389267809
ENSG00000172458.4,0.6584428617959901
ENSG00000213609.3,0.6584220346697923
ENSG00000236304.1,0.6583773244623895
ENSG00000274825.1,0.6583478564292872
ENSG00000184949.16,0.6582917794697227
ENSG00000172748.14,0.658231506144776
ENSG00000152465.18,0.6582197103850964
ENSG00000112486.17,0.6580662896517179
ENSG00000280424.1,0.6579733767034426
ENSG00000284976.1,0.6578841072465029
ENSG00000153093.20,0.6578147569294076
ENSG00000198931.11,0.6577632271858749
ENSG00000081913.14,0.6577596737844366
ENSG00000204709.4,0.657701730380209
ENSG00000187475.6,0.6576893389909589
ENSG00000234327.8,0.657666661374569
ENSG00000286431.1,0.6576179482736715
ENSG00000231606.2,0.6575828323004385
ENSG00000267452.3,0.6575376452307143
ENSG00000135525.18,0.657475118077638
ENSG00000279720.1,0.657470254684515
ENSG00000168096.15,0.6574491270737817
ENSG00000267009.6,0.6573712102908768
ENSG00000228960.6,0.6573670307646132
ENSG00000261889.1,0.6572696370750996
ENSG00000159921.19,0.6570618698931231
ENSG00000256235.2,0.6570452211254254
ENSG00000128271.22,0.6570395414823074
ENSG00000065357.20,0.657005473116905
ENSG00000204869.8,0.6569938786732598
ENSG00000124615.20,0.6569754506832842
ENSG00000100299.18,0.656961116530361
ENSG00000237298.10,0.656938893718776
ENSG00000258429.2,0.6567792498715991
ENSG00000104324.16,0.6567082264747124
ENSG00000196371.3,0.6566887795774862
ENSG00000286889.1,0.6566449966098229
ENSG00000133104.14,0.6566099400255946
ENSG00000169490.17,0.6565534891196054
ENSG00000167280.17,0.6565007369572166
ENSG00000197321.15,0.6564585997346629
ENSG00000286322.1,0.6564261904374623
ENSG00000253978.2,0.6563781326285276
ENSG00000261654.1,0.6563500644805742
ENSG00000140839.11,0.6563408655472492
ENSG00000235904.3,0.6563302734134057
ENSG00000187984.13,0.6563289596832178
ENSG00000241112.1,0.6562994554785246
ENSG00000277883.1,0.6562778727408809
ENSG00000154133.15,0.6561858752278903
ENSG00000250565.7,0.6561397494479521
ENSG00000146094.15,0.6561103242626988
ENSG00000246582.3,0.6559460638392063
ENSG00000273297.2,0.6559380383757045
ENSG00000164897.14,0.6559253004254096
ENSG00000213866.3,0.6559081690998262
ENSG00000245468.4,0.6558867247969131
ENSG00000009413.16,0.6557053965807289
ENSG00000074317.11,0.6556907224055288
ENSG00000185989.11,0.6556189284600933
ENSG00000146733.14,0.6556173789607922
ENSG00000013573.17,0.6554552485874918
ENSG00000135899.19,0.6554303526843469
ENSG00000280193.1,0.6553812760740396
ENSG00000166508.18,0.6553437446218358
ENSG00000117691.10,0.6553131638891339
ENSG00000268573.1,0.655290342277418
ENSG00000198355.5,0.6552863269567947
ENSG00000132535.21,0.6552463363297405
ENSG00000178573.7,0.6551867649565835
ENSG00000279159.1,0.6550788512594196
ENSG00000135272.12,0.6550303701883651
ENSG00000257489.6,0.6550267835169161
ENSG00000287678.1,0.6549969897473342
ENSG00000270020.1,0.6549853080762531
ENSG00000286555.1,0.6549414203092941
ENSG00000197561.7,0.6547953259871578
ENSG00000105251.11,0.6547011176217834
ENSG00000130332.15,0.6546635515998721
ENSG00000178096.9,0.6546380743034723
ENSG00000233017.3,0.6545523525560292
ENSG00000253709.1,0.6545488891916705
ENSG00000286818.1,0.6545453851824882
ENSG00000174004.6,0.6545390258545333
ENSG00000285103.2,0.654455445366034
ENSG00000170854.18,0.6544051075479562
ENSG00000286125.1,0.6543940839648604
ENSG00000283078.1,0.6543816733405265
ENSG00000155324.10,0.6543442927438848
ENSG00000269959.1,0.6543383098427453
ENSG00000162571.14,0.654332651629581
ENSG00000224536.2,0.6541215390368238
ENSG00000258733.6,0.6539421004021669
ENSG00000104147.9,0.6538992078382666
ENSG00000259376.1,0.6538818735880855
ENSG00000187151.7,0.6537943725999109
ENSG00000260400.1,0.6536980730707118
ENSG00000254997.4,0.6536200216815036
ENSG00000268996.3,0.6536177850125153
ENSG00000287349.1,0.6535993204928023
ENSG00000280067.1,0.6534368928488622
ENSG00000172399.6,0.6533941733865243
ENSG00000284713.1,0.6533294007732273
ENSG00000225855.7,0.653326252028826
ENSG00000162076.13,0.653303452321524
ENSG00000188878.19,0.6532975086627217
ENSG00000265055.2,0.6532040138037498
ENSG00000120868.14,0.6531703583679539
ENSG00000174325.6,0.6531110780602841
ENSG00000176754.13,0.6528815705493765
ENSG00000197603.15,0.6528314468564984
ENSG00000185324.22,0.6527883244333467
ENSG00000144199.12,0.6527405551835495
ENSG00000142675.18,0.6526892324275224
ENSG00000162910.19,0.6526131215380084
ENSG00000165406.16,0.6525681567405305
ENSG00000147799.11,0.6525491457754008
ENSG00000104517.13,0.652486150603618
ENSG00000273821.1,0.6524395234559305
ENSG00000256955.2,0.6524295198341377
ENSG00000279400.1,0.6522812317643724
ENSG00000253250.3,0.6521678193464022
ENSG00000246334.2,0.6521556903456336
ENSG00000155254.13,0.6520370980886823
ENSG00000213013.4,0.6518314669525582
ENSG00000184635.16,0.6518230255613622
ENSG00000163394.6,0.6516834924297338
ENSG00000249885.1,0.6516777016849112
ENSG00000166974.13,0.6515112769080593
ENSG00000214842.5,0.6514327605948551
ENSG00000269343.9,0.6513988310628037
ENSG00000154025.16,0.6513664029260852
ENSG00000231327.1,0.6513260000303588
ENSG00000023892.11,0.651023343360448
ENSG00000106069.23,0.6506589060152123
ENSG00000235173.7,0.650530027114957
ENSG00000188227.13,0.6505138592737252
ENSG00000139880.19,0.6504278989329243
ENSG00000168038.11,0.6504227731509398
ENSG00000102057.10,0.6503120439694313
ENSG00000250522.1,0.6502987319496207
ENSG00000242908.6,0.6502947114937011
ENSG00000248099.4,0.6502744196623099
ENSG00000272871.1,0.6502185589437695
ENSG00000278594.1,0.6501694468168342
ENSG00000124766.7,0.6501611696294992
ENSG00000140396.13,0.6500874918287656
ENSG00000214922.9,0.6500523287847105
ENSG00000198010.13,0.6499874463007256
ENSG00000285844.2,0.6499562901875884
ENSG00000187726.9,0.6499320083235766
ENSG00000196366.3,0.6499092337924773
ENSG00000108797.12,0.6498218584122788
ENSG00000118707.11,0.6497839691233557
ENSG00000274752.1,0.6497070513441966
ENSG00000132793.12,0.6497049348109966
ENSG00000278616.1,0.6496113180425516
ENSG00000216331.2,0.6496095595886185
ENSG00000267213.4,0.6495782909723044
ENSG00000091436.17,0.6495262150801987
ENSG00000226200.7,0.6494907095083124
ENSG00000138134.12,0.6494498982896186
ENSG00000003147.19,0.6494350304105647
ENSG00000080823.23,0.6494349000923505
ENSG00000236819.2,0.6493693958159161
ENSG00000215256.4,0.6492469917339581
ENSG00000196411.10,0.6491211720818262
ENSG00000188501.11,0.6491173915770433
ENSG00000249700.9,0.6491006686497582
ENSG00000230392.1,0.6490921224942827
ENSG00000237172.4,0.6490812667638252
ENSG00000270871.1,0.6490007349189681
ENSG00000259711.1,0.6489600379869923
ENSG00000251580.3,0.6489375202934904
ENSG00000173124.14,0.648928674321627
ENSG00000213918.10,0.6488496209645466
ENSG00000189238.6,0.6488049450501823
ENSG00000259431.6,0.6487683832734825
ENSG00000255284.2,0.648755188265339
ENSG00000261659.2,0.6487083212712882
ENSG00000116691.11,0.6486187036847644
ENSG00000101400.6,0.6486027899196639
ENSG00000198570.6,0.6485925148254164
ENSG00000197343.11,0.6484791847673375
ENSG00000150630.4,0.6484636128386791
ENSG00000070159.14,0.6484523409800022
ENSG00000231064.7,0.6483787413939733
ENSG00000106853.20,0.6483554196726735
ENSG00000113532.13,0.6482125502305114
ENSG00000079112.10,0.6481828460546599
ENSG00000144655.15,0.648076735688899
ENSG00000163617.11,0.6480688221070586
ENSG00000215246.5,0.647903416052612
ENSG00000279039.1,0.6478770290135796
ENSG00000268521.1,0.6478736317531968
ENSG00000204116.11,0.6478338440369033
ENSG00000255398.3,0.6478158664350848
ENSG00000280132.1,0.6478102635544993
ENSG00000249592.6,0.64775758911945
ENSG00000258479.6,0.6477569152114502
ENSG00000107186.17,0.6477293062215053
ENSG00000213626.13,0.6476570079325416
ENSG00000132879.14,0.6476545665221828
ENSG00000157890.17,0.6476490879349832
ENSG00000111640.15,0.6475401560408859
ENSG00000175866.15,0.6475053434149732
ENSG00000168917.9,0.6474943310377238
ENSG00000069667.16,0.6474845720535204
ENSG00000102871.16,0.6473018040490637
ENSG00000146918.20,0.6472785683037644
ENSG00000225470.8,0.6472627207649911
ENSG00000286646.1,0.6472267826332899
ENSG00000136108.15,0.6471301765031114
ENSG00000065978.19,0.64709294890024
ENSG00000272024.1,0.6470830865298443
ENSG00000078687.17,0.6470731530232295
ENSG00000164185.6,0.6470671884520017
ENSG00000100599.16,0.6470326766882956
ENSG00000124198.9,0.6470066537010248
ENSG00000181524.6,0.6469920710793865
ENSG00000261670.1,0.6469901042223493
ENSG00000188107.15,0.6468394804162595
ENSG00000148339.12,0.6467729843342267
ENSG00000179921.15,0.6467100007804031
ENSG00000287688.1,0.6466870939351403
ENSG00000283667.1,0.6466761707554316
ENSG00000224660.2,0.6466737347804004
ENSG00000119457.8,0.6465969594961668
ENSG00000182950.3,0.6465833082616923
ENSG00000171224.9,0.6464952600079266
ENSG00000135722.9,0.6463505200048206
ENSG00000105202.9,0.6462952442204629
ENSG00000229436.1,0.6462058754408878
ENSG00000251602.7,0.6461805348974129
ENSG00000280417.1,0.6461756228551155
ENSG00000057468.7,0.646104258320399
ENSG00000269155.2,0.6460748169955217
ENSG00000140832.10,0.646046721955447
ENSG00000280385.1,0.6460062126763909
ENSG00000255422.3,0.6459806044551898
ENSG00000196418.12,0.6459518209942829
ENSG00000185262.9,0.6458092480604555
ENSG00000105193.9,0.6457023564026029
ENSG00000187231.14,0.6456874132838378
ENSG00000100908.14,0.6456786336753955
ENSG00000259426.6,0.6456326046339105
ENSG00000237166.2,0.6456244662322711
ENSG00000235316.1,0.6456086888239458
ENSG00000235257.9,0.6455940210092496
ENSG00000259869.2,0.6455310611219514
ENSG00000274849.1,0.645504845821311
ENSG00000165948.11,0.6454522160233526
ENSG00000149806.11,0.6454315047187487
ENSG00000237094.12,0.6454054814015154
ENSG00000243678.12,0.645376824999392
ENSG00000257038.1,0.6453086174948229
ENSG00000243802.2,0.6451721461175104
ENSG00000257698.2,0.6451643034423833
ENSG00000146540.15,0.6451529967706683
ENSG00000072182.13,0.6451335968158345
ENSG00000261455.1,0.6451084254551133
ENSG00000188112.9,0.6450888503964143
ENSG00000269220.1,0.6450651007570269
ENSG00000116406.19,0.6449834450653208
ENSG00000125823.12,0.6448779931966528
ENSG00000285336.1,0.6447263354910938
ENSG00000260853.2,0.6447065045929842
ENSG00000154380.17,0.6446675955351926
ENSG00000132356.11,0.6445346079046648
ENSG00000235408.6,0.6445191492935346
ENSG00000182841.12,0.6443838249197271
ENSG00000228393.4,0.6443798194910368
ENSG00000206549.13,0.6443671837949972
ENSG00000237489.5,0.6443566358520895
ENSG00000172780.17,0.64433597318254765
ENSG00000286805.1,0.6443024663410208
ENSG00000179381.8,0.6442993779829976
ENSG00000287457.1,0.6442799864435291
ENSG00000066777.9,0.6442413428956966
ENSG00000160325.15,0.6442381884969451
ENSG00000180245.7,0.6442323215543508
ENSG00000205464.12,0.644227009477419
ENSG00000198722.14,0.6441840598067273
ENSG00000014138.9,0.6441699252127895
ENSG00000215483.11,0.644059624305772
ENSG00000244998.1,0.6440587523412006
ENSG00000282757.4,0.6440023819183016
ENSG00000139725.8,0.6439678901400616
ENSG00000144410.5,0.6439439467543019
ENSG00000248898.3,0.6438611038556705
ENSG00000231156.1,0.64377984281031
ENSG00000064313.12,0.6436799179138225
ENSG00000101236.17,0.6436174327659445
ENSG00000263368.1,0.6435985304987045
ENSG00000146858.8,0.6435237694418431
ENSG00000260328.1,0.6435197291650103
ENSG00000080709.16,0.6434509384840872
ENSG00000183709.8,0.6434343759681453
ENSG00000143367.16,0.6434247817111267
ENSG00000184788.14,0.6432960564190494
ENSG00000163344.6,0.6432735814808451
ENSG00000227304.3,0.6431835187978825
ENSG00000136872.20,0.6430737154115979
ENSG00000235587.2,0.6430426191063648
ENSG00000276819.1,0.6430260914943094
ENSG00000245614.4,0.642937885416676
ENSG00000183153.7,0.642788460818556
ENSG00000279419.1,0.642783739355921
ENSG00000114166.8,0.642651951033385
ENSG00000114019.15,0.6426091293575188
ENSG00000182628.13,0.6425576309075053
ENSG00000181408.4,0.6425310142162577
ENSG00000167535.8,0.6425306035922133
ENSG00000204666.3,0.642522242791065
ENSG00000179091.5,0.6424895928268882
ENSG00000011083.9,0.6423407259711865
ENSG00000279602.1,0.6423092667970918
ENSG00000139132.14,0.6423060712495945
ENSG00000089723.10,0.6422412402439023
ENSG00000065923.10,0.642160958781499
ENSG00000224205.2,0.6420922172774832
ENSG00000107537.14,0.6420793673513999
ENSG00000181007.9,0.6420728121934822
ENSG00000226186.1,0.6420286322672497
ENSG00000132541.11,0.6419853840871265
ENSG00000205106.4,0.6419046530747506
ENSG00000101974.14,0.6419041531452813
ENSG00000134508.12,0.6417987518977081
ENSG00000142634.13,0.6417025821365357
ENSG00000233483.3,0.6416732360199975
ENSG00000148341.18,0.6416172637895468
ENSG00000119862.13,0.6414611316943946
ENSG00000107404.20,0.6414085419320951
ENSG00000184154.15,0.6413047236557256
ENSG00000258168.6,0.6412982880435668
ENSG00000160401.15,0.6412816050539557
ENSG00000152778.9,0.6412793449165624
ENSG00000227375.6,0.6412431580083111
ENSG00000168476.12,0.6410092499197674
ENSG00000162836.12,0.640914356606993
ENSG00000198155.5,0.6408502366779794
ENSG00000069399.15,0.6408222782964771
ENSG00000135636.14,0.6406944220295414
ENSG00000123130.17,0.6406822450607572
ENSG00000171914.16,0.6406610747048613
ENSG00000231007.5,0.640481622107173
ENSG00000254732.2,0.6404462443044417
ENSG00000172922.11,0.640444373598567
ENSG00000102053.12,0.6403517584653727
ENSG00000198976.1,0.6403398117320421
ENSG00000162461.8,0.6403007040951018
ENSG00000264660.2,0.6402851734161098
ENSG00000169718.18,0.6400465561079812
ENSG00000273391.1,0.6400059755579829
ENSG00000229419.1,0.639930811416169
ENSG00000224276.1,0.6398384753953297
ENSG00000171219.9,0.6397584156643485
ENSG00000125731.13,0.6396088355517503
ENSG00000180385.8,0.6394757521515584
ENSG00000263731.1,0.639432604229839
ENSG00000142192.21,0.639303503394067
ENSG00000227354.7,0.6391720222257903
ENSG00000204934.10,0.6391575708230669
ENSG00000164465.19,0.6391411784193753
ENSG00000245812.3,0.6391169632494547
ENSG00000268049.1,0.6389973964895779
ENSG00000176124.15,0.6388541314959966
ENSG00000257219.6,0.6387970583415212
ENSG00000278558.5,0.6387900422476949
ENSG00000274422.1,0.6387834650898675
ENSG00000149503.13,0.6387579536854707
ENSG00000140543.15,0.6387194192482201
ENSG00000170264.13,0.6387077091863894
ENSG00000234160.1,0.6387067000918669
ENSG00000126351.13,0.6386939383596013
ENSG00000169972.12,0.6386864885343123
ENSG00000136267.14,0.6386147333673298
ENSG00000177666.17,0.6384818976232702
ENSG00000270641.1,0.6383583259578142
ENSG00000137818.12,0.6382733186054225
ENSG00000235776.2,0.6382724369960029
ENSG00000253438.4,0.6381776898825791
ENSG00000226915.1,0.6380965983891679
ENSG00000134901.13,0.6380952144571891
ENSG00000204388.7,0.6379341684199258
ENSG00000262001.1,0.6379204198554251
ENSG00000211727.3,0.6379105166873594
ENSG00000165259.14,0.6379096539769805
ENSG00000155085.15,0.6378728502368424
ENSG00000226942.2,0.6377850051025837
ENSG00000213930.12,0.637753576849593
ENSG00000167447.12,0.6377301876227329
ENSG00000127399.15,0.6377173770375771
ENSG00000120725.13,0.637694244116433
ENSG00000246763.7,0.6376331532506749
ENSG00000153904.21,0.6375553688831708
ENSG00000225963.8,0.6375244989649743
ENSG00000173041.12,0.6375209523543636
ENSG00000229109.2,0.637402597705028
ENSG00000165233.18,0.6374006975437332
ENSG00000112041.13,0.6373394476209466
ENSG00000196396.10,0.6372379857672938
ENSG00000249506.3,0.637230660891905
ENSG00000100911.16,0.6372150567375098
ENSG00000100311.17,0.6372064615151027
ENSG00000107719.9,0.6371369200990574
ENSG00000215795.2,0.6370789486009454
ENSG00000116649.10,0.6370149405330652
ENSG00000177406.5,0.6370035607338913
ENSG00000135299.17,0.6369501927936881
ENSG00000116151.14,0.6369101252926612
ENSG00000160588.10,0.6368952131189264
ENSG00000224374.1,0.6368120712766976
ENSG00000241878.11,0.6368045504504523
ENSG00000184523.4,0.6367948742777741
ENSG00000122483.17,0.636738688727764
ENSG00000272645.3,0.6367030973436499
ENSG00000087008.16,0.6365966690634839
ENSG00000181240.14,0.6365724005321857
ENSG00000254248.1,0.6365200640813743
ENSG00000204301.6,0.6362518088929225
ENSG00000146433.9,0.636233471280928
ENSG00000232294.6,0.6362329109232358
ENSG00000168056.17,0.6362206684111915
ENSG00000231185.7,0.6362170369587083
ENSG00000198814.13,0.6359625890789408
ENSG00000170802.16,0.6358698277576167
ENSG00000149428.19,0.6358250141174644
ENSG00000231359.3,0.6357834787542411
ENSG00000125246.15,0.6357604763246597
ENSG00000133475.17,0.6355711117644308
ENSG00000258171.2,0.6354754224689038
ENSG00000268947.1,0.6353825310760609
ENSG00000126467.11,0.6353723433093029
ENSG00000100350.15,0.6353457155726172
ENSG00000185482.8,0.6353037550968079
ENSG00000108349.17,0.635297915261985
ENSG00000205794.4,0.6352942265987084
ENSG00000211800.3,0.635251128507621
ENSG00000205837.7,0.6352053399814062
ENSG00000228205.1,0.6351989325768402
ENSG00000267547.1,0.6351664338475244
ENSG00000287747.1,0.6351303958285641
ENSG00000265194.1,0.6351227921964463
ENSG00000206561.13,0.6351143828757682
ENSG00000135596.18,0.6350028988992887
ENSG00000134256.12,0.6349592442991585
ENSG00000249863.2,0.6348639332778087
ENSG00000276289.4,0.6348564779750008
ENSG00000233154.6,0.6347580544337538
ENSG00000246067.8,0.6346200781203457
ENSG00000271959.1,0.634560460146268
ENSG00000127364.4,0.6345166396594571
ENSG00000260279.4,0.6344936270885194
ENSG00000117477.12,0.6344908607899468
ENSG00000054967.13,0.6344873473237678
ENSG00000273403.1,0.6344688300922767
ENSG00000224032.7,0.6344336272838015
ENSG00000271936.1,0.63441056632752
ENSG00000184307.16,0.6342840214391887
ENSG00000261468.1,0.6341933123825891
ENSG00000183527.12,0.6341468257031538
ENSG00000286677.1,0.6341403571185655
ENSG00000227467.3,0.6341129262462024
ENSG00000203392.3,0.6339957646982541
ENSG00000132141.14,0.633936037840658
ENSG00000228358.6,0.6338759259269162
ENSG00000134245.18,0.6338565926491112
ENSG00000106633.17,0.6338558215143975
ENSG00000145248.7,0.6338507565204876
ENSG00000286514.1,0.6338490023960797
ENSG00000116885.18,0.6338456622509202
ENSG00000267838.2,0.6338301581442316
ENSG00000272689.1,0.6338177906535744
ENSG00000152556.17,0.6337629922192276
ENSG00000227258.6,0.6337445827674496
ENSG00000150961.15,0.6337129024041936
ENSG00000131400.8,0.6337110966668327
ENSG00000137338.5,0.6336975806962698
ENSG00000160789.22,0.6336289328760991
ENSG00000255362.1,0.6335959317392716
ENSG00000174792.11,0.6335484997175823
ENSG00000213015.9,0.6335199413988797
ENSG00000175467.15,0.633434701433502
ENSG00000281106.4,0.6334067743215009
ENSG00000272269.1,0.633356160096984
ENSG00000213906.10,0.6333538140236097
ENSG00000125850.11,0.6332918138737834
ENSG00000259972.3,0.633146703029894
ENSG00000141570.11,0.6331423008518295
ENSG00000109881.17,0.6331367903413962
ENSG00000052795.13,0.6331153942975147
ENSG00000224080.1,0.6330755528686511
ENSG00000237352.4,0.6330722404017669
ENSG00000233517.1,0.6330253305390893
ENSG00000277715.1,0.632958718357
ENSG00000180539.8,0.6328786009873144
ENSG00000114861.23,0.6328736573914493
ENSG00000197930.13,0.6327377107391633
ENSG00000237232.9,0.63270137081875
ENSG00000179222.18,0.6325794338261622
ENSG00000198246.9,0.6324512768459198
ENSG00000183077.15,0.6324291668559151
ENSG00000256271.1,0.6322899996240248
ENSG00000114626.18,0.6321144011127767
ENSG00000205560.13,0.6321022481634007
ENSG00000185291.12,0.6320783073950023
ENSG00000267366.1,0.6319725154131469
ENSG00000243967.4,0.6319518159264551
ENSG00000197461.13,0.6319398676763797
ENSG00000116670.15,0.631913021069756
ENSG00000228716.7,0.631894198801489
ENSG00000267058.1,0.6318920721561997
ENSG00000213430.6,0.6318100555302416
ENSG00000253102.1,0.6317485259122748
ENSG00000196535.17,0.6317179044345467
ENSG00000123136.15,0.6316622389787396
ENSG00000238045.9,0.6316323401115733
ENSG00000165935.9,0.6316204095109949
ENSG00000158516.12,0.6316077505415673
ENSG00000276476.3,0.6314471224632968
ENSG00000168938.6,0.6312005964718165
ENSG00000283897.2,0.6311348310070152
ENSG00000211806.2,0.6311087928462689
ENSG00000221926.13,0.6310527253612644
ENSG00000063177.13,0.630847584710201
ENSG00000151006.7,0.6308295269838918
ENSG00000224843.8,0.6308258239476656
ENSG00000237398.1,0.630746857661318
ENSG00000279425.1,0.630696251467199
ENSG00000168828.5,0.6306742961301961
ENSG00000274002.1,0.6305649199208718
ENSG00000279406.1,0.6305575057190765
ENSG00000241362.2,0.6305286353274674
ENSG00000167100.15,0.6305262227792507
ENSG00000135047.16,0.6303215287539596
ENSG00000245849.8,0.6302980508443881
ENSG00000164087.8,0.630229816702145
ENSG00000167550.11,0.6301928106069211
ENSG00000224885.1,0.6300322701717991
ENSG00000276141.4,0.6299872039370124
ENSG00000240665.1,0.6299296799304276
ENSG00000148291.10,0.6299171564606189
ENSG00000272288.6,0.6298177097000823
ENSG00000232872.2,0.6297822961534812
ENSG00000237917.1,0.6296160036276971
ENSG00000146232.17,0.6295829972581755
ENSG00000099622.14,0.6295672973841585
ENSG00000254102.2,0.6295110694248116
ENSG00000204444.11,0.6294841529447349
ENSG00000286747.1,0.6294387607888882
ENSG00000169629.12,0.6294140742095099
ENSG00000231651.1,0.6294025945973885
ENSG00000215158.9,0.6293994117777184
ENSG00000260193.1,0.6293915613294814
ENSG00000160973.8,0.6293833084278022
ENSG00000260118.1,0.6293332698445342
ENSG00000205593.12,0.6292689028211725
ENSG00000125821.13,0.6292578935892452
ENSG00000237017.1,0.6292499234999563
ENSG00000124795.17,0.6292437525428439
ENSG00000279742.1,0.6292257674976406
ENSG00000232938.2,0.629215933044034
ENSG00000234695.1,0.6292032842038605
ENSG00000273113.1,0.6291977854648569
ENSG00000164542.13,0.6291267950911289
ENSG00000250415.1,0.628914816190589
ENSG00000141447.18,0.6288996930113601
ENSG00000287156.1,0.6288773100469193
ENSG00000188277.10,0.6288115716347438
ENSG00000062716.13,0.6287689581179691
ENSG00000182327.8,0.6287628019046043
ENSG00000161940.11,0.6287026284939727
ENSG00000205155.8,0.6286868471729953
ENSG00000136122.18,0.6285690092305395
ENSG00000249413.2,0.6285485055190186
ENSG00000278908.1,0.6285268982377198
ENSG00000006459.11,0.6285074388991745
ENSG00000253313.6,0.6284822898359568
ENSG00000058056.9,0.6283945276082912
ENSG00000256092.2,0.6283696182868143
ENSG00000169696.16,0.6283487282702033
ENSG00000283196.2,0.6283171208024299
ENSG00000286369.1,0.6282975901573739
ENSG00000131591.18,0.6282590591085616
ENSG00000162702.8,0.6282331378211468
ENSG00000239407.5,0.6281780731145159
ENSG00000110057.8,0.6281390983773736
ENSG00000060491.16,0.6280867692005566
ENSG00000226415.1,0.6280856338337838
ENSG00000135441.7,0.6280769258939514
ENSG00000144554.12,0.6280222160921493
ENSG00000279700.1,0.6280014719408714
ENSG00000244593.1,0.6279729119325694
ENSG00000118007.13,0.6279706748185544
ENSG00000279926.1,0.6279329356990307
ENSG00000278200.1,0.6279162799060543
ENSG00000154447.15,0.6278734219109198
ENSG00000226747.6,0.627846856041631
ENSG00000174137.13,0.6278158567477008
ENSG00000175344.19,0.6278114567672954
ENSG00000160551.12,0.6277781328657599
ENSG00000162641.20,0.6276289077989737
ENSG00000251322.9,0.6275757279137201
ENSG00000174292.12,0.6275691272406988
ENSG00000267100.1,0.6274857400071451
ENSG00000255987.1,0.6273219071079179
ENSG00000165512.5,0.6272235665506194
ENSG00000147202.18,0.6271984892676447
ENSG00000161638.11,0.627152411648967
ENSG00000211714.3,0.6271478768463032
ENSG00000206535.8,0.6270812429797304
ENSG00000133027.18,0.6270674695962719
ENSG00000274487.2,0.6269955247373178
ENSG00000267244.5,0.6269864657740337
ENSG00000259475.1,0.6269141639120284
ENSG00000279555.1,0.6268336799211303
ENSG00000285535.2,0.6268272004948046
ENSG00000205143.3,0.6268135755583807
ENSG00000118412.13,0.6268001181172729
ENSG00000215452.5,0.6266224528691907
ENSG00000132669.13,0.6266052694521681
ENSG00000197110.9,0.6265562422520755
ENSG00000286782.1,0.6265171101705613
ENSG00000174233.11,0.6264977511054434
ENSG00000188825.14,0.6264613276970713
ENSG00000163931.16,0.6264067804416182
ENSG00000243679.1,0.6260722638230914
ENSG00000260132.1,0.6260634964783027
ENSG00000037042.9,0.6259695153049314
ENSG00000163449.11,0.6259460967468684
ENSG00000100522.10,0.6259390892739171
ENSG00000162946.23,0.6259047148803669
ENSG00000256973.1,0.6257948441662954
ENSG00000178498.16,0.6257632882750167
ENSG00000184497.13,0.6257426666333509
ENSG00000280422.1,0.6256980712048364
ENSG00000242498.8,0.6256580496356254
ENSG00000278383.1,0.6254945964532928
ENSG00000240053.8,0.6254497759175709
ENSG00000100312.11,0.6254411865373622
ENSG00000185298.13,0.6254168391005754
ENSG00000125691.14,0.625387793984617
ENSG00000226913.2,0.6253700014871727
ENSG00000175548.9,0.625357308359174
ENSG00000151773.13,0.6253104035387305
ENSG00000129667.13,0.6252596443771221
ENSG00000236516.1,0.6251483919840753
ENSG00000137494.14,0.6251285162619891
ENSG00000125510.18,0.6250319706138447
ENSG00000197934.8,0.6250181113190515
ENSG00000184232.9,0.6250138625913952
ENSG00000237118.3,0.625012104404229
ENSG00000279278.1,0.6249722700194689
ENSG00000279204.1,0.6249117226896316
ENSG00000010292.13,0.6248774296927759
ENSG00000144061.14,0.624871813418552
ENSG00000185972.6,0.6248393341570592
ENSG00000141349.8,0.6248093823223742
ENSG00000271714.1,0.6248059764313131
ENSG00000135747.11,0.624791958317867
ENSG00000104825.17,0.6247308789996417
ENSG00000076258.10,0.6245695062716302
ENSG00000108439.11,0.6245642936778394
ENSG00000169627.9,0.6245599333533103
ENSG00000067992.16,0.6245148366228953
ENSG00000174177.13,0.6245039781348657
ENSG00000286480.1,0.6244463088377
ENSG00000254876.5,0.6244384319903798
ENSG00000266983.1,0.6243984360370558
ENSG00000181061.14,0.6243655464293627
ENSG00000197915.7,0.6243566798925778
ENSG00000205041.1,0.6243501028943844
ENSG00000161298.18,0.6243094012627256
ENSG00000108829.10,0.6242391268546564
ENSG00000152056.17,0.624205617650275
ENSG00000229951.5,0.6241989304358672
ENSG00000099904.16,0.6241530472828379
ENSG00000169902.15,0.6241116426678249
ENSG00000113719.16,0.6240503352448988
ENSG00000276405.1,0.6239747346418266
ENSG00000243822.1,0.6239619301588778
ENSG00000255568.3,0.6239230604474825
ENSG00000149929.16,0.6237998990025605
ENSG00000163291.14,0.6235541623092888
ENSG00000268230.5,0.623510636327812
ENSG00000232977.7,0.6235101988788633
ENSG00000269054.2,0.6234979304804293
ENSG00000108773.11,0.6234897010882174
ENSG00000243543.9,0.6234867073700119
ENSG00000154608.14,0.6234818452214393
ENSG00000147592.9,0.6234727022368282
ENSG00000179855.9,0.6233171469419476
ENSG00000120899.18,0.6232825956739462
ENSG00000277764.1,0.6232274611603561
ENSG00000130813.18,0.6231523545522922
ENSG00000130066.16,0.6231342581285265
ENSG00000233928.6,0.6231265398495466
ENSG00000267123.7,0.6231029325453721
ENSG00000273669.1,0.6230667431740015
ENSG00000229618.3,0.6230201810841491
ENSG00000196096.3,0.6229623332521088
ENSG00000189007.16,0.6228722347718834
ENSG00000258794.3,0.6227983686608339
ENSG00000205018.2,0.6226493289903132
ENSG00000267372.2,0.6226272561384835
ENSG00000159023.22,0.6226060022584875
ENSG00000138190.17,0.6225966528090118
ENSG00000234362.6,0.6225196351245678
ENSG00000170385.10,0.6224410656339714
ENSG00000238039.1,0.6224102043084897
ENSG00000145734.19,0.6223937883378363
ENSG00000259436.1,0.6223731970177735
ENSG00000111224.14,0.6222686983374259
ENSG00000228363.2,0.6222441599790889
ENSG00000169752.17,0.6222143568728595
ENSG00000244479.7,0.6222111541363574
ENSG00000268660.1,0.6220307061630828
ENSG00000100024.15,0.6219837591362856
ENSG00000148444.16,0.6219204144724306
ENSG00000114841.17,0.6218911817329503
ENSG00000197927.13,0.6218517151206984
ENSG00000159714.12,0.6217776977179175
ENSG00000185278.15,0.6217765416799242
ENSG00000010404.18,0.6217519208716402
ENSG00000160948.14,0.6217238377346131
ENSG00000108826.16,0.621699705951065
ENSG00000174327.7,0.6216772342301079
ENSG00000100154.14,0.6216400640025244
ENSG00000227440.1,0.621463630748863
ENSG00000166166.13,0.6214223772482012
ENSG00000247903.1,0.6213225408578977
ENSG00000205334.2,0.6212476735647772
ENSG00000008988.11,0.6211298767038893
ENSG00000214018.3,0.6211021254645588
ENSG00000271930.1,0.6210856379202931
ENSG00000116761.12,0.6210738755818013
ENSG00000277737.3,0.6210280568064657
ENSG00000258655.2,0.6209968280058523
ENSG00000260182.1,0.6208234425327588
ENSG00000123154.12,0.6206922610412354
ENSG00000286710.1,0.6206745932082502
ENSG00000237372.4,0.6205689985520199
ENSG00000243279.4,0.6205629535006595
ENSG00000067369.14,0.6205233107970994
ENSG00000247400.4,0.6203646093580948
ENSG00000251867.4,0.6203332600816167
ENSG00000137720.8,0.620235825764915
ENSG00000109511.12,0.6201996909429831
ENSG00000232546.1,0.620140719589081
ENSG00000233056.3,0.6200469965010195
ENSG00000119950.21,0.6200399265953035
ENSG00000155111.15,0.6200134878131041
ENSG00000287507.1,0.6199720645718053
ENSG00000262136.1,0.6199662917571758
ENSG00000225101.6,0.619924088774968
ENSG00000230461.9,0.619880001462361
ENSG00000276545.1,0.6198658514679769
ENSG00000171703.17,0.6197891253572705
ENSG00000258768.2,0.619729008294177
ENSG00000254814.1,0.6196155701332531
ENSG00000171634.18,0.6196037467061662
ENSG00000140104.14,0.6195457012868745
ENSG00000006606.9,0.6195384540034065
ENSG00000118804.8,0.6195130645712342
ENSG00000270035.1,0.6194449085315786
ENSG00000240710.1,0.6194296150238464
ENSG00000189339.12,0.6193650823710657
ENSG00000113303.12,0.6189929539871285
ENSG00000101331.17,0.6189866814570217
ENSG00000103227.19,0.6189721598531958
ENSG00000239332.6,0.6188712000825224
ENSG00000143858.12,0.618852393468465
ENSG00000177842.12,0.6186909746093078
ENSG00000259116.2,0.6186547691855538
ENSG00000136114.17,0.618396285832753
ENSG00000103852.13,0.618336067398207
ENSG00000162068.2,0.6182647595569613
ENSG00000196141.14,0.6182541714619239
ENSG00000116977.19,0.6181812353594153
ENSG00000268575.1,0.6181434888840178
ENSG00000272456.1,0.6181269596060249
ENSG00000112306.8,0.6181126617537592
ENSG00000134183.12,0.618104290653088
ENSG00000278948.1,0.6179806458875192
ENSG00000067113.17,0.6179580880016478
ENSG00000272128.1,0.6179293414206648
ENSG00000163412.13,0.6179184038504169
ENSG00000261469.1,0.6178852085251781
ENSG00000184451.5,0.6178508403121211
ENSG00000235033.7,0.6178503288698451
ENSG00000188316.15,0.6178357187151475
ENSG00000251359.4,0.6177892445440282
ENSG00000109466.14,0.6176819778151913
ENSG00000237356.7,0.617567595996002
ENSG00000278662.5,0.6175434444799666
ENSG00000166676.17,0.6175364296312202
ENSG00000183638.6,0.617465979615176
ENSG00000137693.14,0.617445615190909
ENSG00000104312.8,0.6174396268467319
ENSG00000221916.4,0.617370147914707
ENSG00000115318.12,0.6173520029018084
ENSG00000142733.17,0.6173023741971633
ENSG00000131584.19,0.6172953899114607
ENSG00000258955.2,0.6172696323200381
ENSG00000225498.1,0.6171552937171991
ENSG00000283538.3,0.6171356611763339
ENSG00000284719.1,0.6171033383050535
ENSG00000263818.5,0.6169583736511305
ENSG00000039560.14,0.6168730483256668
ENSG00000103811.18,0.6168279600016573
ENSG00000125827.9,0.6167730764716198
ENSG00000130300.9,0.6165879561733273
ENSG00000171302.17,0.6165869569982179
ENSG00000270177.1,0.6165847487292464
ENSG00000272789.1,0.6165013007816829
ENSG00000104967.8,0.6164985562105518
ENSG00000167674.15,0.6163666346142869
ENSG00000172663.9,0.6163253558185029
ENSG00000140044.13,0.6162763326964281
ENSG00000103363.15,0.6162530415367813
ENSG00000233008.6,0.6162403370418126
ENSG00000247287.3,0.6162392614169938
ENSG00000259802.1,0.6161618024058751
ENSG00000160226.16,0.6160136783551398
ENSG00000256073.3,0.6159259675008119
ENSG00000104691.16,0.6158450640034365
ENSG00000197124.12,0.6158032563820733
ENSG00000261812.6,0.615705703962097
ENSG00000231991.4,0.6156888010153652
ENSG00000164300.17,0.6156106680199683
ENSG00000262663.1,0.6156032317116201
ENSG00000236809.2,0.6155947124159391
ENSG00000207721.1,0.61558908476913
ENSG00000178607.16,0.6155821375350443
ENSG00000109743.11,0.615529378273092
ENSG00000260528.5,0.6155262172898589
ENSG00000165240.20,0.6154698057655899
ENSG00000237638.2,0.6154368494287208
ENSG00000258302.2,0.61539715974494
ENSG00000207554.1,0.6153549219232808
ENSG00000240445.6,0.6153114479127499
ENSG00000236529.2,0.6152791477927769
ENSG00000107614.22,0.6152533819807907
ENSG00000169239.13,0.61522931862922
ENSG00000226031.5,0.6152251387173271
ENSG00000052802.13,0.6152205924752434
ENSG00000092470.12,0.6151880397998786
ENSG00000278341.1,0.6150469137049293
ENSG00000223478.1,0.6150054521552873
ENSG00000175197.12,0.6149507929826207
ENSG00000287966.1,0.6148977761389838
ENSG00000226770.1,0.614701562315769
ENSG00000214694.12,0.6146987357682301
ENSG00000286689.1,0.6146872064585478
ENSG00000284052.1,0.6146784541913023
ENSG00000116791.14,0.6145923389985176
ENSG00000041880.14,0.6145872721347235
ENSG00000230131.6,0.6145343165061934
ENSG00000275981.1,0.6144383718082986
ENSG00000147117.8,0.61442517192491
ENSG00000221994.12,0.6143928006615103
ENSG00000270659.1,0.6142888145246631
ENSG00000176209.12,0.614282963680914
ENSG00000228078.1,0.6142693860268981
ENSG00000279390.1,0.6142453988810543
ENSG00000148484.18,0.6141848907750812
ENSG00000159216.19,0.6140476641226271
ENSG00000236581.9,0.6140308014795449
ENSG00000257956.1,0.6140020076469532
ENSG00000172250.16,0.6139993158565455
ENSG00000237879.1,0.6139897445210046
ENSG00000167397.15,0.6139315654737263
ENSG00000273174.1,0.6139211049186397
ENSG00000277463.1,0.6138033148039672
ENSG00000184465.16,0.6137978465929596
ENSG00000265205.1,0.6137698997244074
ENSG00000164604.13,0.613697124849416
ENSG00000275894.1,0.6136187270936687
ENSG00000254332.1,0.6135994707322608
ENSG00000196123.13,0.6135830884109853
ENSG00000286427.1,0.6134914339131511
ENSG00000257354.2,0.6134729537300355
ENSG00000120913.23,0.6134281032466162
ENSG00000128626.12,0.613340890060985
ENSG00000182484.15,0.6132460644245957
ENSG00000153395.10,0.6131895775949212
ENSG00000272183.1,0.6130323129707067
ENSG00000141258.13,0.6130037384768959
ENSG00000234814.8,0.6129919603443142
ENSG00000285051.2,0.612895906301397
ENSG00000251468.2,0.6128939922858965
ENSG00000285804.2,0.6128833788524192
ENSG00000143443.10,0.6128572162530714
ENSG00000260325.2,0.6128259663527253
ENSG00000255367.3,0.6128245558850227
ENSG00000100036.13,0.6128031376002121
ENSG00000285872.1,0.6128010950935492
ENSG00000063854.13,0.6127433972245281
ENSG00000232233.1,0.612726555737361
ENSG00000196954.14,0.6125737339465076
ENSG00000141179.14,0.6125723683356572
ENSG00000171777.16,0.6125345488337677
ENSG00000227456.9,0.612467420777134
ENSG00000150403.18,0.6124306285975167
ENSG00000214029.5,0.6124250666953238
ENSG00000059728.11,0.6123662781050724
ENSG00000288547.3,0.612212521227166
ENSG00000198554.12,0.6120618267563279
ENSG00000228495.2,0.6120379828352216
ENSG00000258875.6,0.6120065487040888
ENSG00000187944.5,0.6119363912805013
ENSG00000186198.4,0.611860704296748
ENSG00000227733.10,0.6118260836578121
ENSG00000173421.17,0.6118255110957885
ENSG00000224051.7,0.6117339416315513
ENSG00000286912.1,0.611729309794179
ENSG00000100379.17,0.6117020925528643
ENSG00000203585.4,0.6116735666933628
ENSG00000130881.14,0.6115629505996334
ENSG00000255142.1,0.6115446919204512
ENSG00000010626.15,0.611525880538309
ENSG00000287617.1,0.6114710477164178
ENSG00000183814.15,0.6114578158923506
ENSG00000182134.16,0.6114494254260592
ENSG00000163328.14,0.6114019767771298
ENSG00000271335.6,0.6113279666682664
ENSG00000198156.10,0.6113001710542736
ENSG00000120694.20,0.6112712504713599
ENSG00000268189.2,0.611162433241167
ENSG00000130590.14,0.6111159792373481
ENSG00000226742.4,0.6111135928532548
ENSG00000169933.16,0.6111119353106551
ENSG00000156170.13,0.610965847266381
ENSG00000267632.1,0.6109572152427625
ENSG00000223612.3,0.6109262744498394
ENSG00000180879.14,0.6108550981899751
ENSG00000224165.6,0.6108313596130803
ENSG00000124788.19,0.6107252608126936
ENSG00000215196.5,0.6106835244004094
ENSG00000286760.1,0.6106759255927738
ENSG00000275180.1,0.6106699575172588
ENSG00000236501.6,0.6105989690868585
ENSG00000105808.18,0.6105879477829825
ENSG00000250966.2,0.6105862237628549
ENSG00000125772.14,0.6105585272696872
ENSG00000284070.1,0.6105477533529132
ENSG00000187079.20,0.6104875906833748
ENSG00000108839.12,0.6104792828756084
ENSG00000232528.3,0.6103217441488635
ENSG00000188186.10,0.6102955811819963
ENSG00000140264.21,0.6102212038520963
ENSG00000109927.11,0.6101957802792131
ENSG00000279133.1,0.6101860402319037
ENSG00000262691.1,0.6101764119743016
ENSG00000269473.1,0.6101476143722163
ENSG00000087086.15,0.610080963574946
ENSG00000261587.2,0.6100236879925144
ENSG00000231305.4,0.6098357471884536
ENSG00000236364.4,0.6098231737284414
ENSG00000163126.15,0.6098020831620404
ENSG00000198346.11,0.6097828428980335
ENSG00000237499.7,0.6097818918705916
ENSG00000162783.11,0.6097810013263648
ENSG00000232956.9,0.6097758697798746
ENSG00000213186.8,0.6096923848095488
ENSG00000113108.19,0.6096780735292596
ENSG00000096093.16,0.6096125430448773
ENSG00000124391.5,0.6094694158041126
ENSG00000224411.3,0.6094517189383863
ENSG00000174718.12,0.6093543274559929
ENSG00000110675.13,0.6092578020617386
ENSG00000185955.5,0.609208102479524
ENSG00000205784.4,0.6091383757846168
ENSG00000119986.7,0.6090270562689614
ENSG00000198171.13,0.6089528227777571
ENSG00000264281.3,0.608898395610359
ENSG00000272990.1,0.6088420771977403
ENSG00000128917.8,0.6088186818696034
ENSG00000174917.9,0.6087851351554161
ENSG00000267390.1,0.6087302631073324
ENSG00000163918.11,0.6086065819202178
ENSG00000230295.1,0.6086040881102187
ENSG00000269246.1,0.6085915745002752
ENSG00000280145.3,0.6085115080757088
ENSG00000180425.11,0.6084888360797629
ENSG00000154511.12,0.6084804850930962
ENSG00000198865.10,0.6084653474735688
ENSG00000160218.13,0.608462810563978
ENSG00000124422.12,0.6084480703431154
ENSG00000005810.18,0.6084409180557889
ENSG00000286292.1,0.6082154093911559
ENSG00000198142.5,0.6081512124157712
ENSG00000225697.13,0.6080438641236467
ENSG00000198752.11,0.608024268876007
ENSG00000148498.16,0.6079814537025039
ENSG00000255423.1,0.6078658132657964
ENSG00000216906.2,0.607835657222327
ENSG00000157653.12,0.6078239860064905
ENSG00000270225.1,0.607807806985322
ENSG00000286282.1,0.6077933264127632
ENSG00000173214.7,0.6077159238436497
ENSG00000261222.3,0.6076692375281092
ENSG00000254718.6,0.6076635900834543
ENSG00000163069.13,0.6075378255346238
ENSG00000272444.1,0.6075118327401957
ENSG00000276170.4,0.6074588720596404
ENSG00000226833.6,0.6074528975327212
ENSG00000226421.1,0.6074176647535122
ENSG00000261556.10,0.6074110339979664
ENSG00000106665.16,0.6073792869358073
ENSG00000261824.7,0.6071420297181385
ENSG00000272768.1,0.6070172982190172
ENSG00000268403.2,0.6068796264599791
ENSG00000079739.17,0.6068511166827772
ENSG00000185010.15,0.6067361532187601
ENSG00000163945.19,0.6063719244886276
ENSG00000237053.1,0.606337191223188
ENSG00000087903.13,0.6062493043072412
ENSG00000111266.9,0.6062425956220574
ENSG00000186364.12,0.6062294759088477
ENSG00000126432.14,0.6062156714909654
ENSG00000255282.6,0.6061610171115892
ENSG00000120526.12,0.6061335928107594
ENSG00000184441.4,0.6058584434765949
ENSG00000160951.4,0.6057730435800237
ENSG00000241634.1,0.6057020672160781
ENSG00000197020.11,0.6056588943970814
ENSG00000261188.1,0.605616140799116
ENSG00000188677.15,0.6055895755349653
ENSG00000279233.1,0.6055704867940207
ENSG00000260992.1,0.60552992213151835
ENSG00000227925.2,0.6054687718177819
ENSG00000085733.16,0.6054186837240932
ENSG00000113387.12,0.6054045220889118
ENSG00000235043.3,0.6053792882434986
ENSG00000260778.5,0.6052716670497285
ENSG00000286615.1,0.6052145870355738
ENSG00000226396.1,0.605188112628814
ENSG00000248240.1,0.6051658009926665
ENSG00000214756.8,0.6050870913981228
ENSG00000230373.8,0.6050162538338677
ENSG00000272574.1,0.6050108521758139
ENSG00000196338.13,0.6049581374983788
ENSG00000200033.1,0.6049253726822776
ENSG00000042286.15,0.6049171450547672
ENSG00000095906.17,0.6048424743286014
ENSG00000256654.4,0.604834617490527
ENSG00000083290.20,0.6048155110455512
ENSG00000261644.2,0.6047450875808834
ENSG00000147677.11,0.6046647557030196
ENSG00000266850.1,0.6046484945284054
ENSG00000244363.3,0.6045888341024979
ENSG00000243083.7,0.6045269507537132
ENSG00000160209.19,0.6045190449697242
ENSG00000278840.1,0.6044989115207251
ENSG00000196712.18,0.6044002727869277
ENSG00000155100.11,0.6043652039006512
ENSG00000128203.7,0.6043641545277758
ENSG00000164049.14,0.6043576673170469
ENSG00000100242.15,0.6043383852278993
ENSG00000254340.2,0.60427979246381
ENSG00000228812.7,0.6040638500377713
ENSG00000268081.1,0.6040599225451643
ENSG00000224728.1,0.6040483316881784
ENSG00000178149.17,0.6040271706273158
ENSG00000214106.9,0.604024145735437
ENSG00000274281.1,0.6039778039825373
ENSG00000127081.14,0.6038991553050774
ENSG00000262766.1,0.6038341636511418
ENSG00000235636.1,0.6037084910282096
ENSG00000260034.1,0.6036455861243015
ENSG00000140718.21,0.603629775666855
ENSG00000105928.16,0.6035840679943013
ENSG00000087074.8,0.6035331252586473
ENSG00000125354.24,0.6034847242254532
ENSG00000149177.13,0.603477514578643
ENSG00000227107.1,0.6034068324769872
ENSG00000119280.17,0.6033881855079665
ENSG00000278000.1,0.6032002101388275
ENSG00000179406.8,0.6031349131361524
ENSG00000259847.2,0.6030929749232915
ENSG00000066933.16,0.6030468498705405
ENSG00000143793.13,0.6029896059092839
ENSG00000162843.17,0.6029772952336437
ENSG00000229666.1,0.6029518315773498
ENSG00000137166.16,0.6029240942501266
ENSG00000174151.15,0.602891071871551
ENSG00000286162.2,0.6028906435943708
ENSG00000253131.1,0.6028855413616132
ENSG00000175662.18,0.6028376776888541
ENSG00000182196.13,0.6028151550973644
ENSG00000021488.13,0.6027483236012373
ENSG00000001461.17,0.602730408520217
ENSG00000139192.12,0.6027240700360432
ENSG00000236778.8,0.6023285178954528
ENSG00000139151.16,0.6023278632696225
ENSG00000128604.20,0.6023129229841387
ENSG00000273456.1,0.6022565410927487
ENSG00000171757.17,0.6022532833996521
ENSG00000119326.15,0.6021919714154081
ENSG00000267191.2,0.602158917186052
ENSG00000123728.10,0.6021049177410064
ENSG00000246889.2,0.6020853886650126
ENSG00000188167.9,0.6020165572480733
ENSG00000253683.1,0.6019890335941126
ENSG00000276093.1,0.6019686716437669
ENSG00000221946.8,0.6018057265394794
ENSG00000184216.14,0.6018053036450012
ENSG00000143028.9,0.6018011489200031
ENSG00000085719.13,0.6017119114977723
ENSG00000211779.3,0.6016832099088134
ENSG00000132915.11,0.6016687320032464
ENSG00000274447.1,0.6016611944609228
ENSG00000090565.17,0.601624128317107
ENSG00000169231.13,0.6015390299722835
ENSG00000135409.11,0.601492625465741
ENSG00000172809.13,0.6014655810737497
ENSG00000197982.14,0.6014558650319853
ENSG00000039319.17,0.6014528123892303
ENSG00000104635.15,0.6014230893979411
ENSG00000259668.6,0.6012065916557245
ENSG00000281501.1,0.601175679920166
ENSG00000269352.1,0.6010950129312538
ENSG00000122547.11,0.6010488452102627
ENSG00000228668.1,0.6010398089076602
ENSG00000287731.1,0.6010330091363871
ENSG00000197584.12,0.6010289579886477
ENSG00000074201.9,0.6010125660835629
ENSG00000185043.12,0.6009476398635049
ENSG00000230734.1,0.6009475283318463
ENSG00000258279.4,0.6009373789011253
ENSG00000080546.13,0.6009045005857152
ENSG00000207547.1,0.6008407877910893
ENSG00000143543.15,0.6007462276965474
ENSG00000283632.4,0.6006097359384802
ENSG00000264269.1,0.6005863563862534
ENSG00000225689.2,0.6005835670969167
ENSG00000163554.15,0.6005020956807572
ENSG00000148057.16,0.600500443856915
ENSG00000232680.2,0.6004424486028902
ENSG00000103245.14,0.6002652829668214
ENSG00000273387.1,0.6002225828057685
ENSG00000090776.6,0.6002041747131343
ENSG00000263412.1,0.6001226823266596
ENSG00000281392.2,0.600089436056678
ENSG00000260409.1,0.6000292079167031
ENSG00000164934.14,0.6000053799665788
ENSG00000148459.16,0.599997345362944
ENSG00000197044.11,0.5999579911738888
ENSG00000149564.12,0.5998859632706544
ENSG00000163463.13,0.599869314336562
ENSG00000282780.1,0.5998273005679043
ENSG00000267365.1,0.5997473827255727
ENSG00000273759.1,0.5996926499684662
ENSG00000074071.15,0.5996559039762867
ENSG00000272853.1,0.5996491230199805
ENSG00000287337.1,0.5996051661037088
ENSG00000250041.3,0.5996025312770874
ENSG00000259295.6,0.5995843862798667
ENSG00000273007.2,0.599538976049017
ENSG00000086062.13,0.5995048231629945
ENSG00000133943.21,0.5992969950667114
ENSG00000248445.5,0.5992320863685885
ENSG00000273319.1,0.5991454725833648
ENSG00000072736.19,0.5991154008375563
ENSG00000246022.3,0.5991026226875342
ENSG00000100077.15,0.5990746741793549
ENSG00000117616.18,0.5990551688880601
ENSG00000104881.16,0.5990439699297496
ENSG00000090924.15,0.5990432336722671
ENSG00000074696.13,0.5990276716087329
ENSG00000169203.16,0.5989255270982293
ENSG00000179766.19,0.5989251531692711
ENSG00000182308.7,0.598889109106404
ENSG00000262185.3,0.5988660768066021
ENSG00000158301.18,0.5988452325594719
ENSG00000162729.14,0.5987988505079986
ENSG00000165509.13,0.5986966917273363
ENSG00000224023.10,0.5986575110877287
ENSG00000123240.17,0.5986022550313724
ENSG00000272343.1,0.5985135714919395
ENSG00000267605.7,0.5984520575216323
ENSG00000183379.9,0.598451963555325
ENSG00000152455.16,0.5984334185554121
ENSG00000185267.10,0.5984092714406354
ENSG00000261625.1,0.5984076886283596
ENSG00000185495.10,0.5984028011513686
ENSG00000163467.12,0.598387149545052
ENSG00000083067.23,0.5983776103957275
ENSG00000218690.2,0.5983305435949285
ENSG00000278238.1,0.5982834635013538
ENSG00000232640.1,0.5982442656170167
ENSG00000272501.1,0.5982421167300098
ENSG00000123131.13,0.5982364864849291
ENSG00000262089.1,0.5981958613845593
ENSG00000281344.1,0.598176491771604
ENSG00000106404.14,0.5980826785477898
ENSG00000065154.12,0.598044831382377
ENSG00000280351.2,0.5979960111478365
ENSG00000128185.10,0.5979412935789385
ENSG00000164674.16,0.5978877401510256
ENSG00000234084.1,0.5978449470062998
ENSG00000279415.1,0.597825077723038
ENSG00000197826.12,0.5977014438974729
ENSG00000181404.17,0.5976710563819837
ENSG00000054654.19,0.5976061108521636
ENSG00000254854.1,0.5975984982851702
ENSG00000130545.16,0.5975950177244052
ENSG00000184702.20,0.5973793733014252
ENSG00000115425.14,0.5973621633817887
ENSG00000214207.2,0.5972686790758467
ENSG00000233621.2,0.5972522342987863
ENSG00000105135.16,0.5972438094535076
ENSG00000286964.1,0.5972310132914224
ENSG00000120729.10,0.5971981684493349
ENSG00000203778.8,0.5970912041810819
ENSG00000274180.1,0.5970894695151627
ENSG00000143314.12,0.5970724850774828
ENSG00000287108.1,0.5970085735684747
ENSG00000105672.14,0.5970039991876238
ENSG00000145391.13,0.5970019868454349
ENSG00000197616.13,0.5969625444009613
ENSG00000172059.11,0.5969206503966035
ENSG00000131149.19,0.5969051549858749
ENSG00000177410.13,0.5968691115082958
ENSG00000112759.19,0.5968560106697076
ENSG00000172869.14,0.596851415277333
ENSG00000005471.19,0.5968512298974777
ENSG00000224958.6,0.5967971950261108
ENSG00000287205.1,0.5967819900048914
ENSG00000143774.17,0.5967759884481307
ENSG00000268836.1,0.5966980092783181
ENSG00000172738.12,0.5966578973863353
ENSG00000197345.13,0.5966452754660507
ENSG00000135835.12,0.5965900338135844
ENSG00000216490.4,0.5964847468758726
ENSG00000179774.9,0.5964004373046493
ENSG00000231607.12,0.5962933658084392
ENSG00000175048.17,0.5962547579943337
ENSG00000238260.1,0.5960888237500767
ENSG00000034677.13,0.5960387007826058
ENSG00000143842.15,0.5960142005185444
ENSG00000115109.14,0.5959808254636952
ENSG00000236526.1,0.5959692150161927
ENSG00000112232.10,0.5959674046256307
ENSG00000272106.1,0.5959388330164681
ENSG00000244165.2,0.5959119594186734
ENSG00000166167.18,0.5958287447918221
ENSG00000138744.16,0.5958132843566651
ENSG00000175274.19,0.5957379563117745
ENSG00000287281.1,0.595709548956661
ENSG00000123965.13,0.5956884221675083
ENSG00000155749.13,0.595661342972201
ENSG00000220804.8,0.595648661113367
ENSG00000186767.7,0.5956427230615096
ENSG00000250182.3,0.595636707215116
ENSG00000157326.19,0.5956360918468111
ENSG00000151151.6,0.5955914599339418
ENSG00000270640.1,0.5955633551640757
ENSG00000100027.17,0.5955318945782205
ENSG00000259222.2,0.5953855025374793
ENSG00000129480.13,0.5953537094902808
ENSG00000186431.19,0.5953145821994146
ENSG00000179604.10,0.5951717501462997
ENSG00000259755.1,0.5951457073842744
ENSG00000246100.4,0.5951012958515914
ENSG00000122986.14,0.5948606458817468
ENSG00000225093.1,0.5948589369438803
ENSG00000187954.13,0.5948464571235463
ENSG00000211812.1,0.5948259337180449
ENSG00000196678.14,0.5947674610872035
ENSG00000164961.16,0.594766952724788
ENSG00000127412.7,0.5946098296944559
ENSG00000163453.11,0.5945960519424953
ENSG00000213315.5,0.5945529484540045
ENSG00000286001.1,0.5943762862835651
ENSG00000276672.1,0.5942869998770745
ENSG00000132259.13,0.5942550629372997
ENSG00000196689.12,0.594236035266751
ENSG00000226101.2,0.594205790421516
ENSG00000198113.3,0.5941773217406591
ENSG00000158815.11,0.5940907765073409
ENSG00000177463.15,0.594074883010801
ENSG00000271601.4,0.5940435180156279
ENSG00000186466.5,0.5940358326759062
ENSG00000181619.11,0.5940201706882409
ENSG00000213261.3,0.5940064720790954
ENSG00000229647.2,0.5939894352701818
ENSG00000239883.8,0.5938930312066615
ENSG00000145365.11,0.5937847489804051
ENSG00000205871.5,0.5936667238734359
ENSG00000184110.15,0.5936511467406586
ENSG00000279744.1,0.5936273830612574
ENSG00000232884.9,0.5934997848944337
ENSG00000251287.8,0.5934959621175846
ENSG00000253177.2,0.5934710194502767
ENSG00000275591.5,0.5934270561734121
ENSG00000156273.16,0.5933888008132235
ENSG00000100075.10,0.5933158778517893
ENSG00000259768.6,0.5932422224393097
ENSG00000105520.10,0.5932397157416259
ENSG00000139155.9,0.5931705298952686
ENSG00000117245.13,0.5931454409395115
ENSG00000005189.20,0.5931161139470028
ENSG00000228929.1,0.5930999231722544
ENSG00000077616.11,0.593049155079735
ENSG00000273382.1,0.5929963276448158
ENSG00000246523.8,0.5928062664117677
ENSG00000244752.3,0.5927900381766062
ENSG00000183337.17,0.5925968406220694
ENSG00000175294.6,0.5925350072138436
ENSG00000198633.10,0.5925173207762832
ENSG00000187959.9,0.5923988798500791
ENSG00000162601.11,0.5923516520583109
ENSG00000268670.1,0.5923411249234356
ENSG00000008710.20,0.5923089243066196
ENSG00000264424.1,0.5922546569334419
ENSG00000187801.15,0.592170267129203
ENSG00000182362.14,0.5921638951654091
ENSG00000204634.13,0.5920297358879194
ENSG00000100058.12,0.5919554856230385
ENSG00000123159.16,0.5919346150097171
ENSG00000150540.14,0.5918186955218138
ENSG00000234742.1,0.5917478994826366
ENSG00000227888.4,0.5917414016363994
ENSG00000116539.14,0.5916423385856892
ENSG00000249252.5,0.5916396590393191
ENSG00000185869.15,0.5913407709233496
ENSG00000065911.13,0.5912918469112092
ENSG00000062725.10,0.5910451764891539
ENSG00000165475.15,0.5910113473488274
ENSG00000162976.13,0.5909761306742851
ENSG00000143499.14,0.5909664297586925
ENSG00000287736.1,0.5908815461435093
ENSG00000167291.16,0.5907985447310338
ENSG00000248027.1,0.5907777412359928
ENSG00000262686.1,0.5906404041465529
ENSG00000236714.3,0.5906364752841062
ENSG00000273551.1,0.5906328087794731
ENSG00000149488.13,0.5906306446312077
ENSG00000179397.18,0.5905616128284008
ENSG00000067082.15,0.5904718061663085
ENSG00000159147.18,0.5904234039162166
ENSG00000152439.13,0.5903682950349518
ENSG00000153029.14,0.5903643981231113
ENSG00000186615.11,0.5903486699344482
ENSG00000177542.11,0.5903359669633171
ENSG00000160584.16,0.5902771304275523
ENSG00000093010.15,0.5902677297350367
ENSG00000131143.10,0.5900699928552385
ENSG00000213123.11,0.5900502420088929
ENSG00000275888.1,0.5899792161958438
ENSG00000276846.1,0.5899223682122103
ENSG00000270562.1,0.5898475717987239
ENSG00000205559.5,0.5898421402050711
ENSG00000166562.9,0.5897991721913315
ENSG00000162063.13,0.5897184155732953
ENSG00000132958.17,0.5896784589319941
ENSG00000240849.11,0.5896539000616646
ENSG00000243650.3,0.5895726921104342
ENSG00000139182.15,0.5894965405988183
ENSG00000169241.19,0.5894659400798274
ENSG00000274070.2,0.5894057631863291
ENSG00000262165.2,0.5893994769562048
ENSG00000186638.16,0.5893306385595806
ENSG00000130957.5,0.5893040456922881
ENSG00000268379.1,0.5893022971269705
ENSG00000278635.1,0.5893020601177518
ENSG00000273162.1,0.589271857833665
ENSG00000225131.2,0.5890297904091708
ENSG00000256196.2,0.5889541977655679
ENSG00000197721.17,0.5889175558200397
ENSG00000228451.4,0.5888625307815047
ENSG00000182551.14,0.5887621914040629
ENSG00000183617.5,0.5886462193634309
ENSG00000235831.7,0.5886461644892064
ENSG00000236841.8,0.5886410607603135
ENSG00000273027.1,0.5886154321780029
ENSG00000279088.1,0.5885941836207588
ENSG00000121104.8,0.5885885378232344
ENSG00000163624.6,0.5885669419282532
ENSG00000070669.17,0.5885358636589317
ENSG00000251188.1,0.5885344335666293
ENSG00000185829.18,0.5885209588348771
ENSG00000133265.11,0.5884576498384175
ENSG00000238000.1,0.5884157844567086
ENSG00000138111.14,0.5883935954924395
ENSG00000114395.11,0.5882584438206497
ENSG00000109458.8,0.5882169739035009
ENSG00000158710.15,0.5881993699623139
ENSG00000287388.1,0.5881659103298217
ENSG00000272320.1,0.5881609350109502
ENSG00000133983.16,0.5881344604767705
ENSG00000185271.9,0.5881140229848689
ENSG00000263272.1,0.5876851910342721
ENSG00000253957.1,0.5876593324645852
ENSG00000224543.4,0.5876525952919243
ENSG00000130684.14,0.5876489056755654
ENSG00000230563.4,0.5875326577440844
ENSG00000169100.14,0.5875144936536302
ENSG00000234042.1,0.5874963660248095
ENSG00000248599.2,0.5874496661527113
ENSG00000287016.1,0.5874402173472969
ENSG00000173567.15,0.5873861008841007
ENSG00000230489.1,0.5873499466034318
ENSG00000254966.1,0.5872308423255362
ENSG00000211780.3,0.5871730501139498
ENSG00000184281.15,0.5871574592798071
ENSG00000272374.1,0.5870487871007756
ENSG00000181135.16,0.5870049014139521
ENSG00000267395.5,0.5869569347820162
ENSG00000143870.13,0.5869114549516676
ENSG00000146350.14,0.5869090829353562
ENSG00000076604.15,0.5868794755341737
ENSG00000126456.16,0.5867612567707485
ENSG00000248309.7,0.5867399811502382
ENSG00000167967.16,0.5867316185090016
ENSG00000198431.16,0.586699121279858
ENSG00000071677.1,0.5866702139993122
ENSG00000162407.9,0.5866336133564108
ENSG00000108384.15,0.5865090406562421
ENSG00000213801.4,0.5865026297690057
ENSG00000123643.13,0.5864811249262896
ENSG00000272702.1,0.5863926209141616
ENSG00000205918.9,0.5863496224684572
ENSG00000253704.2,0.5863459857073983
ENSG00000259429.5,0.5863434395194761
ENSG00000053254.16,0.5862580161428856
ENSG00000183128.7,0.586236863803275
ENSG00000143179.16,0.5861970002664404
ENSG00000176619.13,0.5861396308604595
ENSG00000063241.8,0.5861095931209256
ENSG00000166965.12,0.5861042548316636
ENSG00000279900.1,0.586000020110133
ENSG00000271553.1,0.5859610123532275
ENSG00000221978.12,0.585949479295555
ENSG00000235652.9,0.585939372992665
ENSG00000272163.1,0.5859024683314137
ENSG00000179526.17,0.5859017496922335
ENSG00000287822.1,0.5858581778110441
ENSG00000260484.1,0.5858353619387813
ENSG00000230965.1,0.5858264814450597
ENSG00000237429.1,0.5857551037906622
ENSG00000151929.10,0.5857528252794068
ENSG00000286158.1,0.5857091390172854
ENSG00000124787.14,0.5856839828356242
ENSG00000169504.15,0.585603625228168
ENSG00000180769.10,0.5855785875732968
ENSG00000253948.2,0.5855308847994527
ENSG00000172172.8,0.5855254697178063
ENSG00000128944.13,0.5855143726032077
ENSG00000243642.3,0.5854861940438921
ENSG00000271980.1,0.5854712330842109
ENSG00000107223.13,0.5854422353326411
ENSG00000229852.4,0.5854262421368603
ENSG00000072364.13,0.5854210300871384
ENSG00000105352.10,0.5853464525199813
ENSG00000166401.15,0.585245324327151
ENSG00000184990.13,0.5852326760837498
ENSG00000269843.1,0.5852274227268633
ENSG00000267940.1,0.5852205121618665
ENSG00000284883.1,0.5850755869754544
ENSG00000068097.15,0.5850582906816592
ENSG00000111775.3,0.5850276449692822
ENSG00000211809.2,0.5849945652515874
ENSG00000136205.17,0.5849673665672221
ENSG00000249042.6,0.5849662623859089
ENSG00000256540.1,0.5849533563149338
ENSG00000075399.14,0.5849235030944392
ENSG00000251034.2,0.5848738482813329
ENSG00000167792.13,0.5846821785605028
ENSG00000213213.14,0.5846760523366699
ENSG00000224186.8,0.5845890368898654
ENSG00000197497.11,0.584579258774334
ENSG00000170889.14,0.5844997544440663
ENSG00000214389.2,0.584493289744565
ENSG00000229007.1,0.5844351201969273
ENSG00000167468.18,0.5843655705934798
ENSG00000145685.14,0.5843035102206139
ENSG00000100596.7,0.584264061436744
ENSG00000127366.5,0.5841458219346403
ENSG00000253796.2,0.5841375096259075
ENSG00000224611.1,0.5841107205612077
ENSG00000263089.1,0.5840565053441911
ENSG00000285420.1,0.5838517954743362
ENSG00000102763.18,0.5837800097771079
ENSG00000284966.3,0.5836854306900116
ENSG00000235830.2,0.5836510582607668
ENSG00000100297.16,0.5836190579818085
ENSG00000118557.16,0.5835777070090356
ENSG00000287817.1,0.5834838220023797
ENSG00000118961.15,0.5833841930265615
ENSG00000006125.18,0.583368168251539
ENSG00000260412.1,0.5833232109646347
ENSG00000187630.17,0.5832914646724909
ENSG00000280157.1,0.5832138317561499
ENSG00000288052.1,0.5830672244393702
ENSG00000270441.1,0.5828779859539895
ENSG00000100429.18,0.582848192265362
ENSG00000264056.1,0.5828184162093076
ENSG00000104823.9,0.5827212965244143
ENSG00000071859.15,0.5826877362203831
ENSG00000272566.1,0.582619078844803
ENSG00000130052.13,0.5825883813341641
ENSG00000257114.3,0.5825746221065505
ENSG00000275479.1,0.5825676825872828
ENSG00000260455.2,0.5825143087538388
ENSG00000254503.1,0.5823879059278473
ENSG00000228889.7,0.5822727485665654
ENSG00000266936.1,0.5822541638448452
ENSG00000178719.17,0.5822012812875443
ENSG00000168273.8,0.5821699342229233
ENSG00000229932.3,0.5820458041064671
ENSG00000189325.7,0.5820429942689967
ENSG00000287808.1,0.582026189422446
ENSG00000155034.19,0.5819791685671202
ENSG00000198863.7,0.5819013066815529
ENSG00000171475.14,0.5818717960891572
ENSG00000155016.18,0.5817133680894965
ENSG00000069849.11,0.5815999724476364
ENSG00000131126.19,0.5815606942268801
ENSG00000227008.2,0.5815558371605919
ENSG00000108395.14,0.581387468301005
ENSG00000267248.3,0.5813277547610806
ENSG00000175198.17,0.5812851445102047
ENSG00000225264.3,0.5811822189537846
ENSG00000230979.3,0.5811183261511401
ENSG00000236064.2,0.5810765228765886
ENSG00000255050.1,0.5810050152970758
ENSG00000169926.11,0.5809807068631776
ENSG00000104983.8,0.5809331476710113
ENSG00000125247.16,0.5809088566885641
ENSG00000122378.14,0.5808821739929776
ENSG00000276231.5,0.5808769870531051
ENSG00000253844.1,0.5807759552192232
ENSG00000198881.10,0.5807588658493839
ENSG00000149541.10,0.5807123873901469
ENSG00000258702.3,0.5807033007606688
ENSG00000103313.13,0.580679072215132
ENSG00000278231.1,0.5806577524250115
ENSG00000277156.1,0.580627105026069
ENSG00000143552.9,0.5805076290561391
ENSG00000226806.1,0.5804049323552174
ENSG00000204091.8,0.5803605774646612
ENSG00000245748.1,0.5803422135301931
ENSG00000110841.14,0.5802689640294402
ENSG00000279794.1,0.5801567814804147
ENSG00000213465.8,0.5801241114721631
ENSG00000235997.3,0.5801035145662639
ENSG00000240401.9,0.5800701082422811
ENSG00000246089.3,0.5799871503891727
ENSG00000000460.17,0.5799451925434131
ENSG00000216866.5,0.5798977624807216
ENSG00000229980.5,0.5798662439569275
ENSG00000203667.10,0.5797750399772751
ENSG00000135709.12,0.5797695471670359
ENSG00000157778.9,0.5797578620028315
ENSG00000230550.2,0.5797553370893126
ENSG00000276248.1,0.5797359996466572
ENSG00000167074.15,0.5797049525101942
ENSG00000222047.9,0.5796662961561115
ENSG00000067177.15,0.5796152407090647
ENSG00000183386.10,0.579546818497365
ENSG00000272049.1,0.5795332448040154
ENSG00000263326.1,0.5795291263733308
ENSG00000270171.1,0.5794702880781049
ENSG00000176723.10,0.5793669090647237
ENSG00000155304.6,0.5793410791150081
ENSG00000253106.1,0.579312036401978
ENSG00000179743.4,0.5792869261626924
ENSG00000164953.16,0.5792132317790718
ENSG00000250519.7,0.5791724247554194
ENSG00000283341.2,0.5789849026023233
ENSG00000173818.17,0.5789750826440984
ENSG00000234465.11,0.5789372529707351
ENSG00000055957.11,0.5788607669507095
ENSG00000253194.2,0.5787873157156321
ENSG00000287935.1,0.5787458720020797
ENSG00000224594.2,0.5786635447723041
ENSG00000145012.13,0.5786320673437547
ENSG00000268879.1,0.578600663140303
ENSG00000255507.6,0.578555774120499
ENSG00000181192.12,0.5784946185121562
ENSG00000168758.11,0.5784477422643226
ENSG00000176834.14,0.5784372182425954
ENSG00000213397.10,0.5783282293895006
ENSG00000112305.15,0.5783169579309709
ENSG00000228463.10,0.5782055755274061
ENSG00000176994.11,0.5781601252870014
ENSG00000245573.9,0.5781580346220478
ENSG00000233297.4,0.5781207400942847
ENSG00000171540.8,0.5781198204673564
ENSG00000234199.3,0.5780823967284702
ENSG00000130758.8,0.5780701529500918
ENSG00000187091.14,0.578052249665522
ENSG00000167604.15,0.5780004615961964
ENSG00000206149.10,0.5779515386647699
ENSG00000163686.15,0.5779348704523676
ENSG00000161911.11,0.577908913168949
ENSG00000167085.13,0.5778893827855927
ENSG00000168653.11,0.5778594419432793
ENSG00000127080.10,0.5777291975636034
ENSG00000198580.7,0.5776399147041729
ENSG00000196420.7,0.5776237415873202
ENSG00000280335.1,0.5775871440463065
ENSG00000185294.7,0.577510831960007
ENSG00000246982.7,0.577502937596069
ENSG00000133020.4,0.5774757188826696
ENSG00000268088.1,0.5774600832051298
ENSG00000242252.2,0.5774306027200851
ENSG00000136237.19,0.5774225627279966
ENSG00000215089.3,0.5774037329223167
ENSG00000136828.19,0.5773265615245695
ENSG00000241749.4,0.5772881171989129
ENSG00000180488.15,0.5772244185166309
ENSG00000228315.12,0.5771891126697742
ENSG00000065268.11,0.5771865155380962
ENSG00000282508.2,0.5771179042780028
ENSG00000259023.3,0.5771002536734738
ENSG00000102901.13,0.5770815433036275
ENSG00000111886.11,0.5769803972013596
ENSG00000143921.9,0.5768312865975811
ENSG00000120318.16,0.5768018648401642
ENSG00000198925.12,0.576715771907424
ENSG00000225385.3,0.5766668014668219
ENSG00000189306.11,0.5766413487302602
ENSG00000260136.6,0.5764548770960108
ENSG00000278642.1,0.5764526005911679
ENSG00000121274.14,0.5764374704432759
ENSG00000125844.16,0.5764349043718492
ENSG00000070718.12,0.5763928474788801
ENSG00000132334.17,0.5763868971024093
ENSG00000142330.20,0.5763573793701294
ENSG00000258744.2,0.5763058351862453
ENSG00000255931.2,0.5762850536254601
ENSG00000280355.1,0.5762425378319751
ENSG00000236296.8,0.5762240876645705
ENSG00000277511.1,0.5762238079309081
ENSG00000165879.9,0.5761825057211796
ENSG00000119333.11,0.5761766973439607
ENSG00000070540.13,0.5761381055281439
ENSG00000280055.2,0.5761235450405375
ENSG00000174460.4,0.5760982277973132
ENSG00000215237.6,0.5760896672727913
ENSG00000168026.18,0.5760887988600079
ENSG00000184445.12,0.5760452963599425
ENSG00000197054.12,0.5759648462686378
ENSG00000225339.4,0.5759625001986107
ENSG00000172009.15,0.5759420636128868
ENSG00000214954.8,0.5759387446537071
ENSG00000137767.14,0.5759280789850203
ENSG00000265465.1,0.5759217955348552
ENSG00000258249.1,0.5759082390104819
ENSG00000274026.2,0.5758541338230088
ENSG00000248213.3,0.5757966496821518
ENSG00000238207.2,0.575707025905116
ENSG00000167633.18,0.5755610825213384
ENSG00000235865.2,0.575486427665546
ENSG00000133835.17,0.5754054937100228
ENSG00000165389.7,0.5753875425564938
ENSG00000243926.2,0.5753652744306869
ENSG00000241468.8,0.575344246746099
ENSG00000114541.15,0.5752944704041515
ENSG00000230825.2,0.5752394878339179
ENSG00000101849.17,0.5751871267608228
ENSG00000177000.13,0.5751714498849253
ENSG00000264175.1,0.5751552958172403
ENSG00000188396.4,0.5751283058756921
ENSG00000231625.4,0.5750920151192801
ENSG00000261060.1,0.575014699014962
ENSG00000188343.13,0.5748535835767351
ENSG00000225720.6,0.5747051607107277
ENSG00000123739.11,0.5747031483056845
ENSG00000275329.1,0.5746905861358067
ENSG00000278987.1,0.5744665005712283
ENSG00000235590.7,0.5742478990786924
ENSG00000232112.3,0.5742365514686892
ENSG00000140988.16,0.5741802158568428
ENSG00000023516.9,0.5739354273852895
ENSG00000230897.1,0.5739060616260595
ENSG00000103479.16,0.5738596716524503
ENSG00000279254.1,0.5738031912400693
ENSG00000185842.15,0.5737297694218944
ENSG00000225920.2,0.573628222899873
ENSG00000112818.10,0.5735176747446413
ENSG00000130830.15,0.5735043851690843
ENSG00000274817.1,0.5735008601892158
ENSG00000138758.12,0.5734388764208671
ENSG00000248671.8,0.5734326593943088
ENSG00000249476.2,0.5734287931542024
ENSG00000135392.18,0.5733996230367329
ENSG00000179950.14,0.5733641647190957
ENSG00000116584.20,0.5733561909115257
ENSG00000225234.1,0.5733272424605649
ENSG00000196369.11,0.5733187747521556
ENSG00000229153.5,0.5732937687483135
ENSG00000288536.1,0.5732449446958475
ENSG00000234912.12,0.5732038983832082
ENSG00000166949.16,0.5731292144408234
ENSG00000273058.2,0.5730687917711196
ENSG00000198590.12,0.5730612362343561
ENSG00000125901.6,0.5730485153858346
ENSG00000276728.1,0.5730424856728313
ENSG00000279141.3,0.5730002522731231
ENSG00000183775.11,0.572900487130158
ENSG00000239653.1,0.5728852476865429
ENSG00000253266.1,0.5728524575377975
ENSG00000091073.19,0.5728262193032201
ENSG00000286681.1,0.5726700385410142
ENSG00000279026.1,0.5726599948294153
ENSG00000253384.1,0.5725461741928942
ENSG00000174016.11,0.5724998380191451
ENSG00000006062.17,0.5724433817835778
ENSG00000283317.1,0.5723831355992359
ENSG00000234678.2,0.5723117598674782
ENSG00000101246.20,0.5722616705653037
ENSG00000166704.11,0.5722245984380879
ENSG00000267529.3,0.5721752786944463
ENSG00000106070.20,0.5721665458278188
ENSG00000224592.5,0.5721537059173626
ENSG00000149679.11,0.5721167683362124
ENSG00000157322.17,0.572112258322012
ENSG00000109625.19,0.5720504193763463
ENSG00000228427.3,0.5720449611564804
ENSG00000166348.18,0.572002282610458
ENSG00000137547.9,0.5719252066127343
ENSG00000140090.18,0.5718706302580527
ENSG00000140274.14,0.5718655276848793
ENSG00000125249.7,0.5718401558828122
ENSG00000128335.14,0.5717930406672342
ENSG00000131849.12,0.5717922439046698
ENSG00000288162.1,0.5717495803896191
ENSG00000233871.2,0.5717458331349187
ENSG00000207340.1,0.571722342579755
ENSG00000148429.14,0.5716812726462781
ENSG00000270419.1,0.5716416318675692
ENSG00000267174.5,0.5716012720691973
ENSG00000233081.1,0.5715511229643504
ENSG00000245711.2,0.5715443373451919
ENSG00000134504.14,0.5714920448766724
ENSG00000164758.7,0.5714320532039706
ENSG00000274560.1,0.5713356803382269
ENSG00000286974.1,0.5713013970199146
ENSG00000174628.16,0.5712065678917632
ENSG00000254154.8,0.5711753959499716
ENSG00000170956.17,0.5711477237442932
ENSG00000085491.17,0.5711408730684313
ENSG00000242375.1,0.5711206240036062
ENSG00000271369.1,0.5710821188532692
ENSG00000273148.1,0.5710448541115093
ENSG00000084764.12,0.5710220325309272
ENSG00000100129.18,0.5709228444995025
ENSG00000198440.9,0.570772031127053
ENSG00000157306.14,0.5706396083733599
ENSG00000207561.1,0.5706238267647231
ENSG00000249898.8,0.5705776948613251
ENSG00000181894.15,0.5705699465739498
ENSG00000236663.1,0.5705630621129723
ENSG00000116117.18,0.570516294116534
ENSG00000213071.11,0.5705008109729174
ENSG00000164924.18,0.5704906097796615
ENSG00000280347.1,0.5704896058169708
ENSG00000076003.5,0.5704447064182422
ENSG00000279259.1,0.5703596460241741
ENSG00000273381.1,0.5703178953326546
ENSG00000235631.2,0.5703119088233584
ENSG00000100889.12,0.5702894208141721
ENSG00000261286.1,0.5702589915329903
ENSG00000065559.15,0.5702081239400284
ENSG00000262587.2,0.5701622974414984
ENSG00000228204.2,0.5701517110985805
ENSG00000116586.12,0.5701338157228488
ENSG00000179965.12,0.5701182027331052
ENSG00000253520.1,0.570088222288815
ENSG00000264920.2,0.5699411259679251
ENSG00000225205.5,0.569933030960601
ENSG00000172725.14,0.569859821246683
ENSG00000260239.2,0.5697222825436545
ENSG00000253854.1,0.5696524310685621
ENSG00000277007.1,0.5696164915192558
ENSG00000232301.2,0.5695852224678966
ENSG00000211815.3,0.56955459021218
ENSG00000277369.1,0.5695387756200919
ENSG00000271579.1,0.5695252880972306
ENSG00000198736.12,0.569516839136961
ENSG00000286585.1,0.5694757616567792
ENSG00000201684.1,0.569414143151174
ENSG00000145592.14,0.5693677549860906
ENSG00000288253.1,0.5693522779759986
ENSG00000269929.3,0.5692067655528852
ENSG00000204790.9,0.56905354638727
ENSG00000262246.6,0.5690103480011645
ENSG00000179111.9,0.568917972352991
ENSG00000152689.18,0.5688795331874653
ENSG00000161847.14,0.5687988876474
ENSG00000213281.5,0.5687932603760774
ENSG00000204947.9,0.5687913877604039
ENSG00000228663.1,0.5687756207894349
ENSG00000270210.1,0.5687597916584544
ENSG00000259916.1,0.5687116294379352
ENSG00000184470.21,0.5686686322014932
ENSG00000243759.1,0.568653333854298
ENSG00000180992.7,0.5685686693420221
ENSG00000133619.17,0.5685175591327294
ENSG00000274341.1,0.568446703312085
ENSG00000267472.1,0.5684438066975801
ENSG00000226525.5,0.5684169577060876
ENSG00000286791.1,0.5683461670417665
ENSG00000106302.10,0.5683035415406346
ENSG00000265984.1,0.5682888438892634
ENSG00000127838.14,0.5682733182945259
ENSG00000048162.21,0.5682526221856242
ENSG00000099804.9,0.5681684401374292
ENSG00000271344.1,0.5681575416002916
ENSG00000109089.7,0.5681572991926669
ENSG00000279520.1,0.5680729294841969
ENSG00000135049.16,0.5680400613654013
ENSG00000204519.11,0.5680075496646992
ENSG00000109667.12,0.5679534523983285
ENSG00000188368.10,0.5679177728577306
ENSG00000287543.1,0.5678698790426827
ENSG00000223552.1,0.5678016139991183
ENSG00000156482.11,0.5678003306535617
ENSG00000261840.3,0.5677556697330519
ENSG00000232527.8,0.5677001252417817
ENSG00000254109.6,0.5676786560163455
ENSG00000286864.1,0.5676694344744613
ENSG00000151276.23,0.5675062466276849
ENSG00000197483.10,0.5674627171334379
ENSG00000253669.4,0.5674427899480922
ENSG00000235772.1,0.5674235788696048
ENSG00000211821.2,0.5674060219850522
ENSG00000243696.5,0.5674016182969225
ENSG00000223396.4,0.5673951604347642
ENSG00000146556.14,0.5672997681334905
ENSG00000145242.13,0.5671474358938668
ENSG00000008382.16,0.5671404345296625
ENSG00000215859.9,0.5670711287232597
ENSG00000197858.11,0.5670558841145452
ENSG00000276058.1,0.5670176139063174
ENSG00000284633.1,0.5669938808822883
ENSG00000146001.5,0.5669384381175367
ENSG00000249087.7,0.5669347220070414
ENSG00000286064.1,0.5668244973089968
ENSG00000129158.11,0.5668103948510933
ENSG00000128923.11,0.566770252814247
ENSG00000070366.14,0.5667219268929171
ENSG00000139988.10,0.5666944963219344
ENSG00000148120.17,0.5666731492186944
ENSG00000261502.4,0.5666716664247448
ENSG00000250802.7,0.5666491561024587
ENSG00000134940.14,0.5665864658239465
ENSG00000187860.10,0.5665359446901549
ENSG00000109686.19,0.5663869393394259
ENSG00000256967.1,0.5663802165396563
ENSG00000178226.11,0.566359742678857
ENSG00000172493.22,0.5663573392434125
ENSG00000262445.3,0.5662842427086059
ENSG00000240376.1,0.5662823490045347
ENSG00000232320.6,0.5662658551447762
ENSG00000234215.3,0.5662581451147177
ENSG00000261609.8,0.5662524353194265
ENSG00000174373.16,0.5661403341891215
ENSG00000162413.16,0.5660856227840738
ENSG00000086504.17,0.5659398413141487
ENSG00000263843.1,0.565939179083321
ENSG00000234997.2,0.5658145651121251
ENSG00000180211.5,0.5657344393167395
ENSG00000213963.6,0.5656793522771313
ENSG00000232807.2,0.5656741414010095
ENSG00000287766.1,0.5656266365823437
ENSG00000127445.14,0.5655983414285756
ENSG00000080947.15,0.5655801096757608
ENSG00000203485.14,0.5654147342382904
ENSG00000178093.14,0.5653931787761576
ENSG00000130202.10,0.5653104032297175
ENSG00000184524.6,0.5652991921790923
ENSG00000239474.7,0.5652317633797355
ENSG00000164307.13,0.5651896103358734
ENSG00000260806.1,0.5651281920232316
ENSG00000178202.13,0.5651071413454405
ENSG00000105204.14,0.565075791043209
ENSG00000287569.1,0.5650116804638305
ENSG00000138741.11,0.5649076741521972
ENSG00000189319.14,0.5648800775477331
ENSG00000107864.15,0.5648352857031169
ENSG00000140374.16,0.5648112541810993
ENSG00000177464.5,0.56480016650088
ENSG00000169762.17,0.5647858299189904
ENSG00000005206.17,0.5646729859612831
ENSG00000132846.6,0.5646216485893089
ENSG00000260948.1,0.5645626616824211
ENSG00000235065.1,0.564532916830736
ENSG00000260886.2,0.5645092705454519
ENSG00000124151.19,0.5644949414962048
ENSG00000256574.8,0.5644918216254347
ENSG00000112531.17,0.5644682848483119
ENSG00000100263.14,0.5644302858702999
ENSG00000229042.2,0.5643680646126829
ENSG00000109736.15,0.5643118887799831
ENSG00000248540.3,0.5643073293124993
ENSG00000269837.1,0.5642194835707228
ENSG00000268649.5,0.5641669432436697
ENSG00000227726.1,0.5641496326032216
ENSG00000140876.11,0.5641199041361082
ENSG00000142541.18,0.5639868903458506
ENSG00000165868.16,0.5639404024838987
ENSG00000186918.14,0.5639315949993307
ENSG00000103335.22,0.5639250687463082
ENSG00000158470.5,0.5638890013890706
ENSG00000124614.16,0.5638455089753148
ENSG00000285517.1,0.5638444822800267
ENSG00000138376.11,0.5637839922611352
ENSG00000213514.2,0.5636309785865325
ENSG00000274349.4,0.5636017432932912
ENSG00000188994.13,0.5635902978849836
ENSG00000254348.1,0.563575786355089
ENSG00000133805.15,0.5635026817321475
ENSG00000135363.12,0.5634629121210145
ENSG00000111215.12,0.5632780826292242
ENSG00000140983.14,0.5632676520749359
ENSG00000189376.12,0.5632400849637507
ENSG00000179918.19,0.5632014345563877
ENSG00000226137.5,0.563116679878039
ENSG00000119408.17,0.563048117348191
ENSG00000156471.13,0.5630201153281009
ENSG00000236481.1,0.5629807503737254
ENSG00000248458.2,0.5629786363406606
ENSG00000260645.2,0.5629455570443634
ENSG00000160799.11,0.5629271829835115
ENSG00000227098.2,0.562921405051493
ENSG00000212237.1,0.5628709327871436
ENSG00000259891.1,0.5628274864847035
ENSG00000104976.12,0.5628272155738419
ENSG00000286931.1,0.5628005052389475
ENSG00000261474.1,0.5627696796420634
ENSG00000234630.1,0.5627432947110779
ENSG00000186105.8,0.5627075827327634
ENSG00000123983.14,0.5626597526987333
ENSG00000133874.2,0.5626389060081952
ENSG00000241549.8,0.5625871182361267
ENSG00000244055.2,0.5625155295160673
ENSG00000244026.6,0.562274759776167
ENSG00000106397.12,0.5622253939738117
ENSG00000259278.2,0.5621609873796705
ENSG00000232346.1,0.5621212849679402
ENSG00000211805.1,0.562107997120417
ENSG00000106133.18,0.5620311775886597
ENSG00000270195.2,0.5620067391440874
ENSG00000082212.13,0.5619557912020802
ENSG00000241666.2,0.5619489784251991
ENSG00000273137.1,0.5619348622708515
ENSG00000078668.14,0.5619267770838036
ENSG00000228719.1,0.5619109525558226
ENSG00000245970.2,0.5618728216036926
ENSG00000007202.15,0.5618479767183849
ENSG00000224525.2,0.5618343459322815
ENSG00000267053.8,0.5618083595247109
ENSG00000260005.6,0.5617447128363454
ENSG00000224861.1,0.5617295770634505
ENSG00000284740.1,0.5616838958875262
ENSG00000242600.8,0.5616775684328646
ENSG00000241186.10,0.561664420239353
ENSG00000095066.12,0.5616245895256088
ENSG00000183765.23,0.5615957402606779
ENSG00000102794.10,0.5615409544852032
ENSG00000007944.15,0.5614815327786868
ENSG00000224020.1,0.5614635363503588
ENSG00000275759.1,0.5614279544614752
ENSG00000243431.1,0.5614237298669458
ENSG00000101160.14,0.5614142591659105
ENSG00000140691.18,0.5613280481831128
ENSG00000262488.1,0.5613202919624768
ENSG00000118096.10,0.5612933654695224
ENSG00000159712.10,0.5612875048623666
ENSG00000273045.7,0.5612634757212916
ENSG00000279267.1,0.5612425198578188
ENSG00000171298.13,0.5611902214744589
ENSG00000156172.6,0.5609541899004106
ENSG00000188163.8,0.5609533692205628
ENSG00000224546.2,0.5609256515706433
ENSG00000223825.5,0.56088933520422
ENSG00000083097.14,0.5608655505798256
ENSG00000228421.2,0.5607510321474884
ENSG00000196526.10,0.5607293666555351
ENSG00000125122.15,0.5606726074527175
ENSG00000133107.15,0.5606190370968867
ENSG00000254777.5,0.5606031823796047
ENSG00000183199.6,0.5605341202742978
ENSG00000233276.7,0.5603988044139122
ENSG00000078070.13,0.5603976212013846
ENSG00000090097.22,0.5603409140976041
ENSG00000126246.10,0.5603286590960213
ENSG00000284624.1,0.5602905470291086
ENSG00000247596.10,0.5602773370430505
ENSG00000250995.1,0.5602765232533893
ENSG00000258774.1,0.5602618490690376
ENSG00000240322.3,0.5602559149238618
ENSG00000245025.3,0.560183970095996
ENSG00000169733.12,0.5600915145726185
ENSG00000172932.16,0.5599737414536533
ENSG00000223930.7,0.5599725976222125
ENSG00000228634.1,0.5598665117948994
ENSG00000249193.1,0.5598590190468864
ENSG00000101162.4,0.559840640160915
ENSG00000215630.6,0.5597609926797754
ENSG00000277290.1,0.559718227093645
ENSG00000096968.14,0.5596730426183201
ENSG00000286591.1,0.5596595093734452
ENSG00000257660.5,0.5596302863919419
ENSG00000131669.10,0.5596149295820639
ENSG00000059378.13,0.5596132725774328
ENSG00000105701.16,0.5595900783610461
ENSG00000219642.2,0.5595464035274473
ENSG00000147604.14,0.5594849044489878
ENSG00000180929.6,0.5593884601911339
ENSG00000227110.7,0.5592122750729647
ENSG00000068305.17,0.559204165881913
ENSG00000042781.14,0.5591662100429594
ENSG00000272556.2,0.5591531319285243
ENSG00000171786.6,0.5591489573704528
ENSG00000146856.14,0.5591211859224754
ENSG00000249915.8,0.5590507867291225
ENSG00000256084.1,0.5590115713489291
ENSG00000272983.1,0.5588598480823763
ENSG00000103121.9,0.5588066584075853
ENSG00000236182.1,0.5586410183938217
ENSG00000277999.1,0.5586259935133073
ENSG00000176101.12,0.5586077363785203
ENSG00000142669.15,0.5586018035258682
ENSG00000266835.6,0.5586015441741999
ENSG00000281026.1,0.5585386588076232
ENSG00000279500.1,0.5584301769654539
ENSG00000273443.1,0.5584240455148888
ENSG00000230448.5,0.5583969949476807
ENSG00000234546.4,0.558392914531869
ENSG00000272211.1,0.5583819165057888
ENSG00000137154.13,0.5582698918104748
ENSG00000204177.10,0.5582334246031653
ENSG00000253710.4,0.5581356555931374
ENSG00000132432.14,0.5580057350427682
ENSG00000007376.8,0.5579830064380438
ENSG00000180747.15,0.5579242282465926
ENSG00000197601.13,0.5578134461875563
ENSG00000164050.13,0.5577073948988265
ENSG00000136824.19,0.5576861429501127
ENSG00000161944.16,0.5576430537141035
ENSG00000152749.8,0.5576357147293807
ENSG00000245281.8,0.5575975550748521
ENSG00000277954.1,0.5575955893293042
ENSG00000280068.1,0.5575252044935249
ENSG00000164830.18,0.5574540148097864
ENSG00000261821.2,0.5574210249652244
ENSG00000154429.11,0.5573641922052418
ENSG00000189409.14,0.5573233016495708
ENSG00000238278.3,0.557313657648696
ENSG00000271538.6,0.5572852391572611
ENSG00000104907.12,0.557273638818273
ENSG00000174576.10,0.5572651829607861
ENSG00000213065.2,0.5572014681521449
ENSG00000067064.11,0.5571234290951957
ENSG00000260261.2,0.557063511991861
ENSG00000178342.4,0.557045275033861
ENSG00000147044.22,0.5570363160746378
ENSG00000065882.16,0.5570097289032521
ENSG00000099937.11,0.5569792120555409
ENSG00000100422.14,0.5569150831369947
ENSG00000151474.23,0.5568415522554001
ENSG00000002745.13,0.5567230733222395
ENSG00000130584.12,0.55665457776967
ENSG00000083307.12,0.5566325591405451
ENSG00000051825.15,0.5565809940288996
ENSG00000165886.5,0.5565106898821736
ENSG00000233080.3,0.5565088940805932
ENSG00000099810.21,0.5564733091746058
ENSG00000280239.1,0.5564459763037102
ENSG00000153363.13,0.5564340181190259
ENSG00000140623.14,0.5563995985746064
ENSG00000234705.2,0.5563693428565437
ENSG00000148824.19,0.5563661292998014
ENSG00000148483.9,0.556326969902977
ENSG00000265817.4,0.5562730462498555
ENSG00000159348.13,0.5562674723263871
ENSG00000156052.11,0.5561952883148475
ENSG00000080561.14,0.5561908093599603
ENSG00000008128.23,0.5561707332523554
ENSG00000184898.7,0.5561213927860312
ENSG00000274322.1,0.5561054614534996
ENSG00000175564.13,0.5560684526742165
ENSG00000186834.4,0.5558976308105776
ENSG00000167210.17,0.5558903046314012
ENSG00000272325.2,0.5558843475677607
ENSG00000184207.9,0.5558195664159491
ENSG00000236383.8,0.5557993477156381
ENSG00000137842.7,0.5557833420675691
ENSG00000177200.17,0.5557626839343784
ENSG00000286826.1,0.5557367228474059
ENSG00000179820.16,0.5556582886272993
ENSG00000068724.17,0.5556445343828942
ENSG00000267809.1,0.5555862214965254
ENSG00000106992.19,0.5555825299688645
ENSG00000226491.1,0.5555696419415626
ENSG00000140391.15,0.5555574439803158
ENSG00000282458.1,0.5555520056264242
ENSG00000218052.5,0.5554900182763035
ENSG00000102007.11,0.5554760251858477
ENSG00000151689.13,0.5554665738462834
ENSG00000104859.15,0.5553621996125616
ENSG00000171790.15,0.5553605305615352
ENSG00000285884.1,0.555207801505997
ENSG00000287171.1,0.5551099145641285
ENSG00000157510.14,0.555062112041568
ENSG00000272944.1,0.5550292551776748
ENSG00000123179.14,0.5549871677531933
ENSG00000127124.16,0.5549774847811711
ENSG00000285492.1,0.5549697735780073
ENSG00000172733.11,0.5549080537948867
ENSG00000280214.1,0.5547237471380225
ENSG00000265033.2,0.5547053902858345
ENSG00000287642.1,0.5546835314212759
ENSG00000261008.7,0.5545698098806858
ENSG00000127603.30,0.5544994765557323
ENSG00000157483.9,0.5544841450722419
ENSG00000260695.1,0.5544721358760776
ENSG00000266405.3,0.5543953622544661
ENSG00000159459.12,0.5543647632248895
ENSG00000271778.1,0.554360391343515
ENSG00000149761.9,0.5542945738881287
ENSG00000204428.12,0.5542622672938325
ENSG00000275765.5,0.5542373720784547
ENSG00000238122.1,0.5542280663985185
ENSG00000233732.5,0.5541957444417793
ENSG00000243537.1,0.5540707895362263
ENSG00000115183.15,0.5540345861817375
ENSG00000167553.16,0.5540168279077451
ENSG00000278727.1,0.5539944585250814
ENSG00000108443.14,0.5538742636375872
ENSG00000059588.10,0.5538692434547964
ENSG00000180346.4,0.5537614398608871
ENSG00000214535.3,0.5537099975986918
ENSG00000272595.2,0.5536542798673924
ENSG00000274964.1,0.5536111017354117
ENSG00000094975.14,0.553597379251854
ENSG00000286186.1,0.5534346983343373
ENSG00000089486.17,0.5534237315539826
ENSG00000104866.11,0.5534135721398177
ENSG00000227359.1,0.5534054862533153
ENSG00000124313.18,0.5533936957829578
ENSG00000233327.11,0.5532683370153445
ENSG00000167083.7,0.5532461927246612
ENSG00000205456.11,0.5531726527939694
ENSG00000235888.3,0.5531530402834963
ENSG00000176040.13,0.5531091710134802
ENSG00000213139.8,0.5531018374737533
ENSG00000164849.10,0.5530719541262524
ENSG00000284731.1,0.5529793656212647
ENSG00000185813.11,0.5529633963806093
ENSG00000230330.1,0.552930275040136
ENSG00000261671.1,0.5527363987405003
ENSG00000285533.2,0.5527273803982614
ENSG00000135940.7,0.5527011301419511
ENSG00000160602.14,0.5526870828963295
ENSG00000244720.1,0.5525837230145075
ENSG00000178631.7,0.5525803643123884
ENSG00000118508.5,0.55256994248827
ENSG00000186451.2,0.5525590520206214
ENSG00000263400.8,0.5525110460997494
ENSG00000220472.1,0.5525088280677553
ENSG00000114023.15,0.5524925628002983
ENSG00000272864.1,0.5523767286801143
ENSG00000138101.19,0.5523627543254275
ENSG00000176289.4,0.5523080253013275
ENSG00000263482.3,0.5522746126834998
ENSG00000286682.1,0.5522672404384148
ENSG00000113273.17,0.5520605054712138
ENSG00000236360.2,0.5520022508438112
ENSG00000237555.1,0.5520020085523414
ENSG00000272078.1,0.551979627025233
ENSG00000262312.2,0.5519787500285132
ENSG00000175455.16,0.5519707977010908
ENSG00000071054.16,0.5519684589713317
ENSG00000213996.13,0.5519431195184791
ENSG00000262712.1,0.551871862032236
ENSG00000104081.14,0.5518584911304504
ENSG00000089091.16,0.551794914672263
ENSG00000125814.17,0.5517813507417303
ENSG00000107863.18,0.5517551651031055
ENSG00000279541.1,0.5517499525373977
ENSG00000177182.11,0.5517033078172388
ENSG00000185433.10,0.551648941786421
ENSG00000181830.9,0.5515896732798667
ENSG00000270996.1,0.5515827132611875
ENSG00000240087.3,0.551574445922373
ENSG00000109163.7,0.5515469790669681
ENSG00000237685.1,0.5515300076106099
ENSG00000287467.1,0.5514857099231518
ENSG00000271858.5,0.5514437032206392
ENSG00000137103.20,0.551427397056934
ENSG00000151287.17,0.5514012955016893
ENSG00000229659.1,0.5512967496491636
ENSG00000250971.3,0.5511256537553321
ENSG00000183506.17,0.5510934135389558
ENSG00000106479.11,0.5510579065306934
ENSG00000216863.10,0.5510256563131075
ENSG00000139679.15,0.550987755938526
ENSG00000141642.9,0.5508827176954644
ENSG00000261575.2,0.550813198741329
ENSG00000286086.1,0.5506076517325731
ENSG00000247271.7,0.5505729936342216
ENSG00000279320.1,0.5505075541499148
ENSG00000274317.2,0.5505065669469746
ENSG00000275476.1,0.5504991498402997
ENSG00000279253.1,0.5504152638361156
ENSG00000236703.1,0.5504091799624369
ENSG00000243811.11,0.5503871100708234
ENSG00000231584.8,0.5503481633324602
ENSG00000144035.4,0.5503297275018524
ENSG00000100479.13,0.55029263356941
ENSG00000159176.14,0.5502095442090943
ENSG00000117281.16,0.5502008541309241
ENSG00000240520.6,0.5501729654897196
ENSG00000279331.1,0.5500426145404778
ENSG00000177337.8,0.5499927102582561
ENSG00000119655.11,0.5499382890982435
ENSG00000198785.7,0.5498834947002718
ENSG00000074855.11,0.5498808201579276
ENSG00000247092.7,0.5497700999488156
ENSG00000070388.11,0.5497553935288981
ENSG00000005075.15,0.5496793508115497
ENSG00000286416.1,0.5496355239536981
ENSG00000162244.12,0.549585412822195
ENSG00000182774.13,0.5495639858459137
ENSG00000171612.7,0.5495330401713046
ENSG00000259200.2,0.5495187511936986
ENSG00000095951.17,0.5494286295003491
ENSG00000143702.16,0.5494087174428175
ENSG00000151743.11,0.5493887648694488
ENSG00000214562.15,0.5493311304120477
ENSG00000269688.1,0.5492029458257689
ENSG00000224116.7,0.5491495263698111
ENSG00000286532.1,0.549148506119619
ENSG00000105643.10,0.5491269412755964
ENSG00000286242.1,0.5491139530316675
ENSG00000273340.1,0.5490984868397458
ENSG00000232533.1,0.5490593854597936
ENSG00000253972.6,0.5490101458549604
ENSG00000134571.11,0.5489760096724471
ENSG00000188011.5,0.5489409419755013
ENSG00000278991.1,0.5488674295745547
ENSG00000179163.12,0.5488366099318465
ENSG00000138495.7,0.548831913759404
ENSG00000228201.1,0.5487386145447107
ENSG00000168300.14,0.5487333437101375
ENSG00000180389.7,0.5487329922481866
ENSG00000286651.2,0.5487202886650363
ENSG00000143457.11,0.5487162220103654
ENSG00000130724.9,0.548704730585803
ENSG00000162191.14,0.5486516404703864
ENSG00000213445.10,0.5486330937154701
ENSG00000288675.1,0.5485830552843607
ENSG00000269553.1,0.5485010422226053
ENSG00000254226.6,0.5484529477795743
ENSG00000164506.14,0.5483269765998973
ENSG00000107443.16,0.5482898533492762
ENSG00000201496.1,0.5482871921725544
ENSG00000244040.7,0.5482365253076648
ENSG00000273899.5,0.5482049675824041
ENSG00000264345.2,0.5481589497663553
ENSG00000188710.3,0.5481530079676371
ENSG00000239697.11,0.5480635270072741
ENSG00000240399.1,0.5479922628960272
ENSG00000213904.9,0.5479417848045546
ENSG00000226828.2,0.5478836195096042
ENSG00000099949.21,0.5478658991933892
ENSG00000106526.10,0.5478402500936607
ENSG00000142920.17,0.5477385846710678
ENSG00000264343.6,0.5476316928091397
ENSG00000101132.10,0.5476158594690816
ENSG00000160446.19,0.5476085969994847
ENSG00000285694.1,0.5475761454788508
ENSG00000160767.21,0.5475728147486185
ENSG00000204311.15,0.5475688959205091
ENSG00000169989.3,0.5475515020869951
ENSG00000198707.17,0.5475031147893288
ENSG00000074621.14,0.5474823597657265
ENSG00000260361.1,0.5474260053633633
ENSG00000155189.12,0.5474032243487494
ENSG00000185000.12,0.5473353034411754
ENSG00000182324.7,0.5472985914817685
ENSG00000263535.2,0.547291549836472
ENSG00000272476.1,0.5472257818335641
ENSG00000259591.2,0.5470629455951077
ENSG00000263033.2,0.5470279830878533
ENSG00000071051.14,0.546980600460502
ENSG00000087460.27,0.5468749025378524
ENSG00000287126.1,0.5466557234576813
ENSG00000177483.11,0.5465888060712334
ENSG00000285106.2,0.5465595590042035
ENSG00000130304.17,0.5465595280059827
ENSG00000259470.2,0.546557150502908
ENSG00000227525.4,0.5465348924615453
ENSG00000272161.1,0.5465274913433708
ENSG00000142546.14,0.546514952247804
ENSG00000115286.20,0.5464859501243984
ENSG00000276570.1,0.5464159085660195
ENSG00000249244.1,0.546376035674772
ENSG00000127922.9,0.5463228605011096
ENSG00000171174.15,0.5463127055620526
ENSG00000062822.15,0.5463005285379614
ENSG00000271918.1,0.5462860294034819
ENSG00000274828.1,0.5462397405657913
ENSG00000070961.16,0.5461790101337101
ENSG00000273437.1,0.5461543801873259
ENSG00000175130.7,0.5461526698243034
ENSG00000279457.4,0.5459075398221388
ENSG00000219507.4,0.5457877866651434
ENSG00000158636.16,0.5457685178130347
ENSG00000159314.11,0.5457552484903568
ENSG00000228175.3,0.5457408151780635
ENSG00000230138.2,0.5457182388170485
ENSG00000243550.3,0.5457172549918273
ENSG00000224854.3,0.5457123723083226
ENSG00000155096.14,0.5456978300563275
ENSG00000175003.15,0.5456891149869347
ENSG00000287686.1,0.5456872899401624
ENSG00000259498.1,0.545553114076748
ENSG00000213965.3,0.5455221536531293
ENSG00000228063.2,0.5455210115551261
ENSG00000173846.13,0.5454854711917365
ENSG00000008853.17,0.545480334522103
ENSG00000237296.9,0.5454513454483164
ENSG00000278107.1,0.5454408271599385
ENSG00000230037.1,0.5453967346492518
ENSG00000286722.1,0.5453266756812092
ENSG00000187601.5,0.5452611165322055
ENSG00000225051.5,0.5452409354387123
ENSG00000115993.13,0.5452144368254044
ENSG00000158717.11,0.5451388106907036
ENSG00000236358.1,0.5450428287232297
ENSG00000025434.19,0.5450264533752645
ENSG00000144550.13,0.5450243439483463
ENSG00000226578.1,0.5450129649148484
ENSG00000219928.2,0.5449520507120584
ENSG00000261390.6,0.5448439000930405
ENSG00000283453.2,0.5447691023644253
ENSG00000170791.18,0.5446693190328157
ENSG00000141028.6,0.5446047930689304
ENSG00000204220.12,0.5445607445640874
ENSG00000010318.21,0.5445504130266252
ENSG00000286607.1,0.544534728016376
ENSG00000227376.1,0.5445140235838725
ENSG00000006634.8,0.5444665415677961
ENSG00000285416.1,0.5444171268659116
ENSG00000196914.9,0.5443962651555649
ENSG00000147679.12,0.5441569305697801
ENSG00000227329.2,0.544069548098379
ENSG00000227060.7,0.5440501419097363
ENSG00000266578.2,0.5440011864523918
ENSG00000088387.19,0.5439584866316078
ENSG00000123870.10,0.5439343585389661
ENSG00000240970.1,0.543913941032441
ENSG00000204044.6,0.5438898366385276
ENSG00000232838.4,0.5438772386460845
ENSG00000120889.13,0.5438697064373591
ENSG00000213411.2,0.5438488592294943
ENSG00000176340.4,0.5437577488280623
ENSG00000132635.17,0.5437483126947003
ENSG00000010219.13,0.5437388530804409
ENSG00000227502.3,0.5437162561026605
ENSG00000174365.20,0.5435130487530674
ENSG00000173598.14,0.5434279263627643
ENSG00000172345.14,0.5434030508733253
ENSG00000115350.12,0.5433737681724716
ENSG00000163947.12,0.5433426113910207
ENSG00000225422.4,0.5433219526550367
ENSG00000117620.15,0.5433016707317229
ENSG00000267278.6,0.5432774818561319
ENSG00000267710.9,0.543181422559158
ENSG00000107902.14,0.5431602905538491
ENSG00000249790.3,0.5431222882667781
ENSG00000155008.14,0.5430999068382854
ENSG00000146666.5,0.5430450262502089
ENSG00000187758.8,0.5428558291110129
ENSG00000119787.14,0.5428469476914766
ENSG00000271614.1,0.54282253174846
ENSG00000173517.10,0.5428098028497672
ENSG00000273001.1,0.5425866557019748
ENSG00000167995.17,0.5425658132484817
ENSG00000131470.15,0.5423815530610396
ENSG00000235370.6,0.5423033282310056
ENSG00000248954.1,0.5422430138384685
ENSG00000110721.12,0.5421862226073105
ENSG00000247828.8,0.5421824990200684
ENSG00000071894.17,0.5420444660845407
ENSG00000213742.7,0.5420258333287071
ENSG00000241685.10,0.5419986004797577
ENSG00000099899.15,0.541996883120222
ENSG00000229901.1,0.5419803229100371
ENSG00000138092.11,0.5419748699376538
ENSG00000145692.15,0.5419671897970909
ENSG00000254428.1,0.5418510478261751
ENSG00000186583.12,0.5417763304730177
ENSG00000225173.1,0.5417480114754183
ENSG00000170903.11,0.5417206183314108
ENSG00000077348.9,0.541620757073839
ENSG00000105669.14,0.5415580101989791
ENSG00000118939.18,0.5415550085376037
ENSG00000198089.16,0.5415231055862276
ENSG00000233797.2,0.541507171657666
ENSG00000244953.1,0.5414664816450614
ENSG00000149311.19,0.5413909364668056
ENSG00000272908.1,0.5413610377922035
ENSG00000177697.19,0.5413580148505628
ENSG00000249572.1,0.5413365277908857
ENSG00000235597.2,0.541308321586995
ENSG00000117335.20,0.541298935410679
ENSG00000112309.11,0.5412868722225382
ENSG00000112651.12,0.541246113864933
ENSG00000198062.15,0.5412102772265808
ENSG00000267397.1,0.5411973563900684
ENSG00000169255.15,0.5411766910530668
ENSG00000113555.6,0.54116878347737
ENSG00000225731.1,0.5411434745765221
ENSG00000159650.9,0.54110128843843
ENSG00000276757.1,0.5410150574479147
ENSG00000249855.1,0.5409140296353487
ENSG00000232316.2,0.5408995074108851
ENSG00000236384.7,0.5408904256472999
ENSG00000132294.15,0.5408895475291583
ENSG00000187605.15,0.5408837194274578
ENSG00000242474.3,0.5408717382589097
ENSG00000256262.1,0.5408659326409129
ENSG00000204604.12,0.5408508580945058
ENSG00000169564.7,0.5408339995268185
ENSG00000162650.16,0.5407881978426461
ENSG00000285967.1,0.5407142770843578
ENSG00000157870.17,0.5406786753877024
ENSG00000116663.11,0.5406619654012174
ENSG00000137513.10,0.5406392595809969
ENSG00000172728.16,0.5406310415866348
ENSG00000167657.14,0.5404794630024689
ENSG00000087053.20,0.5403026937774782
ENSG00000255145.3,0.5402285081206617
ENSG00000232160.7,0.5402053338139872
ENSG00000138593.9,0.5401768869786152
ENSG00000153922.11,0.5401497122217184
ENSG00000257696.1,0.5401406090088032
ENSG00000213983.12,0.5401295807413234
ENSG00000267279.2,0.5401049743381592
ENSG00000283312.1,0.5400768159394441
ENSG00000169570.10,0.5400571733131566
ENSG00000273723.1,0.5400327513435507
ENSG00000261386.2,0.5399075895330898
ENSG00000228057.1,0.5398971018250657
ENSG00000227242.4,0.5398915446197536
ENSG00000250012.2,0.539890958300836
ENSG00000119661.15,0.5398705252674892
ENSG00000227964.1,0.539823680268605
ENSG00000007001.13,0.5397984828366028
ENSG00000198718.13,0.5396817942385684
ENSG00000027001.10,0.5396756763980978
ENSG00000283662.1,0.5395676470312101
ENSG00000111424.12,0.5395461527820554
ENSG00000134864.10,0.5395067705380515
ENSG00000215841.3,0.5394832355529017
ENSG00000013016.16,0.5394763343079824
ENSG00000165533.19,0.5394189739161516
ENSG00000286909.1,0.5394156853021037
ENSG00000266865.6,0.5393898375879344
ENSG00000176927.15,0.5393175329126477
ENSG00000092978.11,0.5392897150510362
ENSG00000177627.11,0.5392888191660096
ENSG00000232187.1,0.5392658562119497
ENSG00000186577.14,0.5392421428867454
ENSG00000274751.1,0.5392369694790828
ENSG00000135407.10,0.5392223846810579
ENSG00000228192.8,0.5391641035094914
ENSG00000237588.2,0.5391198708976184
ENSG00000077157.22,0.5390012509731048
ENSG00000105339.11,0.5389530339325722
ENSG00000266967.7,0.5388719694091415
ENSG00000261360.1,0.5388427324038453
ENSG00000162877.13,0.5388218566749583
ENSG00000250033.5,0.5387432629911494
ENSG00000272791.1,0.53870779054558
ENSG00000184584.13,0.5386937121128113
ENSG00000259309.2,0.5386899657419442
ENSG00000135679.25,0.5386545304279698
ENSG00000218510.8,0.5386267721073399
ENSG00000259666.3,0.5385536820222206
ENSG00000106400.12,0.5385320500422738
ENSG00000197019.5,0.538487454308465
ENSG00000170871.12,0.5384261026716095
ENSG00000184378.3,0.538408681659937
ENSG00000177192.14,0.5382832840251959
ENSG00000162241.12,0.538266233046265
ENSG00000262227.1,0.5382583170591863
ENSG00000275023.5,0.5382333157205453
ENSG00000144560.15,0.5382182940449797
ENSG00000125835.19,0.5381959434110913
ENSG00000158467.16,0.5381752132230476
ENSG00000185340.15,0.5381449158893425
ENSG00000101278.6,0.538122024102317
ENSG00000178104.19,0.5380777235784828
ENSG00000203616.2,0.5380658165609813
ENSG00000257683.1,0.5380542120881876
ENSG00000061938.20,0.5380253730987834
ENSG00000254703.2,0.5378745120402364
ENSG00000257027.1,0.5378015255488099
ENSG00000186047.10,0.5377978274514488
ENSG00000237930.1,0.5377157604943792
ENSG00000287405.1,0.5377153387907541
ENSG00000203772.7,0.5377121544154024
ENSG00000130449.6,0.5377066122343822
ENSG00000122042.10,0.5376807453384225
ENSG00000228487.2,0.5376124082654921
ENSG00000078579.9,0.5376013793990262
ENSG00000064652.11,0.5374932544599389
ENSG00000256433.3,0.5374261192085543
ENSG00000198380.13,0.5373723592625924
ENSG00000065485.20,0.5373585112418139
ENSG00000170836.12,0.5373454091756533
ENSG00000197077.13,0.5372235396715175
ENSG00000150457.9,0.5371949136799685
ENSG00000139173.10,0.5371891278206344
ENSG00000181638.20,0.537108550732066
ENSG00000163093.12,0.5370577252782855
ENSG00000117298.16,0.536984084957783
ENSG00000248890.2,0.5369778961826931
ENSG00000232310.8,0.5369680094296224
ENSG00000156469.9,0.536953552121759
ENSG00000198873.12,0.5369373237983319
ENSG00000130347.13,0.5369131714646529
ENSG00000105185.12,0.5369046948904752
ENSG00000019144.19,0.5366150308616574
ENSG00000106348.18,0.536520708303699
ENSG00000184786.6,0.5364329071845474
ENSG00000215769.8,0.5364225348085295
ENSG00000106113.19,0.5364111602466839
ENSG00000080824.19,0.5364091382763697
ENSG00000231908.1,0.5363470294453866
ENSG00000277449.1,0.5363389739865955
ENSG00000096063.16,0.536116674054354
ENSG00000240006.1,0.536086391504524
ENSG00000184076.13,0.5360724641483059
ENSG00000127580.17,0.5360035510712722
ENSG00000135414.10,0.5359668387054596
ENSG00000007952.18,0.5359182166112245
ENSG00000275426.1,0.5359152102187036
ENSG00000002079.14,0.535911024656521
ENSG00000241547.1,0.5358900261826558
ENSG00000229274.2,0.535865359829662
ENSG00000168701.19,0.53586204717831
ENSG00000133131.15,0.5357994231680321
ENSG00000104154.7,0.53576267733888
ENSG00000261663.1,0.5357531847325933
ENSG00000166171.13,0.5356566366676433
ENSG00000177599.13,0.5356525221882547
ENSG00000223403.6,0.5356375520644938
ENSG00000064961.19,0.5356130289781281
ENSG00000101353.15,0.5356039221463351
ENSG00000261600.1,0.5355993365864135
ENSG00000267142.1,0.5354947948423973
ENSG00000104852.15,0.5354890131734913
ENSG00000286810.1,0.5353790830852639
ENSG00000265298.1,0.5353220398458128
ENSG00000186675.7,0.535282972693789
ENSG00000119673.14,0.5352247659818856
ENSG00000126861.5,0.5351406708897475
ENSG00000168101.14,0.535077857916677
ENSG00000217648.1,0.5350539769251441
ENSG00000140199.13,0.5350311910775633
ENSG00000130810.20,0.5350209028117626
ENSG00000237773.7,0.5349388160818426
ENSG00000229272.2,0.5349251437078308
ENSG00000125503.13,0.5349219658760772
ENSG00000197969.14,0.5349155713223208
ENSG00000248787.2,0.5349136909203404
ENSG00000204435.15,0.5349120272705252
ENSG00000060749.16,0.5348582270385411
ENSG00000224950.2,0.534857314779151
ENSG00000186073.14,0.5348561654635484
ENSG00000284730.1,0.5348207123220019
ENSG00000197535.15,0.5348135279485994
ENSG00000274561.1,0.5347601440702028
ENSG00000261857.7,0.5347512874468177
ENSG00000111602.12,0.5347433167695763
ENSG00000287720.1,0.5347430212861063
ENSG00000239665.8,0.534737653571706
ENSG00000165511.6,0.5347108244456004
ENSG00000164823.11,0.5347078125491043
ENSG00000273014.1,0.534686646139639
ENSG00000225746.13,0.5345240205644107
ENSG00000236165.1,0.5345138944071471
ENSG00000234332.1,0.5344776855983101
ENSG00000197372.10,0.5344775047426439
ENSG00000100360.15,0.5344646822830211
ENSG00000281731.3,0.5344577828197428
ENSG00000257596.1,0.5344495410103519
ENSG00000275710.1,0.5344416265179214
ENSG00000166856.3,0.5344094348502612
ENSG00000266173.7,0.5343956803750008
ENSG00000279894.1,0.5343177497547841
ENSG00000284691.1,0.534304640314541
ENSG00000182718.18,0.534288716288006
ENSG00000226312.7,0.5342868875342204
ENSG00000232355.2,0.5342832182202187
ENSG00000277938.1,0.5342284615037542
ENSG00000229525.1,0.5341876002518023
ENSG00000176024.18,0.5341612485611402
ENSG00000261218.5,0.5340725935929493
ENSG00000085871.9,0.5339662744423703
ENSG00000211798.3,0.5339661120813289
ENSG00000175538.11,0.5339449530729166
ENSG00000264808.1,0.5339435809970199
ENSG00000015532.10,0.5339068172955982
ENSG00000163728.11,0.533875125817741
ENSG00000224287.2,0.5338574248123857
ENSG00000197272.2,0.5338301445398113
ENSG00000267493.4,0.533794916318654
ENSG00000256061.7,0.5337618517487006
ENSG00000279029.1,0.5337431071771167
ENSG00000228950.1,0.5337179127342587
ENSG00000258867.6,0.5336870882238844
ENSG00000126215.14,0.5336262658890031
ENSG00000100605.17,0.5335768414773403
ENSG00000168852.13,0.533481701028948
ENSG00000223797.6,0.5334311870377758
ENSG00000280107.1,0.5334160944950677
ENSG00000285653.1,0.5332709196404836
ENSG00000287878.1,0.5332655383899285
ENSG00000189144.14,0.5331603312693544
ENSG00000153443.13,0.5331360962012921
ENSG00000198754.5,0.5330698092091066
ENSG00000277744.1,0.5330506307989431
ENSG00000215424.10,0.5330287008853954
ENSG00000184995.7,0.5329593178637404
ENSG00000179454.14,0.5329382546370016
ENSG00000155719.18,0.5328545273085572
ENSG00000265975.1,0.532847268432493
ENSG00000259326.1,0.53278856740746106
ENSG00000146426.18,0.5327832745797955
ENSG00000170469.11,0.5327815248255334
ENSG00000226084.5,0.5327386733788745
ENSG00000181778.5,0.5327153294780034
ENSG00000267651.1,0.5325950831237228
ENSG00000264577.1,0.5325207330284687
ENSG00000224822.1,0.5324689460320822
ENSG00000247679.3,0.5324065459519888
ENSG00000287265.1,0.5323926851909734
ENSG00000053702.15,0.5323422191106334
ENSG00000227910.1,0.5322973767728256
ENSG00000132155.13,0.5322670290275824
ENSG00000255152.8,0.5322582589786612
ENSG00000156869.14,0.532156885193302
ENSG00000213236.3,0.5321264222122768
ENSG00000102796.11,0.5321204139661072
ENSG00000227199.1,0.5320386351351235
ENSG00000175322.12,0.5319907520568224
ENSG00000258343.2,0.5319866760454048
ENSG00000170100.14,0.531946779252751
ENSG00000121057.13,0.5319213097168868
ENSG00000131097.7,0.5318700870147891
ENSG00000119403.15,0.5318096773025814
ENSG00000184060.11,0.5318080232230874
ENSG00000106991.14,0.5318064770247622
ENSG00000286320.1,0.5317727367092179
ENSG00000108187.16,0.5317529588637269
ENSG00000196301.3,0.5317317256901519
ENSG00000281903.2,0.5317064476804045
ENSG00000224905.7,0.5316651862299804
ENSG00000125170.11,0.5316110793010633
ENSG00000143772.9,0.5315839256093582
ENSG00000224939.1,0.5315718162132482
ENSG00000168778.12,0.5315684762176672
ENSG00000133026.13,0.531561474471982
ENSG00000175193.14,0.5315522377956843
ENSG00000254093.9,0.5315205311147344
ENSG00000137124.8,0.5314408024830736
ENSG00000197763.19,0.5313838261527658
ENSG00000178127.13,0.5313730446082592
ENSG00000035115.22,0.5313635022283257
ENSG00000099875.15,0.5313456755209948
ENSG00000259940.2,0.531323270244502
ENSG00000186150.5,0.5313140827524752
ENSG00000226581.2,0.531297492872523
ENSG00000267532.5,0.5312941144162727
ENSG00000231705.1,0.5312557087981156
ENSG00000237529.2,0.5312358125579281
ENSG00000233452.7,0.5311465292313468
ENSG00000272491.1,0.5311379308606246
ENSG00000237379.1,0.5310857961763222
ENSG00000146416.19,0.5310370228371545
ENSG00000231500.7,0.5310326497111367
ENSG00000104133.15,0.531005507310139
ENSG00000004399.13,0.5309263651450272
ENSG00000287837.1,0.530902487051195
ENSG00000111644.8,0.5308704000255086
ENSG00000286264.2,0.5308647260287905
ENSG00000251611.1,0.5307936611949244
ENSG00000205238.9,0.5307532897485432
ENSG00000162512.16,0.5306521500148488
ENSG00000170677.6,0.5305876768028366
ENSG00000183889.12,0.5305532362225316
ENSG00000271833.1,0.5304935138834476
ENSG00000188305.6,0.5304410137874456
ENSG00000285219.2,0.5304278187682373
ENSG00000196313.11,0.5304222913444293
ENSG00000154767.15,0.5303624752946623
ENSG00000165732.13,0.5302557202241047
ENSG00000087191.13,0.530249898006623
ENSG00000197619.14,0.53015252425204
ENSG00000169136.12,0.5301475547455764
ENSG00000135473.15,0.5300924675090256
ENSG00000225231.2,0.5300712737737144
ENSG00000116641.18,0.5300185287911556
ENSG00000227896.2,0.5298224886867461
ENSG00000077150.20,0.5298070682113953
ENSG00000173660.12,0.5297624056444827
ENSG00000203326.12,0.5297237800311059
ENSG00000166228.9,0.5296759227173048
ENSG00000198563.14,0.5296741133110117
ENSG00000265452.1,0.529618295298567
ENSG00000230067.3,0.5295731751372893
ENSG00000240567.1,0.5295429234775958
ENSG00000114735.10,0.5294901082896236
ENSG00000261819.1,0.5294469589503711
ENSG00000178665.16,0.5294041115035657
ENSG00000158691.14,0.5293939641323736
ENSG00000112245.12,0.5293893721551256
ENSG00000238755.3,0.529383105489506
ENSG00000123143.13,0.5293780317053823
ENSG00000129911.9,0.5293598494206938
ENSG00000185958.10,0.5293304887355469
ENSG00000116747.13,0.5292785428858884
ENSG00000272316.1,0.52923271675402
ENSG00000242071.3,0.5291400618718778
ENSG00000231119.2,0.5290566225703662
ENSG00000281831.1,0.5290351902620085
ENSG00000265413.1,0.5290317306625824
ENSG00000272192.1,0.5290233090518728
ENSG00000138326.21,0.5289873816282941
ENSG00000228655.7,0.5289337843481456
ENSG00000223768.2,0.5289071592677933
ENSG00000171357.6,0.5289062362671954
ENSG00000253521.2,0.5288581861604852
ENSG00000243708.10,0.52884314185888
ENSG00000184083.12,0.528770311466457
ENSG00000162769.13,0.5287566729324981
ENSG00000288068.1,0.5286292992342959
ENSG00000273061.1,0.5286154274541042
ENSG00000151612.18,0.5285615260536736
ENSG00000234147.1,0.5285465904880507
ENSG00000270110.2,0.5285280847589305
ENSG00000093217.11,0.5284720756027776
ENSG00000188321.13,0.5284339401147641
ENSG00000269646.1,0.5284319147665546
ENSG00000130204.13,0.5283951077906196
ENSG00000259845.1,0.52829301428793
ENSG00000163702.20,0.5282825314774913
ENSG00000091128.13,0.5282605779519169
ENSG00000234779.1,0.5282362913169417
ENSG00000265511.1,0.5282302309530508
ENSG00000186352.9,0.5282248027825998
ENSG00000154945.7,0.5282168099116301
ENSG00000101751.10,0.5282003397685806
ENSG00000235138.1,0.5281845566628215
ENSG00000261329.6,0.5281821005547034
ENSG00000180198.16,0.5281754176417529
ENSG00000072110.15,0.5281253031502746
ENSG00000139517.9,0.5281145346463012
ENSG00000286100.1,0.5281048184206839
ENSG00000272525.1,0.5280537993340592
ENSG00000223685.6,0.5280520557558279
ENSG00000072422.17,0.5280513402220296
ENSG00000011405.13,0.528036890225085
ENSG00000286781.1,0.528014262531324
ENSG00000260989.1,0.5278814846079996
ENSG00000281189.1,0.527871639637195
ENSG00000269892.1,0.527855682762531
ENSG00000119608.14,0.5278488206630362
ENSG00000139567.13,0.5278486441324598
ENSG00000164032.12,0.527783240119383
ENSG00000114739.14,0.527771067304494
ENSG00000185122.11,0.5277473752516219
ENSG00000286011.1,0.5277317860392162
ENSG00000231010.1,0.5276869082004314
ENSG00000165983.14,0.5276612541023193
ENSG00000272870.3,0.5276526580710849
ENSG00000236682.2,0.5275586014409424
ENSG00000274775.2,0.5275087786180426
ENSG00000221539.1,0.5274818986482684
ENSG00000130787.14,0.5274686572761638
ENSG00000198242.14,0.5274616494469876
ENSG00000105220.17,0.5274450450492897
ENSG00000287336.1,0.5274160806102671
ENSG00000250015.1,0.5273881207534246
ENSG00000251323.3,0.527262268002144
ENSG00000108406.10,0.5272521073819987
ENSG00000186314.11,0.5272031464465838
ENSG00000233818.1,0.5271281936259876
ENSG00000163820.15,0.5271129240214963
ENSG00000149823.9,0.5270763327200445
ENSG00000250334.6,0.5270687589602214
ENSG00000106785.15,0.5270470284295502
ENSG00000104756.16,0.5270217024330237
ENSG00000182545.6,0.5269618074905251
ENSG00000155875.15,0.5269411708418743
ENSG00000217862.2,0.5269220211885971
ENSG00000120334.15,0.5269006609363255
ENSG00000230280.2,0.5268994658303016
ENSG00000141965.5,0.5268501803336076
ENSG00000260911.2,0.52683087647518
ENSG00000258352.1,0.5268237439194015
ENSG00000112249.14,0.526795806800309
ENSG00000161981.11,0.5267730774710498
ENSG00000179058.7,0.5267019972802205
ENSG00000238078.1,0.526622222951911
ENSG00000146112.12,0.5265701672091401
ENSG00000164916.11,0.5265304169405842
ENSG00000213658.12,0.526506849676167
ENSG00000173905.9,0.5265004884683342
ENSG00000228589.3,0.5264749571501778
ENSG00000162607.13,0.5264604567398161
ENSG00000197744.5,0.5264452589117097
ENSG00000114779.19,0.5262399944908184
ENSG00000272037.1,0.526223732160023
ENSG00000224295.3,0.5260703764577911
ENSG00000255121.2,0.5260702877818629
ENSG00000132825.7,0.5260450800831977
ENSG00000286535.1,0.5260229810301847
ENSG00000163346.17,0.5259490485565964
ENSG00000231829.4,0.5259287755169675
ENSG00000226221.1,0.525902464277468
ENSG00000286408.1,0.5258789226901233
ENSG00000172469.16,0.5258745703948714
ENSG00000237484.6,0.5256400366426958
ENSG00000278668.1,0.5255655202840452
ENSG00000182870.13,0.5255574298519287
ENSG00000182768.9,0.5255143816519705
ENSG00000259728.5,0.5255023818382398
ENSG00000183060.15,0.5254904468911333
ENSG00000236671.9,0.525481359826242
ENSG00000104218.16,0.525422815285559
ENSG00000234062.8,0.5254080970537676
ENSG00000255122.1,0.525389230252618
ENSG00000237276.8,0.5253847489129743
ENSG00000100600.15,0.5253705472562847
ENSG00000167685.15,0.5253234019203876
ENSG00000174516.15,0.5252948328502356
ENSG00000165813.20,0.525188010739461
ENSG00000270021.1,0.5251840668658663
ENSG00000213693.4,0.5251515822331764
ENSG00000232480.1,0.5250657548614438
ENSG00000286132.1,0.5250259327942
ENSG00000108639.8,0.5249929876189828
ENSG00000260101.1,0.5248637409151737
ENSG00000164896.20,0.5248482018383709
ENSG00000214892.4,0.524817816343388
ENSG00000196275.14,0.5248033189814685
ENSG00000130706.13,0.5247878611821545
ENSG00000156162.16,0.5246537640345537
ENSG00000231621.1,0.5246201347805077
ENSG00000228741.2,0.5245415229109381
ENSG00000137288.10,0.5244872322178199
ENSG00000138658.16,0.5244832877724213
ENSG00000186106.11,0.5244252412284506
ENSG00000236456.1,0.524399363874778
ENSG00000227999.1,0.5243971884272683
ENSG00000104325.7,0.5243718693201799
ENSG00000271784.1,0.5243195056393323
ENSG00000151422.13,0.5242002566171842
ENSG00000211698.2,0.5241519337831558
ENSG00000233087.7,0.5241462955864221
ENSG00000197147.15,0.5241194260447877
ENSG00000105618.14,0.5241180070223184
ENSG00000170917.14,0.5241032760018028
ENSG00000166441.13,0.524007637275341
ENSG00000104886.12,0.5238461109134968
ENSG00000236761.6,0.5238113438053433
ENSG00000243422.2,0.5237942613201165
ENSG00000255389.1,0.5237851173678864
ENSG00000218418.2,0.5237145682204879
ENSG00000186452.11,0.5237136695820179
ENSG00000166886.13,0.5237020929104776
ENSG00000270362.1,0.5236951516744013
ENSG00000283445.1,0.523688640415494
ENSG00000213885.4,0.5236303095782159
ENSG00000128595.17,0.5236120615617578
ENSG00000181074.4,0.5235061263015052
ENSG00000256043.4,0.5233946547824063
ENSG00000109971.14,0.523334087697653
ENSG00000118689.15,0.5232646280586425
ENSG00000197363.9,0.5231242769262485
ENSG00000157782.9,0.5230842653992293
ENSG00000284734.1,0.5230012411482019
ENSG00000047230.15,0.5229402980200406
ENSG00000174521.7,0.5229256988989938
ENSG00000275318.1,0.5228549792025616
ENSG00000160113.5,0.5228373013012914
ENSG00000134899.23,0.5228066025587353
ENSG00000259015.1,0.5228021036474352
ENSG00000230590.11,0.5227905805790632
ENSG00000238197.6,0.5227450595814781
ENSG00000205578.6,0.5227005640567864
ENSG00000229950.1,0.5226871423218817
ENSG00000198911.12,0.5226778604026139
ENSG00000197361.8,0.5226496007975951
ENSG00000100359.21,0.5226208341626422
ENSG00000142556.19,0.5226123242581189
ENSG00000267682.1,0.5225630820411323
ENSG00000152443.13,0.5225562869819635
ENSG00000234797.5,0.5224486039197354
ENSG00000075239.14,0.5224410782796128
ENSG00000203756.8,0.5224001585212069
ENSG00000186088.16,0.5223950073730432
ENSG00000269386.5,0.5222856897761227
ENSG00000286215.1,0.5222645430198404
ENSG00000279865.1,0.522242183385685
ENSG00000166275.16,0.5222205401861872
ENSG00000198168.9,0.522210063698561
ENSG00000197122.12,0.5222095879107453
ENSG00000273987.1,0.5221723451896164
ENSG00000281327.2,0.5221120017478799
ENSG00000197958.13,0.5220103280068881
ENSG00000179832.17,0.5219473912563767
ENSG00000165802.23,0.5218976942170311
ENSG00000119471.15,0.5218789269121855
ENSG00000027075.15,0.5218580688813222
ENSG00000258811.1,0.5218437432497839
ENSG00000101883.5,0.5218280137478379
ENSG00000122008.15,0.521815982952561
ENSG00000102910.14,0.5217166846102305
ENSG00000233038.6,0.5216795186217746
ENSG00000158158.12,0.5216733449769043
ENSG00000253223.1,0.5215378835166515
ENSG00000229358.3,0.5215104915976043
ENSG00000148450.13,0.5213748202754024
ENSG00000075426.12,0.5213435572670343
ENSG00000146755.11,0.5211888488326988
ENSG00000272482.1,0.5211014266510654
ENSG00000116652.6,0.5210600889789823
ENSG00000287134.1,0.5210548030244355
ENSG00000232611.1,0.5210462731458892
ENSG00000125454.12,0.520932460399031
ENSG00000133119.13,0.5208993839563029
ENSG00000268858.2,0.520888937741985
ENSG00000280374.1,0.5208760749331915
ENSG00000235721.1,0.5208597046873835
ENSG00000237984.3,0.5208187414801484
ENSG00000267858.6,0.5207978208798116
ENSG00000204623.9,0.5207956946661447
ENSG00000260077.1,0.5207555773615395
ENSG00000261996.1,0.5207336226003929
ENSG00000284882.1,0.5205872365161903
ENSG00000134590.14,0.5205740970777816
ENSG00000260063.1,0.520536693962543
ENSG00000285212.1,0.5204925362557791
ENSG00000083845.9,0.5204628740939828
ENSG00000205086.8,0.5204032954601011
ENSG00000277831.1,0.5203678317274852
ENSG00000175634.15,0.5203493144470102
ENSG00000168575.10,0.5202807824670928
ENSG00000161011.20,0.5201702716411326
ENSG00000104129.10,0.5201529722626302
ENSG00000213512.3,0.5201504289387501
ENSG00000204920.11,0.5201039322573204
ENSG00000280304.1,0.5200480573882588
ENSG00000177054.14,0.5199938355030055
ENSG00000133250.14,0.5199499955992856
ENSG00000287419.1,0.5199383724770305
ENSG00000129625.13,0.5198847168790265
ENSG00000262879.6,0.5198141296098183
ENSG00000232682.2,0.5198105103159218
ENSG00000165288.11,0.5197470193393086
ENSG00000109762.16,0.5196374778556763
ENSG00000224184.6,0.519575516471229
ENSG00000179630.11,0.5195726533813697
ENSG00000100100.13,0.5195519891736257
ENSG00000066405.13,0.51942416836927785
ENSG00000198315.11,0.5194083627286588
ENSG00000145002.12,0.5193520130302708
ENSG00000168172.9,0.5193193119214761
ENSG00000072682.19,0.519216121018693
ENSG00000164944.12,0.5191975332093596
ENSG00000226180.3,0.5191594909873306
ENSG00000175746.6,0.5191067966004156
ENSG00000256683.7,0.519053392395804
ENSG00000253598.3,0.519045191795202
ENSG00000235560.4,0.5190039703994217
ENSG00000284959.2,0.5189745489321677
ENSG00000237914.5,0.518885634497536
ENSG00000243056.2,0.5188464128552089
ENSG00000215126.10,0.5187893693637011
ENSG00000155366.17,0.5187543109256519
ENSG00000196511.14,0.5187485809209141
ENSG00000124104.19,0.5187344420643821
ENSG00000176731.12,0.5186657047713216
ENSG00000197608.11,0.518628745718684
ENSG00000074660.16,0.5185825800388996
ENSG00000229196.4,0.5185546339605721
ENSG00000285805.1,0.5184843548265973
ENSG00000147586.10,0.5184042994653194
ENSG00000100241.21,0.5183937672203546
ENSG00000134419.15,0.5183685109584122
ENSG00000133639.6,0.5183533117434425
ENSG00000179168.15,0.518272210364877
ENSG00000213433.5,0.5182264708554248
ENSG00000181781.9,0.5182195398137353
ENSG00000257838.5,0.5181949111939669
ENSG00000232995.7,0.5181339220282603
ENSG00000131089.17,0.518102144024449
ENSG00000204852.16,0.518058487014307
ENSG00000246225.7,0.5180414699287912
ENSG00000231006.1,0.518021107003098
ENSG00000181322.15,0.5179993735054186
ENSG00000137492.8,0.5179445630134044
ENSG00000142937.12,0.5178070943898263
ENSG00000261652.3,0.51774292680199
ENSG00000274270.1,0.5177057722545247
ENSG00000273305.1,0.5176884968252492
ENSG00000143324.14,0.5176769463036662
ENSG00000100147.14,0.5176388209864983
ENSG00000243517.1,0.51753943121551
ENSG00000263753.8,0.5175208357522393
ENSG00000011638.11,0.5175198551049246
ENSG00000283959.1,0.5174724667367844
ENSG00000129749.3,0.5174698463604896
ENSG00000259091.1,0.5174396039760107
ENSG00000063438.19,0.5173999777335989
ENSG00000278876.1,0.517373789158871
ENSG00000279786.1,0.5173707235010689
ENSG00000272767.1,0.5173638146487436
ENSG00000252498.1,0.5173454250714256
ENSG00000247934.4,0.5173296800503423
ENSG00000219201.4,0.5173130956735275
ENSG00000227268.5,0.5173038895065336
ENSG00000118418.14,0.5171952164143283
ENSG00000124177.15,0.5171822751042805
ENSG00000256223.6,0.5171819018841497
ENSG00000198546.15,0.517158173408521
ENSG00000269427.1,0.5170077468457549
ENSG00000132256.19,0.516989946817043
ENSG00000204277.1,0.5169066582424809
ENSG00000230715.3,0.5168928147554479
ENSG00000279989.1,0.516892650223314
ENSG00000285571.1,0.516834797403592
ENSG00000103994.18,0.5168306730762495
ENSG00000175727.14,0.5168222511887691
ENSG00000229168.4,0.516794858269526
ENSG00000141698.17,0.5167862341256498
ENSG00000246526.2,0.5167616321078219
ENSG00000279129.1,0.5167188550942093
ENSG00000165801.10,0.5167136827762316
ENSG00000102572.15,0.5166856353647765
ENSG00000232821.1,0.5166804119692764
ENSG00000088356.6,0.5166648918218418
ENSG00000168517.10,0.5165216194723826
ENSG00000226386.1,0.516519082030817
ENSG00000232630.1,0.5165147893120313
ENSG00000279549.1,0.5165108892848433
ENSG00000177425.11,0.5165064248244251
ENSG00000259775.1,0.5164952275073067
ENSG00000124155.18,0.5164834958526568
ENSG00000213700.3,0.5164477071562742
ENSG00000100191.6,0.5164233232847909
ENSG00000124251.11,0.5163970298514862
ENSG00000131495.9,0.5163667639150112
ENSG00000250893.1,0.5163262761223897
ENSG00000102699.6,0.5162335219862574
ENSG00000126746.17,0.516040143804429
ENSG00000177096.9,0.516035110661081
ENSG00000243230.1,0.5160290276431403
ENSG00000178980.15,0.5158756484154263
ENSG00000101911.13,0.5158748441104843
ENSG00000168734.14,0.5157896833240262
ENSG00000140848.17,0.5157840755662992
ENSG00000215190.9,0.5157795371693019
ENSG00000116017.11,0.5157009841218462
ENSG00000180279.7,0.5156782921102945
ENSG00000088727.13,0.5156679283026765
ENSG00000233384.3,0.5156406547263863
ENSG00000183978.8,0.5156168266801223
ENSG00000235086.1,0.5155758071216726
ENSG00000227765.4,0.5155734998839094
ENSG00000125084.12,0.5155720770636644
ENSG00000088280.19,0.5155702503204831
ENSG00000278467.1,0.5155343454659174
ENSG00000196776.17,0.5154840976896365
ENSG00000240771.8,0.5154779336427174
ENSG00000099385.12,0.5154607883439901
ENSG00000245522.2,0.5153988977693635
ENSG00000239246.3,0.5153734245794155
ENSG00000174738.13,0.515360643426564
ENSG00000196187.12,0.5152976628446145
ENSG00000179300.4,0.5152557125009186
ENSG00000163932.15,0.5152480971999666
ENSG00000134884.15,0.5151773710023482
ENSG00000153558.16,0.5151723132556191
ENSG00000163755.9,0.5151495259759734
ENSG00000286122.1,0.5151026475601616
ENSG00000253667.2,0.5150799335300639
ENSG00000237181.1,0.5150647532258259
ENSG00000224220.1,0.5149962773007626
ENSG00000023287.13,0.5149613039297085
ENSG00000205476.9,0.514955184785991
ENSG00000198298.13,0.5149021267995957
ENSG00000170113.16,0.5148352848589558
ENSG00000198064.13,0.5147744904386938
ENSG00000269044.2,0.5147385515138584
ENSG00000130349.10,0.5147373689237764
ENSG00000287367.1,0.5146114713178654
ENSG00000153487.13,0.5146009308781254
ENSG00000189050.16,0.5145334319349711
ENSG00000132196.15,0.5144613878711145
ENSG00000196391.11,0.5144545878537392
ENSG00000224003.1,0.5144504573973793
ENSG00000185065.6,0.5144502970313983
ENSG00000254910.1,0.5144084593317814
ENSG00000141040.15,0.5143268222211733
ENSG00000182541.18,0.5143196789901482
ENSG00000278600.1,0.5143119970740978
ENSG00000279948.1,0.5142596397725455
ENSG00000140990.15,0.5142502614825412
ENSG00000224982.4,0.5142362699088373
ENSG00000273267.1,0.514209257881229
ENSG00000172789.3,0.5141894111483263
ENSG00000276805.2,0.5141471216495224
ENSG00000100934.15,0.5139511654296964
ENSG00000170145.5,0.5139280233203128
ENSG00000166595.12,0.513901094321303
ENSG00000234782.3,0.5138427847156184
ENSG00000162997.15,0.51378862410048
ENSG00000120690.16,0.5137775230865781
ENSG00000132361.18,0.513719688169854
ENSG00000285877.1,0.5137014607972218
ENSG00000279659.1,0.5137012504314009
ENSG00000273160.1,0.5136510992473879
ENSG00000217128.12,0.5136249037626359
ENSG00000135723.14,0.5136051057265938
ENSG00000164039.15,0.513600087035338
ENSG00000117385.16,0.5135958826323956
ENSG00000273691.1,0.5135948866363429
ENSG00000278133.1,0.5135705627235253
ENSG00000286413.1,0.5135601980783464
ENSG00000141012.13,0.5135375659318878
ENSG00000260953.1,0.5135234839002608
ENSG00000069966.19,0.5134963247600512
ENSG00000287868.1,0.5134768283843939
ENSG00000126768.12,0.5134408975349898
ENSG00000261221.4,0.5134400355767159
ENSG00000230303.6,0.513433129421845
ENSG00000253476.1,0.5134064538883566
ENSG00000138152.10,0.5133975355949666
ENSG00000100612.14,0.5133851084832599
ENSG00000149084.13,0.5133649783359298
ENSG00000143801.18,0.513314732819236
ENSG00000172955.17,0.5132185029329283
ENSG00000226644.5,0.5132043566560675
ENSG00000232368.1,0.5132016163770304
ENSG00000140955.11,0.5131661333608617
ENSG00000232926.1,0.5131615963930473
ENSG00000237506.3,0.5130920983476152
ENSG00000269399.2,0.5130720325026142
ENSG00000204882.4,0.5130233582853652
ENSG00000171863.15,0.5129904906459795
ENSG00000237441.10,0.5129779484847798
ENSG00000159840.16,0.512974564234754
ENSG00000196465.10,0.5129510468652804
ENSG00000110711.10,0.5129265461887514
ENSG00000139914.6,0.512896647544702
ENSG00000287721.1,0.5128671196563495
ENSG00000160007.19,0.5128396623015072
ENSG00000121053.6,0.5128341851421367
ENSG00000276842.1,0.5128315476334993
ENSG00000257093.7,0.5128241252450128
ENSG00000283141.1,0.5127066093975898
ENSG00000081692.12,0.5127044262782257
ENSG00000120215.10,0.5127013850537756
ENSG00000129673.10,0.5125981810986896
ENSG00000234130.2,0.5125521892647098
ENSG00000277383.1,0.5124880195894747
ENSG00000113712.19,0.5124094376513979
ENSG00000286545.1,0.5123914478043972
ENSG00000157796.18,0.5123712033812777
ENSG00000177462.7,0.5123589756659979
ENSG00000286708.1,0.5123417827301567
ENSG00000279799.1,0.5123305430747914
ENSG00000230724.9,0.5122421875230604
ENSG00000287619.1,0.512208559318838
ENSG00000150977.10,0.5120987904402385
ENSG00000259863.1,0.5120931995689205
ENSG00000174547.13,0.5120634681127872
ENSG00000232860.8,0.5120391597569087
ENSG00000038382.20,0.5120215123277737
ENSG00000139112.11,0.5119998254676259
ENSG00000051620.11,0.5119830896434203
ENSG00000064115.11,0.5119767454395239
ENSG00000201772.1,0.5119614347806072
ENSG00000182057.5,0.5119572230975772
ENSG00000175073.8,0.5119397665757591
ENSG00000271947.1,0.5118159385812813
ENSG00000263718.2,0.5116857436057416
ENSG00000257135.7,0.5116521924965449
ENSG00000196433.13,0.5115585922905127
ENSG00000248050.1,0.5115511945191661
ENSG00000272142.4,0.5115426716158856
ENSG00000232811.1,0.5114926510722786
ENSG00000055609.19,0.5114924991715252
ENSG00000270157.1,0.5114301311338263
ENSG00000143067.5,0.5114208874034661
ENSG00000276742.1,0.5113819772245876
ENSG00000167106.12,0.5113805106927328
ENSG00000271425.9,0.5113229186494879
ENSG00000147364.17,0.5112723944784886
ENSG00000205037.2,0.511265287631322
ENSG00000257252.6,0.5111770373027008
ENSG00000226519.2,0.5110191347622078
ENSG00000278546.1,0.5109701989131863
ENSG00000163482.12,0.5109137436738549
ENSG00000105866.15,0.5107280552773603
ENSG00000213839.4,0.510711881841628
ENSG00000184988.8,0.5106831803047943
ENSG00000187607.16,0.5104699844269702
ENSG00000118420.17,0.5104501300026033
ENSG00000204791.10,0.5104010568007104
ENSG00000272420.1,0.5103811342946318
ENSG00000163521.16,0.5103296934756533
ENSG00000075391.17,0.5103084082122874
ENSG00000169814.16,0.5102610242480649
ENSG00000100629.17,0.5102251003327866
ENSG00000270689.1,0.5101816375019612
ENSG00000198862.14,0.5101813343452952
ENSG00000120647.10,0.510169276394622
ENSG00000287710.1,0.5100535813813976
ENSG00000125505.17,0.5100487812586268
ENSG00000120539.15,0.5099567361277649
ENSG00000163006.12,0.5099349130425134
ENSG00000269889.1,0.5099015974852459
ENSG00000240654.6,0.5098925227196502
ENSG00000182873.5,0.5098714658665382
ENSG00000197562.10,0.5098427841728509
ENSG00000287104.1,0.5098098612648617
ENSG00000137094.15,0.5097545801458021
ENSG00000205669.4,0.5097291062384546
ENSG00000285090.1,0.5097009182525385
ENSG00000084234.18,0.5096422475312081
ENSG00000189068.11,0.5096108513805859
ENSG00000243885.1,0.509577736556206
ENSG00000286331.1,0.5095180843426098
ENSG00000188828.12,0.5094952148018435
ENSG00000117593.12,0.5094067997631987
ENSG00000284128.1,0.5093421986058141
ENSG00000168939.12,0.5093022294195559
ENSG00000197620.11,0.5092986293598989
ENSG00000233306.2,0.5092760359108455
ENSG00000224616.3,0.5091989283915472
ENSG00000267325.2,0.5091948649718844
ENSG00000125841.13,0.5091705347945578
ENSG00000167904.15,0.509160400941344
ENSG00000281692.2,0.5091381296288195
ENSG00000261208.1,0.5090983435650965
ENSG00000214140.11,0.5090736081939393
ENSG00000231187.3,0.509036060800509
ENSG00000220517.2,0.5090132424900212
ENSG00000196642.19,0.5090074485751718
ENSG00000184992.13,0.5089811180898711
ENSG00000283696.1,0.5088904431247101
ENSG00000011258.16,0.508820629949849
ENSG00000231365.6,0.5088074725613941
ENSG00000137177.20,0.5087575687677433
ENSG00000275719.1,0.5087545707122694
ENSG00000163050.18,0.5087218243889507
ENSG00000267745.1,0.5086942871502909
ENSG00000270344.3,0.5086151608244576
ENSG00000156671.15,0.5085415307470035
ENSG00000279296.1,0.508527641289571
ENSG00000215866.8,0.5084846859429285
ENSG00000270091.1,0.5084347105877032
ENSG00000229727.7,0.5084174095671727
ENSG00000181938.14,0.5083890239996918
ENSG00000272277.1,0.5083576522655457
ENSG00000229116.3,0.5083345824328372
ENSG00000154359.13,0.5081752058898192
ENSG00000254417.1,0.508153785711271
ENSG00000164663.14,0.5081343994182835
ENSG00000230910.4,0.5080761816886723
ENSG00000239264.9,0.5080576071750289
ENSG00000174744.14,0.5080502709985655
ENSG00000183763.9,0.508047686156412
ENSG00000188779.12,0.5080127906261644
ENSG00000227189.2,0.5079782296494119
ENSG00000162139.10,0.5079322371883739
ENSG00000064547.14,0.5077479374408306
ENSG00000178605.13,0.5077422429318315
ENSG00000078487.17,0.5077400063367503
ENSG00000100218.12,0.5076984045135654
ENSG00000211699.2,0.5076723402859514
ENSG00000221882.3,0.5076598995042086
ENSG00000272655.2,0.5076533116347373
ENSG00000232633.4,0.5075281748233794
ENSG00000229769.2,0.5075242613418068
ENSG00000248746.6,0.5075137354855128
ENSG00000279569.1,0.5074290020429378
ENSG00000165698.16,0.5074085749999968
ENSG00000256694.1,0.5073905197352334
ENSG00000272034.1,0.5073711242599236
ENSG00000128294.16,0.5073609316024673
ENSG00000276509.1,0.5072689331965302
ENSG00000285791.1,0.5072467198661803
ENSG00000239521.9,0.5072460380925928
ENSG00000254604.1,0.5072151845003334
ENSG00000198918.8,0.5071795118840446
ENSG00000282173.1,0.5071109676208616
ENSG00000153044.10,0.50702808498219
ENSG00000204653.10,0.5069689690313057
ENSG00000259920.1,0.5068474356869338
ENSG00000128253.15,0.5067730329262591
ENSG00000273771.1,0.5066770360596198
ENSG00000274184.1,0.5066657981956891
ENSG00000105321.14,0.5066268014569448
ENSG00000112578.10,0.5066180522816092
ENSG00000107338.10,0.5065810171546608
ENSG00000231638.1,0.5065721163821316
ENSG00000121903.14,0.5065568514641938
ENSG00000260777.1,0.5065147976167529
ENSG00000050820.17,0.5064389622497825
ENSG00000130669.17,0.5064147396270874
ENSG00000101596.16,0.506406490104865
ENSG00000233264.2,0.506398935024528
ENSG00000120664.11,0.5063345064486263
ENSG00000287218.1,0.5062180959760284
ENSG00000126249.8,0.5061325206648144
ENSG00000257924.1,0.5061049417127389
ENSG00000267097.1,0.5060211676217072
ENSG00000107020.10,0.505998061111445
ENSG00000276337.1,0.5059910265192474
ENSG00000231728.5,0.505988122649249
ENSG00000109771.15,0.5059741089002071
ENSG00000081665.14,0.5059647898552274
ENSG00000103540.16,0.5059533918544353
ENSG00000186594.14,0.505839911560434
ENSG00000225125.2,0.5058237352422438
ENSG00000237637.1,0.5057789257194223
ENSG00000176659.9,0.5057674234897803
ENSG00000138698.15,0.5057514495246326
ENSG00000102531.16,0.5057426313511139
ENSG00000229178.1,0.5057219916174698
ENSG00000115738.10,0.5057207892924459
ENSG00000255760.2,0.5057201715865216
ENSG00000284773.1,0.5057162901038488
ENSG00000106080.11,0.5056814984844589
ENSG00000178015.5,0.5056476541452457
ENSG00000220205.9,0.5055925312722569
ENSG00000228653.2,0.5055290731319764
ENSG00000198056.15,0.5055278062763173
ENSG00000248206.2,0.505490052769869
ENSG00000164175.15,0.5054520626812822
ENSG00000277806.1,0.5053718144093962
ENSG00000118507.17,0.5053644642360473
ENSG00000161010.15,0.5053450231096785
ENSG00000231952.3,0.505336722952455
ENSG00000175820.4,0.5053024601619969
ENSG00000196544.8,0.5052415251069753
ENSG00000136810.13,0.5052290775288801
ENSG00000269696.2,0.5052181339507864
ENSG00000285728.2,0.5050735425705277
ENSG00000139083.11,0.505073155262465
ENSG00000226976.3,0.5049451064297927
ENSG00000179044.16,0.5047932628409081
ENSG00000133112.17,0.5047891354596727
ENSG00000232645.5,0.5047397929919505
ENSG00000162777.17,0.504686907087303
ENSG00000223960.7,0.5046661169826568
ENSG00000286948.1,0.5045954778455694
ENSG00000261884.2,0.5045820355360847
ENSG00000196381.11,0.504500259398744
ENSG00000149476.16,0.5044955355340015
ENSG00000159363.19,0.50447534937096
ENSG00000250794.2,0.504424192962478
ENSG00000278627.1,0.5044240735645055
ENSG00000144381.18,0.5044141767491581
ENSG00000211784.2,0.5043651481099581
ENSG00000286996.1,0.5042784832394446
ENSG00000264644.1,0.5042744531007878
ENSG00000214223.4,0.5042396782729515
ENSG00000144504.15,0.5042276017228016
ENSG00000285790.1,0.5042156134174287
ENSG00000227543.5,0.5041807665186967
ENSG00000186166.9,0.5041495218893322
ENSG00000261798.1,0.5040821295318334
ENSG00000274808.5,0.5040469410037436
ENSG00000101040.19,0.503971914179879
ENSG00000286836.1,0.5039408139942958
ENSG00000247746.4,0.5039358544700955
ENSG00000186468.13,0.5038637908151959
ENSG00000198538.11,0.5038190331223398
ENSG00000261408.7,0.5038136161452925
ENSG00000273325.1,0.503683284329545
ENSG00000183154.1,0.5036513902742913
ENSG00000227486.2,0.5036413548313505
ENSG00000131437.16,0.5036290995213342
ENSG00000224614.2,0.5036231381730271
ENSG00000198919.13,0.5035918211304763
ENSG00000161132.6,0.5035210143755464
ENSG00000165650.12,0.5035205104377689
ENSG00000273080.1,0.5035013500179986
ENSG00000230266.1,0.5034256619955271
ENSG00000167315.18,0.5033503398265182
ENSG00000283240.1,0.5033469857707479
ENSG00000180626.10,0.5033434423757269
ENSG00000241370.6,0.50322912410051035
ENSG00000109572.14,0.503182620477779
ENSG00000114859.16,0.5031265465937683
ENSG00000174912.7,0.5030594878646877
ENSG00000149016.16,0.5030414653060367
ENSG00000204272.13,0.502994270656424
ENSG00000134333.14,0.502946473286355
ENSG00000182397.14,0.5029060462213077
ENSG00000149262.17,0.5027893513614661
ENSG00000198406.7,0.5026955953169557
ENSG00000055332.18,0.5026815239439223
ENSG00000234851.4,0.5026495145696238
ENSG00000223891.6,0.5026435418664856
ENSG00000166689.16,0.5025651415144555
ENSG00000227155.7,0.502519117967473
ENSG00000169919.17,0.5024131287513197
ENSG00000123395.14,0.5023934753016702
ENSG00000288559.1,0.5023917875413397
ENSG00000169758.13,0.5023622571170668
ENSG00000224367.6,0.5023418595390384
ENSG00000232653.8,0.5023396240318538
ENSG00000127948.16,0.5023235125477722
ENSG00000104731.14,0.5023212260934191
ENSG00000126522.17,0.5021604589155909
ENSG00000105429.13,0.5021540473647417
ENSG00000150779.12,0.5021300087980335
ENSG00000205609.13,0.5021001956155225
ENSG00000255517.6,0.5020938117857285
ENSG00000232134.1,0.5020654455786764
ENSG00000287115.1,0.5020418182608783
ENSG00000143340.6,0.5020210721487036
ENSG00000175106.17,0.5019856532828385
ENSG00000279377.1,0.5019789032179753
ENSG00000272942.1,0.5019642201208002
ENSG00000224431.1,0.5019376410029353
ENSG00000213087.3,0.5019308963338271
ENSG00000182307.14,0.501902804943903
ENSG00000114268.12,0.5019018606385132
ENSG00000122490.19,0.5018296715146412
ENSG00000121073.15,0.5018226067629118
ENSG00000111669.15,0.5017710946765684
ENSG00000126952.17,0.5017319408455766
ENSG00000006638.13,0.5017292652614833
ENSG00000231170.7,0.5016686788059598
ENSG00000189045.15,0.5016088568950124
ENSG00000259781.1,0.5015972299049852
ENSG00000132646.11,0.5015723966154473
ENSG00000171988.19,0.501513554490276
ENSG00000286084.2,0.5014579002681616
ENSG00000248714.7,0.5014115043530675
ENSG00000163958.14,0.5013029454462432
ENSG00000204946.10,0.5012771257306047
ENSG00000104408.11,0.5012175436557079
ENSG00000246627.6,0.5011997718610715
ENSG00000261570.2,0.5011953182150855
ENSG00000150636.17,0.5010823106200732
ENSG00000279649.1,0.5010737810166632
ENSG00000182957.16,0.5008886850376356
ENSG00000258674.5,0.5008879187145119
ENSG00000280022.1,0.5008132195979786
ENSG00000286691.1,0.5007605470772586
ENSG00000264964.2,0.5007045127388745
ENSG00000203761.5,0.5006877173826147
ENSG00000117602.13,0.5006641947930337
ENSG00000135617.4,0.5006254196601044
ENSG00000175841.8,0.5006245696374758
ENSG00000276045.3,0.5006030791287993
ENSG00000068878.15,0.5006022838719442
ENSG00000230832.3,0.5005781570050271
ENSG00000260267.1,0.5005712974975616
ENSG00000162065.14,0.500559470647014
ENSG00000126254.12,0.5005486890558009
ENSG00000271270.7,0.5004862316166996
ENSG00000176853.16,0.5004424367781535
ENSG00000273448.1,0.5003931180986092
ENSG00000152760.10,0.5003802473051933
ENSG00000132254.13,0.5003210622864191
ENSG00000133624.13,0.5003203827749091
ENSG00000233830.2,0.5002385280610042
ENSG00000167670.16,0.5002298079051679
ENSG00000271743.1,0.5002067218161652
ENSG00000288235.1,0.5001513238369206
ENSG00000134291.12,0.5001486184528791
ENSG00000170779.11,0.500096690918016
ENSG00000105245.9,0.49997165886476097
ENSG00000136848.17,0.49995643900603953
ENSG00000154305.18,0.4998213892433163
ENSG00000083828.16,0.499756857691421
ENSG00000161980.6,0.4997528080873038
ENSG00000232472.1,0.49975263576441453
ENSG00000280399.1,0.4997456700724709
ENSG00000197980.13,0.49972077386690517
ENSG00000278959.1,0.4996646863827056
ENSG00000132640.15,0.4995515277349347
ENSG00000268949.1,0.499455011129919
ENSG00000175536.7,0.4994219709152105
ENSG00000148842.18,0.4994120930945251
ENSG00000176658.17,0.4993709755237611
ENSG00000260572.1,0.499365335332909
ENSG00000120925.16,0.4992170416368032
ENSG00000184205.14,0.499215716845069
ENSG00000224152.1,0.499189743960998
ENSG00000229692.3,0.4991753078136151
ENSG00000021762.20,0.4991080350323428
ENSG00000151704.16,0.4990441736934676
ENSG00000157224.16,0.49894045249326696
ENSG00000279838.1,0.4988885200182285
ENSG00000127220.6,0.4988778191220799
ENSG00000177042.14,0.49884944390809766
ENSG00000103005.12,0.4988228146388793
ENSG00000231890.8,0.4988147451822606
ENSG00000168005.9,0.4988106246442425
ENSG00000167578.18,0.4987736323580758
ENSG00000124588.21,0.4986892929989799
ENSG00000131652.14,0.4985684335068054
ENSG00000107798.18,0.49854093722579684
ENSG00000285650.1,0.4984289093745232
ENSG00000237491.10,0.4983788149472686
ENSG00000102144.15,0.498334277734415
ENSG00000204687.4,0.49828620665399664
ENSG00000130818.12,0.4982769774430081
ENSG00000213762.12,0.49825185557066654
ENSG00000258100.3,0.49817745198886626
ENSG00000275409.1,0.498102464730609
ENSG00000267052.3,0.4980913951596522
ENSG00000268747.1,0.4980727814335351
ENSG00000141504.12,0.49805623284283257
ENSG00000177699.4,0.4980464293969495
ENSG00000237883.2,0.4980221880792799
ENSG00000226659.1,0.4979468653309785
ENSG00000186056.10,0.4979384214263019
ENSG00000241218.1,0.4979326880821224
ENSG00000224358.1,0.4979045531761714
ENSG00000237950.3,0.497887913673758
ENSG00000088367.23,0.49786198040959895
ENSG00000142949.17,0.4978300519833985
ENSG00000206567.10,0.497810792300562
ENSG00000132423.12,0.49776496274575843
ENSG00000224875.2,0.49771319060767544
ENSG00000259162.1,0.49759746720367537
ENSG00000102189.17,0.4975335027540697
ENSG00000244716.3,0.49748765446426807
ENSG00000091844.8,0.4974679788640816
ENSG00000114439.19,0.4974529937840206
ENSG00000025770.19,0.49741538160287807
ENSG00000231443.2,0.4973784847444642
ENSG00000269680.1,0.4973295074967142
ENSG00000136478.8,0.4973090526126277
ENSG00000141873.11,0.4972976978908455
ENSG00000256338.2,0.49728132710354506
ENSG00000162341.18,0.4972530202732447
ENSG00000227028.6,0.4972242101886425
ENSG00000269915.1,0.4971662234938013
ENSG00000286512.1,0.49716033281007405
ENSG00000233765.1,0.4971534449713639
ENSG00000242247.11,0.4971530851333966
ENSG00000140009.18,0.49714338198248537
ENSG00000260949.1,0.4971132327386487
ENSG00000232457.4,0.49710898322639085
ENSG00000227620.4,0.49709106018094124
ENSG00000279452.1,0.49696108668699096
ENSG00000145979.18,0.496957288330333
ENSG00000246731.3,0.49693776179894084
ENSG00000267409.1,0.4968728754284941
ENSG00000231226.1,0.49672851562394044
ENSG00000249064.1,0.49670520552587116
ENSG00000233974.3,0.4967028026174677
ENSG00000254812.1,0.49664754193330646
ENSG00000258561.2,0.49662178005445345
ENSG00000138801.9,0.4965239238062183
ENSG00000243772.8,0.4964723174187883
ENSG00000264745.1,0.4964297217656336
ENSG00000183604.14,0.4964116980305214
ENSG00000267586.7,0.4963866343924204
ENSG00000080608.10,0.4962852035639527
ENSG00000089505.18,0.4962777225525299
ENSG00000007520.4,0.49624815365309305
ENSG00000160172.10,0.49611826516344315
ENSG00000101182.15,0.49611013011952554
ENSG00000279805.1,0.49609169515386686
ENSG00000145439.12,0.4960306658651137
ENSG00000176160.11,0.496020856022008
ENSG00000134318.14,0.4959346137368225
ENSG00000236305.1,0.49590384021271544
ENSG00000188856.6,0.4958394163320769
ENSG00000169093.16,0.495791606440039
ENSG00000189269.12,0.49569501712151204
ENSG00000123349.15,0.4956736318446279
ENSG00000242114.6,0.49562112829280075
ENSG00000248275.2,0.49561611188980054
ENSG00000266904.6,0.4955437877852813
ENSG00000182400.15,0.4952912738740269
ENSG00000259318.1,0.4952763257665157
ENSG00000226752.9,0.49520459844957654
ENSG00000122417.15,0.49520321140331536
ENSG00000090857.14,0.4951327845754156
ENSG00000143257.12,0.49505545529276807
ENSG00000139722.7,0.4950292907229341
ENSG00000141542.11,0.4949872061034758
ENSG00000071889.17,0.4949814165524443
ENSG00000214146.3,0.49481412045144774
ENSG00000146243.14,0.49468328504587544
ENSG00000091106.19,0.4946562159054308
ENSG00000171492.14,0.49465287071213315
ENSG00000238133.6,0.49463287537946427
ENSG00000143198.13,0.49456873136408674
ENSG00000279801.1,0.49455314097515
ENSG00000140025.16,0.49449025178836
ENSG00000225313.5,0.49442814923754635
ENSG00000178177.16,0.4944218264021895
ENSG00000131351.15,0.49435933262060605
ENSG00000213901.11,0.4943465881061795
ENSG00000250934.2,0.49431902924486265
ENSG00000130520.11,0.4942726115516379
ENSG00000165997.5,0.494253795500303
ENSG00000204580.13,0.4941818516330674
ENSG00000078237.7,0.49417750813533906
ENSG00000118094.12,0.49417245391964826
ENSG00000168275.16,0.4940733425762853
ENSG00000204316.13,0.49407013290665114
ENSG00000113645.15,0.4940331473912282
ENSG00000232063.2,0.4939917595008622
ENSG00000279863.1,0.49398111195512817
ENSG00000233954.6,0.4939549210986551
ENSG00000205534.6,0.4938768009860167
ENSG00000079459.13,0.493792456049199
ENSG00000286924.1,0.4937074207385719
ENSG00000203279.4,0.4936938110981403
ENSG00000266456.1,0.493689428242055
ENSG00000270074.1,0.49358972603905155
ENSG00000069974.16,0.4935709435130928
ENSG00000149743.14,0.49352552026487306
ENSG00000100994.12,0.4935181912919127
ENSG00000280069.1,0.4934350046794505
ENSG00000212607.1,0.4934297437568988
ENSG00000263105.1,0.4934190543862641
ENSG00000180953.11,0.49335258837025037
ENSG00000257599.3,0.4933384838788417
ENSG00000229162.1,0.4933317467823617
ENSG00000232004.1,0.49326647309822874
ENSG00000236320.4,0.49324013499549646
ENSG00000119705.10,0.49322603193665676
ENSG00000274461.2,0.4932191131017284
ENSG00000273891.1,0.49320782691674775
ENSG00000053501.13,0.4931661773521798
ENSG00000225434.3,0.4931659722839844
ENSG00000224153.3,0.49313896318664063
ENSG00000265218.1,0.4931070456572234
ENSG00000235021.1,0.49309934083075724
ENSG00000223843.5,0.4930956371119837
ENSG00000171160.18,0.49309113243529057
ENSG00000179935.10,0.49299418429636144
ENSG00000228157.4,0.4929509171136536
ENSG00000197756.10,0.4928413757223598
ENSG00000254165.1,0.4927720053787069
ENSG00000185624.15,0.492667112734224
ENSG00000146066.3,0.4926552453601028
ENSG00000275152.5,0.4926230202194846
ENSG00000244256.3,0.4926085873047427
ENSG00000233231.1,0.49256427413644327
ENSG00000286656.1,0.4925622004426044
ENSG00000071537.14,0.4925080604098437
ENSG00000261168.1,0.4924894187031651
ENSG00000253919.1,0.4924453011069872
ENSG00000234494.7,0.4924082655278772
ENSG00000128645.15,0.4923625705297079
ENSG00000179428.2,0.4922998228703914
ENSG00000005059.16,0.49225058036395325
ENSG00000175779.4,0.4921928560477119
ENSG00000229214.2,0.49217513827244613
ENSG00000232729.8,0.4921439180930673
ENSG00000198680.4,0.4921165995920026
ENSG00000196110.8,0.4920445446131829
ENSG00000254040.2,0.49203918581825223
ENSG00000136867.11,0.49196882379995505
ENSG00000167548.16,0.49193756169773806
ENSG00000104957.14,0.4919003135925658
ENSG00000250569.1,0.4918697915323638
ENSG00000173801.17,0.4918076214337918
ENSG00000138081.21,0.4917580794045611
ENSG00000260192.3,0.4916793087278418
ENSG00000288007.1,0.4916350374157129
ENSG00000225171.2,0.49162191241353587
ENSG00000272356.1,0.49159574377315707
ENSG00000241015.2,0.4915779489703227
ENSG00000283635.1,0.4915501049923536
ENSG00000283554.1,0.49152494006540215
ENSG00000113441.16,0.49152173962059575
ENSG00000182722.5,0.4915181984047845
ENSG00000272954.1,0.49147048158824974
ENSG00000196922.10,0.49142293867689046
ENSG00000231561.2,0.49139613051798203
ENSG00000153317.15,0.49134717340054157
ENSG00000132326.12,0.49130244725704136
ENSG00000090861.17,0.49127795758013787
ENSG00000233395.2,0.4912371903002275
ENSG00000246263.3,0.4912154066273756
ENSG00000244625.7,0.4910793345564
ENSG00000224965.1,0.4910732015237811
ENSG00000180316.12,0.491059939836429
ENSG00000143641.10,0.4910425625761081
ENSG00000234444.10,0.49101398238760025
ENSG00000168792.5,0.491008285381042
ENSG00000272205.1,0.4909852858822499
ENSG00000231464.1,0.4909188653393031
ENSG00000172270.21,0.490751411113064
ENSG00000217130.1,0.49061933660590257
ENSG00000269984.1,0.49060891009008534
ENSG00000214999.3,0.49059198561268336
ENSG00000250731.1,0.49057548600784256
ENSG00000141298.19,0.4905579332545134
ENSG00000279174.1,0.4905166878850815
ENSG00000273257.1,0.49047900478064377
ENSG00000108588.14,0.4904782253239492
ENSG00000126267.11,0.4904644271608429
ENSG00000161860.8,0.49046045907106195
ENSG00000264057.1,0.4903888141807212
ENSG00000059758.8,0.49038103429510943
ENSG00000261186.2,0.4903053448370002
ENSG00000224743.7,0.49019561057325584
ENSG00000213096.11,0.49011574524268764
ENSG00000270170.2,0.4900999147305119
ENSG00000171105.14,0.49007712212571447
ENSG00000090612.22,0.49004995917306393
ENSG00000172667.11,0.4900415452985365
ENSG00000287707.1,0.4900402519027944
ENSG00000205054.8,0.49002580936397777
ENSG00000213492.2,0.489962194911645
ENSG00000146904.9,0.48990445358254114
ENSG00000102034.17,0.4898387453104221
ENSG00000240950.1,0.489834802378331
ENSG00000224040.1,0.48977112297958586
ENSG00000143771.12,0.4897699594627297
ENSG00000217930.8,0.4897571506214071
ENSG00000260923.7,0.48973784964227196
ENSG00000235374.2,0.48972442096590846
ENSG00000276863.1,0.4896731692129221
ENSG00000173933.21,0.489644574164916
ENSG00000268615.1,0.48963606176801594
ENSG00000274443.4,0.48953379350282894
ENSG00000279227.1,0.48952947853607853
ENSG00000272293.1,0.4894352679032462
ENSG00000233122.2,0.4894290336464607
ENSG00000138175.9,0.4894139544311754
ENSG00000274104.1,0.48937447549626367
ENSG00000188981.11,0.48935440997310536
ENSG00000114904.13,0.4892031969697858
ENSG00000278740.1,0.4891965257905387
ENSG00000173436.15,0.48916225372371136
ENSG00000240522.1,0.4891324631043549
ENSG00000231760.5,0.48912540002246413
ENSG00000279459.1,0.48903856285086594
ENSG00000241343.10,0.4890308748433032
ENSG00000273186.1,0.4890300289455768
ENSG00000102898.12,0.48900265655546005
ENSG00000233247.3,0.4890007692848596
ENSG00000153495.11,0.4888294140850319
ENSG00000130956.14,0.4888251983511981
ENSG00000204581.3,0.48878736995392963
ENSG00000254909.1,0.4887531895402774
ENSG00000124570.21,0.4887489941102138
ENSG00000273218.1,0.48874366707381484
ENSG00000095383.20,0.4887359558684402
ENSG00000165704.15,0.4887249754790318
ENSG00000224934.5,0.4887241558637542
ENSG00000271788.1,0.48871489940335894
ENSG00000224992.2,0.4886876232510074
ENSG00000198331.11,0.48863717955780867
ENSG00000152240.13,0.4886349568982326
ENSG00000280543.1,0.4885552372434369
ENSG00000196591.12,0.48855477679098747
ENSG00000206828.1,0.48854917425141425
ENSG00000089558.9,0.48853421472991865
ENSG00000135535.17,0.4885253763221
ENSG00000135828.11,0.4884929535521554
ENSG00000100697.15,0.48842880258439225
ENSG00000270951.1,0.48841206159741696
ENSG00000173218.15,0.4884042993314875
ENSG00000229393.1,0.4883480567630697
ENSG00000279302.3,0.4882366654636787
ENSG00000100316.16,0.4881857945472322
ENSG00000263164.1,0.48815871898579366
ENSG00000234210.1,0.48810594906103705
ENSG00000277462.2,0.48802551788321413
ENSG00000112159.12,0.4879909386419409
ENSG00000272473.1,0.4878898595112116
ENSG00000121577.14,0.4878829225810247
ENSG00000150753.12,0.48787733369008546
ENSG00000075539.15,0.4878211807781984
ENSG00000183309.12,0.4878166716559946
ENSG00000240137.6,0.4878020964866113
ENSG00000179981.11,0.48757766616829945
ENSG00000285410.1,0.48754790852452423
ENSG00000237854.3,0.48753235314417154
ENSG00000184271.17,0.48749424439009614
ENSG00000236935.1,0.48746926173065624
ENSG00000288018.1,0.4874262532625649
ENSG00000161692.18,0.487403039363161
ENSG00000203876.10,0.4873596323597442
ENSG00000187902.11,0.48734682119119677
ENSG00000178295.15,0.48733557086401724
ENSG00000228327.3,0.48723691671511993
ENSG00000267119.1,0.4872288523096844
ENSG00000229043.3,0.48720253536134117
ENSG00000114554.11,0.48717056513732016
ENSG00000214199.3,0.4871665621534507
ENSG00000218631.1,0.48715016590385063
ENSG00000168781.22,0.4871403369868036
ENSG00000085382.12,0.4871156156140014
ENSG00000145743.17,0.4871106041738494
ENSG00000067900.8,0.4870580403466995
ENSG00000023909.10,0.48693808497365393
ENSG00000224858.5,0.486858742850661
ENSG00000251143.1,0.48683305867118093
ENSG00000259954.1,0.4868072191736449
ENSG00000106009.16,0.4867603167317584
ENSG00000157999.6,0.4867384810109359
ENSG00000272156.1,0.48669623128700984
ENSG00000180764.13,0.4866830735984674
ENSG00000230337.1,0.4866812302518875
ENSG00000100151.16,0.48663675286938685
ENSG00000183439.9,0.4865900438069119
ENSG00000238290.1,0.48658673240566386
ENSG00000007384.15,0.48657031582372484
ENSG00000277977.1,0.48655845049537866
ENSG00000260310.1,0.48650665302064966
ENSG00000280383.1,0.48637282370794077
ENSG00000239382.10,0.4863690337990682
ENSG00000245888.7,0.4863619661206993
ENSG00000010278.15,0.48635216204470444
ENSG00000211814.1,0.48629441386404365
ENSG00000146067.16,0.4862257202284976
ENSG00000227589.1,0.48622399669189026
ENSG00000197921.6,0.48621516389405645
ENSG00000171425.10,0.4861885237260691
ENSG00000280789.2,0.48617740360720296
ENSG00000177674.16,0.48607718521465904
ENSG00000257906.3,0.48607224786374287
ENSG00000079691.18,0.48606486524947734
ENSG00000154582.17,0.4859910699786257
ENSG00000143570.19,0.4859549822145993
ENSG00000121680.16,0.4858792257341075
ENSG00000270558.1,0.48586712614635064
ENSG00000103995.14,0.4858129851576101
ENSG00000213066.13,0.48580670928926134
ENSG00000178386.13,0.4857888726739444
ENSG00000232021.7,0.48578756896228786
ENSG00000255508.7,0.4857400435278892
ENSG00000232344.2,0.48567439053350847
ENSG00000166343.10,0.48566459683120466
ENSG00000259045.1,0.4856457124605289
ENSG00000279342.2,0.48560952236411126
ENSG00000173261.9,0.48560870991512306
ENSG00000005889.16,0.48558075379135635
ENSG00000240032.1,0.48556179264138927
ENSG00000272338.2,0.4854700770047304
ENSG00000284615.1,0.4854676532120331
ENSG00000226853.3,0.4854406432970693
ENSG00000229127.2,0.48540322677240194
ENSG00000265480.5,0.48539052780498176
ENSG00000161265.15,0.48538462897808543
ENSG00000262003.1,0.48536462923666873
ENSG00000165118.15,0.4853571889571434
ENSG00000100053.10,0.4853463844138045
ENSG00000147224.13,0.4853268066811142
ENSG00000245112.2,0.4852852824978517
ENSG00000130313.7,0.48523444633661
ENSG00000120802.14,0.4852294920450543
ENSG00000247624.6,0.48520998033508594
ENSG00000100814.18,0.48520078252676635
ENSG00000213169.3,0.48505919535358616
ENSG00000162616.9,0.48504563911897586
ENSG00000287825.1,0.48496987533562946
ENSG00000248449.2,0.4849174214453921
ENSG00000235859.5,0.4849151271720394
ENSG00000130827.6,0.48483546392344684
ENSG00000102145.15,0.48473362996015873
ENSG00000177556.12,0.4846740625915209
ENSG00000108784.10,0.48463962399851357
ENSG00000278966.2,0.48458109966373897
ENSG00000153310.19,0.4845791496767717
ENSG00000123810.9,0.48456133080906777
ENSG00000163818.17,0.48447244774090914
ENSG00000259658.5,0.48446509844598673
ENSG00000278834.1,0.48440696315135917
ENSG00000116830.12,0.4844008595514824
ENSG00000276434.1,0.48435945104813855
ENSG00000215529.12,0.4843467203024735
ENSG00000267649.1,0.4841450648599014
ENSG00000231993.1,0.48412735217034264
ENSG00000232862.5,0.4840960493071579
ENSG00000075290.8,0.4840555929040406
ENSG00000262873.2,0.48405117195291714
ENSG00000133678.14,0.4840232613518886
ENSG00000113522.14,0.48399959715436564
ENSG00000166411.14,0.4839839817667451
ENSG00000288612.1,0.48397949607180174
ENSG00000248508.8,0.48396863087348396
ENSG00000178971.16,0.483966835373066
ENSG00000119559.17,0.48386826459036425
ENSG00000109475.16,0.4838581686933253
ENSG00000241839.10,0.48385667096246276
ENSG00000163625.16,0.48384026132955443
ENSG00000143748.18,0.48382324861427917
ENSG00000169992.10,0.4837933647461309
ENSG00000260078.3,0.48364765934606097
ENSG00000204650.14,0.4836323944695728
ENSG00000132740.10,0.48348056833179737
ENSG00000213860.4,0.4833988943658214
ENSG00000166557.14,0.4833506223914411
ENSG00000155330.10,0.48334670612029224
ENSG00000141994.16,0.48333570820411376
ENSG00000222046.2,0.4832676600188339
ENSG00000231690.3,0.4831849901025984
ENSG00000144713.13,0.48312251885884167
ENSG00000274624.1,0.4831004240818844
ENSG00000178585.15,0.4830942117465868
ENSG00000183562.3,0.48309113990745184
ENSG00000259219.1,0.4830869151664723
ENSG00000276931.1,0.4829884049431455
ENSG00000188056.12,0.48298268744532374
ENSG00000108423.15,0.4829410154904454
ENSG00000115756.13,0.48284897007086286
ENSG00000118965.16,0.4828367146461997
ENSG00000284862.3,0.4828243709730777
ENSG00000271755.1,0.4827190102788229
ENSG00000261512.2,0.48264443372353655
ENSG00000064545.15,0.48262957207672996
ENSG00000172336.5,0.48262764257367813
ENSG00000123545.6,0.482622939407615
ENSG00000248202.2,0.4826059799494635
ENSG00000221995.5,0.48260453433389605
ENSG00000168028.14,0.48250997276643015
ENSG00000271717.1,0.48249963464024653
ENSG00000271320.1,0.4824511710322115
ENSG00000054983.17,0.4824411703427662
ENSG00000166145.14,0.482418021367605
ENSG00000116128.11,0.48234394082777116
ENSG00000268628.2,0.4823069265543495
ENSG00000264575.1,0.4822567938289123
ENSG00000166800.10,0.48224258193197894
ENSG00000267534.4,0.48222131898130804
ENSG00000224713.4,0.4821793674158216
ENSG00000272953.1,0.48217628012380126
ENSG00000139239.7,0.4821201995144051
ENSG00000233025.1,0.48211107090419725
ENSG00000267046.1,0.4821074625458181
ENSG00000100416.15,0.4821053617227375
ENSG00000282431.1,0.48210476344144476
ENSG00000285976.2,0.4820914141854874
ENSG00000248668.3,0.4820832984741979
ENSG00000273828.2,0.4820653645355754
ENSG00000242048.3,0.4820094585807647
ENSG00000229320.3,0.4819571371867717
ENSG00000105856.14,0.4819081701773359
ENSG00000104979.9,0.4817927579139815
ENSG00000168237.18,0.4817304046856885
ENSG00000272701.3,0.4817126512812985
ENSG00000128000.17,0.48170757410565546
ENSG00000258881.6,0.4815903481155404
ENSG00000274528.1,0.4815725289056032
ENSG00000131462.8,0.48157092341802143
ENSG00000225178.5,0.48155999465596294
ENSG00000151470.13,0.48148524046386015
ENSG00000272690.6,0.4814636066827649
ENSG00000205744.10,0.48134884068316064
ENSG00000266389.1,0.4813012358642627
ENSG00000280152.1,0.48127448731913564
ENSG00000111696.12,0.4812546696896644
ENSG00000124172.10,0.48124916432034537
ENSG00000272610.1,0.48124890470605486
ENSG00000175611.12,0.48124882658174306
ENSG00000181908.5,0.4812283058906565
ENSG00000184106.8,0.4812045632988186
ENSG00000260593.1,0.4811625175082714
ENSG00000020129.16,0.48115634332337975
ENSG00000238287.1,0.4811239141187005
ENSG00000277310.1,0.4810840399184228
ENSG00000237753.2,0.48108401527178896
ENSG00000160685.13,0.481083562940381
ENSG00000263072.8,0.48106876000542514
ENSG00000224415.1,0.48105648931437495
ENSG00000273107.1,0.48104951095258286
ENSG00000265912.1,0.48094781650953594
ENSG00000188647.13,0.4809149734049774
ENSG00000197417.9,0.4808627269831736
ENSG00000139343.10,0.48085247233898426
ENSG00000172244.9,0.4807789282974701
ENSG00000127946.17,0.48074003474331867
ENSG00000160783.19,0.4807128595877688
ENSG00000054523.18,0.4806508152386344
ENSG00000238249.2,0.48063547940518575
ENSG00000224387.1,0.4805917720396367
ENSG00000188868.14,0.48034754747835856
ENSG00000132967.9,0.48030945268535136
ENSG00000136436.15,0.4801922100914928
ENSG00000198894.8,0.4801764572547965
ENSG00000198455.4,0.480142215543466
ENSG00000241278.1,0.48012969234515473
ENSG00000234337.4,0.4800854047281578
ENSG00000273729.1,0.480001693931603
ENSG00000171729.14,0.4799892685896923
ENSG00000272502.1,0.47998514716587753
ENSG00000225279.2,0.4799398096429508
ENSG00000246145.1,0.4799340611072273
ENSG00000207607.3,0.4799104398688257
ENSG00000255458.7,0.4798889093810738
ENSG00000119431.9,0.47988012329425506
ENSG00000120963.12,0.4798323337653975
ENSG00000287895.1,0.4798201404843602
ENSG00000110104.13,0.47980978254405
ENSG00000137575.12,0.47976371986828886
ENSG00000288596.2,0.47972634829508515
ENSG00000162398.11,0.47971741311635924
ENSG00000189134.4,0.4797145054750794
ENSG00000270959.1,0.47969134811599556
ENSG00000214160.10,0.4796613639809801
ENSG00000160285.15,0.4796507672837764
ENSG00000163597.15,0.4795082355938125
ENSG00000259381.2,0.47950471327110983
ENSG00000279667.1,0.4795004067598952
ENSG00000158805.12,0.4794854576921265
ENSG00000285730.1,0.47945371546674076
ENSG00000037757.14,0.479452164499245
ENSG00000167114.13,0.47943505893613353
ENSG00000147669.11,0.47940907523845183
ENSG00000232237.3,0.4793791463517612
ENSG00000217325.2,0.47935086609473493
ENSG00000285697.1,0.47931606525098247
ENSG00000255503.1,0.4792396333930961
ENSG00000265743.1,0.47922510072437896
ENSG00000166532.16,0.47922070692301183
ENSG00000260000.2,0.47920806019207823
ENSG00000162889.11,0.4792012625030933
ENSG00000226986.4,0.4791678482019216
ENSG00000134030.14,0.4791673540122646
ENSG00000123636.18,0.47915890405629047
ENSG00000140463.14,0.4791097710944875
ENSG00000121644.19,0.479098029627248
ENSG00000278677.2,0.4790946911191117
ENSG00000251000.1,0.47908889002797916
ENSG00000154485.5,0.47908055511019776
ENSG00000165131.8,0.47892051115755463
ENSG00000128059.8,0.4788812815460293
ENSG00000118162.14,0.47885220804681244
ENSG00000185596.16,0.47880908175148573
ENSG00000229017.7,0.4788068308974291
ENSG00000125804.14,0.478794229318364
ENSG00000179363.7,0.4787246854134742
ENSG00000102103.17,0.47872250206873773
ENSG00000128791.12,0.4786610428268215
ENSG00000232713.2,0.4786565335650939
ENSG00000271895.2,0.47855982942665115
ENSG00000212664.5,0.4784609917670779
ENSG00000109065.12,0.47832181955483877
ENSG00000257681.1,0.47831543175858154
ENSG00000253954.3,0.47824950536233396
ENSG00000099797.15,0.47822073523085273
ENSG00000255920.3,0.478195190238583
ENSG00000243415.2,0.4781493015684194
ENSG00000214293.9,0.4781300246240699
ENSG00000002822.15,0.478106539294956
ENSG00000248932.6,0.4781059153898024
ENSG00000277687.1,0.47807112828505693
ENSG00000205791.3,0.47806552623287885
ENSG00000272086.1,0.4780323670285954
ENSG00000260920.2,0.4780041542782554
ENSG00000110172.12,0.4779891249954495
ENSG00000247796.3,0.4779003544351328
ENSG00000254333.1,0.4778527396830343
ENSG00000135775.14,0.47785177415787783
ENSG00000164466.13,0.4776764544323682
ENSG00000143224.18,0.4776723163448645
ENSG00000239453.1,0.4776653981475011
ENSG00000266846.2,0.4776294449190004
ENSG00000244218.3,0.4775991962017159
ENSG00000169682.18,0.4775785740123465
ENSG00000273173.5,0.47757476357860823
ENSG00000251819.1,0.4775703750495817
ENSG00000179833.4,0.4774585770004368
ENSG00000273015.2,0.4774494046162031
ENSG00000237892.1,0.47739672749989
ENSG00000139180.11,0.4773677521632146
ENSG00000179029.15,0.4772946637798332
ENSG00000278845.5,0.47720501900999907
ENSG00000155115.7,0.4771646135768769
ENSG00000284708.1,0.4771506092719394
ENSG00000158077.5,0.4771233530989903
ENSG00000260757.1,0.4771061900387696
ENSG00000270012.1,0.4770781916043982
ENSG00000202337.1,0.47707162832206257
ENSG00000250081.1,0.47704065163791426
ENSG00000163913.12,0.4770089713926561
ENSG00000156265.16,0.47696844506460334
ENSG00000133460.19,0.4768939104095892
ENSG00000254612.2,0.47679992125943066
ENSG00000279968.3,0.47679126622026874
ENSG00000134982.17,0.47671075622077774
ENSG00000103657.14,0.47670368449533046
ENSG00000270681.1,0.47663600866218825
ENSG00000211696.2,0.4765287360470244
ENSG00000215277.8,0.4764619147850449
ENSG00000263466.1,0.47642187399822444
ENSG00000155097.12,0.4764210860444131
ENSG00000183172.9,0.47637555432740325
ENSG00000268006.1,0.4763498301065999
ENSG00000261101.2,0.4762181074965376
ENSG00000182676.5,0.47616466471819985
ENSG00000276449.1,0.4761259655438888
ENSG00000234925.2,0.47611154925221894
ENSG00000224014.1,0.47608874309673677
ENSG00000250959.2,0.4760856015800353
ENSG00000177311.11,0.4760404860657759
ENSG00000197355.11,0.47597816537577237
ENSG00000271966.1,0.4759168336847271
ENSG00000040341.18,0.47586590989285665
ENSG00000172476.4,0.47584554636858
ENSG00000268295.1,0.4758380794961593
ENSG00000136451.9,0.4758360491493849
ENSG00000100997.20,0.4758266605402478
ENSG00000133657.16,0.4758150208116505
ENSG00000235508.3,0.47580889353500444
ENSG00000262410.1,0.4758030938711517
ENSG00000256269.10,0.47572774400668
ENSG00000108733.11,0.47572332797744143
ENSG00000144674.16,0.47569147306003495
ENSG00000175279.22,0.47563127140209044
ENSG00000178966.17,0.4756138724566941
ENSG00000134809.9,0.47556781685109656
ENSG00000198176.13,0.47553119099771485
ENSG00000272823.1,0.4755308892595354
ENSG00000230876.8,0.47552600782944254
ENSG00000288093.1,0.4754316323943775
ENSG00000236846.1,0.47539620194205434
ENSG00000229536.3,0.4753445660139374
ENSG00000118292.9,0.47531996703566987
ENSG00000198890.9,0.4753163954307317
ENSG00000092010.15,0.4753130344034182
ENSG00000250412.1,0.4753018034303005
ENSG00000272922.1,0.47528063181812197
ENSG00000280407.2,0.4752513436392929
ENSG00000235641.5,0.47525073547006624
ENSG00000127419.17,0.47519578190919276
ENSG00000214174.8,0.47516795971384446
ENSG00000178035.13,0.4750860739397976
ENSG00000181359.5,0.4750859455000207
ENSG00000065600.13,0.4749764157495463
ENSG00000184619.8,0.47496359959756274
ENSG00000163840.10,0.47492090605271015
ENSG00000277778.2,0.47484869932409274
ENSG00000250602.6,0.47479394446068196
ENSG00000110315.7,0.4747782485666796
ENSG00000226763.5,0.47471586466393395
ENSG00000255559.1,0.4747110638060846
ENSG00000181873.13,0.4747093375035142
ENSG00000286311.1,0.47462861537298145
ENSG00000185031.6,0.47460456356910136
ENSG00000273100.1,0.47458711973666234
ENSG00000224738.1,0.47456255247868406
ENSG00000228274.4,0.47448111471567966
ENSG00000265478.2,0.47446774741914666
ENSG00000287620.1,0.4744338532482741
ENSG00000164081.13,0.4744293698100529
ENSG00000280042.1,0.4744190780488214
ENSG00000013306.16,0.47438578225067984
ENSG00000108557.19,0.47429689993631663
ENSG00000175707.9,0.4742884681396584
ENSG00000238246.1,0.4742335269401555
ENSG00000241560.7,0.47422988887935497
ENSG00000164112.13,0.4742237527454634
ENSG00000262874.2,0.4742092419982935
ENSG00000261505.1,0.47420495329384965
ENSG00000275632.1,0.4742007519583165
ENSG00000270392.2,0.474140705886324
ENSG00000165102.15,0.4741394018304766
ENSG00000010379.16,0.4741375221168218
ENSG00000176268.5,0.474136075107753
ENSG00000123933.17,0.4741326636064706
ENSG00000140675.13,0.4741191792973266
ENSG00000072778.20,0.4740583166139553
ENSG00000243477.6,0.4740472361375302
ENSG00000188050.3,0.47403544191242275
ENSG00000286895.1,0.47399361834348236
ENSG00000100258.18,0.473926187845089
ENSG00000228863.8,0.47390187415167806
ENSG00000249207.2,0.4738840381233341
ENSG00000152380.10,0.4738275946378333
ENSG00000238228.1,0.47370038128203873
ENSG00000101405.3,0.47362178498620794
ENSG00000197170.10,0.47360425421274704
ENSG00000206527.10,0.47359281137512454
ENSG00000224914.4,0.47357690289668447
ENSG00000177853.14,0.47352924645168054
ENSG00000211818.1,0.47346654057348103
ENSG00000125733.18,0.47345566833570446
ENSG00000225885.7,0.47338449942692307
ENSG00000105248.16,0.4733818861246137
ENSG00000124508.17,0.4733747864234302
ENSG00000243943.10,0.47335364120739554
ENSG00000176542.10,0.473300548492777
ENSG00000203644.3,0.47329805102208333
ENSG00000163682.17,0.473282458676565
ENSG00000196458.11,0.4732425512944578
ENSG00000172890.13,0.4732344304487739
ENSG00000232065.1,0.47313056221283206
ENSG00000279069.1,0.47309775172753665
ENSG00000262118.1,0.4730124230006896
ENSG00000122026.10,0.4729987007958664
ENSG00000121481.11,0.4729230653684072
ENSG00000076928.18,0.47290493998701505
ENSG00000181315.11,0.47284956522794985
ENSG00000277351.1,0.472808203728462
ENSG00000078269.15,0.47280469308958817
ENSG00000285091.1,0.4727756331092532
ENSG00000262904.1,0.47276169795806877
ENSG00000276445.1,0.4727195526043558
ENSG00000167645.17,0.4726599925650893
ENSG00000101199.13,0.47262043586917307
ENSG00000204072.3,0.47259176971203287
ENSG00000101577.10,0.47252053994211085
ENSG00000284672.1,0.47250975742134443
ENSG00000272578.5,0.47247790840096154
ENSG00000104897.10,0.47247583240949054
ENSG00000232593.7,0.47242163545486654
ENSG00000234072.1,0.4723656841680815
ENSG00000070423.18,0.47235025307586004
ENSG00000130770.18,0.47233233776092126
ENSG00000188992.11,0.4723208588882423
ENSG00000269609.6,0.47227804796349987
ENSG00000231154.1,0.4722713527545925
ENSG00000101752.12,0.47207442148049233
ENSG00000147687.19,0.4720706148318132
ENSG00000039650.12,0.47206704701845587
ENSG00000214273.4,0.47206163516901084
ENSG00000224790.3,0.47205393245299887
ENSG00000279149.1,0.4720267905201523
ENSG00000104915.15,0.4720102395173158
ENSG00000231770.6,0.47193671445497903
ENSG00000283429.1,0.4718912551166318
ENSG00000204147.11,0.4718762379987795
ENSG00000246250.3,0.4718318386730314
ENSG00000237991.3,0.47181901600484305
ENSG00000211450.10,0.4717912904301049
ENSG00000155090.15,0.47174918547756123
ENSG00000260007.3,0.4716360292774915
ENSG00000176055.10,0.4716203908833572
ENSG00000221829.10,0.47160708400242324
ENSG00000132964.12,0.47156947271871
ENSG00000267571.1,0.471529402521738
ENSG00000106086.20,0.47143663579787815
ENSG00000162994.16,0.4713293239749085
ENSG00000159210.10,0.47132858647558395
ENSG00000229413.2,0.4713228097509806
ENSG00000225982.1,0.4713176599026045
ENSG00000180233.11,0.47131086318967214
ENSG00000011105.14,0.4712979845539462
ENSG00000198964.14,0.47129410463785143
ENSG00000240449.1,0.47128646256530715
ENSG00000163738.18,0.47125002043082087
ENSG00000226696.6,0.47118027308407706
ENSG00000137509.11,0.471138944383837
ENSG00000174010.9,0.47112559873675164
ENSG00000198945.8,0.4711193245494143
ENSG00000231628.1,0.47105541822385066
ENSG00000254648.1,0.4710063928452367
ENSG00000059145.19,0.47098320235685937
ENSG00000136463.8,0.4709699954717678
ENSG00000100288.20,0.47095062040565283
ENSG00000204706.14,0.47092830069994146
ENSG00000278259.4,0.4708316874519685
ENSG00000275017.1,0.4707409943945817
ENSG00000277879.1,0.47068959487196077
ENSG00000048342.17,0.4706233736370884
ENSG00000139178.11,0.47049106284669207
ENSG00000284770.2,0.47047778677846314
ENSG00000165097.16,0.4704707154873893
ENSG00000213793.5,0.4704516629456744
ENSG00000241163.8,0.4704421791988751
ENSG00000267573.1,0.4704123858499475
ENSG00000019995.6,0.4703950357857787
ENSG00000235052.1,0.4703703473721061
ENSG00000221944.9,0.47036274926368205
ENSG00000156206.14,0.4703451807860897
ENSG00000074842.8,0.4703298462298753
ENSG00000111647.13,0.47031427114335
ENSG00000156467.10,0.47027204526853916
ENSG00000197043.14,0.47026914888490157
ENSG00000182173.13,0.4701998259496323
ENSG00000282499.1,0.47013853949178896
ENSG00000159685.11,0.47005699001094636
ENSG00000259347.7,0.4700481465763645
ENSG00000272382.1,0.47000128530717467
ENSG00000253516.1,0.4699966796411564
ENSG00000270277.1,0.469970375219678
ENSG00000117450.15,0.4699255363080429
ENSG00000213204.8,0.4698673422375432
ENSG00000160193.12,0.4698509933541862
ENSG00000225506.2,0.4698509327694587
ENSG00000249388.3,0.4698480419706814
ENSG00000286808.1,0.4697290958873177
ENSG00000286833.1,0.46968447329081175
ENSG00000249593.6,0.46966914275956045
ENSG00000188419.14,0.4696559791170431
ENSG00000008294.21,0.46964156999724405
ENSG00000246363.3,0.4695703826138888
ENSG00000196422.11,0.4695548132706355
ENSG00000228998.4,0.4695375287046297
ENSG00000285077.2,0.46949263412039416
ENSG00000270629.6,0.4694919973877585
ENSG00000278156.2,0.46946793236475115
ENSG00000218582.2,0.46944415143575163
ENSG00000174032.17,0.46943679360196505
ENSG00000250539.1,0.469421820616367
ENSG00000235330.2,0.46934590568342716
ENSG00000223393.2,0.46929529031058365
ENSG00000181284.3,0.4692721277415871
ENSG00000139324.12,0.46924841886311874
ENSG00000224747.1,0.46922238495633656
ENSG00000100401.20,0.4691958394492762
ENSG00000141971.13,0.469140033105689
ENSG00000187736.13,0.4691134401423087
ENSG00000103064.15,0.4691108221021442
ENSG00000183648.11,0.4690600182985123
ENSG00000116704.8,0.4690502431173367
ENSG00000110047.18,0.46897534764866644
ENSG00000100592.16,0.4689356358998925
ENSG00000151694.14,0.46891735556216574
ENSG00000243406.6,0.46882853694755844
ENSG00000047644.19,0.4688243054991647
ENSG00000275898.1,0.4688192898758331
ENSG00000197576.14,0.4688171128869086
ENSG00000181450.18,0.46873217616429724
ENSG00000258634.3,0.4686518615197419
ENSG00000168411.14,0.4686451119906613
ENSG00000198961.10,0.46863517200859695
ENSG00000256552.2,0.468626313305158
ENSG00000099901.17,0.4685071250950045
ENSG00000266473.1,0.46849720759754654
ENSG00000277386.1,0.46848829892587024
ENSG00000165383.11,0.46848088090271106
ENSG00000255652.4,0.46840212453858954
ENSG00000257557.2,0.4683878657399757
ENSG00000101745.17,0.46833519866471907
ENSG00000260996.1,0.46832861646019647
ENSG00000124789.12,0.46824846686524013
ENSG00000236058.3,0.46822199164545886
ENSG00000225872.4,0.4682047154242551
ENSG00000232759.1,0.46818404533712105
ENSG00000137942.17,0.4681155465344915
ENSG00000142082.15,0.468034761961371
ENSG00000197937.13,0.46797119920056457
ENSG00000265574.1,0.46796165166994275
ENSG00000131238.18,0.46788378647178225
ENSG00000277587.1,0.46784894523695153
ENSG00000188177.14,0.46781759730250805
ENSG00000166925.9,0.46781545821335313
ENSG00000180878.3,0.4677916745490068
ENSG00000121060.18,0.46778810202889276
ENSG00000169189.17,0.46778410368632445
ENSG00000253878.5,0.46778030829256145
ENSG00000267274.1,0.46777896215419484
ENSG00000237672.1,0.46777397887847133
ENSG00000188636.4,0.4677415874027695
ENSG00000108389.9,0.46765610764473053
ENSG00000263847.1,0.46764509479248045
ENSG00000186714.12,0.46762755916953663
ENSG00000219451.3,0.46759650711453243
ENSG00000151503.13,0.46756917793119107
ENSG00000224094.1,0.46752135276421874
ENSG00000235245.1,0.4674297530369888
ENSG00000275294.4,0.46739560107865774
ENSG00000283138.1,0.4673609698632887
ENSG00000285904.1,0.4673253325916871
ENSG00000240661.3,0.4672818643186581
ENSG00000286828.1,0.46720838529215414
ENSG00000178057.15,0.46717872792110804
ENSG00000258682.1,0.46706255873379554
ENSG00000162302.13,0.4670051257336479
ENSG00000110011.13,0.46698602277333273
ENSG00000279347.1,0.46694835523410655
ENSG00000162526.7,0.4669430010275822
ENSG00000273356.1,0.4668231860655704
ENSG00000011478.13,0.4667678160275462
ENSG00000272663.1,0.4667404351347285
ENSG00000286313.1,0.46672562165814047
ENSG00000179632.10,0.46671673982213685
ENSG00000112877.8,0.4666883136163519
ENSG00000216901.1,0.46666967119765784
ENSG00000145214.14,0.46660578815246756
ENSG00000172965.17,0.46652338581128666
ENSG00000271789.1,0.4665092866762364
ENSG00000273473.1,0.46640230810384
ENSG00000091127.14,0.46638746069676507
ENSG00000271659.1,0.4663486908525688
ENSG00000276115.1,0.4663344772030089
ENSG00000276127.1,0.46631392024038937
ENSG00000146278.11,0.4662675381680812
ENSG00000132881.12,0.46620508629426843
ENSG00000100376.12,0.4661914237421192
ENSG00000260495.1,0.4661292563399731
ENSG00000216937.13,0.46611179583703755
ENSG00000197857.14,0.46611140896361775
ENSG00000277654.6,0.4661096366052484
ENSG00000286872.1,0.46610789819643333
ENSG00000148411.8,0.46608357908338394
ENSG00000110921.14,0.4660799709341557
ENSG00000165113.13,0.46607520769233696
ENSG00000283689.1,0.4660562959632421
ENSG00000019485.13,0.46604405426552237
ENSG00000197256.11,0.4660051624793134
ENSG00000260552.1,0.46592183869251075
ENSG00000184313.20,0.465864893336256
ENSG00000223901.2,0.4658545949168427
ENSG00000285667.1,0.4658299985306171
ENSG00000274128.1,0.46581002411367106
ENSG00000167202.11,0.46578296819219067
ENSG00000223559.1,0.4657467180386253
ENSG00000226648.2,0.4657341634029087
ENSG00000286887.1,0.4657222349583774
ENSG00000087111.21,0.46561512041699266
ENSG00000120800.5,0.4656088743957782
ENSG00000228061.7,0.4655709543852021
ENSG00000196466.10,0.4655550593318755
ENSG00000178732.5,0.465537086544174
ENSG00000254986.7,0.4655251050157578
ENSG00000087088.20,0.46550592142243763
ENSG00000112357.14,0.4655022923661566
ENSG00000167862.10,0.4654918339579512
ENSG00000131788.16,0.46545720601987844
ENSG00000187531.14,0.4654381388784544
ENSG00000106868.17,0.4654011932091802
ENSG00000164463.12,0.4653921358223277
ENSG00000257594.4,0.4653610164764279
ENSG00000077463.15,0.46533585194048516
ENSG00000154016.14,0.46532244954404084
ENSG00000177034.17,0.4653161367797284
ENSG00000230537.2,0.46526350018174306
ENSG00000153406.14,0.46526103959288956
ENSG00000204403.9,0.46524604401756875
ENSG00000230732.4,0.4651804402613538
ENSG00000204110.6,0.46517577995401616
ENSG00000271971.1,0.46516680044840775
ENSG00000279283.1,0.4650995367635288
ENSG00000265100.1,0.4650854465915842
ENSG00000129235.11,0.46501246961282583
ENSG00000184508.12,0.4649347775618048
ENSG00000103152.12,0.4648655965030182
ENSG00000211816.2,0.4648399944509042
ENSG00000271032.1,0.46478208192554626
ENSG00000140043.11,0.4646267210607065
ENSG00000118496.5,0.46461534375812685
ENSG00000261790.2,0.46455522262545457
ENSG00000259562.2,0.4645231149846544
ENSG00000224796.1,0.46450677741875185
ENSG00000250107.1,0.4644542633732473
ENSG00000152332.16,0.4644300538862242
ENSG00000228014.1,0.4643924917121976
ENSG00000135837.16,0.46431860745231507
ENSG00000104497.14,0.4643176246429242
ENSG00000256862.3,0.46426923839348727
ENSG00000178188.14,0.4642228128991
ENSG00000149636.16,0.464123241963204
ENSG00000135968.21,0.46412121716025795
ENSG00000135587.9,0.4640914095208414
ENSG00000145014.18,0.46405681204717764
ENSG00000259935.1,0.4640447006616091
ENSG00000166483.11,0.46404348794059475
ENSG00000282057.1,0.46396737472795113
ENSG00000247363.2,0.46396476331217723
ENSG00000231249.1,0.4639479204298309
ENSG00000272416.1,0.4639366268716901
ENSG00000141959.17,0.46390880472078105
ENSG00000243155.1,0.46387333930130065
ENSG00000103035.11,0.4638521996450864
ENSG00000255108.1,0.46384843748090776
ENSG00000229539.1,0.46380303076749363
ENSG00000237977.1,0.4637685151243832
ENSG00000253341.1,0.4637646540218266
ENSG00000244480.1,0.46373610549837235
ENSG00000204149.13,0.4637186889796148
ENSG00000130244.12,0.46365375285827404
ENSG00000165410.15,0.46364787418856934
ENSG00000273145.1,0.4636043546275439
ENSG00000007392.17,0.46355401771922883
ENSG00000223886.3,0.46355299333716404
ENSG00000134247.10,0.46352395069235014
ENSG00000281207.1,0.4635016176954305
ENSG00000121989.15,0.4634771642301999
ENSG00000175334.8,0.4634592362709446
ENSG00000280077.1,0.4634478942842526
ENSG00000080293.10,0.46339269982134007
ENSG00000223546.7,0.4633263065288832
ENSG00000248278.1,0.46331521885470783
ENSG00000260306.1,0.463301068564034
ENSG00000256806.6,0.46329481173960463
ENSG00000163382.12,0.46328475167834937
ENSG00000211725.3,0.463232863741844
ENSG00000182700.5,0.4632081676822567
ENSG00000268218.1,0.4631857662458393
ENSG00000242094.1,0.4631606202074464
ENSG00000214176.9,0.46311329289782777
ENSG00000104970.11,0.4630648771037476
ENSG00000157212.19,0.46300273513285184
ENSG00000248988.1,0.4629859023795722
ENSG00000177030.17,0.46296181258215885
ENSG00000135452.10,0.4629597228186504
ENSG00000235545.1,0.46292616061516256
ENSG00000256045.3,0.46291769393259635
ENSG00000138018.18,0.4629157464910735
ENSG00000286672.1,0.4629147625802412
ENSG00000286406.1,0.46288490966814927
ENSG00000268442.1,0.46286709109112545
ENSG00000147894.17,0.46282158186870914
ENSG00000277782.1,0.4628074334593336
ENSG00000172613.8,0.46278402657560674
ENSG00000287170.1,0.4627366602902638
ENSG00000250990.1,0.4627355666973284
ENSG00000267723.1,0.4627207171147279
ENSG00000228782.7,0.46270373230695666
ENSG00000174996.12,0.4626851162501233
ENSG00000225335.3,0.46266795031279406
ENSG00000255569.1,0.46266272343248527
ENSG00000161791.14,0.46261959981940665
ENSG00000196267.12,0.46261215597163136
ENSG00000079150.18,0.46259417823894744
ENSG00000243819.4,0.4625759435410225
ENSG00000286863.1,0.4625696069018346
ENSG00000285053.1,0.46254391325269906
ENSG00000274508.1,0.4623433318302057
ENSG00000228238.1,0.4623125810838362
ENSG00000287603.1,0.462299262778531
ENSG00000238286.1,0.4621286390495183
ENSG00000239857.7,0.46211443338363467
ENSG00000284654.1,0.4620803358581705
ENSG00000260671.2,0.4620574773144541
ENSG00000069956.12,0.4620568285655758
ENSG00000260776.6,0.46203900964794264
ENSG00000268117.1,0.4620142596848223
ENSG00000142657.21,0.4620050619507328
ENSG00000147649.10,0.4620004528827716
ENSG00000259895.1,0.46199312756953115
ENSG00000257818.1,0.46191148871093113
ENSG00000272861.1,0.4618440670840882
ENSG00000241782.1,0.4617777864917223
ENSG00000111412.6,0.46177629319357016
ENSG00000198642.7,0.4617498589045984
ENSG00000186187.12,0.46166662831061145
ENSG00000233328.3,0.4616325141563709
ENSG00000197465.14,0.46159419532371637
ENSG00000187686.4,0.4615867946329897
ENSG00000105677.12,0.4615009434751282
ENSG00000197283.17,0.46148769942349277
ENSG00000095564.14,0.46134124496830925
ENSG00000205622.11,0.4613336578860902
ENSG00000125166.13,0.46133153840511165
ENSG00000231964.1,0.4612456558720088
ENSG00000163378.14,0.46120467278908106
ENSG00000166136.16,0.4612041530760837
ENSG00000198265.12,0.46119985287924725
ENSG00000175893.12,0.46119776993751127
ENSG00000264350.1,0.46115556742095404
ENSG00000119703.15,0.4610810891218651
ENSG00000284606.1,0.4610762137113521
ENSG00000259039.3,0.4610561065276868
ENSG00000260095.1,0.4610354169921351
ENSG00000089057.15,0.4609812538520997
ENSG00000228302.2,0.46088189533585755
ENSG00000265458.2,0.46085018400720335
ENSG00000276662.1,0.46084504117572317
ENSG00000273374.1,0.46083586459179965
ENSG00000226243.1,0.4608087407169327
ENSG00000266910.2,0.4607876763904233
ENSG00000145425.10,0.46075772756380406
ENSG00000166881.10,0.4607463353028464
ENSG00000174109.5,0.46070313860052386
ENSG00000104765.16,0.4606651716294122
ENSG00000132109.10,0.4606537916237089
ENSG00000130812.10,0.4606116587267777
ENSG00000147955.17,0.4606037676674184
ENSG00000261924.1,0.46053587862637096
ENSG00000203288.4,0.46047124239694814
ENSG00000222005.9,0.4604366811025152
ENSG00000277235.1,0.46043301691392535
ENSG00000178146.9,0.4603635799782841
ENSG00000130695.16,0.46034995945118723
ENSG00000183476.12,0.46030973121245083
ENSG00000035403.18,0.46028122244780256
ENSG00000226822.3,0.46007814051641843
ENSG00000001036.14,0.46004637099365975
ENSG00000168522.13,0.46004471404526037
ENSG00000276754.1,0.46004180596103955
ENSG00000187189.11,0.46000135415036797
ENSG00000128524.5,0.45986171007392407
ENSG00000261534.1,0.45976368942410084
ENSG00000226328.7,0.4597296218652621
ENSG00000267481.1,0.4596899067513519
ENSG00000165661.17,0.45966854681742825
ENSG00000244945.1,0.45956990884263477
ENSG00000234171.3,0.4595697564849349
ENSG00000184612.8,0.4595194869035515
ENSG00000256282.1,0.45948988838778065
ENSG00000158863.22,0.45941835197670317
ENSG00000245205.3,0.4593633136022054
ENSG00000267500.1,0.4592861052399385
ENSG00000170604.5,0.4592533015108682
ENSG00000258366.9,0.45921525002808217
ENSG00000231646.6,0.45920135473471624
ENSG00000288031.1,0.4591966691025206
ENSG00000103549.22,0.4591853673791405
ENSG00000280924.1,0.45900143051531395
ENSG00000232842.2,0.45899458403217935
ENSG00000134243.12,0.4589885517922133
ENSG00000267078.1,0.4589398490966503
ENSG00000285761.1,0.4589382903306615
ENSG00000203880.12,0.4589270120471588
ENSG00000279110.1,0.45890032759369614
ENSG00000183250.12,0.45886422474649624
ENSG00000038219.13,0.4588153175745096
ENSG00000181610.13,0.45881518305881824
ENSG00000251073.1,0.45877746281655474
ENSG00000248483.7,0.45876470576910544
ENSG00000228906.1,0.4587459934946993
ENSG00000103326.12,0.4587348356127247
ENSG00000068024.17,0.4587205605777937
ENSG00000260083.2,0.45869580723841596
ENSG00000182264.9,0.45869128461136977
ENSG00000132507.18,0.4585883606621357
ENSG00000071082.11,0.45856192079959807
ENSG00000186522.15,0.4585329324957081
ENSG00000198276.16,0.45853244899935813
ENSG00000196547.15,0.45852282225107627
ENSG00000248473.2,0.45851865054613483
ENSG00000262558.1,0.45847666346592514
ENSG00000285725.1,0.4583820406951895
ENSG00000142687.18,0.4583598202046224
ENSG00000118200.14,0.4583468379046989
ENSG00000248693.1,0.4583188988513745
ENSG00000065060.17,0.4582484953311838
ENSG00000152409.9,0.4582198824137871
ENSG00000102125.16,0.4582106488808458
ENSG00000106460.19,0.45813667545210135
ENSG00000213782.7,0.4581119418473351
ENSG00000128881.17,0.45810819628661986
ENSG00000281091.3,0.45805230479338893
ENSG00000183891.6,0.45805193664256116
ENSG00000288600.1,0.45801760884134707
ENSG00000273139.1,0.4579880502931141
ENSG00000214253.9,0.45794717883310254
ENSG00000168936.11,0.4579165263291769
ENSG00000115816.15,0.45791381075204085
ENSG00000164327.13,0.45784812609216796
ENSG00000145375.9,0.4578232278858813
ENSG00000177728.17,0.4577535787571106
ENSG00000233203.6,0.4577475430381664
ENSG00000109047.8,0.4577201259887254
ENSG00000202079.1,0.45769706256002407
ENSG00000142513.6,0.45768272143841193
ENSG00000279765.3,0.4576624003443152
ENSG00000214087.8,0.45762718074442044
ENSG00000132004.13,0.4576044961415474
ENSG00000081760.17,0.45751895354026173
ENSG00000286729.1,0.4574339844525565
ENSG00000164885.13,0.457417099169199
ENSG00000123684.13,0.4574167920620355
ENSG00000262147.1,0.4573659310425678
ENSG00000204022.9,0.45734400796115066
ENSG00000263982.1,0.45729671015335865
ENSG00000228624.7,0.4572665277677979
ENSG00000269937.1,0.4572498028215963
ENSG00000244227.7,0.4571694301259805
ENSG00000150768.16,0.4571122393617704
ENSG00000235016.1,0.4571025041253949
ENSG00000213741.11,0.45708914125060635
ENSG00000106266.11,0.457066751956029
ENSG00000258476.6,0.45696711798584116
ENSG00000271901.2,0.45687729585556314
ENSG00000224682.1,0.45686805262551494
ENSG00000176358.15,0.4568376593123146
ENSG00000188985.6,0.4568253516793402
ENSG00000244349.1,0.4568217049319748
ENSG00000173273.16,0.45681840964218495
ENSG00000184492.6,0.456787566543476
ENSG00000272459.1,0.45673853525224783
ENSG00000131873.7,0.45668204825731823
ENSG00000149091.15,0.4566428986376113
ENSG00000271590.1,0.45663576736695827
ENSG00000259158.4,0.4566338985304177
ENSG00000269967.1,0.456622985018398
ENSG00000165806.21,0.4565672687218453
ENSG00000196437.12,0.4565181991162377
ENSG00000255561.7,0.45650892731262827
ENSG00000230555.2,0.45650159894599956
ENSG00000164733.22,0.4564949242218073
ENSG00000280046.1,0.45647230424865937
ENSG00000168116.14,0.45645423831225496
ENSG00000247373.3,0.4564011165674226
ENSG00000286115.1,0.4563799474604977
ENSG00000224786.2,0.45633386088047645
ENSG00000235897.1,0.45629904865480814
ENSG00000197933.13,0.45627712718988434
ENSG00000287175.1,0.45624596386988386
ENSG00000228857.2,0.45624376722109306
ENSG00000113615.13,0.4562104843145183
ENSG00000234617.2,0.4561299724955021
ENSG00000247121.7,0.45610700735140913
ENSG00000161958.11,0.45609258329989355
ENSG00000187164.20,0.4560598191995099
ENSG00000132436.11,0.4560514914291894
ENSG00000249167.2,0.4559859343767159
ENSG00000105364.14,0.45593336555909963
ENSG00000233184.7,0.45593160491215506
ENSG00000147119.4,0.4558895117442108
ENSG00000250131.2,0.4558577534402979
ENSG00000211697.4,0.4558189338039193
ENSG00000154328.16,0.45580880017129394
ENSG00000229700.1,0.4558013571784097
ENSG00000107937.19,0.45578393342645457
ENSG00000286181.1,0.45578243410388625
ENSG00000140332.17,0.45577774175550734
ENSG00000136504.13,0.45573719876095253
ENSG00000260589.1,0.45573663358135175
ENSG00000154978.13,0.4557160136987661
ENSG00000243964.1,0.45565268633706657
ENSG00000238120.1,0.45562249849344977
ENSG00000169314.15,0.4555826510013272
ENSG00000135605.13,0.455581234607502
ENSG00000236801.1,0.4555648379125939
ENSG00000235790.7,0.4555267881525861
ENSG00000223599.1,0.4555072839493897
ENSG00000174028.6,0.45543049293118876
ENSG00000284977.2,0.4553671128495059
ENSG00000133872.14,0.45532060601140373
ENSG00000275005.1,0.4552720056065228
ENSG00000175513.9,0.45527108500320984
ENSG00000253988.1,0.4552469350594535
ENSG00000246273.8,0.4552248389917396
ENSG00000145414.9,0.45518429916825676
ENSG00000272209.1,0.4551643658811653
ENSG00000287382.1,0.4551075345422435
ENSG00000270379.6,0.45510634264143757
ENSG00000258289.8,0.4550340847008079
ENSG00000248734.2,0.45503328217764316
ENSG00000287759.1,0.4549918952749335
ENSG00000142534.7,0.4549855129902677
ENSG00000219682.4,0.45493458177468693
ENSG00000236617.2,0.45490367145810684
ENSG00000213997.3,0.45489730392760414
ENSG00000108604.16,0.45487378520551747
ENSG00000248673.2,0.454862278600151
ENSG00000101557.15,0.45480818405684476
ENSG00000197880.9,0.4547802751795008
ENSG00000160190.14,0.45475577983117155
ENSG00000165525.18,0.45472295379380273
ENSG00000269421.1,0.4547162012427085
ENSG00000234478.1,0.4546590879565962
ENSG00000147421.18,0.4546362140196434
ENSG00000165156.15,0.45462156115416996
ENSG00000101888.12,0.4546130984198495
ENSG00000169957.10,0.4546102825675982
ENSG00000244932.2,0.45458406757748016
ENSG00000173511.10,0.45457966231239955
ENSG00000232098.3,0.45454353674112974
ENSG00000275540.1,0.4544628451186202
ENSG00000136261.15,0.4544357247207649
ENSG00000246662.6,0.4544270894444164
ENSG00000225411.3,0.4543693362640236
ENSG00000199933.1,0.454364621366573
ENSG00000178764.8,0.45434737174220535
ENSG00000118181.11,0.4543461579218647
ENSG00000267659.5,0.45431946112132415
ENSG00000283020.1,0.4542868032124281
ENSG00000237350.1,0.4542635632323392
ENSG00000074964.17,0.45423236607454165
ENSG00000085224.23,0.4541665596510824
ENSG00000279853.1,0.454161660034711
ENSG00000205930.10,0.4541611146256059
ENSG00000241837.7,0.4541424349046786
ENSG00000249835.2,0.45411790338780333
ENSG00000238363.1,0.45411281029757955
ENSG00000288534.1,0.45411220227138016
ENSG00000260884.1,0.4541059341503542
ENSG00000090581.10,0.4540755485549102
ENSG00000266718.2,0.4540131699603911
ENSG00000207650.1,0.4539930101982971
ENSG00000100445.17,0.4539506278776474
ENSG00000264148.1,0.4539304800452739
ENSG00000234428.2,0.45390451661154235
ENSG00000224183.1,0.4539028637250664
ENSG00000267565.1,0.4539013482519968
ENSG00000262096.2,0.4537820017611324
ENSG00000249936.3,0.45375874810183664
ENSG00000262919.8,0.4537269086551085
ENSG00000227906.8,0.4537040225704416
ENSG00000163611.11,0.4536974803831208
ENSG00000109016.17,0.4536720322459728
ENSG00000230207.1,0.4536711567967879
ENSG00000167863.12,0.4536584414418711
ENSG00000117155.17,0.45362126540266695
ENSG00000105254.12,0.4536136873221329
ENSG00000272555.1,0.45360561924155485
ENSG00000188958.9,0.4536032208555817
ENSG00000271009.3,0.4535806475834227
ENSG00000115760.14,0.45354748846350545
ENSG00000272150.5,0.45353175262072054
ENSG00000001084.13,0.4535271917922467
ENSG00000237234.7,0.45352307283637855
ENSG00000267317.2,0.45349246106358304
ENSG00000198087.7,0.4534871129139592
ENSG00000106330.12,0.45344530008168793
ENSG00000104529.17,0.4533746347676609
ENSG00000149646.12,0.4533410068968244
ENSG00000160404.18,0.4532725396668034
ENSG00000114480.13,0.45326459463419044
ENSG00000148334.16,0.45320115797941657
ENSG00000184434.8,0.4531827432206539
ENSG00000214851.5,0.4531816732476158
ENSG00000264278.1,0.4531706955827182
ENSG00000271646.1,0.45316289169977525
ENSG00000286482.1,0.45311510467513044
ENSG00000153814.13,0.4531133253546931
ENSG00000276023.5,0.45307854897075284
ENSG00000254433.1,0.45307818059979404
ENSG00000176476.9,0.45300904080182786
ENSG00000177854.8,0.4529950949511489
ENSG00000280212.1,0.45299300508624685
ENSG00000264569.1,0.4529652462160642
ENSG00000157657.14,0.4529093755246023
ENSG00000273338.1,0.4528445693436378
ENSG00000169976.7,0.4528296588335886
ENSG00000255306.1,0.4526979285379951
ENSG00000111752.11,0.45267697937041146
ENSG00000124067.17,0.45263224278102154
ENSG00000129925.11,0.45263077564856236
ENSG00000229771.2,0.4525784054414809
ENSG00000165702.14,0.45257659222892516
ENSG00000243144.7,0.45257441745755983
ENSG00000270903.1,0.45247594985604306
ENSG00000142676.14,0.4524623306306829
ENSG00000182199.11,0.45244815620774936
ENSG00000226038.5,0.4524331184335105
ENSG00000181045.15,0.45243185348631576
ENSG00000137463.5,0.45241960789588603
ENSG00000286757.2,0.45236725540667233
ENSG00000032742.18,0.4523624143242917
ENSG00000286488.1,0.45233576346584564
ENSG00000170776.22,0.45231301448991396
ENSG00000042753.12,0.4522871999474865
ENSG00000166801.16,0.45226321085724314
ENSG00000258181.1,0.45223881140564925
ENSG00000092820.18,0.4521264646873682
ENSG00000227939.1,0.4520987674891893
ENSG00000228915.3,0.4520288464416359
ENSG00000165555.9,0.45201548641351685
ENSG00000133731.10,0.452005978574988
ENSG00000197081.16,0.4519569464774488
ENSG00000271259.1,0.4519490739846188
ENSG00000185722.18,0.4519341721133274
ENSG00000228789.8,0.45191450792835186
ENSG00000260871.1,0.4519098897510385
ENSG00000170881.5,0.4518055585072445
ENSG00000275371.1,0.4516707526364037
ENSG00000103168.17,0.45166805560934636
ENSG00000166012.17,0.4516626761164033
ENSG00000250903.9,0.45163209585024117
ENSG00000261526.2,0.451581578514688
ENSG00000279089.1,0.45154252834308456
ENSG00000160207.9,0.451499307315669
ENSG00000256762.1,0.4514693561011166
ENSG00000145247.12,0.4514055051801667
ENSG00000164967.10,0.45133643273999774
ENSG00000283390.1,0.4512933785159476
ENSG00000164889.15,0.45124533538075823
ENSG00000237927.1,0.4512438674446927
ENSG00000188394.8,0.45124324444945824
ENSG00000204899.6,0.4512044286074338
ENSG00000258623.1,0.4511372877821028
ENSG00000110025.13,0.45112024642635096
ENSG00000224963.3,0.45097454706886897
ENSG00000052126.14,0.45094736110765243
ENSG00000184481.17,0.45091362835818033
ENSG00000267724.1,0.4509066051078565
ENSG00000182208.14,0.4508465890879545
ENSG00000267644.1,0.4508426758103941
ENSG00000259367.1,0.45083391205385825
ENSG00000254352.1,0.45072640429625344
ENSG00000167815.12,0.45072586154608674
ENSG00000239494.2,0.4507039996316722
ENSG00000178567.8,0.4506898999357194
ENSG00000213463.5,0.45065918397833254
ENSG00000168126.3,0.45061469260561965
ENSG00000148814.18,0.45056723066361365
ENSG00000203865.11,0.450565594233456
ENSG00000169895.6,0.45052928799982567
ENSG00000117569.19,0.45052676667961833
ENSG00000283399.1,0.4505263298531343
ENSG00000060237.18,0.45046896944715004
ENSG00000283050.2,0.4504584352269184
ENSG00000102172.16,0.45037740004613425
ENSG00000237651.6,0.4503735245798811
ENSG00000258810.1,0.4503624270422567
ENSG00000130338.13,0.45032742216819766
ENSG00000250132.6,0.4503185269754415
ENSG00000279881.1,0.45028176596700575
ENSG00000205693.4,0.45023406726806164
ENSG00000242110.8,0.4502159937247764
ENSG00000162728.5,0.45017212231780074
ENSG00000260592.1,0.4500910628377789
ENSG00000269226.7,0.45007295466760516
ENSG00000119899.13,0.45006703057943676
ENSG00000240954.1,0.4500025775512364
ENSG00000227006.2,0.4499461154494854
ENSG00000159445.13,0.4499002126156072
ENSG00000117625.14,0.44988862460010914
ENSG00000198853.12,0.4498794755589431
ENSG00000259330.3,0.44985429969503904
ENSG00000172466.16,0.44981453920646897
ENSG00000239920.2,0.4498106855076356
ENSG00000280434.1,0.44976480159199883
ENSG00000288670.1,0.4496931504058023
ENSG00000178464.6,0.44965794985337554
ENSG00000128159.12,0.44964026320181255
ENSG00000122375.12,0.4496111120872798
ENSG00000175029.17,0.4496065348003351
ENSG00000244041.7,0.449488280804096
ENSG00000135763.10,0.4494691852709601
ENSG00000255585.3,0.44946033952807457
ENSG00000280128.1,0.4494528001878773
ENSG00000188383.8,0.44933119672192795
ENSG00000176454.14,0.4493092736510523
ENSG00000260236.1,0.44925903569606024
ENSG00000137054.16,0.4492531596739106
ENSG00000265474.1,0.44915264944998706
ENSG00000167302.11,0.44914442225628504
ENSG00000213939.4,0.44907582428781556
ENSG00000170619.10,0.4490584838694585
ENSG00000167632.18,0.44905769525034217
ENSG00000162086.16,0.44904333126216867
ENSG00000131023.13,0.44902498014662173
ENSG00000188846.14,0.44895685739069663
ENSG00000227908.3,0.4489505071351538
ENSG00000235478.5,0.44894891063757064
ENSG00000117676.14,0.44893145370405996
ENSG00000228242.6,0.4488643987172206
ENSG00000260448.6,0.4488058309091791
ENSG00000240793.1,0.4487396599537698
ENSG00000267080.6,0.4487178845704374
ENSG00000155561.15,0.448641201110473
ENSG00000003056.8,0.44857989459000763
ENSG00000188229.6,0.4485621455211159
ENSG00000124201.15,0.4485297933026061
ENSG00000267707.2,0.44849802938408795
ENSG00000203362.2,0.44838851878382274
ENSG00000277161.2,0.4483454558501202
ENSG00000118046.16,0.44825564023118536
ENSG00000162391.12,0.4482517473811524
ENSG00000236200.6,0.4481928459193821
ENSG00000268536.1,0.44818610270885384
ENSG00000229956.11,0.44815095804164684
ENSG00000130159.14,0.44808385390464467
ENSG00000263063.1,0.4479799014186492
ENSG00000284690.3,0.4479747972773348
ENSG00000184967.7,0.44796525613112603
ENSG00000272744.1,0.4479623995752634
ENSG00000122912.15,0.44794058413247295
ENSG00000261582.1,0.44793801832067504
ENSG00000120832.10,0.44789004065745724
ENSG00000141562.18,0.4478506604138334
ENSG00000236114.1,0.44784293540772846
ENSG00000150760.13,0.4477885084636061
ENSG00000256771.4,0.44774661419486167
ENSG00000251689.1,0.4477337965409105
ENSG00000273972.1,0.4477293593432172
ENSG00000111252.11,0.44767104963264776
ENSG00000259092.1,0.44758678935050444
ENSG00000255236.3,0.44757475479901015
ENSG00000278995.1,0.44756986600309734
ENSG00000250027.1,0.4475619813858067
ENSG00000245017.2,0.4475284399791771
ENSG00000143303.12,0.4474777954250354
ENSG00000286874.1,0.44741337804487635
ENSG00000178997.11,0.4474084612332386
ENSG00000176401.6,0.44738281332187113
ENSG00000279762.3,0.4472739610130011
ENSG00000273451.1,0.447266661822032
ENSG00000205790.1,0.4472495707281113
ENSG00000235290.1,0.44724824739741326
ENSG00000184007.22,0.4472400718287362
ENSG00000147123.11,0.4472347227281834
ENSG00000245768.7,0.44719330846282235
ENSG00000144445.17,0.44710565560806764
ENSG00000264538.6,0.447092147240589
ENSG00000253930.1,0.44706711121463644
ENSG00000255819.7,0.44703105251977704
ENSG00000233609.3,0.44697161927587553
ENSG00000271913.7,0.44695021546778246
ENSG00000146830.11,0.4469396844954741
ENSG00000287729.1,0.4469385961255096
ENSG00000275720.1,0.4467709595672466
ENSG00000287727.1,0.4467467284838474
ENSG00000279605.1,0.44674240161541146
ENSG00000144843.11,0.44672355504560074
ENSG00000112640.16,0.4466057825746754
ENSG00000012232.9,0.44658665496888755
ENSG00000253330.1,0.44657127626670173
ENSG00000274272.1,0.4465700871952896
ENSG00000173264.15,0.4465644081907135
ENSG00000099364.18,0.44651390660171286
ENSG00000249978.1,0.4465082380563972
ENSG00000175782.11,0.4464910040336779
ENSG00000278954.1,0.4464453349548537
ENSG00000251538.7,0.44642194587427186
ENSG00000176732.7,0.44640107226575515
ENSG00000163170.12,0.4463704931533461
ENSG00000120784.16,0.44636796287522956
ENSG00000155428.12,0.44634201251576605
ENSG00000056972.20,0.44624815523256833
ENSG00000075234.17,0.44612838234687113
ENSG00000185730.8,0.44610449906141547
ENSG00000166477.13,0.446090917120716
ENSG00000100249.4,0.44608294250217273
ENSG00000279942.1,0.4460473878250484
ENSG00000269365.2,0.4460449259999472
ENSG00000251257.2,0.4460398491381832
ENSG00000177119.16,0.4460026724747896
ENSG00000267265.5,0.4459181092153857
ENSG00000223345.3,0.44589239958651644
ENSG00000174197.16,0.4458370463444994
ENSG00000066027.12,0.44576746213182383
ENSG00000140905.11,0.44574956703386126
ENSG00000182048.11,0.4456643896265023
ENSG00000104375.17,0.44558794579481703
ENSG00000274038.1,0.44557239183773073
ENSG00000134490.14,0.4455620962756079
ENSG00000241411.1,0.44555606439455986
ENSG00000215267.8,0.4454432965045624
ENSG00000260895.1,0.4454423737280672
ENSG00000094916.16,0.44544055487931655
ENSG00000227372.12,0.44542159432245
ENSG00000141376.23,0.445411435098102
ENSG00000233672.9,0.4453433664948923
ENSG00000198824.7,0.4453336456589712
ENSG00000104320.14,0.44527572799750653
ENSG00000180776.16,0.4452427390301645
ENSG00000248494.1,0.4452131563293462
ENSG00000264672.6,0.4452044828173873
ENSG00000267048.1,0.44516970331125666
ENSG00000121879.6,0.4451663266601489
ENSG00000277129.1,0.4451571126146714
ENSG00000230565.1,0.44509435208920767
ENSG00000185662.10,0.4450580561659532
ENSG00000285918.1,0.44502945662145577
ENSG00000254317.1,0.4450057002819186
ENSG00000251474.6,0.4447709774228281
ENSG00000134109.11,0.444770643058105
ENSG00000241860.7,0.44472356314783135
ENSG00000178458.5,0.44467895916656275
ENSG00000236993.2,0.4446327296177902
ENSG00000272240.1,0.4445003592104078
ENSG00000272836.1,0.44444706095838354
ENSG00000256436.1,0.4444438018363583
ENSG00000066084.13,0.4444425638878181
ENSG00000063245.15,0.444403760116732
ENSG00000112367.12,0.4443745896922138
ENSG00000259642.2,0.4443631470743537
ENSG00000163959.10,0.4443607285600378
ENSG00000259959.1,0.44434977546261534
ENSG00000230508.1,0.4443436707059731
ENSG00000153179.13,0.44432591544444694
ENSG00000090266.13,0.44428685459946077
ENSG00000132199.20,0.4442827401683168
ENSG00000130711.5,0.44426217664544565
ENSG00000226450.2,0.4442104834621048
ENSG00000164941.14,0.4441690229915272
ENSG00000263293.2,0.44411801517418836
ENSG00000196951.11,0.44411570743171797
ENSG00000263235.1,0.4440652733174565
ENSG00000261167.1,0.4440627039795038
ENSG00000266651.1,0.44404884779317005
ENSG00000104960.15,0.4440092235165238
ENSG00000196365.12,0.44398608480435914
ENSG00000232628.6,0.4439414237950598
ENSG00000248008.3,0.4439264367739712
ENSG00000284652.1,0.4437896321425123
ENSG00000076043.11,0.4437652526514477
ENSG00000176108.9,0.44372931195173526
ENSG00000267456.2,0.4437269981480713
ENSG00000202290.1,0.4437181386258432
ENSG00000287584.1,0.4436805937008369
ENSG00000073331.18,0.4436756023104021
ENSG00000129292.21,0.4436368894743681
ENSG00000260493.1,0.44355926107198623
ENSG00000102580.15,0.44354896761047
ENSG00000286990.1,0.44354231691859725
ENSG00000272677.1,0.4435393532488831
ENSG00000185485.14,0.4435078329589923
ENSG00000260274.1,0.4434564729315429
ENSG00000112343.11,0.44342396879022566
ENSG00000183665.5,0.44335929133608803
ENSG00000253284.2,0.4433591167555622
ENSG00000285600.1,0.443353866903449
ENSG00000157637.13,0.44333458909063317
ENSG00000137343.18,0.44329395183972986
ENSG00000236829.9,0.44327342286767274
ENSG00000261366.1,0.44325683207423977
ENSG00000114853.14,0.443240881251757
ENSG00000139266.6,0.44316974179429747
ENSG00000230918.2,0.4431632503831565
ENSG00000271105.1,0.4431551475864695
ENSG00000114796.16,0.4431325012420942
ENSG00000198870.8,0.4430592198807581
ENSG00000228021.7,0.4430395206828576
ENSG00000108256.9,0.4430239652186442
ENSG00000167173.19,0.4429608056983793
ENSG00000114391.13,0.44293141680774273
ENSG00000281468.1,0.44292191443110374
ENSG00000182504.11,0.44288942179191154
ENSG00000272602.6,0.44287835479593146
ENSG00000276952.1,0.44287681860904304
ENSG00000142396.10,0.44285485792912394
ENSG00000213598.4,0.44284997824089556
ENSG00000174851.16,0.4428396134305281
ENSG00000219747.1,0.44282592480482474
ENSG00000250068.1,0.4428148113175013
ENSG00000188199.10,0.4428108327604286
ENSG00000275450.1,0.44280238597308896
ENSG00000135469.14,0.4427946216820039
ENSG00000183207.14,0.44278863294307236
ENSG00000117139.18,0.44276372224835353
ENSG00000184436.12,0.442651194353243
ENSG00000223956.3,0.44262479299924323
ENSG00000064490.14,0.44260378164812564
ENSG00000106351.13,0.4424255126014501
ENSG00000189067.13,0.44233988954514364
ENSG00000224468.3,0.4422698399205015
ENSG00000140650.12,0.442240312775462
ENSG00000261123.1,0.4422181264681054
ENSG00000106261.17,0.4422079753385101
ENSG00000228401.5,0.4421852215361742
ENSG00000117143.13,0.4420914195040431
ENSG00000260368.1,0.442076243359399
ENSG00000258559.2,0.44207231763992305
ENSG00000104980.8,0.4420565028813368
ENSG00000287574.1,0.4419292887044002
ENSG00000254461.1,0.44185572110262644
ENSG00000261338.2,0.4418517525798363
ENSG00000173542.9,0.44185013371328086
ENSG00000142168.15,0.44183861926912543
ENSG00000113569.16,0.4417959708862221
ENSG00000205138.4,0.44175682717281967
ENSG00000067606.17,0.44173641835938127
ENSG00000286811.1,0.4417156178906818
ENSG00000102054.18,0.44170075652435525
ENSG00000260526.1,0.44165432766435403
ENSG00000182899.17,0.44160653896821783
ENSG00000249767.1,0.441593326767581
ENSG00000071564.17,0.4415893280485531
ENSG00000121864.10,0.4415725748490632
ENSG00000184575.12,0.4414994373300385
ENSG00000274220.1,0.44147512486154017
ENSG00000222019.7,0.44145035869609467
ENSG00000071655.18,0.4413858722886561
ENSG00000125877.13,0.4413774213667304
ENSG00000116857.17,0.4413367417611413
ENSG00000271119.1,0.44130911660226746
ENSG00000253944.1,0.44129713669235804
ENSG00000285991.1,0.4412615772459786
ENSG00000157021.9,0.4412068896253309
ENSG00000213280.2,0.4411355860163315
ENSG00000272899.4,0.4410550948724061
ENSG00000248626.1,0.4410312488175242
ENSG00000090447.12,0.4410066002893435
ENSG00000248677.2,0.44095483826558307
ENSG00000262172.1,0.4409449716595697
ENSG00000171217.5,0.4409347547129963
ENSG00000224418.1,0.44092757258863474
ENSG00000104626.15,0.44089393429033685
ENSG00000143811.19,0.44087081805542117
ENSG00000100393.14,0.44085727110330275
ENSG00000100593.18,0.4408110234586047
ENSG00000163956.13,0.4407724811661012
ENSG00000131127.14,0.44075152302591125
ENSG00000254536.2,0.4407397891898028
ENSG00000172590.18,0.440735286982093
ENSG00000279266.1,0.44072087030939433
ENSG00000279048.1,0.44069571487561726
ENSG00000108175.17,0.4406957061836197
ENSG00000186399.10,0.44068656052788807
ENSG00000124207.17,0.4406422265061624
ENSG00000132780.17,0.4405884847390063
ENSG00000255176.1,0.4405839332512944
ENSG00000231167.3,0.44055945229942955
ENSG00000227355.3,0.4405477648560365
ENSG00000066697.15,0.44045077794494314
ENSG00000260425.1,0.44041972387580236
ENSG00000251211.1,0.44038140387381075
ENSG00000228271.2,0.4403765495032528
ENSG00000273289.1,0.44032727231360524
ENSG00000171295.13,0.440306862312891
ENSG00000173465.8,0.44025677204552865
ENSG00000109618.12,0.44022121158565386
ENSG00000251259.1,0.4401956816967541
ENSG00000129968.17,0.44017013138535266
ENSG00000282021.1,0.44009524265240973
ENSG00000213876.4,0.4400951203395078
ENSG00000131379.10,0.44003634442896417
ENSG00000178381.12,0.4400167871826724
ENSG00000237436.1,0.439996467923761
ENSG00000260942.1,0.4399904974745347
ENSG00000204054.14,0.43995171058309696
ENSG00000285954.1,0.43986079131713646
ENSG00000015475.19,0.43985336084426874
ENSG00000105607.13,0.439838299131705
ENSG00000101444.13,0.43983204565337275
ENSG00000286997.1,0.4398213417095886
ENSG00000267575.7,0.4397965160516887
ENSG00000105854.13,0.439792013952237
ENSG00000169139.12,0.4397646931300974
ENSG00000179958.10,0.43976465959387284
ENSG00000108592.17,0.43970708230805766
ENSG00000239472.3,0.4396708281574978
ENSG00000011260.14,0.43966545652975525
ENSG00000272888.7,0.43963209122586533
ENSG00000267834.1,0.4395881076363942
ENSG00000148396.18,0.43956176691559057
ENSG00000232388.5,0.43952078667666356
ENSG00000132855.5,0.43951649709238644
ENSG00000269091.6,0.4395150529259302
ENSG00000131183.11,0.43946388385332996
ENSG00000281538.1,0.43942763371696475
ENSG00000145022.4,0.4393995607636406
ENSG00000163257.11,0.4393902540608112
ENSG00000261308.3,0.4393843734896618
ENSG00000180712.4,0.4393705052365115
ENSG00000171700.14,0.43936971800344
ENSG00000203730.3,0.43931785512391014
ENSG00000259982.1,0.4393159341902717
ENSG00000104679.12,0.43931217781612414
ENSG00000178184.16,0.4392850091996221
ENSG00000280739.3,0.43923073494543663
ENSG00000034152.19,0.43918021623766584
ENSG00000111897.7,0.43917798417069376
ENSG00000159377.11,0.43912950070270934
ENSG00000156411.10,0.43912464864087697
ENSG00000248015.7,0.43911277827901296
ENSG00000261504.1,0.4390905693169424
ENSG00000170417.16,0.43904056302905625
ENSG00000275481.1,0.438978657951526
ENSG00000215114.10,0.4389645548032052
ENSG00000226823.1,0.438959651041427
ENSG00000196950.14,0.4388892163853429
ENSG00000263325.1,0.4388746105956178
ENSG00000285230.2,0.43886555826175233
ENSG00000279203.1,0.43885902036712005
ENSG00000272145.1,0.4388317622869235
ENSG00000275532.1,0.4388094843806816
ENSG00000164587.13,0.4387730403795913
ENSG00000286921.1,0.43877057494041327
ENSG00000231147.2,0.43875476238491745
ENSG00000250906.1,0.4387242177990706
ENSG00000140993.11,0.4387013735602748
ENSG00000174915.12,0.4386985388112486
ENSG00000225028.1,0.4386936248382951
ENSG00000155660.11,0.43866547727425614
ENSG00000236554.1,0.43862088067149657
ENSG00000225083.2,0.4385930398996135
ENSG00000163156.12,0.43857502119902103
ENSG00000235681.1,0.4384852300994349
ENSG00000287580.1,0.43844495829374985
ENSG00000253200.1,0.4384399557938873
ENSG00000276831.1,0.4383750100513818
ENSG00000267421.6,0.4383186314703585
ENSG00000111845.5,0.4382874806004962
ENSG00000287445.1,0.438276080462005
ENSG00000198690.10,0.4382568503386306
ENSG00000109323.11,0.43818908568400705
ENSG00000042445.14,0.4381871831615433
ENSG00000164291.17,0.43818472169368206
ENSG00000117410.14,0.43816335786948685
ENSG00000273487.1,0.43815027702364767
ENSG00000259877.2,0.43811652112111177
ENSG00000196911.11,0.43809374540068763
ENSG00000141279.17,0.4380720773806289
ENSG00000236204.6,0.43802168447032386
ENSG00000286721.1,0.4379785778506891
ENSG00000158623.14,0.437903155171543
ENSG00000215811.6,0.4378669750416105
ENSG00000157693.15,0.4377863700857829
ENSG00000162757.4,0.43774748208603415
ENSG00000233542.2,0.4376990774331425
ENSG00000115042.10,0.43766938717568027
ENSG00000175711.8,0.4375485011546669
ENSG00000116005.12,0.4374980194788103
ENSG00000226874.1,0.4374400887140528
ENSG00000267871.6,0.43739472651176425
ENSG00000260160.1,0.437391667998958
ENSG00000280195.1,0.4373789023836714
ENSG00000130766.5,0.4373428264598599
ENSG00000283031.2,0.4373323915025609
ENSG00000171084.15,0.43732650499330405
ENSG00000204392.11,0.43732229037671577
ENSG00000251414.1,0.43728508468022664
ENSG00000096872.17,0.43717360203571737
ENSG00000243927.6,0.4371299866958359
ENSG00000156873.16,0.4371295674062928
ENSG00000165972.13,0.43712936310454004
ENSG00000270720.1,0.4370613400143032
ENSG00000256988.2,0.43705114589178157
ENSG00000248780.1,0.43704628438119847
ENSG00000058804.12,0.4370135636539989
ENSG00000137634.10,0.43692287348289116
ENSG00000205853.12,0.43684558054694694
ENSG00000245105.4,0.4367606612005586
ENSG00000179922.6,0.4366714779700469
ENSG00000231616.9,0.4366119234490469
ENSG00000226377.2,0.4366019456301472
ENSG00000231731.7,0.43659837052500133
ENSG00000286588.1,0.4365751204102925
ENSG00000279330.1,0.43655648173050376
ENSG00000279413.1,0.4365459727039376
ENSG00000112514.18,0.43653495408256504
ENSG00000185880.13,0.43648630053689186
ENSG00000139133.7,0.4364805251713012
ENSG00000261210.8,0.43647208346620303
ENSG00000253133.2,0.43645796967082456
ENSG00000160753.16,0.4363668765633088
ENSG00000228022.6,0.43635819811761467
ENSG00000189079.17,0.43631748387846253
ENSG00000228477.1,0.43618422174587124
ENSG00000136026.14,0.4361813463232914
ENSG00000288095.1,0.436101397627754
ENSG00000285669.1,0.43603242303514983
ENSG00000279591.1,0.4359817727203417
ENSG00000136213.10,0.4359562573941986
ENSG00000233554.6,0.4359424463042705
ENSG00000131791.8,0.4359251798990221
ENSG00000227646.7,0.4359198393111899
ENSG00000253633.2,0.4358549486275918
ENSG00000271384.1,0.4356924980514668
ENSG00000235910.2,0.4356811766538062
ENSG00000275202.1,0.4356438669740245
ENSG00000153774.9,0.4356220489349299
ENSG00000161914.10,0.4355893583416295
ENSG00000155545.20,0.43557342493456375
ENSG00000250917.1,0.4355470237838025
ENSG00000233975.1,0.4355182216991609
ENSG00000175575.13,0.4354765225524633
ENSG00000278058.1,0.4354370780644383
ENSG00000261553.5,0.43541219122854374
ENSG00000253893.2,0.4353294714335449
ENSG00000266962.2,0.4353063354469744
ENSG00000040199.18,0.4352974719629177
ENSG00000156030.13,0.43528350999369875
ENSG00000231550.1,0.43526891772387394
ENSG00000114993.17,0.4352272013698375
ENSG00000117151.13,0.43513275957766806
ENSG00000279345.1,0.43512716843773247
ENSG00000198018.7,0.43512468727526027
ENSG00000242960.1,0.4351226554515934
ENSG00000139163.16,0.43510744502555226
ENSG00000273073.1,0.4350804704322076
ENSG00000134294.14,0.43507940647564436
ENSG00000177954.14,0.4350782575817054
ENSG00000198711.5,0.4349184443242026
ENSG00000226781.1,0.43487330498583976
ENSG00000264083.1,0.43483060404189483
ENSG00000239884.3,0.4348279606705823
ENSG00000272975.1,0.4347282843228542
ENSG00000168438.15,0.43467491238132233
ENSG00000228499.1,0.4346533242234056
ENSG00000069998.12,0.4346507911463625
ENSG00000259810.2,0.4346109443769734
ENSG00000213020.10,0.43450666303051055
ENSG00000163872.16,0.43430629286211453
ENSG00000005812.11,0.43428613940683497
ENSG00000167565.13,0.43421298277190135
ENSG00000120306.11,0.43417920960538375
ENSG00000176974.20,0.4341013845467538
ENSG00000287823.1,0.4340881554280153
ENSG00000014164.7,0.43406013739690497
ENSG00000272088.1,0.434003628491855
ENSG00000272918.1,0.4339683487727575
ENSG00000270025.2,0.43394404793652597
ENSG00000103404.14,0.4339209513267082
ENSG00000130305.17,0.43390443141253315
ENSG00000159069.14,0.4338919566072611
ENSG00000219470.1,0.4338834110477441
ENSG00000197183.14,0.4338425414190609
ENSG00000261620.1,0.4338314382050617
ENSG00000223509.8,0.43378852242358495
ENSG00000242802.9,0.4337238968236969
ENSG00000089157.16,0.43369284878843156
ENSG00000051596.10,0.4336676725995873
ENSG00000280106.1,0.43365944576608223
ENSG00000284747.1,0.4336542393836078
ENSG00000100105.18,0.433600619461591
ENSG00000085365.18,0.4335676371405804
ENSG00000117054.14,0.43356508655940046
ENSG00000261143.1,0.4334741997872247
ENSG00000255120.5,0.4334140039690153
ENSG00000265681.7,0.4333740215309433
ENSG00000273341.2,0.4333494168231545
ENSG00000068120.15,0.43333864722108134
ENSG00000198169.9,0.4333298906860534
ENSG00000160408.15,0.4332753580770825
ENSG00000267309.1,0.4332727476607224
ENSG00000177225.17,0.4332501314778883
ENSG00000214417.4,0.43323612771678754
ENSG00000271151.1,0.4332353866753417
ENSG00000081148.12,0.433212756513593
ENSG00000102893.16,0.433190969297722
ENSG00000226851.1,0.43308851464896764
ENSG00000261777.6,0.4330864878237627
ENSG00000279791.1,0.4330766945591111
ENSG00000287236.1,0.4330710603430879
ENSG00000166128.13,0.43300584373906104
ENSG00000127334.11,0.4329618292750881
ENSG00000112118.20,0.43290900552931894
ENSG00000287195.1,0.4328919452658339
ENSG00000126705.15,0.4328361273499443
ENSG00000164543.7,0.43276779503954493
ENSG00000182372.10,0.4327369120823132
ENSG00000277152.1,0.43272105594435334
ENSG00000005486.17,0.4326736712584375
ENSG00000250471.2,0.43257574450179603
ENSG00000285704.1,0.4325527034971246
ENSG00000171823.7,0.43251916601765034
ENSG00000231784.8,0.43251633761070923
ENSG00000139160.13,0.4324712083667471
ENSG00000141096.6,0.4324710042571515
ENSG00000115687.14,0.4324602755106485
ENSG00000226026.6,0.43241254815128405
ENSG00000256546.2,0.43239280716807776
ENSG00000204348.10,0.43239064698137997
ENSG00000270194.1,0.43238092314758014
ENSG00000137731.14,0.43220631049011765
ENSG00000269894.1,0.4321474512486485
ENSG00000136720.7,0.4321425933106447
ENSG00000277072.5,0.43212181530268873
ENSG00000259236.1,0.43209486188436486
ENSG00000102181.21,0.4320583166261713
ENSG00000135124.15,0.43203090973313696
ENSG00000184903.10,0.43201183335718024
ENSG00000260630.7,0.4319785906670439
ENSG00000125656.11,0.4319658955252919
ENSG00000286196.1,0.4319466098497152
ENSG00000160271.16,0.4319335427585671
ENSG00000173064.13,0.4319145330998694
ENSG00000250318.1,0.43190562447545017
ENSG00000131778.19,0.43188677653254903
ENSG00000279491.1,0.431867952788208
ENSG00000159055.4,0.431863247532816
ENSG00000279031.1,0.43175662301464424
ENSG00000225938.1,0.4317274270204412
ENSG00000204622.11,0.4317233493515175
ENSG00000198034.11,0.43170874992821134
ENSG00000012174.12,0.4317032493881985
ENSG00000172175.15,0.4316589222578021
ENSG00000105393.16,0.4316536613602154
ENSG00000129250.12,0.43165272224341117
ENSG00000233578.1,0.4315923131775467
ENSG00000236991.6,0.4315897219755423
ENSG00000213740.2,0.4315567331686634
ENSG00000239367.2,0.4315262430705562
ENSG00000277702.1,0.43140316409413043
ENSG00000181924.7,0.4313877097359599
ENSG00000161671.17,0.4313864848967035
ENSG00000168393.13,0.4313245766502655
ENSG00000198324.13,0.43130753693737833
ENSG00000251595.7,0.4312931083677358
ENSG00000267787.7,0.43127153611976915
ENSG00000167985.7,0.43123807991131846
ENSG00000091527.16,0.4310750929097658
ENSG00000146376.11,0.43103467180158866
ENSG00000225092.2,0.431003131344543
ENSG00000110237.5,0.4309869569349381
ENSG00000279059.1,0.4308998943427207
ENSG00000213938.3,0.43087505928281317
ENSG00000267203.1,0.4308321129391435
ENSG00000160868.15,0.4308054924043533
ENSG00000284430.1,0.4307923616375836
ENSG00000013288.9,0.4306792590578006
ENSG00000228224.3,0.4306547130309463
ENSG00000271870.1,0.4306205758812458
ENSG00000278035.1,0.430595803661258
ENSG00000225282.1,0.4305464026604958
ENSG00000237036.5,0.4304235255515971
ENSG00000233077.1,0.4303671788658296
ENSG00000105136.21,0.4303441957655863
ENSG00000248971.2,0.4303303863217887
ENSG00000249353.2,0.430308182892246
ENSG00000165169.11,0.43030553427956303
ENSG00000233785.1,0.43029506822572855
ENSG00000234264.1,0.4302863963477095
ENSG00000149639.15,0.4302807941416357
ENSG00000230423.3,0.43027217817373964
ENSG00000280211.1,0.4302469219437249
ENSG00000265683.1,0.4302214177656004
ENSG00000184162.15,0.43015477395325763
ENSG00000077312.9,0.4301081748247451
ENSG00000197782.14,0.43002208349235577
ENSG00000267980.1,0.4298213565009943
ENSG00000246790.2,0.42981895985652074
ENSG00000262703.1,0.4298107426705449
ENSG00000033122.21,0.42977151986536294
ENSG00000187187.14,0.4297625996181399
ENSG00000230359.5,0.42974686640851145
ENSG00000124275.15,0.429712910044114
ENSG00000188234.13,0.42970354730997756
ENSG00000126001.16,0.4296829400487825
ENSG00000156795.8,0.4296634220575454
ENSG00000246477.3,0.42966066657837915
ENSG00000279386.1,0.42965026973278153
ENSG00000229133.1,0.42963639620539656
ENSG00000232363.1,0.4295113873445104
ENSG00000244733.5,0.4294477148285302
ENSG00000260456.7,0.42944195690424436
ENSG00000204217.15,0.4293710091475727
ENSG00000272980.4,0.42936236251158344
ENSG00000257446.4,0.4293277499162058
ENSG00000287242.1,0.42931371143129976
ENSG00000177873.14,0.42930621311496286
ENSG00000223558.1,0.42930018164380895
ENSG00000205771.6,0.4292549150018302
ENSG00000281357.3,0.42922130691598354
ENSG00000137269.15,0.4291784006002476
ENSG00000237605.2,0.4291537750270143
ENSG00000286018.1,0.4291494811341374
ENSG00000111642.16,0.4291090832199901
ENSG00000174928.16,0.4291082954461094
ENSG00000269489.1,0.42905575670503265
ENSG00000255237.1,0.42904359885174187
ENSG00000228878.8,0.42898406433784675
ENSG00000213080.3,0.42895370771426566
ENSG00000287625.1,0.4289062746006606
ENSG00000253309.6,0.4288250550667644
ENSG00000214650.3,0.4287475854113608
ENSG00000284693.1,0.42872412814794963
ENSG00000122873.12,0.42869453587970135
ENSG00000226054.2,0.4286798610944079
ENSG00000162542.13,0.428638951596145
ENSG00000180817.12,0.4286317784600501
ENSG00000224870.7,0.4285931568921105
ENSG00000186234.7,0.4285418547166613
ENSG00000232949.2,0.42852706504072224
ENSG00000226754.2,0.4285125358325584
ENSG00000126581.13,0.4284155683055987
ENSG00000286885.1,0.428363894513275
ENSG00000259488.2,0.42833943749267583
ENSG00000241352.3,0.4282724078487868
ENSG00000087095.13,0.42824681055911906
ENSG00000224903.2,0.4282308306875179
ENSG00000164989.17,0.4282194933929212
ENSG00000234009.1,0.42817154810502683
ENSG00000186230.7,0.4281468535903255
ENSG00000169727.12,0.4280985201986305
ENSG00000123144.11,0.42808992391768774
ENSG00000228323.2,0.42801936546497465
ENSG00000279155.1,0.42801023102814123
ENSG00000272202.1,0.4280053600665224
ENSG00000149634.4,0.42789464640727376
ENSG00000160959.8,0.42785067016681194
ENSG00000085377.15,0.42782205968765985
ENSG00000131724.11,0.4277990234569371
ENSG00000174428.18,0.4277927015974383
ENSG00000259118.5,0.42776663941323695
ENSG00000186280.7,0.42775386736640514
ENSG00000164713.10,0.42774606880575355
ENSG00000134825.16,0.4277366283153539
ENSG00000258354.1,0.42769092449585916
ENSG00000123607.15,0.4276773172660869
ENSG00000177156.11,0.4275837345611636
ENSG00000229321.2,0.4275680128431243
ENSG00000083838.16,0.4275651851354505
ENSG00000141858.12,0.42755547682257605
ENSG00000217078.1,0.42753069654909065
ENSG00000140365.16,0.42752013470775524
ENSG00000268895.6,0.42751901046293095
ENSG00000163157.15,0.4274795008194691
ENSG00000169592.15,0.42740416724287916
ENSG00000286859.1,0.4272657706544315
ENSG00000002549.12,0.4272119147066281
ENSG00000280003.1,0.4271725154352139
ENSG00000221819.6,0.42712338797220034
ENSG00000230154.1,0.42711015382925793
ENSG00000280401.1,0.4271029807093337
ENSG00000253582.1,0.4270638129751514
ENSG00000137692.12,0.4270068908212836
ENSG00000124091.9,0.42698826960627195
ENSG00000278561.1,0.4269864024453713
ENSG00000228126.1,0.4269634981396662
ENSG00000270120.1,0.42691511138074645
ENSG00000101189.7,0.42687659454520366
ENSG00000165392.11,0.4268732841697569
ENSG00000264707.1,0.4267962986589031
ENSG00000254480.2,0.4267915229464622
ENSG00000030582.18,0.42677098199373
ENSG00000180745.5,0.42676200270927434
ENSG00000151116.17,0.42675635152980196
ENSG00000274363.1,0.4267499140660336
ENSG00000271122.1,0.4267436836337497
ENSG00000196659.10,0.4266215102631927
ENSG00000261997.1,0.4266149244142558
ENSG00000260625.3,0.4265716522741903
ENSG00000241627.3,0.4265468993406879
ENSG00000287829.1,0.426539945205081
ENSG00000280216.1,0.4264107368605729
ENSG00000274943.1,0.42638122531642786
ENSG00000284428.1,0.4263073585688687
ENSG00000232876.1,0.42629718926852855
ENSG00000179218.14,0.42626812492733973
ENSG00000173928.4,0.4262462280759507
ENSG00000119640.9,0.4260448660597205
ENSG00000286699.1,0.4260368114150016
ENSG00000234773.7,0.42603586859195264
ENSG00000072506.13,0.42599082481404915
ENSG00000203684.5,0.42595432606982564
ENSG00000285758.2,0.4259493704473837
ENSG00000231967.1,0.42590665031469765
ENSG00000243199.1,0.42588824087424554
ENSG00000109103.12,0.4258467313614296
ENSG00000276533.1,0.42583236003599184
ENSG00000286957.1,0.4257750494356796
ENSG00000276030.1,0.42575331027530994
ENSG00000115841.21,0.4256853281706769
ENSG00000130348.11,0.42562746390082173
ENSG00000226281.4,0.4256114968888578
ENSG00000171862.11,0.4256008087239794
ENSG00000157353.17,0.42548388458403497
ENSG00000166321.14,0.42547858553193696
ENSG00000285437.1,0.42547521717918924
ENSG00000166262.16,0.42546892560983235
ENSG00000265590.10,0.425468597709689
ENSG00000115306.16,0.4254661926780747
ENSG00000122550.18,0.42546034101333974
ENSG00000161036.13,0.42544760022004746
ENSG00000168769.14,0.4254349512282218
ENSG00000147174.11,0.42536073314755496
ENSG00000125356.7,0.4253581123842706
ENSG00000251450.2,0.4253389183861388
ENSG00000185361.9,0.4253345055552973
ENSG00000124702.18,0.42531755085743195
ENSG00000108961.14,0.42520154108043595
ENSG00000171421.13,0.4251186470582601
ENSG00000254485.5,0.42507722339631315
ENSG00000242798.1,0.4250709368868439
ENSG00000257896.1,0.42506303607986345
ENSG00000259062.2,0.4250331522953288
ENSG00000286069.2,0.4250118262336689
ENSG00000184220.12,0.4249748228970849
ENSG00000258949.1,0.42496554634601147
ENSG00000268043.7,0.42492679002393746
ENSG00000181467.5,0.42492217404373217
ENSG00000027697.15,0.4248977757966388
ENSG00000138660.12,0.42480842238508326
ENSG00000276718.1,0.42480623816848095
ENSG00000276698.1,0.4247651326362208
ENSG00000198270.13,0.42468562275025223
ENSG00000100029.18,0.4246614496097214
ENSG00000277998.1,0.42465349605692554
ENSG00000224505.2,0.42465278289806985
ENSG00000122406.14,0.42463977373045414
ENSG00000130429.15,0.42460830374953284
ENSG00000119725.20,0.4245729369867587
ENSG00000110395.7,0.42456652705363257
ENSG00000253187.2,0.4244749919535841
ENSG00000130363.12,0.42446136642400667
ENSG00000267422.1,0.42444908997221426
ENSG00000136144.12,0.42442508059523076
ENSG00000223820.5,0.4244048736940678
ENSG00000279529.1,0.42439711545339137
ENSG00000179523.5,0.42428704622666596
ENSG00000164331.10,0.4242791987358977
ENSG00000126822.17,0.42426888211985975
ENSG00000165724.6,0.4242138418841288
ENSG00000212127.6,0.42421017688368096
ENSG00000267348.3,0.42417544251601663
ENSG00000224969.1,0.4241597620417601
ENSG00000277493.1,0.42413772056574023
ENSG00000184344.4,0.4240884961918649
ENSG00000102781.14,0.4240862469369825
ENSG00000269904.2,0.4240349419805632
ENSG00000158850.15,0.4239671117132679
ENSG00000182687.4,0.4239477920896993
ENSG00000279114.1,0.423881340100264
ENSG00000136161.13,0.4238667717813319
ENSG00000157350.13,0.4238508480496668
ENSG00000152454.4,0.42381685866494734
ENSG00000174165.8,0.4236871742631736
ENSG00000189077.11,0.42363326247185723
ENSG00000185909.15,0.42361698017187993
ENSG00000213862.4,0.42354034101707316
ENSG00000149201.10,0.42347901709142916
ENSG00000266733.7,0.42346839082394794
ENSG00000285812.1,0.42342030789946117
ENSG00000126759.14,0.4234022625219146
ENSG00000272368.2,0.4233180039414508
ENSG00000120500.18,0.423314394678251
ENSG00000248996.1,0.4233009949995895
ENSG00000213250.5,0.4232985066954751
ENSG00000114767.7,0.42329732398759984
ENSG00000234287.1,0.4232636990653214
ENSG00000162510.6,0.42321913985688336
ENSG00000168314.17,0.423205654801429
ENSG00000278925.1,0.42320337051903256
ENSG00000255710.2,0.42317836420707533
ENSG00000187239.17,0.4231558458339968
ENSG00000276603.1,0.4231427625230548
ENSG00000119669.5,0.4231226149550585
ENSG00000274386.5,0.423073361770329
ENSG00000126091.21,0.4230730695397405
ENSG00000156831.8,0.4230365341599046
ENSG00000141013.17,0.4229683272719416
ENSG00000261783.1,0.4229374616937937
ENSG00000131876.17,0.42287406720505644
ENSG00000219992.2,0.4228611149806318
ENSG00000270964.1,0.42276532886540663
ENSG00000224046.2,0.4227642804274083
ENSG00000245317.2,0.4227527784221068
ENSG00000178809.11,0.4227347953885224
ENSG00000118640.11,0.42272430925654736
ENSG00000175189.4,0.4226905644686697
ENSG00000265542.5,0.4226790425209481
ENSG00000110422.12,0.4226546420022678
ENSG00000224316.1,0.4225615705033207
ENSG00000124549.14,0.42248636792841515
ENSG00000255837.1,0.4224808530967463
ENSG00000229029.2,0.42244526975866564
ENSG00000101940.18,0.4224284008918602
ENSG00000283525.1,0.4224221359478422
ENSG00000184924.5,0.422399440714267
ENSG00000173915.16,0.4223703626288445
ENSG00000215022.7,0.42235137158831315
ENSG00000154370.16,0.42234492988758787
ENSG00000137497.18,0.42221125726267833
ENSG00000183474.16,0.42214299500303293
ENSG00000273270.1,0.42212349768207047
ENSG00000197860.10,0.42208155698486466
ENSG00000189398.5,0.42205868029620913
ENSG00000108854.16,0.4220562196496823
ENSG00000280149.1,0.42204633838286304
ENSG00000182095.14,0.42200333160049325
ENSG00000108474.17,0.42197433483885316
ENSG00000248927.1,0.42193462991737846
ENSG00000079616.13,0.42191668523017256
ENSG00000245146.7,0.4218721285595496
ENSG00000277459.1,0.4218589518305165
ENSG00000272905.1,0.42185856508369635
ENSG00000236173.1,0.4218238852182445
ENSG00000260583.1,0.42180213939180367
ENSG00000170540.15,0.42177972553971266
ENSG00000235837.1,0.4217329835165734
ENSG00000263177.1,0.42166639955207547
ENSG00000185129.8,0.42166088271947705
ENSG00000270876.1,0.42164931540096273
ENSG00000129534.14,0.42160284052571384
ENSG00000181588.16,0.4215736119028636
ENSG00000242607.1,0.4215480854349748
ENSG00000170088.14,0.4215154680457546
ENSG00000260329.1,0.4215119874806027
ENSG00000129636.13,0.4214979331472296
ENSG00000112695.11,0.4214830531428632
ENSG00000249241.1,0.4214621904628756
ENSG00000196230.13,0.42136623738838724
ENSG00000273311.1,0.4212618643600082
ENSG00000132471.12,0.4212474413009931
ENSG00000267898.1,0.4212227807877135
ENSG00000248459.1,0.4211891884686678
ENSG00000099203.7,0.42117392402966997
ENSG00000053371.12,0.42110347340832194
ENSG00000217643.1,0.42109978701500433
ENSG00000218018.3,0.4210769946888777
ENSG00000215039.7,0.4210104512705047
ENSG00000166987.15,0.42100233185358626
ENSG00000205562.3,0.4208793226103132
ENSG00000126461.15,0.42085287039738595
ENSG00000279236.1,0.42076295750095793
ENSG00000173276.14,0.42069935355765536
ENSG00000272630.1,0.42065969567820644
ENSG00000130312.7,0.4204274542078294
ENSG00000127191.18,0.42037494840350015
ENSG00000108239.9,0.4203608121873985
ENSG00000287957.1,0.42035792812702893
ENSG00000125885.13,0.42035554499929345
ENSG00000287925.1,0.42031332224438883
ENSG00000168439.17,0.42027798823380497
ENSG00000206418.4,0.4202528509524686
ENSG00000251131.2,0.42020495808090697
ENSG00000162888.4,0.4201641814050802
ENSG00000149346.15,0.4201611347964485
ENSG00000224034.1,0.42010803679050224
ENSG00000245975.2,0.42009962945874907
ENSG00000131469.15,0.4200824361580021
ENSG00000162825.16,0.4199945615449165
ENSG00000135951.16,0.41998331592944227
ENSG00000225507.1,0.41998327468433955
ENSG00000167470.12,0.4199343793433189
ENSG00000143924.19,0.41990427352637844
ENSG00000280140.1,0.4198799730086922
ENSG00000198258.11,0.41987340040745835
ENSG00000175449.14,0.41986924079564963
ENSG00000258603.4,0.4198435343139553
ENSG00000113595.15,0.41983063057420794
ENSG00000158828.8,0.41978885682471345
ENSG00000160796.18,0.4197732586509314
ENSG00000144134.18,0.4197631325133046
ENSG00000105738.11,0.4197603456548855
ENSG00000136856.18,0.4197506188304443
ENSG00000159904.11,0.41973563917489104
ENSG00000248576.1,0.4196556025595108
ENSG00000143970.17,0.4196396787118531
ENSG00000181264.9,0.4196144149412025
ENSG00000259933.6,0.4196099404583686
ENSG00000238141.2,0.41956127510010083
ENSG00000272369.1,0.41955384487192854
ENSG00000232874.1,0.4195338384747666
ENSG00000268707.1,0.419405807472503
ENSG00000227212.3,0.41939479708178773
ENSG00000177427.13,0.4193689688073355
ENSG00000288597.1,0.41935725856053063
ENSG00000239636.1,0.4193225039230875
ENSG00000129028.9,0.419282462612241
ENSG00000175595.15,0.41918251697706943
ENSG00000264176.1,0.4190817316779183
ENSG00000251369.9,0.41907990356996205
ENSG00000060971.19,0.4190232572667021
ENSG00000141027.21,0.4190049623454151
ENSG00000102900.13,0.4189681648233981
ENSG00000173113.7,0.41896467663101317
ENSG00000134970.14,0.4189524432724852
ENSG00000277053.4,0.41893064455397805
ENSG00000095380.11,0.4189011128190255
ENSG00000270240.2,0.4188131718803591
ENSG00000256053.9,0.4187507295115873
ENSG00000245148.2,0.41872815959287246
ENSG00000270953.1,0.41871864066077324
ENSG00000172456.18,0.41870691280781935
ENSG00000277245.1,0.4186206059778044
ENSG00000214331.8,0.41861246494815024
ENSG00000271855.1,0.4186123900285115
ENSG00000287319.1,0.4185918141906571
ENSG00000107854.6,0.4185507531297708
ENSG00000162999.13,0.4184798286987844
ENSG00000202533.1,0.4183388701680999
ENSG00000260470.1,0.41833861270726347
ENSG00000157181.16,0.4183011266662571
ENSG00000185621.11,0.41825687020189245
ENSG00000271943.2,0.4182294764709933
ENSG00000115020.17,0.418186861557654
ENSG00000263786.1,0.41818124940418855
ENSG00000225377.6,0.4181769724525009
ENSG00000162385.11,0.4181316718896988
ENSG00000285771.1,0.4181033124699364
ENSG00000092439.16,0.4181000307244458
ENSG00000171943.12,0.41804203532470524
ENSG00000162522.11,0.4180314808298113
ENSG00000072415.10,0.41797406300681256
ENSG00000245571.7,0.41795037201744994
ENSG00000030110.13,0.4179386435408515
ENSG00000279329.1,0.41793005762233026
ENSG00000085185.15,0.41792376261496317
ENSG00000127481.15,0.4178694559038994
ENSG00000135541.21,0.4178396843152403
ENSG00000173757.10,0.4178319397334518
ENSG00000248794.1,0.4178186237144497
ENSG00000181896.12,0.4177940060455267
ENSG00000187243.16,0.41778442256275444
ENSG00000108819.11,0.4177804465243695
ENSG00000178209.16,0.41773925791451655
ENSG00000149308.17,0.41773729344320815
ENSG00000221883.4,0.4177233871957597
ENSG00000237916.1,0.41771565072527156
ENSG00000215014.5,0.4176282645595225
ENSG00000136628.18,0.41762713472458995
ENSG00000164304.16,0.41760619705565644
ENSG00000065665.21,0.4175880196179532
ENSG00000165322.18,0.4175620129470717
ENSG00000239774.1,0.4175502489343066
ENSG00000275601.1,0.41752844325599353
ENSG00000286904.1,0.41749562150923025
ENSG00000135931.18,0.41746712060679625
ENSG00000170161.7,0.41741122289504934
ENSG00000147912.13,0.41740017228258103
ENSG00000120256.11,0.41739388094518287
ENSG00000093100.13,0.41737749643263555
ENSG00000252516.1,0.41737470219397094
ENSG00000274024.1,0.4173526664471298
ENSG00000286458.1,0.41733557518357434
ENSG00000279187.1,0.4172974273927067
ENSG00000185088.14,0.4172559864500738
ENSG00000119650.13,0.41724175772338684
ENSG00000132466.19,0.4172135832586711
ENSG00000228043.5,0.41719816337909743
ENSG00000224413.1,0.41719202930442034
ENSG00000101166.16,0.4171581293516516
ENSG00000236088.10,0.4171207706551389
ENSG00000164414.18,0.4170827825146917
ENSG00000285952.1,0.41706359612703237
ENSG00000273314.1,0.41705692652171467
ENSG00000272906.1,0.41705113862260884
ENSG00000116525.14,0.41701553863930424
ENSG00000258365.1,0.4169516847676218
ENSG00000166311.10,0.4169498159269176
ENSG00000273261.1,0.4169325049438542
ENSG00000062370.17,0.41691970800999756
ENSG00000212789.4,0.41687679571832614
ENSG00000136444.10,0.416840979092609
ENSG00000287901.1,0.4167865534984764
ENSG00000125648.15,0.41678068442009963
ENSG00000160688.19,0.4167555914945226
ENSG00000232871.8,0.41654413284429875
ENSG00000281649.2,0.4165017078823906
ENSG00000197647.11,0.4164632051794993
ENSG00000159110.20,0.41643977332273685
ENSG00000261485.1,0.41643108866900574
ENSG00000267939.1,0.4164270543251099
ENSG00000251271.3,0.4164170632003678
ENSG00000257815.7,0.41641629493600407
ENSG00000223878.1,0.4163752404382709
ENSG00000188243.13,0.4163745962460881
ENSG00000137218.10,0.41635523162362187
ENSG00000254893.6,0.4162962400197371
ENSG00000255320.1,0.41628215058474693
ENSG00000165115.15,0.41623424018688526
ENSG00000173409.14,0.41621741385781724
ENSG00000143486.16,0.41616391698726357
ENSG00000182796.14,0.4161358714168153
ENSG00000174007.9,0.41611644357199346
ENSG00000273329.1,0.41609569823957837
ENSG00000121671.12,0.4160721716080287
ENSG00000088448.14,0.41605752663281415
ENSG00000261033.1,0.4159561877194771
ENSG00000176681.14,0.4159544334377009
ENSG00000253676.1,0.41592156221809723
ENSG00000231856.2,0.4158877484252365
ENSG00000275024.1,0.41588356886643646
ENSG00000140382.15,0.4158651399169412
ENSG00000286256.2,0.41582390567442346
ENSG00000250031.1,0.41581741950003903
ENSG00000250286.2,0.4157787355664706
ENSG00000188976.11,0.4156695446326543
ENSG00000131845.15,0.415634474722787
ENSG00000123416.15,0.4155736378668429
ENSG00000152127.9,0.415557735294001
ENSG00000167671.12,0.41553990121835566
ENSG00000268471.6,0.415539644823456
ENSG00000172115.9,0.41553098596236665
ENSG00000159082.18,0.41551556972012466
ENSG00000174206.13,0.41549067643006804
ENSG00000175581.14,0.4154875071973936
ENSG00000251402.3,0.41548047812953975
ENSG00000182004.13,0.41545943168752425
ENSG00000182093.16,0.41537531726248506
ENSG00000265800.1,0.4153695139118112
ENSG00000254866.2,0.4153296404500583
ENSG00000162032.16,0.4153295468047181
ENSG00000188070.9,0.41532491990759296
ENSG00000284642.1,0.41527384559590447
ENSG00000273920.1,0.4152638330595721
ENSG00000233858.4,0.41525038099411127
ENSG00000196700.9,0.4152027924460865
ENSG00000272755.1,0.4151711684352082
ENSG00000099814.16,0.4150975368208843
ENSG00000267560.1,0.4150547782648489
ENSG00000228037.1,0.4150213411583277
ENSG00000285467.1,0.4149900995465163
ENSG00000198162.12,0.41488419236033663
ENSG00000268798.1,0.4148356957854781
ENSG00000165943.5,0.4148213994488794
ENSG00000244151.1,0.41481946829652905
ENSG00000128050.9,0.4147812345018631
ENSG00000114127.11,0.4147161671615372
ENSG00000258659.7,0.4145902843184173
ENSG00000251669.6,0.41458436566750356
ENSG00000243107.1,0.4145612809337079
ENSG00000251050.1,0.4145201753015422
ENSG00000180815.14,0.41449194829942443
ENSG00000268366.1,0.41447007967782695
ENSG00000105755.8,0.41441656568518825
ENSG00000258727.1,0.41439545879806594
ENSG00000263080.1,0.41437014686658524
ENSG00000167113.11,0.4143068502935866
ENSG00000285943.1,0.4142847585308306
ENSG00000184831.14,0.41427759756633503
ENSG00000223714.1,0.41425848077075994
ENSG00000196704.13,0.414217529503461
ENSG00000083123.15,0.41415405991329957
ENSG00000143977.14,0.41402503190935386
ENSG00000168158.4,0.4140172857947641
ENSG00000281100.1,0.4139688643353473
ENSG00000115271.11,0.4139108205096006
ENSG00000124802.12,0.4138947983209747
ENSG00000229117.9,0.41384750025860606
ENSG00000276293.4,0.4138450048118089
ENSG00000124571.18,0.4138357347766838
ENSG00000147166.11,0.4138322338660239
ENSG00000196683.11,0.41378993537012393
ENSG00000176022.7,0.41376511063433824
ENSG00000233885.7,0.41375374202474313
ENSG00000120549.18,0.4137314411662155
ENSG00000272588.1,0.4136589563648655
ENSG00000234585.6,0.4136453137402479
ENSG00000280388.1,0.4136240572342467
ENSG00000203804.5,0.4136123523375789
ENSG00000121691.7,0.4136020725364972
ENSG00000171606.18,0.4135949274026973
ENSG00000185055.11,0.4135854421413801
ENSG00000127337.7,0.41358484056812017
ENSG00000206053.13,0.4135554203076827
ENSG00000285863.1,0.41353034567379066
ENSG00000271580.1,0.4135057511654737
ENSG00000265692.1,0.41348649939564713
ENSG00000218208.1,0.41348496821935254
ENSG00000170242.19,0.4134267301629671
ENSG00000263834.1,0.413399938029553
ENSG00000219693.3,0.41338990370547696
ENSG00000260633.1,0.4133885109755533
ENSG00000251023.1,0.4133726810071333
ENSG00000139531.13,0.41337055178826315
ENSG00000228060.3,0.41336174273921056
ENSG00000241556.1,0.41335655242210956
ENSG00000213453.3,0.41333085776131384
ENSG00000197021.9,0.4133265528754037
ENSG00000087299.12,0.41330594338524546
ENSG00000151849.15,0.41326132608536364
ENSG00000270806.2,0.41325584868200405
ENSG00000082805.20,0.413245951296177
ENSG00000282572.2,0.41324193038210105
ENSG00000241313.3,0.4131984551640439
ENSG00000136868.11,0.4131724229245689
ENSG00000167658.16,0.4131695074414001
ENSG00000056277.16,0.4131481806512473
ENSG00000105982.17,0.4131209735448773
ENSG00000269243.1,0.4131186570548171
ENSG00000241233.4,0.41309396317020974
ENSG00000170175.11,0.4130847567265149
ENSG00000261141.1,0.4130841136040503
ENSG00000280186.1,0.4130674936071206
ENSG00000234329.1,0.41305998149139234
ENSG00000105671.12,0.41305740960889004
ENSG00000272509.1,0.41303442662216094
ENSG00000198382.9,0.41297350895302753
ENSG00000111196.10,0.4129704937321169
ENSG00000125637.16,0.4129551761634287
ENSG00000286536.1,0.4129387842529303
ENSG00000255435.7,0.4129149863648597
ENSG00000103496.15,0.4129058382157875
ENSG00000166333.14,0.4128869078395336
ENSG00000268945.1,0.41281798232994443
ENSG00000214772.2,0.41281456888521906
ENSG00000189046.11,0.4127614802486501
ENSG00000186010.19,0.41274611278136286
ENSG00000278932.4,0.41274137786045095
ENSG00000150712.11,0.4127165149053362
ENSG00000278601.1,0.4127061617584888
ENSG00000174405.14,0.4126952247550637
ENSG00000108671.11,0.41265270894483613
ENSG00000160439.16,0.41264510926890535
ENSG00000112282.18,0.4126087080604539
ENSG00000205832.7,0.41257922738323916
ENSG00000135924.16,0.41257475671390914
ENSG00000153207.16,0.41251047090899573
ENSG00000255302.5,0.4124245955914157
ENSG00000226318.1,0.4124133434582109
ENSG00000249264.1,0.4124034280421718
ENSG00000149923.14,0.412381328172067
ENSG00000283360.1,0.41237121140655797
ENSG00000204315.4,0.4123561271320847
ENSG00000171861.11,0.41233419105044167
ENSG00000287042.1,0.41232638660431603
ENSG00000267149.2,0.4122937192735378
ENSG00000157379.14,0.41225532778517654
ENSG00000205339.10,0.4122549399085473
ENSG00000112144.16,0.4122472877622076
ENSG00000165502.7,0.4121878685077076
ENSG00000077713.19,0.412122242586364
ENSG00000279357.1,0.41212187791985005
ENSG00000249502.3,0.4121028411682581
ENSG00000150401.15,0.41200036859107736
ENSG00000265943.1,0.4119666844487526
ENSG00000157107.14,0.41192732370088525
ENSG00000176998.4,0.41189438649987825
ENSG00000160752.15,0.4118515552124087
ENSG00000106628.11,0.41181010898798043
ENSG00000283265.1,0.4118074983805954
ENSG00000232725.1,0.411765483430828
ENSG00000147874.11,0.4116901524762866
ENSG00000138468.16,0.41167350804357505
ENSG00000254689.3,0.41159345466829295
ENSG00000175221.15,0.4115378167126736
ENSG00000156239.12,0.41153536822859615
ENSG00000213303.3,0.41150379755948185
ENSG00000263956.6,0.4114434779713446
ENSG00000271334.6,0.411420701594984
ENSG00000132434.9,0.4113947577506265
ENSG00000206612.1,0.4113826117891634
ENSG00000197498.13,0.4113824424664716
ENSG00000172954.14,0.4113821741653026
ENSG00000175606.11,0.4113715732767053
ENSG00000287879.1,0.4113556370805294
ENSG00000139428.12,0.411341999660929
ENSG00000221983.8,0.4113052366528239
ENSG00000167414.4,0.41128882207415646
ENSG00000271075.1,0.4112869924324508
ENSG00000245293.3,0.4112721981222876
ENSG00000259953.2,0.4112651708783699
ENSG00000102218.6,0.4112397501188167
ENSG00000118363.12,0.41115424124026645
ENSG00000170634.13,0.41109566442290857
ENSG00000004864.14,0.4110815367385017
ENSG00000167766.18,0.41105342148647633
ENSG00000272465.1,0.4110408343396035
ENSG00000095002.15,0.4110201403229778
ENSG00000277767.1,0.4110060044424358
ENSG00000180822.12,0.4109235159351325
ENSG00000104331.9,0.4109033575590363
ENSG00000140386.13,0.4108819862620658
ENSG00000226276.1,0.4108514462597974
ENSG00000196323.14,0.4107756600969983
ENSG00000229132.2,0.4107470370618546
ENSG00000235912.1,0.41074701121542223
ENSG00000102401.20,0.41072716749921895
ENSG00000198042.11,0.41071776565252494
ENSG00000112473.18,0.4106973863823323
ENSG00000070614.15,0.41068892729600737
ENSG00000182197.12,0.4105682698981715
ENSG00000105261.7,0.4105593201285967
ENSG00000260097.3,0.4105554413648987
ENSG00000120063.10,0.4105365778264468
ENSG00000197961.12,0.41045043603486414
ENSG00000187522.16,0.41044443327639657
ENSG00000149115.14,0.41042398246238326
ENSG00000110880.11,0.41041981624874624
ENSG00000196227.11,0.4104078003399068
ENSG00000237624.1,0.4104017029560455
ENSG00000164172.20,0.4103632863030157
ENSG00000213300.5,0.41033585381629595
ENSG00000267778.1,0.41030135663478917
ENSG00000273284.1,0.41027897032945676
ENSG00000198106.8,0.4102370614757116
ENSG00000181035.14,0.4101345011682661
ENSG00000105186.16,0.4101327744439658
ENSG00000270149.5,0.41009522207574994
ENSG00000159885.14,0.4099927598384839
ENSG00000231925.12,0.40996803833982465
ENSG00000261207.1,0.4098758137460051
ENSG00000184209.15,0.40981158649540567
ENSG00000213621.3,0.4098010746535156
ENSG00000031003.10,0.40971728587138334
ENSG00000287322.1,0.40970130528053583
ENSG00000158769.18,0.40967350346460885
ENSG00000249685.1,0.4096532557079192
ENSG00000278970.2,0.4096486907450055
ENSG00000268201.1,0.4096127269936685
ENSG00000167523.14,0.40959859644245156
ENSG00000182287.15,0.40955374765538527
ENSG00000286223.1,0.4094927400315554
ENSG00000249839.1,0.40944039103108176
ENSG00000197448.14,0.4094366913200849
ENSG00000174684.7,0.40939586860610194
ENSG00000228612.2,0.40938148508084127
ENSG00000101856.10,0.409292258987339
ENSG00000122729.19,0.4092824656971719
ENSG00000115657.14,0.40926232350653735
ENSG00000153214.11,0.4092414820693294
ENSG00000174448.8,0.40923373767036963
ENSG00000138380.18,0.4091359005548072
ENSG00000156711.17,0.4090754019258608
ENSG00000188266.14,0.4090020116730243
ENSG00000126934.14,0.40890973053686197
ENSG00000100426.7,0.40889357273644655
ENSG00000156876.10,0.408771109948693
ENSG00000178741.12,0.40875969801138756
ENSG00000178537.10,0.4087536980412372
ENSG00000268062.1,0.4087001762865906
ENSG00000279696.1,0.4086476527029798
ENSG00000205755.12,0.40862852695005736
ENSG00000162194.12,0.40862704751269524
ENSG00000167840.13,0.4086080375666692
ENSG00000260121.1,0.4085897055535415
ENSG00000267612.1,0.4085878795777361
ENSG00000177738.4,0.408571817344088
ENSG00000265678.1,0.40855754006368533
ENSG00000164978.18,0.4085402960711951
ENSG00000156521.14,0.4083834850105995
ENSG00000176236.6,0.4083308390464463
ENSG00000100034.14,0.4083110321912568
ENSG00000133316.15,0.40830782140814204
ENSG00000272529.1,0.4082644875004119
ENSG00000112787.13,0.40824737409527834
ENSG00000146143.19,0.4082235804741103
ENSG00000126777.18,0.4081653350081439
ENSG00000234500.1,0.4081595148661694
ENSG00000163352.5,0.4081580809447808
ENSG00000180357.9,0.4081101000627733
ENSG00000106588.12,0.4080977642992627
ENSG00000214832.5,0.4080950824575421
ENSG00000206573.9,0.40804729899870246
ENSG00000261098.1,0.407997871360804
ENSG00000163479.14,0.40798727115325945
ENSG00000166359.11,0.40797489951353483
ENSG00000272077.1,0.40796834970065377
ENSG00000270672.1,0.40796675077286454
ENSG00000182359.15,0.40790603288982713
ENSG00000177628.16,0.4078288579910836
ENSG00000235297.3,0.40782331697986957
ENSG00000117877.11,0.40781321520581504
ENSG00000286129.1,0.40777988672894117
ENSG00000163249.13,0.4077475082620997
ENSG00000274204.1,0.40769559939592387
ENSG00000173401.10,0.40759344112832524
ENSG00000286334.1,0.4075403751050591
ENSG00000104714.14,0.4074926780642712
ENSG00000219200.12,0.40748647899472823
ENSG00000106100.11,0.4074742232549776
ENSG00000164556.7,0.4074700926002299
ENSG00000268438.1,0.4074639841910747
ENSG00000112079.9,0.40743174525395304
ENSG00000166226.13,0.40742848097173395
ENSG00000197162.10,0.4074218934117547
ENSG00000156990.14,0.40739659693687447
ENSG00000278765.1,0.4073143218944832
ENSG00000269439.6,0.4072836975375117
ENSG00000148303.17,0.40725299951299315
ENSG00000237595.5,0.4072424509418837
ENSG00000114857.18,0.4072017650791956
ENSG00000141161.12,0.40718554497013654
ENSG00000232385.2,0.4071535915934617
ENSG00000255328.1,0.4071485704999664
ENSG00000272129.1,0.40705837468485656
ENSG00000204904.7,0.4070423424202203
ENSG00000268157.1,0.40700906132975023
ENSG00000250116.2,0.4070027798750826
ENSG00000226334.1,0.40699444492132164
ENSG00000059122.17,0.406955992930027
ENSG00000253875.2,0.40693022747899266
ENSG00000168000.14,0.4069149733529595
ENSG00000235351.1,0.40688424506093157
ENSG00000219545.11,0.40688412262724005
ENSG00000230701.2,0.4068766126750992
ENSG00000178252.18,0.4068085736146651
ENSG00000286024.1,0.40676293133352254
ENSG00000070214.16,0.40671974520402615
ENSG00000269924.1,0.40668991857662906
ENSG00000224470.8,0.4066153062112008
ENSG00000244045.13,0.4066133369689845
ENSG00000230869.1,0.4065757760583027
ENSG00000249348.1,0.40656526904852297
ENSG00000117305.15,0.4065558962550932
ENSG00000226268.3,0.40653551438942376
ENSG00000280367.1,0.4065316625905218
ENSG00000279652.1,0.406517146387736
ENSG00000133612.19,0.40650079086404534
ENSG00000106367.15,0.40648491387754143
ENSG00000104231.11,0.4064575353120779
ENSG00000168904.15,0.4064187374476105
ENSG00000250654.7,0.4064162038564442
ENSG00000158552.13,0.4063922493542715
ENSG00000101310.17,0.4063836164014758
ENSG00000276148.1,0.4063540096442793
ENSG00000251537.4,0.40634716922200104
ENSG00000249738.10,0.4063464953404489
ENSG00000226469.1,0.40631260591029067
ENSG00000181396.13,0.40619676062625926
ENSG00000138172.11,0.4061876373991975
ENSG00000261002.5,0.4061822761197597
ENSG00000066739.12,0.40616227204400757
ENSG00000227617.9,0.4060903877657604
ENSG00000283108.1,0.4060828581823432
ENSG00000148343.18,0.40603875791056804
ENSG00000225031.1,0.40600408087925843
ENSG00000099974.8,0.4059887774329773
ENSG00000132570.15,0.40598284990669925
ENSG00000232485.3,0.40598117229442626
ENSG00000281005.1,0.40591185277424635
ENSG00000287735.1,0.4058730263105174
ENSG00000120438.12,0.40585553968647087
ENSG00000182749.6,0.40582786507432256
ENSG00000261560.1,0.40579429623105534
ENSG00000067167.8,0.4057122999957394
ENSG00000258957.2,0.40571128715527394
ENSG00000252147.1,0.40568495417159117
ENSG00000107669.18,0.40567245324654716
ENSG00000229808.1,0.4056586117728015
ENSG00000117411.17,0.40564435336237803
ENSG00000228718.2,0.4056125938595668
ENSG00000101639.18,0.40560647206486455
ENSG00000222898.1,0.4055956550467039
ENSG00000145780.8,0.40559550021616325
ENSG00000267322.2,0.4055843631830227
ENSG00000229487.1,0.405492767941085
ENSG00000212124.2,0.4054914644862835
ENSG00000214784.4,0.40545921561140164
ENSG00000169635.10,0.4054502072693813
ENSG00000116062.17,0.40544798390016956
ENSG00000230849.2,0.4053216432609077
ENSG00000259577.2,0.4053011774365778
ENSG00000102471.14,0.4052917481823062
ENSG00000175216.15,0.4052871790871975
ENSG00000164180.14,0.40527204318511795
ENSG00000174136.13,0.4052699429230475
ENSG00000279066.1,0.4052653336188509
ENSG00000266235.1,0.4052547055593529
ENSG00000176715.17,0.4052524189904903
ENSG00000232053.7,0.4051841168224497
ENSG00000257534.1,0.405165514514425
ENSG00000287214.1,0.40515718008207785
ENSG00000233750.3,0.4050940108692076
ENSG00000226472.8,0.40509161621930667
ENSG00000170846.17,0.40507229184335364
ENSG00000147050.16,0.4050408849522412
ENSG00000167323.11,0.405010309969098
ENSG00000172586.8,0.40498714424646093
ENSG00000243289.1,0.40497008945808904
ENSG00000136098.17,0.4049609026672029
ENSG00000086544.3,0.4049392398633211
ENSG00000197013.10,0.40493681773027584
ENSG00000260954.1,0.4049215482206638
ENSG00000186350.12,0.40490064987538665
ENSG00000264522.6,0.4048740688621325
ENSG00000227741.1,0.40481194492921196
ENSG00000196757.8,0.4047855169952232
ENSG00000108262.16,0.4047836201985516
ENSG00000119599.17,0.4047325139166438
ENSG00000239763.2,0.4047319725366748
ENSG00000232888.4,0.40468963801577135
ENSG00000153107.13,0.4046674267526787
ENSG00000112237.13,0.40465718511676
ENSG00000260011.2,0.40463204905809513
ENSG00000260105.6,0.4046301739668037
ENSG00000237772.2,0.4046195095469048
ENSG00000122674.12,0.4045976651248035
ENSG00000254528.7,0.40457429180145
ENSG00000109685.19,0.4045733002357912
ENSG00000067066.17,0.40456345515977277
ENSG00000271889.1,0.4045616419176332
ENSG00000206559.8,0.40455549541444746
ENSG00000230982.1,0.40452360469179427
ENSG00000173065.13,0.40448978242876216
ENSG00000245466.1,0.40440047204749924
ENSG00000168003.17,0.40439562068273566
ENSG00000167460.17,0.40439467211705954
ENSG00000095261.14,0.40436503775795
ENSG00000186628.12,0.4043539820934062
ENSG00000249159.6,0.40434102746429085
ENSG00000171116.7,0.4043377082720284
ENSG00000176894.10,0.4043143459211915
ENSG00000129084.18,0.4042955912782023
ENSG00000253105.6,0.40426344779267215
ENSG00000123444.14,0.40425806654006796
ENSG00000163155.12,0.40420997412286297
ENSG00000226624.1,0.40420462048205014
ENSG00000047188.16,0.4041440224300155
ENSG00000230010.2,0.4041149729781209
ENSG00000225399.4,0.4041117205666636
ENSG00000072786.13,0.4041052407277492
ENSG00000161091.13,0.40406436244380367
ENSG00000227992.1,0.4040535994054483
ENSG00000274963.1,0.404035758615167
ENSG00000249115.9,0.40402460965821735
ENSG00000288663.1,0.40395267657997536
ENSG00000180011.7,0.40392895990091576
ENSG00000259349.2,0.40390623893498206
ENSG00000113328.19,0.4038886269971641
ENSG00000271969.1,0.4038155264207253
ENSG00000174529.7,0.40377571994974454
ENSG00000275936.1,0.40377316796856527
ENSG00000259673.6,0.40376696498794523
ENSG00000286315.1,0.4037499982805956
ENSG00000063587.15,0.4037336550525345
ENSG00000214194.9,0.40368033537270787
ENSG00000226571.2,0.40365444436547127
ENSG00000265939.1,0.40365336344452746
ENSG00000157106.17,0.40363856439555673
ENSG00000134905.17,0.4036229647548015
ENSG00000288025.1,0.40360833953920655
ENSG00000261744.1,0.40360137281993075
ENSG00000255867.1,0.4035973794018193
ENSG00000160818.17,0.4035953943349683
ENSG00000184602.6,0.4035931985560382
ENSG00000064932.16,0.4035693046418681
ENSG00000258982.1,0.4035596882771033
ENSG00000197563.11,0.40354208113823886
ENSG00000248489.2,0.40351849983811744
ENSG00000255418.6,0.40349264469311874
ENSG00000155313.15,0.40341462324976174
ENSG00000266274.2,0.4034014018596652
ENSG00000148290.10,0.4033952916667104
ENSG00000218073.1,0.4033792850836836
ENSG00000273980.1,0.40337255594331395
ENSG00000260729.1,0.40336882767478704
ENSG00000185689.16,0.403362608640215
ENSG00000076924.12,0.4033471682109804
ENSG00000104442.10,0.403345838690051
ENSG00000196743.9,0.4033119365866102
ENSG00000254413.8,0.4032897087225674
ENSG00000237640.1,0.4032757034957726
ENSG00000185608.8,0.40326695055153433
ENSG00000279713.1,0.4032628686348362
ENSG00000232412.1,0.403262202458995
ENSG00000214135.8,0.4032092578040847
ENSG00000125457.15,0.40315532493051354
ENSG00000213519.2,0.40313055688257987
ENSG00000256633.1,0.4031244946479316
ENSG00000273559.5,0.403112952923276
ENSG00000227782.2,0.40306890213723195
ENSG00000185013.16,0.40302794146742577
ENSG00000203872.7,0.4030074880709244
ENSG00000140575.13,0.402993225225665
ENSG00000169914.6,0.402892332505822
ENSG00000256427.2,0.40281360463240057
ENSG00000228917.1,0.40279437950731123
ENSG00000230844.3,0.40276669470249005
ENSG00000166889.14,0.4027649070152851
ENSG00000011132.12,0.40274978408824114
ENSG00000047249.18,0.4027218324112685
ENSG00000221500.1,0.40269653849681963
ENSG00000288045.1,0.40261353383237963
ENSG00000156531.17,0.40252075504087026
ENSG00000259248.7,0.40250558178810103
ENSG00000104774.13,0.4024919056815577
ENSG00000255008.3,0.40246560514207147
ENSG00000244124.1,0.4024634083213394
ENSG00000285803.1,0.40242198196741236
ENSG00000270115.1,0.40242070944679703
ENSG00000181004.10,0.4024124121029027
ENSG00000260273.1,0.4023675038417807
ENSG00000064102.15,0.40233366703144974
ENSG00000285679.2,0.40224137637499513
ENSG00000031691.7,0.4022236741278997
ENSG00000198039.11,0.4022192456547425
ENSG00000253738.2,0.402198299963221
ENSG00000261251.1,0.4021978687288219
ENSG00000124098.10,0.40218385576054844
ENSG00000278949.1,0.40218316239800506
ENSG00000235724.10,0.4021828396414473
ENSG00000103642.12,0.40212356176053027
ENSG00000284523.2,0.40211056843173787
ENSG00000254837.2,0.4020965820292741
ENSG00000162377.6,0.4020953396116109
ENSG00000261542.1,0.4020824839497296
ENSG00000242689.3,0.40200215940281037
ENSG00000272902.2,0.40198540456226095
ENSG00000082146.13,0.40196605627922144
ENSG00000171953.16,0.4019621988356715
ENSG00000074695.6,0.40195145848510244
ENSG00000176624.12,0.40192824728872223
ENSG00000128886.12,0.40188839538369536
ENSG00000273402.1,0.4017922445791845
ENSG00000213221.5,0.4017706630387655
ENSG00000278784.1,0.4017600326215163
ENSG00000120533.13,0.4017358148487323
ENSG00000273287.2,0.4016933996414971
ENSG00000237190.4,0.4016919436386576
ENSG00000181817.6,0.40168021987697056
ENSG00000240809.1,0.4016597326877708
ENSG00000108518.8,0.40165515939603974
ENSG00000196705.8,0.4016472931186207
ENSG00000273654.1,0.40163097556357064
ENSG00000140400.17,0.4015765590510814
ENSG00000175066.16,0.40155823070669966
ENSG00000213943.3,0.4015129415659951
ENSG00000130299.17,0.401512133379767
ENSG00000271983.1,0.40144382990498145
ENSG00000272783.1,0.40143650313243245
ENSG00000267216.1,0.40143390503254095
ENSG00000258471.2,0.4014330626380861
ENSG00000266934.1,0.40143173825343637
ENSG00000286277.1,0.40139772121530987
ENSG00000273265.1,0.4013792430476642
ENSG00000198855.7,0.401367349544323
ENSG00000231466.2,0.40133623018213416
ENSG00000280120.1,0.4013286455768221
ENSG00000267498.2,0.40129015323229567
ENSG00000126749.16,0.4012714306673216
ENSG00000134297.6,0.40109120952834987
ENSG00000177879.17,0.40108630920222565
ENSG00000196792.12,0.4010382831387532
ENSG00000227477.1,0.4010232043808912
ENSG00000125826.21,0.4010143152710925
ENSG00000235194.9,0.40095990610134197
ENSG00000229671.3,0.4009521553052947
ENSG00000230872.2,0.4009332968249119
ENSG00000014123.10,0.4007634427963773
ENSG00000273998.1,0.40076148062025735
ENSG00000250848.1,0.4006622447672121
ENSG00000287234.1,0.4006397119785112
ENSG00000071553.18,0.40060707112374594
ENSG00000159079.19,0.4006040854841888
ENSG00000157625.15,0.4005972659232787
ENSG00000185946.16,0.4005733125325637
ENSG00000241014.2,0.40054350645187464
ENSG00000238058.2,0.40050564629338753
ENSG00000240731.1,0.40049682691840716
ENSG00000287500.1,0.4004678023007204
ENSG00000287769.1,0.4004448665919374
ENSG00000169925.17,0.4003653611229684
ENSG00000103375.11,0.4003063773714802
ENSG00000091317.8,0.40026742863143194
ENSG00000162592.10,0.4002379334931815
ENSG00000122477.13,0.40019369470214844
ENSG00000259209.3,0.40008297316388824
ENSG00000183208.12,0.40007571518861457
ENSG00000163322.14,0.4000514899504714
ENSG00000272913.1,0.40004380871238054
ENSG00000140464.20,0.39987040815548247
ENSG00000103495.14,0.3998445439993315
ENSG00000255200.1,0.39983322165758334
ENSG00000176510.5,0.3998053774315391
ENSG00000170890.14,0.3997815706892205
ENSG00000184530.9,0.399708186192272
ENSG00000089050.16,0.39969177096194614
ENSG00000141569.12,0.39965830985150397
ENSG00000145050.19,0.39965760729275596
ENSG00000230510.7,0.3996512719493539
ENSG00000138439.12,0.3996303573738201
ENSG00000271993.1,0.3996280579330753
ENSG00000141759.15,0.3996176812060475
ENSG00000125743.10,0.39960478879456846
ENSG00000232453.7,0.39958602868274223
ENSG00000258515.1,0.3995823853064799
ENSG00000271380.1,0.39955530008062373
ENSG00000256940.2,0.3995298344102691
ENSG00000183718.5,0.3994933696994626
ENSG00000245937.8,0.39948875441725995
ENSG00000198561.15,0.3994754821536256
ENSG00000270890.1,0.3994362054210717
ENSG00000101945.17,0.39940074329201386
ENSG00000176225.15,0.3993791489150125
ENSG00000230797.3,0.3993620310675148
ENSG00000262362.1,0.3993234925677552
ENSG00000100906.11,0.3993181374417129
ENSG00000272787.1,0.39927176195500946
ENSG00000113161.16,0.39924352549118897
ENSG00000229325.1,0.3992428732451782
ENSG00000143947.14,0.3992355453909572
ENSG00000215414.4,0.3992312299874356
ENSG00000013441.16,0.3991282314669517
ENSG00000270557.1,0.39912769378737734
ENSG00000155592.16,0.39911076106120574
ENSG00000230870.2,0.3991034179927424
ENSG00000250886.1,0.3990803030516343
ENSG00000261000.1,0.39906731417605656
ENSG00000247199.5,0.3990189053786529
ENSG00000230881.1,0.3990043325067658
ENSG00000157985.19,0.39898621751660995
ENSG00000128585.18,0.39895956465651766
ENSG00000100815.12,0.39893372845836617
ENSG00000271427.1,0.39884266044228844
ENSG00000258056.2,0.3988244630995355
ENSG00000224261.2,0.3988110244979481
ENSG00000197063.11,0.39878300490694357
ENSG00000266028.7,0.39878020428082533
ENSG00000152061.23,0.39869205026210575
ENSG00000204271.13,0.39859910464271175
ENSG00000233527.9,0.3985848797185002
ENSG00000149932.17,0.39855229544466625
ENSG00000130935.10,0.3984938303799065
ENSG00000215199.3,0.3984753346374095
ENSG00000270427.1,0.39847499524661284
ENSG00000172375.14,0.39841724550111285
ENSG00000152822.14,0.3983762709914716
ENSG00000283156.1,0.39836278480223974
ENSG00000189091.13,0.3983296895372531
ENSG00000273024.6,0.39831043043917347
ENSG00000214198.8,0.39822383408155076
ENSG00000172301.11,0.39821539967043046
ENSG00000230224.1,0.39818662592495724
ENSG00000287221.1,0.3981864943504511
ENSG00000251495.1,0.39814283217758745
ENSG00000283355.1,0.3981404028748854
ENSG00000286572.1,0.3981224560611337
ENSG00000263126.1,0.39812215591997224
ENSG00000146247.14,0.3980005676759341
ENSG00000273855.1,0.39793910179507286
ENSG00000203993.6,0.3979225536997483
ENSG00000261441.1,0.397846740286928
ENSG00000167962.14,0.39778325975120815
ENSG00000242338.6,0.3977665637960789
ENSG00000268938.2,0.39775447954165954
ENSG00000279608.1,0.3977239675094064
ENSG00000250321.1,0.3977137407507664
ENSG00000180628.15,0.39767449283475287
ENSG00000273216.1,0.39766518655828587
ENSG00000179840.5,0.3976646136910067
ENSG00000107816.17,0.39765584520150365
ENSG00000251022.6,0.3976302255640315
ENSG00000258788.3,0.3976207971161196
ENSG00000268001.1,0.3975951993170653
ENSG00000040275.17,0.397571938896957
ENSG00000242078.1,0.3975613917556613
ENSG00000267072.2,0.39749447034585883
ENSG00000236307.2,0.39741537867622473
ENSG00000149782.13,0.39737015177456897
ENSG00000103222.20,0.39731053484613116
ENSG00000164402.14,0.3972961957797428
ENSG00000276744.1,0.3972118577510116
ENSG00000279792.1,0.39718297154659327
ENSG00000080345.18,0.39717517034942174
ENSG00000273272.2,0.3971531931749997
ENSG00000142207.7,0.39706609814442
ENSG00000226266.6,0.3969568013420178
ENSG00000254691.1,0.39694425571566544
ENSG00000116898.12,0.3969002134575187
ENSG00000170471.15,0.3968209122084457
ENSG00000185504.17,0.3968101498154126
ENSG00000278356.1,0.3968098038222579
ENSG00000271267.1,0.3966822234757117
ENSG00000108468.15,0.3966225404923277
ENSG00000073578.17,0.39658252254421134
ENSG00000286017.1,0.3965778692285381
ENSG00000233560.2,0.39656066120982036
ENSG00000271851.1,0.39653872097257065
ENSG00000226252.1,0.39653031980096737
ENSG00000163116.10,0.3965113507526163
ENSG00000271880.1,0.39649934031791406
ENSG00000112033.14,0.39648071110467065
ENSG00000286116.1,0.39638401508209337
ENSG00000234222.6,0.39636271776771853
ENSG00000278330.1,0.3962856730847315
ENSG00000124784.9,0.3962845365176551
ENSG00000275468.1,0.3962399292594201
ENSG00000047578.13,0.396185454182803
ENSG00000089639.11,0.39618137900410655
ENSG00000288568.1,0.39617565825882123
ENSG00000100207.20,0.3961433667265157
ENSG00000183137.15,0.3961109717638098
ENSG00000197779.15,0.39608641122556754
ENSG00000177383.5,0.3959744298742186
ENSG00000167325.15,0.39595689429040437
ENSG00000272994.1,0.39579525582885366
ENSG00000229598.1,0.39577689373542685
ENSG00000244538.1,0.39573836525798495
ENSG00000169223.15,0.39573024954648356
ENSG00000272986.1,0.39572990826971866
ENSG00000141385.10,0.39565860217113097
ENSG00000215595.2,0.39559860794351664
ENSG00000203327.2,0.3955517621641093
ENSG00000130725.8,0.3955446726823766
ENSG00000261431.1,0.39547750375527135
ENSG00000271871.1,0.3954146739893572
ENSG00000215302.8,0.39540654207026293
ENSG00000111679.17,0.39538375250427993
ENSG00000127952.17,0.39538044525328314
ENSG00000178904.19,0.3953454370111716
ENSG00000286375.1,0.3952876194875237
ENSG00000188295.15,0.3952541918409784
ENSG00000196967.11,0.39525366165270837
ENSG00000234353.2,0.39523941626361614
ENSG00000254505.11,0.39520080735885643
ENSG00000130811.12,0.39518439362197805
ENSG00000225805.4,0.3951576622944352
ENSG00000276255.2,0.3951375513135775
ENSG00000235513.2,0.39511705588136414
ENSG00000242337.5,0.39506473945521614
ENSG00000182141.10,0.39505315178744577
ENSG00000185658.14,0.3950144567760621
ENSG00000185105.5,0.3949772290385613
ENSG00000166794.5,0.39496905351064066
ENSG00000108561.8,0.3949449925202744
ENSG00000121931.16,0.39491622685432176
ENSG00000175582.20,0.3948312083471898
ENSG00000200090.1,0.3947987593876039
ENSG00000131165.16,0.3947268195495417
ENSG00000132591.12,0.39470953488280835
ENSG00000219797.2,0.39469192681962156
ENSG00000237399.7,0.39467052676347447
ENSG00000278175.4,0.3946674147243959
ENSG00000169857.9,0.39465817798256814
ENSG00000100983.12,0.3946173523392285
ENSG00000130816.17,0.39460984079845546
ENSG00000196387.9,0.3945676121935744
ENSG00000131473.17,0.3944633082845762
ENSG00000167716.19,0.39440503965239915
ENSG00000144455.14,0.3943484194946037
ENSG00000172992.12,0.3943278704562713
ENSG00000111729.14,0.394324358476923
ENSG00000111321.11,0.3943106465442874
ENSG00000250240.6,0.3943035662896429
ENSG00000130856.17,0.3942941153360953
ENSG00000121350.16,0.39428872829496975
ENSG00000092200.12,0.39427400912769206
ENSG00000107672.15,0.3941930060700916
ENSG00000250317.8,0.3941667226390207
ENSG00000117597.18,0.39415915116525085
ENSG00000110844.14,0.3941407450417839
ENSG00000264954.2,0.3940547612260381
ENSG00000198625.13,0.3939337989487777
ENSG00000235481.3,0.39392376882087254
ENSG00000030066.13,0.3939175754580464
ENSG00000145348.17,0.39391746731348526
ENSG00000274976.1,0.39389287547666235
ENSG00000272006.1,0.39388766598138586
ENSG00000156136.10,0.39385978684681217
ENSG00000223508.5,0.39381019692847424
ENSG00000131848.9,0.39380957742837047
ENSG00000101440.9,0.39380877415423815
ENSG00000272582.1,0.3938054265209793
ENSG00000136938.9,0.39378872752458444
ENSG00000013392.8,0.3937752432616052
ENSG00000072501.19,0.393768166857636
ENSG00000243829.1,0.3937296918637061
ENSG00000048707.15,0.3937093278096951
ENSG00000263465.4,0.39358582148803634
ENSG00000166860.3,0.3935624322819814
ENSG00000140688.17,0.39354389344167123
ENSG00000224067.2,0.39349661119161683
ENSG00000287851.1,0.3934880045439073
ENSG00000120685.20,0.393458793709028
ENSG00000100266.19,0.393442843185181
ENSG00000143643.13,0.39343252382158583
ENSG00000240288.8,0.39341583894985566
ENSG00000232024.2,0.3933764900663957
ENSG00000185808.14,0.39336706826205037
ENSG00000235618.8,0.3933572082813099
ENSG00000226239.2,0.39334424753637687
ENSG00000174444.15,0.39330336961022194
ENSG00000005156.12,0.3932730667999917
ENSG00000137038.8,0.3932648791886757
ENSG00000279837.1,0.3932570748982458
ENSG00000197386.12,0.39324317363726147
ENSG00000162929.14,0.3932406003648258
ENSG00000128590.5,0.39321365778118694
ENSG00000219665.8,0.39320543191493307
ENSG00000231105.2,0.393167666215308
ENSG00000276071.1,0.3931142692571349
ENSG00000242622.2,0.39311136647824874
ENSG00000270972.1,0.39304544879559566
ENSG00000259856.1,0.39304080844453193
ENSG00000267108.1,0.39300534162711276
ENSG00000148158.17,0.3929584655836841
ENSG00000111639.8,0.3929315506966737
ENSG00000089682.16,0.3929208551252726
ENSG00000239827.8,0.3928927325751091
ENSG00000136159.4,0.39287766612571423
ENSG00000232536.1,0.39286301163907333
ENSG00000164053.21,0.39283789616905834
ENSG00000141664.10,0.392805669844756
ENSG00000065183.16,0.392792915747452
ENSG00000267541.1,0.39265047636870976
ENSG00000111670.16,0.39263200479210253
ENSG00000093167.18,0.39262125546460025
ENSG00000176761.7,0.39261783198438255
ENSG00000270116.1,0.3926035270280651
ENSG00000232470.1,0.392491993587849
ENSG00000175886.10,0.39244632464654505
ENSG00000236015.1,0.3923950056576012
ENSG00000105298.14,0.39237602291637375
ENSG00000287828.1,0.39237556780270016
ENSG00000240057.6,0.3923642404177651
ENSG00000254901.8,0.3923566605149458
ENSG00000280161.1,0.3923249525167677
ENSG00000111145.8,0.39231785997521956
ENSG00000186318.16,0.3922825219084533
ENSG00000259612.1,0.39226422201257743
ENSG00000077514.9,0.3922369394121318
ENSG00000205485.13,0.39222436438342967
ENSG00000168282.6,0.392161227215389
ENSG00000284634.1,0.39214658226373217
ENSG00000102977.17,0.39212960721419454
ENSG00000273017.1,0.39209756159283216
ENSG00000172367.16,0.39205695108826244
ENSG00000108828.16,0.39204670925981744
ENSG00000225071.1,0.39199398391268203
ENSG00000263432.2,0.3919839866870232
ENSG00000280047.1,0.39196490903105585
ENSG00000267938.1,0.3919092577043722
ENSG00000255158.1,0.39189133746663135
ENSG00000181827.15,0.39189099417182166
ENSG00000204758.8,0.3918899173712518
ENSG00000182979.18,0.3918790742825526
ENSG00000249216.1,0.3918243948432558
ENSG00000101474.12,0.391803398182702
ENSG00000226029.1,0.3917159116067646
ENSG00000261089.1,0.3916535665536955
ENSG00000080503.24,0.39165031940024064
ENSG00000115392.12,0.3916496773380604
ENSG00000285651.1,0.3916369872303056
ENSG00000287733.1,0.3916035586686032
ENSG00000234028.3,0.3915865542435995
ENSG00000121570.12,0.3915701822415187
ENSG00000051108.15,0.39151602506026406
ENSG00000067225.18,0.3914953813243284
ENSG00000225880.5,0.3914827912717873
ENSG00000108840.15,0.3914671894140793
ENSG00000134551.13,0.39145788217835203
ENSG00000270068.1,0.3913828412628353
ENSG00000005022.6,0.39136671173872467
ENSG00000102743.15,0.3913369550738736
ENSG00000176054.6,0.39132519250903036
ENSG00000239419.3,0.39130759813194743
ENSG00000140854.13,0.3913069042973605
ENSG00000130844.19,0.391296448470949
ENSG00000184402.15,0.391288034644689
ENSG00000137713.16,0.3912746850294695
ENSG00000272345.1,0.3912490731322325
ENSG00000196814.15,0.39123409252142916
ENSG00000259250.1,0.39113676289149685
ENSG00000272729.1,0.3911111621901231
ENSG00000253307.1,0.3910507388701129
ENSG00000279022.1,0.3910463471577274
ENSG00000160051.12,0.39104373192357866
ENSG00000167186.11,0.3910029175879465
ENSG00000259182.5,0.39099687323249044
ENSG00000260774.1,0.39095639208874056
ENSG00000270426.1,0.3909329112505888
ENSG00000241743.4,0.39091293616367406
ENSG00000277342.1,0.39088387951147
ENSG00000264859.6,0.3908560467593839
ENSG00000279766.1,0.3908483736561009
ENSG00000168661.15,0.3908273962837724
ENSG00000282886.1,0.3907781733060264
ENSG00000279660.1,0.39071148413745366
ENSG00000234571.2,0.3906944270962345
ENSG00000047410.14,0.3906828304603588
ENSG00000231507.2,0.3906614712709402
ENSG00000258890.7,0.39061503382042073
ENSG00000280248.1,0.3906109313600566
ENSG00000181274.7,0.39057799548969807
ENSG00000151414.15,0.3905598757354333
ENSG00000198825.15,0.3905556450140642
ENSG00000112234.9,0.3905495000238148
ENSG00000242951.1,0.39049545860741564
ENSG00000105722.10,0.3904898110455953
ENSG00000073969.18,0.3904671321427687
ENSG00000166866.13,0.3904645412674468
ENSG00000071189.21,0.3904515611757666
ENSG00000286138.1,0.3904412622406468
ENSG00000163666.10,0.3904201945067559
ENSG00000182606.17,0.390391445908394
ENSG00000154079.6,0.3903627609368328
ENSG00000237976.1,0.3903386294931609
ENSG00000178917.16,0.39027266219882023
ENSG00000267064.2,0.390238541347045
ENSG00000065308.5,0.39021979825902414
ENSG00000010017.13,0.3901074578947741
ENSG00000100412.17,0.39010211118928856
ENSG00000221164.1,0.39008614645861983
ENSG00000143321.19,0.3900599498704068
ENSG00000180855.16,0.3900564363930287
ENSG00000063176.16,0.3900343432364905
ENSG00000177576.12,0.3899673789204336
ENSG00000013375.16,0.38990238064653104
ENSG00000270011.7,0.3899014618247259
ENSG00000183655.13,0.3898703783586865
ENSG00000169955.7,0.3898174013379427
ENSG00000157216.15,0.38975073963818563
ENSG00000092140.16,0.3896342969492809
ENSG00000167377.18,0.38963281050716597
ENSG00000234684.7,0.3895949310374373
ENSG00000259502.1,0.3895347337202932
ENSG00000186312.10,0.3895254942076173
ENSG00000140995.17,0.38951022792344586
ENSG00000134313.16,0.3895096269647479
ENSG00000047315.17,0.3894826527686928
ENSG00000272153.1,0.38945831277988346
ENSG00000236194.3,0.3894198510041098
ENSG00000151164.19,0.38940885973017797
ENSG00000224566.2,0.38939068730251214
ENSG00000160703.16,0.38933582254204574
ENSG00000236914.4,0.3892453531601176
ENSG00000169398.19,0.38918625326516865
ENSG00000178982.10,0.3891653222614407
ENSG00000272195.1,0.3891082925894764
ENSG00000109756.9,0.38910075189573773
ENSG00000104472.10,0.3890341311147598
ENSG00000259921.1,0.389031950414888
ENSG00000106733.21,0.38903047239461475
ENSG00000107815.10,0.38902219227004287
ENSG00000226862.1,0.3889756421042875
ENSG00000263675.1,0.38895762290858826
ENSG00000286583.1,0.3889313931978128
ENSG00000212125.2,0.38889428927511493
ENSG00000084734.9,0.38882474908733977
ENSG00000224531.6,0.38881604972318373
ENSG00000178307.10,0.3887949327938529
ENSG00000116161.18,0.388759137393729
ENSG00000270112.4,0.38869189614602223
ENSG00000090621.15,0.3886918249264699
ENSG00000198482.14,0.3886413949205701
ENSG00000260464.1,0.3885986028417669
ENSG00000162188.6,0.38856169501992455
ENSG00000253720.2,0.38852309959518067
ENSG00000280194.1,0.3884586972197207
ENSG00000165121.11,0.3884525018649303
ENSG00000229720.1,0.38844404249674175
ENSG00000168802.14,0.3883550114959357
ENSG00000267342.1,0.3883526214520027
ENSG00000126464.14,0.3883022189131175
ENSG00000232489.1,0.38829053115541956
ENSG00000275438.1,0.38828087327609356
ENSG00000230592.2,0.38824951078031605
ENSG00000105662.16,0.3882455618719096
ENSG00000255857.6,0.3882016478996257
ENSG00000174306.21,0.388146810085695
ENSG00000229097.1,0.38809869727559065
ENSG00000124701.5,0.3880884995239358
ENSG00000234492.4,0.3880554538386874
ENSG00000224666.3,0.38804608404769925
ENSG00000136986.10,0.38802218411037626
ENSG00000100749.8,0.38801961196494456
ENSG00000260394.2,0.3880181205199266
ENSG00000104343.21,0.38801574725469506
ENSG00000234518.2,0.38801132214643624
ENSG00000172785.18,0.38799873729941203
ENSG00000164347.18,0.38798854025560464
ENSG00000257058.1,0.3879622465086637
ENSG00000285813.1,0.38793915313134136
ENSG00000167515.10,0.3879077430024904
ENSG00000233916.1,0.3878841850912682
ENSG00000105223.20,0.3878065173225435
ENSG00000165501.17,0.3877451979866788
ENSG00000075142.14,0.38771111833015187
ENSG00000100209.11,0.3876315877324922
ENSG00000179295.18,0.3876165451590819
ENSG00000267737.1,0.3876079601890351
ENSG00000214855.9,0.3875831560941708
ENSG00000272072.1,0.38752658165909065
ENSG00000172819.17,0.38749306799913497
ENSG00000242615.1,0.38746690041610227
ENSG00000224975.1,0.3874100085287432
ENSG00000239804.1,0.3874067304409667
ENSG00000241983.3,0.38739022166767173
ENSG00000249249.2,0.3873872685161956
ENSG00000176018.13,0.38738631107917204
ENSG00000108061.12,0.38737865990281806
ENSG00000173486.14,0.3873071505559369
ENSG00000188010.15,0.3872601087349482
ENSG00000132589.16,0.38717770810184643
ENSG00000235663.1,0.38717712033601176
ENSG00000256029.6,0.38714282475763423
ENSG00000256944.1,0.38710130577676233
ENSG00000272950.1,0.38709906185914406
ENSG00000253180.1,0.3870728741696765
ENSG00000154832.15,0.38703384276340236
ENSG00000217159.2,0.3870167184801645
ENSG00000118705.17,0.3869945714903411
ENSG00000268401.2,0.38697535561263263
ENSG00000129255.16,0.38697420424289036
ENSG00000235437.8,0.38695289778106384
ENSG00000174013.8,0.3869335780602643
ENSG00000100647.8,0.38691093584994074
ENSG00000116127.19,0.38687750959730915
ENSG00000167088.11,0.38684691910553215
ENSG00000276334.1,0.3868357072011782
ENSG00000148481.14,0.3868208165699896
ENSG00000106153.13,0.3867992124856751
ENSG00000228261.1,0.3867812088485146
ENSG00000232059.3,0.3867750263212782
ENSG00000198373.13,0.38674004405542806
ENSG00000106012.18,0.38669411805651266
ENSG00000119397.17,0.3866902712013577
ENSG00000146425.11,0.3866885698942824
ENSG00000239556.4,0.38666535215167885
ENSG00000106105.15,0.38664450775600956
ENSG00000267641.1,0.38660046610096604
ENSG00000198901.14,0.3865915840226271
ENSG00000198960.11,0.38659124788652977
ENSG00000225521.1,0.3865898220362723
ENSG00000270265.1,0.3865521659613979
ENSG00000064601.20,0.3865231875579632
ENSG00000236643.1,0.3865161320155457
ENSG00000258521.1,0.3864830797935658
ENSG00000224609.8,0.3864662184718072
ENSG00000152904.11,0.3864381924110475
ENSG00000254783.1,0.3864157066155881
ENSG00000164494.12,0.38641049452312526
ENSG00000185825.17,0.3863894001206877
ENSG00000237082.1,0.38636536284441597
ENSG00000279611.1,0.3863505792622461
ENSG00000204805.9,0.3863113138726898
ENSG00000286923.1,0.3862962126692505
ENSG00000141076.18,0.3862880041987282
ENSG00000080603.17,0.386274027378763
ENSG00000285572.2,0.38627222252222243
ENSG00000173480.11,0.3862472357940323
ENSG00000099821.14,0.38624506643994677
ENSG00000102882.12,0.38622313146651865
ENSG00000241973.11,0.38621642441714193
ENSG00000241829.1,0.3861965434798342
ENSG00000083799.18,0.3861802132432892
ENSG00000102804.15,0.3861119711477394
ENSG00000228828.1,0.386038342723996
ENSG00000267040.6,0.3859384514167223
ENSG00000218586.3,0.3859358311086011
ENSG00000223773.7,0.3859163150645742
ENSG00000183808.11,0.3858978261769397
ENSG00000108666.10,0.38586719462842406
ENSG00000259351.1,0.3858390087613797
ENSG00000137574.11,0.38581366610489115
ENSG00000126106.14,0.3857680703168199
ENSG00000038002.9,0.38575270928227323
ENSG00000271383.7,0.38573630044694035
ENSG00000136485.15,0.38571549990442106
ENSG00000261499.2,0.38570838154065296
ENSG00000163795.14,0.38563857602667
ENSG00000196693.15,0.385626773191155
ENSG00000132763.15,0.3856171350339221
ENSG00000096070.19,0.3855823473451065
ENSG00000177485.7,0.38554878471174026
ENSG00000234311.1,0.38546383143810437
ENSG00000255449.1,0.3854386233716139
ENSG00000249492.2,0.3854262449538144
ENSG00000106692.15,0.38541896611134474
ENSG00000082153.18,0.3853820727559576
ENSG00000275263.1,0.38533253556691927
ENSG00000090273.14,0.3853196197477045
ENSG00000163281.12,0.3853000021353259
ENSG00000197008.10,0.38515958251748184
ENSG00000274653.1,0.38512347311147277
ENSG00000107371.14,0.38509919697743006
ENSG00000232850.3,0.38509557980104536
ENSG00000111641.12,0.3850650418867161
ENSG00000197381.16,0.38504615715120166
ENSG00000137161.17,0.3850426226079531
ENSG00000284738.1,0.38499084933013683
ENSG00000261732.1,0.3849894103567645
ENSG00000231875.1,0.3849517079964293
ENSG00000155975.10,0.38494064600390965
ENSG00000107185.10,0.3849128536789366
ENSG00000152433.15,0.3848737209126341
ENSG00000151239.14,0.3847994360062166
ENSG00000143498.18,0.3847877334372151
ENSG00000113504.21,0.38478551081587203
ENSG00000198453.13,0.3847807646978465
ENSG00000236780.7,0.3847493064886392
ENSG00000137601.17,0.3847359291047825
ENSG00000228728.1,0.38472947809367897
ENSG00000235760.4,0.3847258020032905
ENSG00000130479.11,0.3847236564673613
ENSG00000183354.12,0.3847212171962672
ENSG00000232909.1,0.3847202902252562
ENSG00000187764.11,0.3846838425669122
ENSG00000056586.16,0.3846623768027475
ENSG00000107897.20,0.38463457067662815
ENSG00000241852.10,0.38461378443080124
ENSG00000244515.1,0.38456438154112865
ENSG00000235111.1,0.384539224534979
ENSG00000150787.8,0.3845356191858414
ENSG00000122140.11,0.3845352625715587
ENSG00000279170.3,0.3845218209034393
ENSG00000157429.16,0.38450823030320724
ENSG00000273234.1,0.38450682063767455
ENSG00000104804.8,0.38443635991033487
ENSG00000166839.17,0.3844338247705149
ENSG00000259868.3,0.38438305665434747
ENSG00000154723.12,0.3843217534143238
ENSG00000274191.1,0.38431318698778366
ENSG00000250988.7,0.3842448393607255
ENSG00000275582.1,0.3841788677280168
ENSG00000231831.1,0.3841379549636685
ENSG00000142208.17,0.3841362675436688
ENSG00000184361.13,0.384131452007746
ENSG00000278899.1,0.384122600364694
ENSG00000280007.1,0.38412087247268206
ENSG00000127774.7,0.384083994009736
ENSG00000270300.2,0.3840627422771355
ENSG00000234390.4,0.3840550144592918
ENSG00000260751.2,0.38403713591714267
ENSG00000279196.1,0.38403153478882834
ENSG00000264188.1,0.3839944031710749
ENSG00000230583.7,0.38398583399162906
ENSG00000122034.17,0.383928073888379
ENSG00000090020.11,0.3839210980260502
ENSG00000070495.15,0.38388807772160577
ENSG00000265917.1,0.3837984565159728
ENSG00000099999.15,0.3837738306623329
ENSG00000232912.6,0.3837650859631313
ENSG00000248079.3,0.38374063357812255
ENSG00000269378.1,0.38374063124301516
ENSG00000244357.3,0.38373960578962163
ENSG00000143621.17,0.3836895550648169
ENSG00000167720.13,0.3836025785742886
ENSG00000121851.13,0.38352082886404665
ENSG00000242028.8,0.38345976803882187
ENSG00000104973.19,0.3832633685079468
ENSG00000100580.8,0.38325247606548335
ENSG00000278917.1,0.38312072814623876
ENSG00000138138.13,0.3831150102420351
ENSG00000273368.1,0.3830846320024014
ENSG00000213950.2,0.3830360400176951
ENSG00000169964.8,0.3829734077347005
ENSG00000135503.13,0.38294813872341416
ENSG00000171928.14,0.38293099064220765
ENSG00000248774.1,0.3829237867888833
ENSG00000288558.2,0.38290724816408706
ENSG00000198182.13,0.3829021227957954
ENSG00000160991.16,0.38289746103558553
ENSG00000118520.15,0.3828918425412993
ENSG00000117036.12,0.382844413831948
ENSG00000255468.7,0.3828148071739776
ENSG00000287091.1,0.382789222546519
ENSG00000250075.7,0.38278750641640746
ENSG00000267169.2,0.38278387570914824
ENSG00000260643.2,0.38276935358676606
ENSG00000243181.2,0.3827410612325344
ENSG00000279943.1,0.3826783342279831
ENSG00000276853.1,0.38267093252631196
ENSG00000248126.1,0.3826535196739899
ENSG00000286285.1,0.38260972368285595
ENSG00000258102.5,0.38260846804738036
ENSG00000228444.2,0.38260695357317914
ENSG00000168014.17,0.38258898957801274
ENSG00000081870.12,0.3825732149420137
ENSG00000178425.14,0.3825727858973002
ENSG00000268655.2,0.38255497131146604
ENSG00000272654.1,0.38254712864246093
ENSG00000236411.1,0.38248959847263914
ENSG00000221184.1,0.3824658418373874
ENSG00000226002.1,0.38242822798806936
ENSG00000152705.8,0.38240587926379
ENSG00000243055.1,0.3824017815935992
ENSG00000228071.4,0.3823867539828239
ENSG00000174483.20,0.38236936530649024
ENSG00000266777.1,0.382315570242929
ENSG00000125445.11,0.38227129269997345
ENSG00000273712.1,0.3822694493967254
ENSG00000280798.1,0.38226260159123
ENSG00000241741.1,0.38225712138452794
ENSG00000205639.12,0.3822535541358822
ENSG00000223884.7,0.38224082871483567
ENSG00000166492.9,0.3822394207092117
ENSG00000147439.13,0.3821906376142447
ENSG00000276272.1,0.38213889615406094
ENSG00000228852.6,0.38208770815074117
ENSG00000270049.3,0.38208732068633333
ENSG00000268545.1,0.38205412517163195
ENSG00000173811.11,0.3820431954517399
ENSG00000179941.9,0.38198916699890667
ENSG00000100731.16,0.3819730820315863
ENSG00000235919.4,0.3819597546820065
ENSG00000178429.9,0.38194948035119564
ENSG00000231312.7,0.381938910513553
ENSG00000210049.1,0.3819232469521983
ENSG00000131725.14,0.3819183247368629
ENSG00000168924.15,0.3819116611907305
ENSG00000105778.19,0.38186867278500936
ENSG00000164898.13,0.38185714044371183
ENSG00000128272.15,0.38185208687002703
ENSG00000143079.15,0.3818219168947355
ENSG00000271401.1,0.38181549806722237
ENSG00000224126.2,0.38181460051911964
ENSG00000143493.13,0.3818067195202876
ENSG00000113163.18,0.3817353213950004
ENSG00000120341.18,0.3817041494292324
ENSG00000287539.1,0.38169038010960343
ENSG00000204859.13,0.3816888745597131
ENSG00000287100.1,0.3816820356322446
ENSG00000155893.13,0.3815802578303086
ENSG00000183751.15,0.3815747486882672
ENSG00000223959.8,0.38154942650678736
ENSG00000173653.8,0.3815360847537415
ENSG00000112851.15,0.38151507226110926
ENSG00000279822.1,0.38146793857574957
ENSG00000188827.11,0.38143837682045706
ENSG00000257595.3,0.3814247966067658
ENSG00000253392.3,0.38141519262622803
ENSG00000091640.8,0.38140848232605934
ENSG00000214353.8,0.3813865886769988
ENSG00000141425.18,0.3813769532228959
ENSG00000240652.1,0.38134999635703964
ENSG00000252503.1,0.38134715926895524
ENSG00000286835.1,0.38127935947325514
ENSG00000152700.14,0.38123805514328774
ENSG00000160613.14,0.38120195015796055
ENSG00000160396.9,0.38117493816502046
ENSG00000285923.1,0.38116553447378043
ENSG00000110700.7,0.3811352143342158
ENSG00000164970.15,0.38112320333734717
ENSG00000244687.12,0.3810666071073686
ENSG00000135404.12,0.38105756829879944
ENSG00000178691.11,0.38102300517395904
ENSG00000145220.14,0.38101439016173677
ENSG00000132661.4,0.38092797948350704
ENSG00000232615.4,0.3809185366187093
ENSG00000175773.13,0.38089516540084556
ENSG00000152223.15,0.3808385750133823
ENSG00000259943.1,0.3807886422215401
ENSG00000269947.1,0.38074690650691245
ENSG00000240751.1,0.38071691561297183
ENSG00000264304.1,0.380689387542637
ENSG00000132017.10,0.38065419384061333
ENSG00000100439.10,0.38061081462484414
ENSG00000275191.1,0.3805821235239054
ENSG00000278861.1,0.38056189931938356
ENSG00000286340.1,0.38053814720699836
ENSG00000173889.16,0.3805191725376078
ENSG00000137831.15,0.3804169436875847
ENSG00000284630.1,0.3803891258366481
ENSG00000264290.1,0.38037949091971723
ENSG00000257859.2,0.3803598962886198
ENSG00000244176.1,0.38034522180510194
ENSG00000100523.16,0.3802995565273728
ENSG00000145912.9,0.3802977758770403
ENSG00000188352.12,0.3802972136741149
ENSG00000089693.11,0.38029070886032207
ENSG00000230183.4,0.38028379449607463
ENSG00000273026.1,0.38027281297021104
ENSG00000256525.8,0.38022311585304797
ENSG00000120910.15,0.38020246934967344
ENSG00000131368.8,0.3801113038175897
ENSG00000232788.1,0.3801029553824554
ENSG00000077684.16,0.3800555036720437
ENSG00000272750.1,0.38005515114610533
ENSG00000166337.10,0.3800485136383474
ENSG00000279982.1,0.3800299252100383
ENSG00000100284.21,0.37996160446860044
ENSG00000151748.15,0.3799329937287163
ENSG00000252690.3,0.37992489265569873
ENSG00000196812.5,0.37991359649587486
ENSG00000232298.2,0.3798804695953904
ENSG00000138641.18,0.3798446413739449
ENSG00000185774.16,0.3798247778737613
ENSG00000111726.13,0.37980337175301226
ENSG00000224281.5,0.3797535664326107
ENSG00000236670.1,0.3797372544955853
ENSG00000075240.17,0.3797065153571479
ENSG00000234405.2,0.37968297005624174
ENSG00000237903.1,0.3796692155712566
ENSG00000107819.13,0.3796301556805933
ENSG00000275576.1,0.3795400662101378
ENSG00000147654.15,0.37941293121370884
ENSG00000204524.7,0.37933383151789885
ENSG00000223461.1,0.3793126645252733
ENSG00000205981.8,0.3792974933723
ENSG00000060762.19,0.3792851866097741
ENSG00000265908.1,0.3792436124084149
ENSG00000268743.1,0.3791737160392113
ENSG00000237222.4,0.3791292208650319
ENSG00000263586.1,0.37907192453991945
ENSG00000271218.1,0.37904738743242944
ENSG00000278456.1,0.37902482406061766
ENSG00000163349.22,0.3790200409381348
ENSG00000230581.2,0.3790157936756345
ENSG00000231530.1,0.3789993243902618
ENSG00000172354.10,0.3789472114812085
ENSG00000248593.3,0.37892723353158686
ENSG00000256060.3,0.37891585509984366
ENSG00000186635.14,0.3789099442943952
ENSG00000254634.4,0.3789066015250455
ENSG00000141522.12,0.37888847813115406
ENSG00000235159.1,0.37885382136752915
ENSG00000162521.19,0.37880325922813113
ENSG00000172531.16,0.37877208878977386
ENSG00000173141.5,0.37875928406453807
ENSG00000092871.17,0.3787536822183219
ENSG00000151465.14,0.37864940338520786
ENSG00000254978.2,0.378648177825078
ENSG00000124486.13,0.3786477160592101
ENSG00000235151.1,0.3786361350834846
ENSG00000134852.15,0.3786082586387047
ENSG00000103351.13,0.37857856940940265
ENSG00000127589.4,0.3784991852194948
ENSG00000286787.1,0.37845308448268394
ENSG00000250462.8,0.3784245010425037
ENSG00000273033.2,0.3784081861963433
ENSG00000259994.1,0.37835830427294376
ENSG00000286659.1,0.3783525055377189
ENSG00000104826.15,0.37832178049663495
ENSG00000278875.1,0.37828317161630315
ENSG00000158169.13,0.378234208317709
ENSG00000272842.1,0.37822492149112225
ENSG00000035681.9,0.3782007501730878
ENSG00000265282.1,0.3781880404506872
ENSG00000136830.12,0.378170711506619
ENSG00000218902.3,0.37816698086945694
ENSG00000118482.12,0.378156003957432
ENSG00000272097.2,0.3781518709606414
ENSG00000164904.18,0.3781288913504529
ENSG00000267504.1,0.3781217745893592
ENSG00000214185.3,0.37804172092112603
ENSG00000264943.1,0.37803515836293894
ENSG00000237766.2,0.3780340711553894
ENSG00000179818.14,0.3780152418820574
ENSG00000241061.3,0.37796858633248615
ENSG00000182631.7,0.3779500517206936
ENSG00000132603.15,0.37788379368405456
ENSG00000232608.1,0.37783618403638314
ENSG00000111911.7,0.3777594705668949
ENSG00000258938.1,0.3777445303299253
ENSG00000267293.1,0.3777206616102227
ENSG00000235397.1,0.3777185830091832
ENSG00000089876.12,0.3776931402606391
ENSG00000177946.6,0.37768364967951273
ENSG00000187325.5,0.37768338978886445
ENSG00000229431.1,0.37767033718130766
ENSG00000232380.1,0.3775752518953471
ENSG00000261799.1,0.3775291060256604
ENSG00000235180.1,0.37751606896608586
ENSG00000279495.1,0.37750051285614283
ENSG00000199906.1,0.3774627941129946
ENSG00000165914.15,0.3773846485246246
ENSG00000174799.11,0.37735022037891564
ENSG00000205808.7,0.37732333579587124
ENSG00000167004.13,0.37730892431360846
ENSG00000269373.1,0.3772444367868485
ENSG00000185728.17,0.3772307895587414
ENSG00000286575.1,0.37722541643202684
ENSG00000174943.11,0.3771943997728838
ENSG00000153989.8,0.37717095321048266
ENSG00000227295.2,0.37715690317982997
ENSG00000253882.6,0.3771306820383289
ENSG00000277324.1,0.37712235140941386
ENSG00000129317.15,0.37705510792643454
ENSG00000262333.1,0.37699340846015106
ENSG00000234911.2,0.37697390952242116
ENSG00000236618.2,0.37694724702406224
ENSG00000166140.17,0.3769221693538833
ENSG00000113407.14,0.37691418161988777
ENSG00000272567.1,0.3768410166671426
ENSG00000165682.14,0.37671568796746413
ENSG00000107829.15,0.37668425188661453
ENSG00000287918.1,0.3766716582307151
ENSG00000170142.12,0.3766690068917942
ENSG00000284968.1,0.37662407125129277
ENSG00000137171.15,0.3766051879656272
ENSG00000205208.5,0.37656131699901085
ENSG00000276916.1,0.3765334958851288
ENSG00000125912.11,0.37649339256236986
ENSG00000231104.8,0.37637491239264675
ENSG00000186815.13,0.3763747229764295
ENSG00000215883.10,0.3763743162889494
ENSG00000184840.12,0.3763268417287977
ENSG00000196295.12,0.37631011157930405
ENSG00000258725.2,0.376303562674036
ENSG00000286118.1,0.37627610272203904
ENSG00000274356.1,0.3762390412722669
ENSG00000245958.6,0.3762312109115401
ENSG00000256594.8,0.37614036404196977
ENSG00000164323.14,0.3761220910126824
ENSG00000286216.1,0.37611637652526547
ENSG00000136280.17,0.376071203738392
ENSG00000213089.4,0.37604810209673856
ENSG00000111875.8,0.3760392216174407
ENSG00000225535.7,0.3759798539783579
ENSG00000261094.2,0.37595292926954216
ENSG00000287255.1,0.375940165833451
ENSG00000032444.17,0.3759285002699311
ENSG00000008083.14,0.37589790529645395
ENSG00000114942.14,0.3758590994035394
ENSG00000273474.1,0.3758542201833951
ENSG00000237709.1,0.37575648990130756
ENSG00000123213.23,0.375751427062323
ENSG00000023191.17,0.37574457526492594
ENSG00000050327.15,0.3757004817747822
ENSG00000242372.9,0.3756989398682341
ENSG00000158483.17,0.3756941358957073
ENSG00000057663.16,0.37567513875431224
ENSG00000276945.1,0.3756656728167896
ENSG00000181982.19,0.3756555680094607
ENSG00000176393.11,0.37565121210490654
ENSG00000173020.11,0.3756180896870142
ENSG00000133275.16,0.3755823478106506
ENSG00000118976.5,0.37557783191364935
ENSG00000065518.8,0.3755588653226398
ENSG00000244153.1,0.3755578218529712
ENSG00000183647.10,0.37555031570778175
ENSG00000196150.14,0.3754954736787056
ENSG00000174442.12,0.3754433829100602
ENSG00000117400.18,0.3754003672376593
ENSG00000207342.1,0.3753965476559536
ENSG00000237758.1,0.37528707644365844
ENSG00000273399.2,0.37527639715118283
ENSG00000197324.9,0.37523880276911564
ENSG00000286613.1,0.3752297087889106
ENSG00000243789.11,0.37519889109912136
ENSG00000239523.6,0.3751968903910076
ENSG00000076248.11,0.3751496157949154
ENSG00000109066.14,0.3751328999604008
ENSG00000149609.6,0.37512377587111884
ENSG00000143156.14,0.37510339930218645
ENSG00000171453.20,0.3750802840508505
ENSG00000143458.12,0.3750383927980961
ENSG00000279162.1,0.3749076306584322
ENSG00000198677.12,0.3748871211614504
ENSG00000189043.10,0.374884733189034
ENSG00000171827.11,0.3748609975841864
ENSG00000234772.2,0.3748376258899634
ENSG00000244184.1,0.3748065645744076
ENSG00000082641.16,0.3748026256761849
ENSG00000156574.10,0.37479835145476853
ENSG00000142459.8,0.3747781492248718
ENSG00000272784.1,0.3747629314364462
ENSG00000136044.12,0.3747101381797767
ENSG00000224429.8,0.3746726381432168
ENSG00000175768.13,0.3746513004907455
ENSG00000269949.1,0.3746244653482109
ENSG00000223482.8,0.3745924369837386
ENSG00000227165.9,0.37454815025894783
ENSG00000038358.15,0.37452249669169496
ENSG00000171984.15,0.3744185720755952
ENSG00000112624.12,0.37441110644757736
ENSG00000260022.1,0.37440831709175904
ENSG00000196233.14,0.37429761296303943
ENSG00000214391.3,0.3742697077135816
ENSG00000182986.14,0.3741365656483521
ENSG00000241255.1,0.37413016455715076
ENSG00000259687.2,0.3741298686606412
ENSG00000198822.10,0.37411703236852023
ENSG00000260086.3,0.374075039514197
ENSG00000284602.1,0.37407457132273597
ENSG00000246548.3,0.3740672920042317
ENSG00000270332.2,0.3740584624012136
ENSG00000227791.3,0.374019529959459
ENSG00000223822.2,0.37400895047340105
ENSG00000122482.21,0.37399820078023044
ENSG00000176700.20,0.37390181950433254
ENSG00000129559.13,0.3738777556915576
ENSG00000136141.15,0.37386931195099216
ENSG00000131174.7,0.3738680692354267
ENSG00000154059.11,0.3738400590108382
ENSG00000001167.14,0.37383396994103646
ENSG00000274251.1,0.37381108673216257
ENSG00000110987.9,0.3737805096906835
ENSG00000272217.1,0.37377673932797134
ENSG00000273199.1,0.373751071894508
ENSG00000224892.6,0.3737214382453111
ENSG00000120696.9,0.3737035749773194
ENSG00000214941.8,0.3736742164802676
ENSG00000230989.7,0.3736633656353674
ENSG00000167220.12,0.37364515160910144
ENSG00000111906.18,0.3736293191842501
ENSG00000106771.13,0.3735990844025126
ENSG00000227014.6,0.3735737387349319
ENSG00000272686.1,0.3735248487521233
ENSG00000166888.12,0.37352068493184604
ENSG00000254473.1,0.37351216621661903
ENSG00000239828.7,0.37344210519758764
ENSG00000263884.1,0.37340244239404113
ENSG00000218739.10,0.3733995733547993
ENSG00000253966.1,0.37337933693948894
ENSG00000103174.13,0.3733353744912981
ENSG00000166224.17,0.3733217443280208
ENSG00000213399.3,0.37329258492440787
ENSG00000100417.12,0.3732714808266676
ENSG00000274654.1,0.3732610626616163
ENSG00000286861.1,0.373175049293394
ENSG00000184983.11,0.3731523310102667
ENSG00000236782.7,0.3730890619225184
ENSG00000165476.14,0.3730531779461191
ENSG00000243024.6,0.3730236572545285
ENSG00000168894.10,0.3730195750654973
ENSG00000259251.2,0.37301427738278614
ENSG00000258334.1,0.3730070020314188
ENSG00000183662.11,0.37299479929680457
ENSG00000230747.1,0.3729833139729392
ENSG00000122970.16,0.3729689673253355
ENSG00000272054.1,0.37296529688911007
ENSG00000116815.16,0.3729241038691696
ENSG00000280310.1,0.3728242076877716
ENSG00000237797.1,0.37274094579641076
ENSG00000182919.15,0.3727322155451388
ENSG00000137216.19,0.3727285837365972
ENSG00000011009.11,0.37272552728032765
ENSG00000288533.1,0.37269557293035777
ENSG00000230042.1,0.3726776639193671
ENSG00000213714.1,0.3726577263731249
ENSG00000133318.14,0.37260329814312704
ENSG00000135521.9,0.3725985655643064
ENSG00000234450.1,0.37257424575099635
ENSG00000151498.12,0.3725483887052334
ENSG00000156345.18,0.3725002700941098
ENSG00000271746.1,0.3724921108988675
ENSG00000262482.1,0.37248870110975646
ENSG00000185684.15,0.37245537103685106
ENSG00000100211.10,0.3724446189671798
ENSG00000276488.1,0.3724307025502082
ENSG00000234129.8,0.37237119359877274
ENSG00000133056.13,0.372353826371611
ENSG00000199719.1,0.372350100321651
ENSG00000156500.15,0.3723344985846551
ENSG00000119729.12,0.37226204059381707
ENSG00000100503.26,0.37213250520139873
ENSG00000151413.17,0.372132001926116
ENSG00000252743.1,0.3720996548621204
ENSG00000244245.1,0.37208806338766254
ENSG00000154710.18,0.3720879280760928
ENSG00000163539.17,0.3720539490881255
ENSG00000254676.1,0.3720220331121248
ENSG00000124767.7,0.3720207234509697
ENSG00000196576.15,0.37199496404215193
ENSG00000126790.12,0.3719812914604163
ENSG00000287067.1,0.3719416103398781
ENSG00000245156.1,0.3719227465740417
ENSG00000126602.11,0.3718885175471867
ENSG00000214517.10,0.3718603022276848
ENSG00000182670.13,0.3718518306224299
ENSG00000104889.7,0.3718390842294007
ENSG00000105486.14,0.3718039436994626
ENSG00000285752.1,0.3717035240100985
ENSG00000275995.1,0.3717028882455696
ENSG00000269559.2,0.37165646555317755
ENSG00000148672.9,0.37163517983364563
ENSG00000281756.1,0.3715976689213662
ENSG00000160803.8,0.3715825950801558
ENSG00000260868.1,0.37158111176399805
ENSG00000148399.13,0.37157693450139556
ENSG00000099992.16,0.3715705065977558
ENSG00000088854.12,0.37148880257563455
ENSG00000187735.14,0.371443772681197
ENSG00000132382.15,0.3714061605975631
ENSG00000197965.12,0.37139501045012174
ENSG00000095464.10,0.37132911349996034
ENSG00000049239.13,0.3713248081098272
ENSG00000164031.17,0.3713181246269118
ENSG00000121741.16,0.3713129623538724
ENSG00000223510.7,0.3712926284022766
ENSG00000134758.14,0.371224520229821
ENSG00000215271.9,0.37122308416516764
ENSG00000231346.5,0.3711845995959473
ENSG00000139496.16,0.37117756126811907
ENSG00000004059.11,0.3711687232213776
ENSG00000260475.1,0.3711520092751765
ENSG00000232940.6,0.37112757416646536
ENSG00000287811.1,0.3710601836289694
ENSG00000285427.1,0.37104700320615835
ENSG00000275457.1,0.37104553784665856
ENSG00000145741.16,0.3710397643146786
ENSG00000196470.12,0.3710347383335246
ENSG00000172878.14,0.3710303586970195
ENSG00000180185.11,0.3710197189325068
ENSG00000134255.14,0.3710075764154424
ENSG00000265845.2,0.3709834794824839
ENSG00000271933.1,0.3709671788593639
ENSG00000273055.1,0.3709218743338778
ENSG00000250073.3,0.3709000981573413
ENSG00000207697.1,0.3708721155357732
ENSG00000133794.20,0.37086698473286583
ENSG00000233230.1,0.370839860246619
ENSG00000280011.1,0.3707579430398114
ENSG00000237719.1,0.37075467050749844
ENSG00000196116.8,0.3707412312020911
ENSG00000168803.16,0.37072895419769847
ENSG00000267370.1,0.37068333067160963
ENSG00000185236.12,0.370603076710121
ENSG00000183666.17,0.37053282541310456
ENSG00000188735.13,0.3705058331468987
ENSG00000275029.1,0.3704929794047568
ENSG00000144357.18,0.37047270402401516
ENSG00000221886.4,0.37046280818743854
ENSG00000259315.1,0.37045766518506124
ENSG00000204394.13,0.3704537565248206
ENSG00000256537.5,0.3704372501750915
ENSG00000188649.15,0.37037655387656776
ENSG00000227070.1,0.3703293051895285
ENSG00000136522.14,0.37030652677834774
ENSG00000169379.16,0.3702977187212962
ENSG00000141429.13,0.3702390549994651
ENSG00000247626.5,0.370237485909592
ENSG00000127884.5,0.37022145032621445
ENSG00000260259.1,0.3701876444822132
ENSG00000169567.13,0.37014841093005757
ENSG00000267344.1,0.3701420933827633
ENSG00000230561.4,0.37011980789059495
ENSG00000104643.10,0.3700825612158528
ENSG00000147403.18,0.370081631162787
ENSG00000198498.10,0.3700511710937801
ENSG00000078808.19,0.3700294483807972
ENSG00000168807.16,0.3699980019231977
ENSG00000223374.1,0.36999224489216903
ENSG00000049541.11,0.36986999867864073
ENSG00000278607.1,0.36986754842403086
ENSG00000246203.2,0.3698622379968236
ENSG00000089163.4,0.3698544042297188
ENSG00000011143.19,0.3698533267353441
ENSG00000139540.12,0.36984376327520374
ENSG00000282951.1,0.3698281877935577
ENSG00000249741.2,0.36980429043058793
ENSG00000067221.14,0.36980018329713793
ENSG00000264655.1,0.3697782989963098
ENSG00000113971.20,0.3697694378409383
ENSG00000166352.17,0.3697174650846273
ENSG00000126457.22,0.3697091094236806
ENSG00000197712.12,0.36969353518124126
ENSG00000196850.6,0.36967979850343563
ENSG00000104412.8,0.3696551335387444
ENSG00000259124.1,0.36965262794199316
ENSG00000151240.17,0.3696046025141156
ENSG00000174485.16,0.3696002743220326
ENSG00000265630.2,0.36956332133499475
ENSG00000188092.15,0.3695463598607028
ENSG00000055208.19,0.3695169984644679
ENSG00000164610.9,0.36949361835081546
ENSG00000198420.10,0.3694902979538263
ENSG00000110218.9,0.36947513577262475
ENSG00000244021.4,0.3694228665528222
ENSG00000273483.1,0.36941827762885543
ENSG00000158122.12,0.3694150058063703
ENSG00000100294.13,0.3693553560937588
ENSG00000121318.2,0.3693402263140539
ENSG00000163125.15,0.3692987992994465
ENSG00000115504.15,0.3692931497591566
ENSG00000197332.9,0.36926737378696495
ENSG00000258673.1,0.3692210113950513
ENSG00000207741.1,0.3692096310390434
ENSG00000186026.7,0.3691405333971975
ENSG00000029364.12,0.3691006513079337
ENSG00000145781.9,0.36903072218941385
ENSG00000273792.1,0.3689980134836142
ENSG00000213385.3,0.36899365520950284
ENSG00000104067.17,0.3689404933329477
ENSG00000176855.11,0.3689386243679707
ENSG00000188807.13,0.3688834184019686
ENSG00000134779.15,0.3688809209468854
ENSG00000105750.15,0.3688661164624937
ENSG00000286813.1,0.36881973047080846
ENSG00000183921.7,0.3688001635399014
ENSG00000196284.17,0.3687851829245261
ENSG00000111530.13,0.3687530332519851
ENSG00000075624.17,0.36871906170946483
ENSG00000183530.14,0.3686535490980688
ENSG00000277959.1,0.36864766751315364
ENSG00000168884.15,0.3686304816963638
ENSG00000123200.17,0.3685867782550775
ENSG00000153048.11,0.3685463867399299
ENSG00000251015.1,0.36852246848107933
ENSG00000223945.2,0.3684913224931668
ENSG00000108091.11,0.36847878624052643
ENSG00000106683.15,0.3684705623322615
ENSG00000103319.12,0.36846929818756124
ENSG00000165629.20,0.36845782887674466
ENSG00000037897.17,0.36844162362237376
ENSG00000163159.14,0.3684126405919203
ENSG00000273008.1,0.3684039930876093
ENSG00000204564.12,0.3683557260634494
ENSG00000213212.3,0.3683263866872432
ENSG00000272693.4,0.36830122222085193
ENSG00000237301.1,0.36829000999701145
ENSG00000280033.1,0.3682666431311758
ENSG00000165609.13,0.36821674881884225
ENSG00000273424.1,0.36820628118012894
ENSG00000228010.6,0.3681836114195869
ENSG00000206560.11,0.36817594221306993
ENSG00000176623.12,0.3681705646920983
ENSG00000132424.16,0.3681380823189826
ENSG00000223505.2,0.3681368646173369
ENSG00000259883.2,0.3681183749267937
ENSG00000274677.1,0.3681015684383983
ENSG00000275807.1,0.36805937552753204
ENSG00000096384.20,0.36805155695165803
ENSG00000178404.10,0.36804752440202126
ENSG00000169641.13,0.3679586303583298
ENSG00000188554.15,0.36793777180756215
ENSG00000146826.17,0.36792288153619856
ENSG00000257923.12,0.3678711607619649
ENSG00000270580.5,0.36782772556640886
ENSG00000136877.15,0.36780670615522465
ENSG00000130021.15,0.36780641697036137
ENSG00000229036.7,0.3677713810238878
ENSG00000221988.13,0.3677093803219612
ENSG00000136908.18,0.36770822356997673
ENSG00000287202.1,0.3676293952099677
ENSG00000240370.6,0.3675571098355673
ENSG00000135622.13,0.3675301909179574
ENSG00000235989.4,0.36749822397076337
ENSG00000213413.2,0.36747274878016367
ENSG00000167283.8,0.36746216923409886
ENSG00000145916.19,0.36743344753605867
ENSG00000130779.21,0.36743174688717567
ENSG00000273372.1,0.36740117620969615
ENSG00000076108.12,0.36739465217488526
ENSG00000283839.1,0.3673809629746616
ENSG00000287892.1,0.36736559321611706
ENSG00000165832.6,0.3673228749617716
ENSG00000069329.18,0.3673061098811003
ENSG00000138621.12,0.3672965928097214
ENSG00000286365.1,0.36724876036480125
ENSG00000163939.18,0.3672454617892909
ENSG00000228791.8,0.3672356340871656
ENSG00000084774.14,0.36723127231683833
ENSG00000144677.15,0.36721322571981113
ENSG00000233937.7,0.36720605815222473
ENSG00000124562.10,0.36712945409089376
ENSG00000105401.9,0.3670825446936574
ENSG00000182366.10,0.36705275973828627
ENSG00000257285.6,0.36697474791423623
ENSG00000223668.1,0.3669575510630291
ENSG00000175854.14,0.3669432178004122
ENSG00000161813.22,0.36692769916421775
ENSG00000197217.13,0.3669181413245831
ENSG00000278916.1,0.3668807750325642
ENSG00000269976.1,0.3668763229755927
ENSG00000184117.12,0.36684869525600744
ENSG00000130734.10,0.36679916806744306
ENSG00000198205.6,0.36679658221691885
ENSG00000103249.18,0.3667840603684455
ENSG00000126953.8,0.36674771471326073
ENSG00000164086.10,0.3667392753123768
ENSG00000130826.18,0.3667231294528035
ENSG00000271581.1,0.3666942044429721
ENSG00000247595.4,0.36668777056127666
ENSG00000230712.3,0.36662146853012506
ENSG00000127980.16,0.36662042777503856
ENSG00000173085.15,0.3666110982139596
ENSG00000163935.14,0.36659032100094763
ENSG00000103855.18,0.3665160495635789
ENSG00000206140.11,0.3665114588865717
ENSG00000176148.16,0.36650186412784147
ENSG00000187790.11,0.36648177467373105
ENSG00000085978.22,0.36638455397448494
ENSG00000125484.12,0.3662905699074788
ENSG00000233585.2,0.36628664682182926
ENSG00000275580.1,0.36627820360355934
ENSG00000267258.1,0.3661609986351712
ENSG00000267655.1,0.3661542113950989
ENSG00000147124.12,0.36612982066140615
ENSG00000133789.15,0.36607556485746634
ENSG00000231395.1,0.36602489601742555
ENSG00000084676.15,0.366016860716826
ENSG00000163041.13,0.3660112818689453
ENSG00000278703.1,0.3659996780656273
ENSG00000035141.8,0.3659588231019128
ENSG00000106610.15,0.3659568035330595
ENSG00000090554.13,0.3658997149334574
ENSG00000286626.1,0.36585594799374044
ENSG00000215210.3,0.3658007531037373
ENSG00000132680.11,0.365726265857264
ENSG00000175309.15,0.3656795408796112
ENSG00000179611.3,0.36567060397282974
ENSG00000178217.14,0.36565767612536976
ENSG00000100441.10,0.36561716940905226
ENSG00000133703.13,0.3656160414503394
ENSG00000122543.11,0.3656090195204026
ENSG00000113391.19,0.3656078811039422
ENSG00000286230.1,0.3655990474974372
ENSG00000197150.13,0.36559714407716953
ENSG00000176248.9,0.3655746487935207
ENSG00000103494.15,0.3655390247914046
ENSG00000280913.2,0.3654213610001248
ENSG00000259561.1,0.36541264177049143
ENSG00000215012.9,0.36536374031888796
ENSG00000260646.1,0.3653563347811874
ENSG00000108946.15,0.3653125470469747
ENSG00000161999.13,0.3653005042990126
ENSG00000267583.5,0.36527335743718264
ENSG00000279880.1,0.3652473685965308
ENSG00000278493.1,0.365224053636775
ENSG00000100084.14,0.36518790481808194
ENSG00000237169.1,0.36517967913608046
ENSG00000256596.1,0.365176609136013
ENSG00000250144.1,0.36516970523223924
ENSG00000204628.12,0.3651511859220882
ENSG00000118873.16,0.365111274899064
ENSG00000270060.1,0.36510308944801395
ENSG00000261270.1,0.36510015342289515
ENSG00000233929.1,0.3650980160958887
ENSG00000230787.1,0.36509196844995706
ENSG00000173728.11,0.3650637525386648
ENSG00000258045.2,0.3650297621129366
ENSG00000188739.15,0.3650290653229269
ENSG00000279873.2,0.3650126796328292
ENSG00000021355.13,0.3650032128741597
ENSG00000233242.3,0.36498880967850955
ENSG00000256238.1,0.36498084429411626
ENSG00000250764.1,0.3649562373190894
ENSG00000012822.16,0.3649514521664134
ENSG00000244425.3,0.36493914773783154
ENSG00000135926.15,0.3649147440988977
ENSG00000223935.3,0.36489577503809706
ENSG00000278867.1,0.3648948269848665
ENSG00000027847.14,0.36488852018440204
ENSG00000248592.7,0.36486608541564525
ENSG00000116871.15,0.36484680397653374
ENSG00000250327.1,0.3647429877341617
ENSG00000088766.12,0.3647355152062078
ENSG00000105676.14,0.3647351619446197
ENSG00000253372.5,0.36470485243640954
ENSG00000092098.17,0.36468103170102123
ENSG00000163781.14,0.3646358223982867
ENSG00000286281.1,0.3646229883508285
ENSG00000111554.14,0.3645471819793863
ENSG00000286373.1,0.3644931269766566
ENSG00000286657.1,0.3644759311718815
ENSG00000261170.2,0.36446807588889746
ENSG00000109189.13,0.3644386904583273
ENSG00000238198.2,0.36440142663961056
ENSG00000277566.1,0.364365377321891
ENSG00000251411.1,0.36435866998103966
ENSG00000198715.13,0.3643576478036068
ENSG00000110074.11,0.3642364777350448
ENSG00000227598.1,0.3641894649032642
ENSG00000214867.3,0.3641663459671935
ENSG00000141568.21,0.36416276004956116
ENSG00000164880.16,0.36415934208184014
ENSG00000169021.6,0.36414799414388993
ENSG00000185158.12,0.3641397468197091
ENSG00000132024.17,0.3639944407770509
ENSG00000237938.5,0.36399021454274877
ENSG00000241764.4,0.36398975623837465
ENSG00000158882.15,0.3639359328068885
ENSG00000197566.10,0.36393492968123886
ENSG00000159352.16,0.3639329436572926
ENSG00000280486.2,0.3639155912352246
ENSG00000163655.16,0.36389050482303326
ENSG00000100345.22,0.36388433552395216
ENSG00000266644.1,0.3638632285295247
ENSG00000129103.19,0.3638273493255368
ENSG00000271862.1,0.3638114496899998
ENSG00000254016.3,0.3638010964656833
ENSG00000224132.2,0.3637887373844804
ENSG00000268584.1,0.36378481330396223
ENSG00000254862.5,0.36377023961956906
ENSG00000228305.2,0.3637431133903602
ENSG00000228414.7,0.36369997956320216
ENSG00000269906.1,0.36362942606342497
ENSG00000162819.12,0.36354320192933487
ENSG00000127184.13,0.36353379739430935
ENSG00000116221.15,0.3635268728424799
ENSG00000188026.13,0.3635202309295745
ENSG00000128563.13,0.3634933316236606
ENSG00000185024.17,0.3633991150076467
ENSG00000188242.4,0.36332693426292967
ENSG00000163428.4,0.36332630520947834
ENSG00000065150.21,0.3633217469855293
ENSG00000167264.18,0.3633166817176656
ENSG00000227076.1,0.3632909347644946
ENSG00000145725.20,0.3632821773312311
ENSG00000175105.8,0.36327775756785313
ENSG00000112658.8,0.36326121065396294
ENSG00000103472.10,0.3632025278642236
ENSG00000139505.11,0.3631700175599988
ENSG00000163806.16,0.36316918268378645
ENSG00000153339.15,0.3631493453236467
ENSG00000227638.2,0.36313612135480483
ENSG00000274659.2,0.3631086856204503
ENSG00000131069.20,0.3631084634814576
ENSG00000272696.1,0.3631063905376675
ENSG00000129696.13,0.36308861533291525
ENSG00000148218.16,0.3630655460890036
ENSG00000258424.1,0.3630610962169379
ENSG00000201302.1,0.36297392250517013
ENSG00000066379.15,0.3629337384856549
ENSG00000101161.8,0.36290992572852515
ENSG00000184182.19,0.36289466754808514
ENSG00000273010.1,0.3628896557297387
ENSG00000233892.1,0.3628864146185117
ENSG00000066651.20,0.3628831339433103
ENSG00000107874.11,0.36285724016785964
ENSG00000200356.1,0.3628528555477438
ENSG00000278638.2,0.3627703814777275
ENSG00000133243.10,0.36272957744459294
ENSG00000145882.11,0.36270388246622787
ENSG00000225218.1,0.3627021159589784
ENSG00000180376.17,0.3626905136015292
ENSG00000260468.1,0.3626873790612256
ENSG00000264107.1,0.3626521736957278
ENSG00000247950.7,0.3626501322097981
ENSG00000237015.1,0.3625894572116565
ENSG00000285257.1,0.36256345469074763
ENSG00000137168.8,0.362525784113211
ENSG00000242767.1,0.36251966711460964
ENSG00000230773.9,0.36247951964947167
ENSG00000174842.17,0.3624537210605912
ENSG00000125846.15,0.3624393699159455
ENSG00000243795.1,0.36241540788660936
ENSG00000163882.9,0.36238850509753545
ENSG00000263990.1,0.3623810184589722
ENSG00000254507.2,0.36237075686678627
ENSG00000258427.3,0.3623672815749598
ENSG00000266896.1,0.3623636085758755
ENSG00000283491.1,0.36232667611476643
ENSG00000265798.6,0.36225133871929893
ENSG00000272758.6,0.3622015639831975
ENSG00000278472.1,0.36217674306649206
ENSG00000232587.1,0.36213017838157624
ENSG00000138757.15,0.36212659046149936
ENSG00000272047.3,0.3621263256795129
ENSG00000117523.16,0.36206349896030515
ENSG00000226049.3,0.36206056097902745
ENSG00000142065.14,0.3619434352457102
ENSG00000205643.11,0.3618420218485914
ENSG00000124733.5,0.36183953604779423
ENSG00000113966.10,0.3618277140510279
ENSG00000141560.15,0.3618150645856309
ENSG00000125945.15,0.36180497158113
ENSG00000283208.2,0.3617977142760424
ENSG00000162300.13,0.3617544880579281
ENSG00000229832.1,0.36175099704113534
ENSG00000273893.1,0.3617178798685949
ENSG00000279086.1,0.36170502276460437
ENSG00000279311.1,0.36163708627747276
ENSG00000041988.15,0.36161820468388206
ENSG00000177565.18,0.36160571602443153
ENSG00000121417.14,0.3615884210427795
ENSG00000060642.11,0.361583794280624
ENSG00000164062.13,0.36157403187887466
ENSG00000083457.12,0.36156837551855736
ENSG00000161277.11,0.3615481218007472
ENSG00000265791.1,0.36149556684679757
ENSG00000253908.1,0.36142821642988227
ENSG00000077232.18,0.3614034501445696
ENSG00000232196.4,0.36139629776613436
ENSG00000141556.21,0.36139035525985663
ENSG00000253047.1,0.3613732612460108
ENSG00000198336.9,0.36131130877767437
ENSG00000125868.16,0.36129331318340996
ENSG00000214534.5,0.3612923504032675
ENSG00000129535.13,0.36128606222513837
ENSG00000101158.15,0.3612796785963005
ENSG00000222808.1,0.3612729488747322
ENSG00000269973.1,0.3612482080872705
ENSG00000153113.24,0.36123693029730514
ENSG00000155903.13,0.36121808547032785
ENSG00000268970.1,0.3612135521433349
ENSG00000125449.7,0.3611939265592874
ENSG00000163645.15,0.36117542316592555
ENSG00000113658.18,0.3611390791607327
ENSG00000269958.1,0.3610771689506628
ENSG00000111711.10,0.3610390774539524
ENSG00000135686.13,0.36102056678056127
ENSG00000269951.1,0.361017118395022
ENSG00000135390.21,0.36101018725012957
ENSG00000285928.1,0.36091642522996453
ENSG00000132963.8,0.3609161032496897
ENSG00000168944.17,0.36088194686472014
ENSG00000008282.9,0.36086313953778193
ENSG00000086712.13,0.3608309921530842
ENSG00000273901.1,0.36065144005186056
ENSG00000267595.1,0.3606137209693816
ENSG00000274987.1,0.3605879269518766
ENSG00000259321.1,0.3605627982040179
ENSG00000073614.13,0.36055113518743154
ENSG00000168036.18,0.36048986024912255
ENSG00000213551.7,0.36048652326010583
ENSG00000196417.13,0.3604479730100064
ENSG00000267708.1,0.36039284240176567
ENSG00000222112.1,0.3603883278633096
ENSG00000274376.4,0.360377667905122
ENSG00000130175.10,0.3602847205521094
ENSG00000197586.13,0.3602785811614428
ENSG00000092841.19,0.36024514375273164
ENSG00000268205.1,0.36022320911233363
ENSG00000176410.8,0.3601932137330609
ENSG00000179859.9,0.360191676635602
ENSG00000146828.18,0.360177844478522
ENSG00000279103.1,0.36017646438879086
ENSG00000286220.1,0.36014873093858246
ENSG00000168569.8,0.36012680732608354
ENSG00000287129.1,0.36012307443297187
ENSG00000117862.13,0.3601104819091876
ENSG00000225793.3,0.3601059241350466
ENSG00000253214.2,0.36007391017713913
ENSG00000104872.11,0.3600735777930621
ENSG00000270587.1,0.36004549927936547
ENSG00000257543.1,0.3599986550899158
ENSG00000247877.7,0.359961751058488
ENSG00000286654.1,0.35995682683307
ENSG00000181798.3,0.3599187654477739
ENSG00000200913.1,0.359915657743097
ENSG00000266236.1,0.35989620764439456
ENSG00000278390.5,0.3598822581948649
ENSG00000183444.10,0.3598655196264096
ENSG00000181227.3,0.359856768117733
ENSG00000279412.1,0.35984719963895256
ENSG00000286177.1,0.359838721423891
ENSG00000083844.10,0.3597277720794646
ENSG00000288548.1,0.359723479210533
ENSG00000126903.16,0.35952277584600745
ENSG00000213279.2,0.3595225936544008
ENSG00000140406.4,0.3595166816385961
ENSG00000125817.8,0.35951199669446415
ENSG00000118564.15,0.3594955825195053
ENSG00000204954.10,0.3594867088135074
ENSG00000275132.1,0.3594821912601099
ENSG00000198604.11,0.3594792770855987
ENSG00000130309.11,0.3594661421241357
ENSG00000197818.12,0.3594509877216759
ENSG00000229204.3,0.35942186164874956
ENSG00000264924.1,0.35940983620563816
ENSG00000149600.12,0.3593877577654968
ENSG00000143222.12,0.35937318114866657
ENSG00000286061.1,0.3593669683370698
ENSG00000238227.8,0.3593552669348996
ENSG00000266075.2,0.3593377247433702
ENSG00000273188.1,0.35931579620105847
ENSG00000129493.15,0.35930093416752495
ENSG00000256968.1,0.3592974198659851
ENSG00000272940.1,0.35926719275260627
ENSG00000123562.18,0.3592664609213639
ENSG00000274776.1,0.35925765378577557
ENSG00000142507.10,0.35925385293117623
ENSG00000116809.12,0.35922613921427893
ENSG00000235927.4,0.35916679842050503
ENSG00000159788.19,0.3591361824811981
ENSG00000085415.16,0.3591338963754149
ENSG00000117360.13,0.35906978194737893
ENSG00000275854.1,0.3590688077365334
ENSG00000166323.13,0.35904531859886296
ENSG00000248840.2,0.35903086812939966
ENSG00000180787.6,0.3590169354706621
ENSG00000104885.18,0.35893906556305355
ENSG00000162129.14,0.35887763881516727
ENSG00000175792.12,0.3588632930622854
ENSG00000272800.3,0.3587905238338067
ENSG00000256087.7,0.35876685988324164
ENSG00000092148.13,0.35876137969120553
ENSG00000120158.12,0.35875652781100253
ENSG00000255046.1,0.3587514737601142
ENSG00000130150.12,0.35875023301629444
ENSG00000272662.1,0.3587493748445946
ENSG00000157823.17,0.3587258539833167
ENSG00000229447.2,0.35871144670693544
ENSG00000273416.1,0.3586679057170583
ENSG00000171792.11,0.3586200150386152
ENSG00000273091.1,0.3586141151989
ENSG00000118058.23,0.35860903731575716
ENSG00000254858.10,0.3585872017241647
ENSG00000143164.15,0.35857342935388975
ENSG00000279722.1,0.35847302054533386
ENSG00000101546.13,0.35846555430217086
ENSG00000143751.10,0.35842974936898603
ENSG00000162434.13,0.3583150369198525
ENSG00000186814.14,0.3582868327634351
ENSG00000271643.2,0.3582834311743391
ENSG00000105708.9,0.35824227782962664
ENSG00000271992.1,0.3582267049087779
ENSG00000184206.12,0.3582242407904909
ENSG00000177692.12,0.35819298645769987
ENSG00000215067.10,0.358082914144835
ENSG00000224745.1,0.3579705331556419
ENSG00000165282.14,0.3579281157773372
ENSG00000170092.14,0.35792781474260843
ENSG00000277373.1,0.35789484739481725
ENSG00000279748.1,0.35786674860192097
ENSG00000279168.2,0.3578491818305422
ENSG00000170892.12,0.3578132070719344
ENSG00000205352.11,0.3577722215176092
ENSG00000270482.1,0.3577541288624074
ENSG00000288398.1,0.35774707371445746
ENSG00000255557.1,0.3577118070461317
ENSG00000258057.6,0.35767802010900324
ENSG00000288598.1,0.3576753734872554
ENSG00000125304.10,0.35765238288053913
ENSG00000227252.2,0.35763971893626884
ENSG00000136518.17,0.3576306525780315
ENSG00000253263.1,0.3575373203421756
ENSG00000170185.10,0.35752152476865906
ENSG00000227692.1,0.35748187973811285
ENSG00000028839.10,0.35747057144907246
ENSG00000173540.14,0.35746391392589816
ENSG00000135677.11,0.3574397672298722
ENSG00000077454.16,0.3573595490738195
ENSG00000236434.2,0.3573547184771068
ENSG00000286259.1,0.3573206256553709
ENSG00000224687.2,0.3573152585260801
ENSG00000237840.6,0.3571462570936294
ENSG00000277406.2,0.35710617001482337
ENSG00000177868.12,0.3570926221922978
ENSG00000215097.3,0.3570596633115174
ENSG00000270614.1,0.357005401917254
ENSG00000124299.15,0.3569866595784091
ENSG00000164037.17,0.3569690158902639
ENSG00000134574.12,0.35695621434443037
ENSG00000048028.11,0.3569336627182133
ENSG00000135315.12,0.35692951257373884
ENSG00000243746.1,0.3569251890417447
ENSG00000134049.6,0.3568141116235959
ENSG00000280426.1,0.3568073192040271
ENSG00000240350.3,0.3568044349524441
ENSG00000227959.1,0.35679483054337496
ENSG00000100122.7,0.3567336866561514
ENSG00000242100.2,0.3567303703061737
ENSG00000008018.9,0.35672421998642007
ENSG00000268564.1,0.3567122777864186
ENSG00000272498.1,0.3566901685845187
ENSG00000132522.16,0.35668464921173
ENSG00000259660.2,0.3566636934212486
ENSG00000225067.4,0.35666178634126133
ENSG00000145332.14,0.356539368551455
ENSG00000101146.13,0.35652390703076736
ENSG00000227370.1,0.3564987576231813
ENSG00000284649.1,0.3564897002169462
ENSG00000100462.16,0.3564713392422811
ENSG00000213942.3,0.35644038713596676
ENSG00000145996.11,0.3564154043761108
ENSG00000075407.18,0.35640064436952695
ENSG00000260367.2,0.3563939588212021
ENSG00000100804.19,0.35635583884675653
ENSG00000287408.1,0.35633923852960697
ENSG00000135185.12,0.3563334897277163
ENSG00000270923.1,0.3563208172278416
ENSG00000187514.17,0.35628904058268784
ENSG00000222043.2,0.3562574255880044
ENSG00000141458.13,0.3562409045089334
ENSG00000025796.14,0.356207891750213
ENSG00000213875.3,0.3561987469091879
ENSG00000116514.17,0.35617650302436415
ENSG00000182586.9,0.3561723052411722
ENSG00000261056.2,0.3561022020116083
ENSG00000179387.10,0.35609414790616445
ENSG00000227740.2,0.3560255895777713
ENSG00000178700.9,0.35596385305018524
ENSG00000232334.1,0.3559360753162788
ENSG00000107679.14,0.35592764478900424
ENSG00000165684.4,0.3559004123163918
ENSG00000233057.1,0.35589300378886324
ENSG00000269961.1,0.3558228359769282
ENSG00000211584.14,0.35576444330982127
ENSG00000266538.1,0.35575916850275147
ENSG00000287809.1,0.3556864996271005
ENSG00000083642.19,0.35568517687310053
ENSG00000133103.17,0.3556591132658968
ENSG00000143379.12,0.35564422531480344
ENSG00000166946.14,0.3556425400347335
ENSG00000214433.4,0.3556292805379738
ENSG00000272885.1,0.355586110134727
ENSG00000270248.1,0.35556838727840373
ENSG00000102309.15,0.35550591114613717
ENSG00000167785.9,0.35550485009034394
ENSG00000204390.10,0.3555042286492131
ENSG00000125787.11,0.35548169113625006
ENSG00000285130.2,0.355467496876754
ENSG00000224699.9,0.3554598112731082
ENSG00000084463.8,0.3554530460632293
ENSG00000196378.13,0.3554511446350286
ENSG00000135249.8,0.3554467441995994
ENSG00000163703.19,0.35544285604434
ENSG00000149499.12,0.35541947861901835
ENSG00000137337.15,0.35541375595953584
ENSG00000172974.11,0.3553555805099876
ENSG00000107789.16,0.35531348074908775
ENSG00000287726.1,0.3553121369186622
ENSG00000121964.14,0.35529863845851284
ENSG00000163960.12,0.3552762966335231
ENSG00000143368.10,0.3551954061810157
ENSG00000241975.1,0.3551949664052862
ENSG00000262678.1,0.35516480033547443
ENSG00000277283.1,0.35515196566206925
ENSG00000254370.1,0.35506653124791365
ENSG00000259407.1,0.35504471280577576
ENSG00000129353.15,0.35501237331917557
ENSG00000121486.12,0.35498592650677513
ENSG00000130783.14,0.35498268881336015
ENSG00000232907.8,0.354982492162883
ENSG00000278126.1,0.3549797301362747
ENSG00000233680.4,0.3549770860529066
ENSG00000168297.16,0.35495506177380626
ENSG00000274427.1,0.3549487960192514
ENSG00000224086.6,0.3548413355348132
ENSG00000184068.2,0.3548133331220352
ENSG00000212807.2,0.3547817783103196
ENSG00000232341.2,0.3547236064025543
ENSG00000132475.10,0.35467804574225203
ENSG00000137411.19,0.3546156568550626
ENSG00000228519.3,0.3546142674371929
ENSG00000114062.22,0.35460415688584535
ENSG00000273249.1,0.35458244820801493
ENSG00000171067.11,0.354579066717144
ENSG00000244701.1,0.3545473585269777
ENSG00000278733.1,0.3544805954948099
ENSG00000054965.11,0.3544697506758453
ENSG00000238035.8,0.35444652209278865
ENSG00000272599.2,0.35440975416086523
ENSG00000107779.14,0.3543523306596448
ENSG00000268650.3,0.3543377805861933
ENSG00000172340.15,0.35431555113892055
ENSG00000154473.18,0.35425063551292824
ENSG00000160410.15,0.3542367698003993
ENSG00000151500.15,0.3542192274148033
ENSG00000150527.17,0.35421152141125134
ENSG00000151135.10,0.3541088390265979
ENSG00000162885.14,0.35410011048412326
ENSG00000245322.7,0.3540892072375755
ENSG00000273733.1,0.354079314360772
ENSG00000271967.1,0.354070461230008
ENSG00000228606.3,0.35403969041652955
ENSG00000226957.1,0.3540376919869569
ENSG00000171496.4,0.3539056820969472
ENSG00000270647.6,0.3538501190068435
ENSG00000145331.14,0.3538267251358227
ENSG00000085644.14,0.35382583999825196
ENSG00000272008.1,0.3537722140076202
ENSG00000085433.16,0.35376594253049964
ENSG00000231887.7,0.3537327784357755
ENSG00000156958.15,0.35370143102357554
ENSG00000230383.1,0.35365644966576826
ENSG00000167595.15,0.35363414588775893
ENSG00000280537.2,0.3535996658626727
ENSG00000136247.15,0.353581930015037
ENSG00000242880.2,0.35358094182672267
ENSG00000198131.14,0.3535740762274408
ENSG00000150867.14,0.3535690747017871
ENSG00000253837.1,0.35355709233150207
ENSG00000214189.9,0.35355046220034403
ENSG00000149577.16,0.3535407328363082
ENSG00000112511.18,0.35348846001980233
ENSG00000266913.1,0.3534863051820329
ENSG00000126243.9,0.3534539518315407
ENSG00000273064.1,0.35337434565032777
ENSG00000287564.1,0.35336016055868086
ENSG00000138075.14,0.35334071141658274
ENSG00000267141.1,0.3533169850109144
ENSG00000135250.17,0.35320792337223517
ENSG00000156313.15,0.35318341605312126
ENSG00000231177.4,0.35317676278777566
ENSG00000287109.1,0.3531647306314858
ENSG00000279699.1,0.3531147464175613
ENSG00000281021.1,0.35306129953941134
ENSG00000272752.6,0.3530466688338959
ENSG00000155393.13,0.35302442162811476
ENSG00000204438.11,0.35299612124060126
ENSG00000086475.15,0.3529907700866346
ENSG00000153879.9,0.35297305761495607
ENSG00000186889.10,0.35291466458232235
ENSG00000105698.16,0.3529083981793162
ENSG00000173230.15,0.3529072511712564
ENSG00000271366.1,0.35284133289772057
ENSG00000253167.1,0.35282900939085615
ENSG00000137414.6,0.35279434597788223
ENSG00000227542.1,0.35278568587688797
ENSG00000261557.1,0.3527712792102312
ENSG00000133302.13,0.3527577860020163
ENSG00000118690.13,0.35273308146534854
ENSG00000267319.1,0.35273231905262303
ENSG00000232879.2,0.352714754353167
ENSG00000073536.18,0.3526907525255965
ENSG00000114107.9,0.35265549412696295
ENSG00000220305.1,0.35264678376027075
ENSG00000237493.3,0.35261537042612673
ENSG00000254192.1,0.3525920826994292
ENSG00000272777.1,0.35257588883351665
ENSG00000160055.20,0.3525668823144383
ENSG00000141580.16,0.3525631371352331
ENSG00000272572.1,0.3525337904420269
ENSG00000032219.19,0.35252831058823986
ENSG00000100902.11,0.3525214116224458
ENSG00000127540.12,0.3525136661652717
ENSG00000188706.13,0.3524792797001302
ENSG00000177303.10,0.35243896807902003
ENSG00000287934.1,0.3524269109608718
ENSG00000258738.1,0.3523961487156001
ENSG00000196305.18,0.3522970878730348
ENSG00000260555.1,0.35227950639837
ENSG00000235944.8,0.3522455283551572
ENSG00000185973.12,0.35223653749487127
ENSG00000230736.2,0.35223550064154346
ENSG00000224043.8,0.352219131383421
ENSG00000174903.16,0.35221326934772684
ENSG00000177105.10,0.35218553853900103
ENSG00000125650.4,0.3521806880175278
ENSG00000171100.15,0.3521416542144692
ENSG00000268279.4,0.35208807107920126
ENSG00000204590.12,0.3520828736748069
ENSG00000228084.1,0.3520615067661579
ENSG00000100246.13,0.3520500265812939
ENSG00000224479.6,0.3519905756905301
ENSG00000274367.1,0.3519892175811217
ENSG00000285836.1,0.35195614449870855
ENSG00000096092.6,0.35192538563096454
ENSG00000280057.1,0.35191476735058497
ENSG00000157764.14,0.3519109124694755
ENSG00000125351.12,0.35188729938191443
ENSG00000204386.12,0.3518782025622571
ENSG00000244556.1,0.3518479198625263
ENSG00000146731.11,0.3518395652434738
ENSG00000151332.19,0.3518076452418051
ENSG00000230325.1,0.35173551835577965
ENSG00000270184.1,0.3517204186339022
ENSG00000205356.10,0.351708333567943
ENSG00000161956.13,0.3516780093693953
ENSG00000282885.2,0.35166377352972916
ENSG00000227262.3,0.3516355617650061
ENSG00000134461.16,0.35163168072511475
ENSG00000048471.14,0.35157492547100977
ENSG00000223529.1,0.3515601408601752
ENSG00000250948.1,0.3514918703626973
ENSG00000258136.2,0.35148877849837135
ENSG00000003402.20,0.35146554642453764
ENSG00000137880.6,0.3514643778152981
ENSG00000137312.15,0.35143683676417914
ENSG00000152464.15,0.3513475342614587
ENSG00000151806.14,0.35132001836936777
ENSG00000281920.1,0.35127329287034276
ENSG00000198618.5,0.3512670488475827
ENSG00000138078.16,0.35119428384557744
ENSG00000264364.3,0.3511781157370177
ENSG00000113460.13,0.35117766701462144
ENSG00000237126.8,0.3511513958442999
ENSG00000207751.3,0.3511066919175997
ENSG00000131943.18,0.3510657136088633
ENSG00000235078.1,0.35103172549131084
ENSG00000267796.8,0.35100786636215797
ENSG00000135778.12,0.35100071694625534
ENSG00000226149.6,0.3509445118949503
ENSG00000273271.1,0.3509350705796163
ENSG00000104671.8,0.350905332934009
ENSG00000233613.5,0.3508697802691007
ENSG00000249274.1,0.3508650184288688
ENSG00000213432.2,0.35081935326163194
ENSG00000214765.8,0.3508157428831817
ENSG00000143756.12,0.3507846120495801
ENSG00000266313.2,0.3507836522557964
ENSG00000164040.18,0.35077081317079745
ENSG00000111581.10,0.35075891240835144
ENSG00000173473.11,0.3507587694529732
ENSG00000186019.11,0.35075867059496596
ENSG00000205726.15,0.3507295859699253
ENSG00000272267.2,0.3507165358769805
ENSG00000254593.1,0.35071043314235567
ENSG00000229021.2,0.35070572851302784
ENSG00000114331.15,0.3506205566564187
ENSG00000105948.13,0.3506166940397731
ENSG00000257159.1,0.350613339413514
ENSG00000254224.2,0.3505897707825218
ENSG00000164164.17,0.35058100534464176
ENSG00000005700.15,0.3505675734960814
ENSG00000197265.9,0.3505488670713257
ENSG00000127957.18,0.3505430923359801
ENSG00000227398.4,0.35053385412433896
ENSG00000189241.8,0.350518835829486
ENSG00000275764.1,0.35047848470362675
ENSG00000177885.15,0.35042585770971657
ENSG00000161180.11,0.35041054245201525
ENSG00000265996.1,0.35038532711093995
ENSG00000231274.5,0.3503213923342912
ENSG00000279633.1,0.3503203453816965
ENSG00000275092.1,0.35026483196034414
ENSG00000140474.14,0.35023174852294225
ENSG00000213995.11,0.35020011764775133
ENSG00000249494.6,0.35015204971678016
ENSG00000198818.10,0.3501236070621584
ENSG00000267201.1,0.35008784467305565
ENSG00000258891.1,0.35003403984134446
ENSG00000235530.7,0.35002045533991266
ENSG00000280159.1,0.35000539503741585
ENSG00000272235.1,0.3499968712715783
ENSG00000188938.17,0.34998445305426007
ENSG00000145975.15,0.3499652991062308
ENSG00000238832.1,0.3499449209594908
ENSG00000172086.9,0.3499424288311487
ENSG00000278997.1,0.34987646248259774
ENSG00000119314.16,0.34987334745303345
ENSG00000235358.2,0.34982844953572445
ENSG00000105443.15,0.34978739911503015
ENSG00000050393.11,0.34978133891280444
ENSG00000275910.1,0.3497639187821996
ENSG00000169084.15,0.3497575461299819
ENSG00000233602.1,0.34972416745435536
ENSG00000259405.1,0.3496803758541737
ENSG00000256625.1,0.34964237247305124
ENSG00000141428.17,0.34963925128650813
ENSG00000274292.1,0.34953820234981053
ENSG00000235954.7,0.34952737252872307
ENSG00000124164.16,0.3495082551410225
ENSG00000227536.1,0.34947856464445837
ENSG00000127870.17,0.34946121067818986
ENSG00000131323.16,0.34945037164940473
ENSG00000165516.11,0.34924770329338445
ENSG00000224888.4,0.349229278068386
ENSG00000137760.15,0.34921030360627253
ENSG00000157978.12,0.3491673457619229
ENSG00000132953.16,0.34909567104004524
ENSG00000267192.1,0.3490674555928301
ENSG00000272716.1,0.3490521776695373
ENSG00000273226.1,0.3490387558509084
ENSG00000122126.17,0.348962956247666
ENSG00000130165.10,0.34895902558061176
ENSG00000231707.4,0.34895604036995054
ENSG00000267677.1,0.34893215669338973
ENSG00000136950.13,0.34890530641942796
ENSG00000253921.1,0.34889246701522497
ENSG00000138185.20,0.3488775553596015
ENSG00000213362.3,0.34887590959885867
ENSG00000216624.3,0.3488371917275066
ENSG00000240996.1,0.3487703267729428
ENSG00000230499.1,0.3487633135560993
ENSG00000055955.17,0.3487353230871943
ENSG00000065427.15,0.3487336364652465
ENSG00000257086.1,0.3486699642420199
ENSG00000142327.13,0.3486649857456903
ENSG00000237422.2,0.3486243776339611
ENSG00000234982.1,0.34862040465093935
ENSG00000100387.9,0.3486158886332621
ENSG00000089159.16,0.348602292545574
ENSG00000278768.2,0.3485784054202233
ENSG00000242485.6,0.3485753581702038
ENSG00000040487.13,0.34857244470477333
ENSG00000179889.19,0.3485711875469523
ENSG00000071462.12,0.3485670842784826
ENSG00000117000.9,0.34852448369110206
ENSG00000038210.14,0.348522957656785
ENSG00000279613.1,0.3484776233616473
ENSG00000178229.8,0.34846707083739975
ENSG00000081014.11,0.3484483002893702
ENSG00000158042.9,0.34844681530046523
ENSG00000262039.1,0.34839255888253223
ENSG00000226756.1,0.34839037069451617
ENSG00000225528.3,0.34835565421756026
ENSG00000175087.10,0.3483530351315316
ENSG00000091483.7,0.3483389766242122
ENSG00000215283.3,0.34831963629805246
ENSG00000135446.17,0.34827312197649135
ENSG00000278053.5,0.3482163030097598
ENSG00000260233.3,0.34818093477317436
ENSG00000184640.19,0.34815495735716684
ENSG00000144867.13,0.34813916125377464
ENSG00000274554.1,0.3481347283606729
ENSG00000068001.14,0.3480820334823849
ENSG00000136371.11,0.34808007415933795
ENSG00000224629.1,0.34805491788589005
ENSG00000024862.18,0.3480059548534454
ENSG00000117262.19,0.34797407352929693
ENSG00000272417.1,0.34788433155486254
ENSG00000166908.18,0.3478754356681171
ENSG00000267096.1,0.34786571538725014
ENSG00000167272.11,0.34776053225509196
ENSG00000136147.18,0.3477432557028342
ENSG00000181038.14,0.347713832948129
ENSG00000067704.10,0.3476869744976326
ENSG00000075131.10,0.3476799329471031
ENSG00000251079.6,0.34760735721400005
ENSG00000239305.7,0.34757036518062423
ENSG00000105355.9,0.3475652523635346
ENSG00000232882.1,0.3475608188747479
ENSG00000103126.15,0.34752880615411147
ENSG00000155755.19,0.34752423428898627
ENSG00000229816.1,0.3475161186072618
ENSG00000174225.15,0.3474018685470407
ENSG00000267680.5,0.34738998231800805
ENSG00000163104.18,0.3473843978111234
ENSG00000151292.17,0.3473609718325485
ENSG00000266783.1,0.34734630387120596
ENSG00000039523.20,0.34733245251097594
ENSG00000232732.11,0.3473203273918822
ENSG00000251417.2,0.3473154956183605
ENSG00000284651.1,0.34731440603270364
ENSG00000227470.1,0.3472741061392924
ENSG00000116679.16,0.3472590129014931
ENSG00000236312.3,0.34722626763504594
ENSG00000256913.1,0.3472151557688441
ENSG00000102595.20,0.34719641920401073
ENSG00000228140.2,0.3471753181541006
ENSG00000285664.2,0.34717464554102706
ENSG00000175787.17,0.34716954792484145
ENSG00000136381.13,0.34711158414512716
ENSG00000108599.15,0.34710219429008066
ENSG00000120458.13,0.3471000471854454
ENSG00000180035.13,0.34709852675756236
ENSG00000205572.10,0.3470101575114501
ENSG00000115904.14,0.3469204143494543
ENSG00000237877.7,0.34686154157369437
ENSG00000266969.1,0.34684653887508876
ENSG00000171960.12,0.3468178639609194
ENSG00000250221.1,0.34680446830589673
ENSG00000005483.21,0.3468021495194544
ENSG00000236377.1,0.3467910995032336
ENSG00000180964.17,0.3467701537985719
ENSG00000163681.16,0.34675027696521465
ENSG00000164068.16,0.3467089696156385
ENSG00000267781.1,0.3466454732843535
ENSG00000259570.1,0.34658658953332755
ENSG00000174977.8,0.3465724019404843
ENSG00000146469.13,0.3464831862566737
ENSG00000147133.16,0.3464704945128225
ENSG00000232600.3,0.34644220461684694
ENSG00000089009.15,0.34641270596168905
ENSG00000259088.1,0.3464036542578525
ENSG00000139645.10,0.3463729154423783
ENSG00000073803.14,0.34632152535534455
ENSG00000279917.1,0.3462063446869237
ENSG00000287814.1,0.3462050671697572
ENSG00000143353.12,0.3461688959116135
ENSG00000069509.6,0.3461581316374356
ENSG00000227192.1,0.3461259780777865
ENSG00000232618.2,0.34605250713667784
ENSG00000160710.17,0.3460414276291168
ENSG00000163964.17,0.34603351080465883
ENSG00000144671.10,0.3460259485878781
ENSG00000105610.6,0.34600537902961626
ENSG00000115365.12,0.34595625773107486
ENSG00000136270.14,0.3459479195663956
ENSG00000143374.17,0.3459378035760105
ENSG00000102897.10,0.3458604141589579
ENSG00000173327.8,0.3458238452828111
ENSG00000115084.15,0.3457912357216037
ENSG00000104835.15,0.3457512716697512
ENSG00000106803.10,0.3457357301178497
ENSG00000075790.12,0.3456585208014103
ENSG00000178028.14,0.3456168716135413
ENSG00000185883.12,0.3456161428698435
ENSG00000261187.1,0.3456050681838293
ENSG00000277851.2,0.3455860629131388
ENSG00000234335.1,0.34556097955528814
ENSG00000235236.1,0.34550350200487123
ENSG00000234017.1,0.3454765477208437
ENSG00000251455.1,0.3454317258165992
ENSG00000248610.1,0.3453997783195593
ENSG00000122335.17,0.3453997022016482
ENSG00000135002.12,0.3453961263048049
ENSG00000151687.14,0.3453934725807674
ENSG00000168067.12,0.34538055012622926
ENSG00000283602.1,0.34537439198275255
ENSG00000137210.14,0.34536470333738484
ENSG00000229869.1,0.34535174899849513
ENSG00000123353.10,0.34533841417089634
ENSG00000276984.1,0.3453363080959297
ENSG00000245479.3,0.3453116213385338
ENSG00000215021.10,0.3452456819636856
ENSG00000259416.2,0.34512115187746256
ENSG00000089280.19,0.3451161362368697
ENSG00000272948.2,0.3451155329705878
ENSG00000214113.11,0.34509974060632886
ENSG00000249129.1,0.3450771092761484
ENSG00000152520.14,0.34507028956769864
ENSG00000255966.1,0.34506093107123814
ENSG00000103066.13,0.3450182269927633
ENSG00000286596.1,0.3450062969036222
ENSG00000177350.6,0.3449961718106986
ENSG00000166260.13,0.34498635190466626
ENSG00000287146.1,0.34495431053943243
ENSG00000234769.7,0.34494984662156386
ENSG00000172757.13,0.34494505548358156
ENSG00000215388.3,0.344940360512102
ENSG00000262583.1,0.3449347340794481
ENSG00000271816.1,0.34480631337763545
ENSG00000126067.12,0.34479993692368743
ENSG00000276261.1,0.34479788467808214
ENSG00000100354.21,0.3447945389190316
ENSG00000255741.1,0.34473137842417345
ENSG00000254088.1,0.34465735640316303
ENSG00000108509.21,0.3446273938499878
ENSG00000068028.17,0.3446199052185671
ENSG00000250326.2,0.34459791819629154
ENSG00000139613.12,0.344596397464167
ENSG00000278112.1,0.34455542900204794
ENSG00000223343.1,0.34450263827418187
ENSG00000140992.19,0.3444199122861148
ENSG00000170464.10,0.34438247134523153
ENSG00000183281.14,0.34429826255561574
ENSG00000285868.1,0.3442898110757294
ENSG00000235381.1,0.3442844092341362
ENSG00000272076.1,0.3442838896181325
ENSG00000180917.18,0.34425147890137275
ENSG00000163468.15,0.3442147531173539
ENSG00000113240.13,0.3441888427804435
ENSG00000166471.11,0.34414887656840426
ENSG00000273447.1,0.3441348065447235
ENSG00000125629.15,0.34412807524002553
ENSG00000112339.15,0.3441241757533671
ENSG00000110888.17,0.3441031884363785
ENSG00000225408.1,0.34407404437645933
ENSG00000260176.1,0.34404881904511386
ENSG00000159202.18,0.34402700578915774
ENSG00000114388.14,0.344000295201616
ENSG00000232450.1,0.34399872015659316
ENSG00000130158.14,0.34399502306558605
ENSG00000228817.4,0.34398949212273633
ENSG00000274011.1,0.34398522260441583
ENSG00000212327.1,0.34395710311426597
ENSG00000146859.6,0.3439474814943776
ENSG00000243224.1,0.3439071353034002
ENSG00000258315.5,0.34385408288226627
ENSG00000246308.2,0.34384069177626997
ENSG00000137714.3,0.343838002016023
ENSG00000205929.11,0.3437926939773846
ENSG00000125450.11,0.3437774442826541
ENSG00000259826.1,0.3437641435689495
ENSG00000141480.18,0.3437429435566223
ENSG00000025772.8,0.343742862737464
ENSG00000170004.17,0.34373219902893665
ENSG00000101350.8,0.3437235314514836
ENSG00000141905.19,0.3437181538688685
ENSG00000127022.15,0.34368842687728124
ENSG00000099817.12,0.3436569342763063
ENSG00000067829.19,0.34364092190245143
ENSG00000243403.1,0.3435938973736658
ENSG00000267082.1,0.3435931916846292
ENSG00000267226.2,0.3435662200849583
ENSG00000164008.16,0.34355723695103596
ENSG00000179195.16,0.3435542807193959
ENSG00000100711.14,0.3435468711064918
ENSG00000132768.14,0.3434941467077426
ENSG00000265808.4,0.3434740851269166
ENSG00000241746.1,0.34346246097026234
ENSG00000077458.13,0.3434463840593665
ENSG00000224729.6,0.34340039840240116
ENSG00000103653.16,0.34339216108198767
ENSG00000134072.11,0.34335300949535114
ENSG00000011114.15,0.34330086346654615
ENSG00000119574.13,0.3432888084687356
ENSG00000227627.3,0.3432714039118554
ENSG00000244607.7,0.34324700848168144
ENSG00000000457.14,0.3432115416560939
ENSG00000130733.11,0.3432091208830195
ENSG00000234118.1,0.3431875004407944
ENSG00000272263.1,0.3431756165638581
ENSG00000106244.13,0.3431682839212762
ENSG00000232709.1,0.3431268940123728
ENSG00000178950.17,0.3430826240725117
ENSG00000106258.15,0.3430687227801249
ENSG00000259081.1,0.343061840427463
ENSG00000240682.10,0.34301331581349614
ENSG00000140548.10,0.3429994616831747
ENSG00000232082.1,0.3429645236579174
ENSG00000258101.2,0.34296417999297085
ENSG00000272799.1,0.34295261138176925
ENSG00000180257.14,0.3429133795268408
ENSG00000186130.5,0.3428914501786644
ENSG00000186063.13,0.3428063680095134
ENSG00000137817.17,0.34277863606185455
ENSG00000229298.1,0.34277048756463635
ENSG00000276691.1,0.3427513700669045
ENSG00000254034.2,0.34274072692311547
ENSG00000268744.1,0.342706606390921
ENSG00000261707.1,0.3426753847798139
ENSG00000178927.18,0.3426325351920745
ENSG00000225039.1,0.3426281194080405
ENSG00000167965.18,0.3426202555251108
ENSG00000237264.4,0.342600226108099
ENSG00000103544.15,0.34257222383765035
ENSG00000273243.1,0.34256277790546785
ENSG00000271763.1,0.34256009178107155
ENSG00000258446.1,0.34255982583012595
ENSG00000232706.3,0.3424406253567475
ENSG00000268093.1,0.34242817856518626
ENSG00000269997.1,0.3424148489045431
ENSG00000241429.1,0.3423877432173294
ENSG00000116251.11,0.3423796450520692
ENSG00000010256.11,0.3423795947658175
ENSG00000169446.5,0.34237618902758143
ENSG00000196312.15,0.3423582625067319
ENSG00000197302.10,0.34235008106403564
ENSG00000165283.16,0.34229494587287174
ENSG00000143149.12,0.34229172344237874
ENSG00000099308.10,0.3422861293986461
ENSG00000131475.7,0.3422716351876593
ENSG00000105197.11,0.3422627334040936
ENSG00000261669.1,0.34223953295355736
ENSG00000229349.2,0.34218274246693225
ENSG00000119912.18,0.342166885874383
ENSG00000101181.17,0.3421651950906835
ENSG00000167930.17,0.3421307099994193
ENSG00000272858.1,0.3421114738880184
ENSG00000134684.11,0.3420320699441444
ENSG00000089351.14,0.34201842866111076
ENSG00000117242.7,0.3419917395573319
ENSG00000170606.15,0.34196231469579413
ENSG00000150756.14,0.34192652257350026
ENSG00000251247.11,0.34190305416188643
ENSG00000134575.13,0.34190194861534534
ENSG00000181904.9,0.34188781938233853
ENSG00000189227.6,0.34188328291300196
ENSG00000217555.13,0.34186937993150873
ENSG00000197312.12,0.3418684578145773
ENSG00000153094.24,0.3418422589125518
ENSG00000236756.4,0.3418192499421871
ENSG00000136051.15,0.3418133717627351
ENSG00000257279.1,0.34181284047468374
ENSG00000235677.1,0.34177906103861566
ENSG00000272247.1,0.34175776474987885
ENSG00000225578.1,0.3417193660492864
ENSG00000183298.5,0.3416417215054874
ENSG00000279356.1,0.34163910790629043
ENSG00000279841.1,0.3415938386902297
ENSG00000228554.1,0.34158541255357727
ENSG00000131828.14,0.3415544577066891
ENSG00000280279.1,0.3415223799240286
ENSG00000166747.13,0.3414823860359505
ENSG00000166734.20,0.3414504488207281
ENSG00000160299.17,0.3414468505269571
ENSG00000188687.17,0.3414443164944732
ENSG00000102225.16,0.34141496330835114
ENSG00000241520.1,0.3413366835325792
ENSG00000181191.12,0.3412839283073466
ENSG00000270781.1,0.3412762801179846
ENSG00000174353.17,0.3412750322028662
ENSG00000089248.7,0.3412476718405663
ENSG00000258735.1,0.34123403364427435
ENSG00000139350.12,0.34121978579027823
ENSG00000231203.1,0.34115198124685714
ENSG00000106524.9,0.34114645472994604
ENSG00000213337.9,0.34111555200886295
ENSG00000182810.7,0.3411103829337474
ENSG00000141985.9,0.34108390983541875
ENSG00000121775.18,0.3410340523688947
ENSG00000058799.15,0.34097188354849106
ENSG00000044574.8,0.3409579786667122
ENSG00000151304.6,0.3409438167192107
ENSG00000272140.2,0.34094186129377557
ENSG00000279432.1,0.3409074710803712
ENSG00000170236.16,0.3408904065853378
ENSG00000269845.1,0.3408696935487642
ENSG00000070814.22,0.3408449009656308
ENSG00000243176.6,0.3407694702254739
ENSG00000233178.7,0.34075071091652637
ENSG00000176473.13,0.34073678905036386
ENSG00000160877.6,0.34073619401793104
ENSG00000182903.16,0.34069301653793
ENSG00000251484.3,0.34068131265356083
ENSG00000233155.1,0.34066519772920284
ENSG00000100650.16,0.34065463661823386
ENSG00000275734.2,0.3406446006466144
ENSG00000259005.1,0.34055103001320347
ENSG00000272735.1,0.34050696487617244
ENSG00000236098.1,0.34049817866909254
ENSG00000202318.1,0.34047907387332355
ENSG00000150433.9,0.34047014317049634
ENSG00000160392.13,0.3404646581004857
ENSG00000271882.1,0.34045624504718486
ENSG00000197358.9,0.340429059054949
ENSG00000154309.9,0.34042820560030923
ENSG00000200714.1,0.34041160925303754
ENSG00000119772.17,0.34038429144673327
ENSG00000141101.13,0.34032476907462567
ENSG00000215421.9,0.3403216843711913
ENSG00000239282.8,0.34031678205131155
ENSG00000170759.11,0.34030887107034996
ENSG00000228049.7,0.3402963504629857
ENSG00000248866.1,0.3402926107377072
ENSG00000287600.1,0.34028714763115553
ENSG00000266993.3,0.34028070123737536
ENSG00000064012.22,0.34023362522014977
ENSG00000157593.19,0.3402174628297801
ENSG00000244926.7,0.3402075860665857
ENSG00000178449.9,0.34019291446162825
ENSG00000132010.16,0.3401894975454486
ENSG00000242992.3,0.34011495046832735
ENSG00000100239.16,0.34008513375933475
ENSG00000114054.14,0.34003649864983815
ENSG00000108469.15,0.3400192404035723
ENSG00000254598.3,0.33999401298909987
ENSG00000288586.1,0.33999091464527176
ENSG00000171806.12,0.3399798769658153
ENSG00000130377.13,0.3399459612855251
ENSG00000087995.16,0.3399201071231999
ENSG00000136156.15,0.33991812397038695
ENSG00000139546.11,0.33989131666275646
ENSG00000144840.10,0.33986043502875696
ENSG00000007545.16,0.33985323693464675
ENSG00000272812.1,0.33981307365667274
ENSG00000136206.4,0.3397097083390101
ENSG00000235489.4,0.33960699538336103
ENSG00000137040.10,0.339584827761065
ENSG00000130402.13,0.3395497781556312
ENSG00000138794.10,0.3395435844340563
ENSG00000276103.1,0.3395344151560566
ENSG00000286724.1,0.33945882498892915
ENSG00000272810.1,0.33943564193623066
ENSG00000273419.1,0.33942059859662393
ENSG00000167566.17,0.33941909691524075
ENSG00000136021.19,0.3393793214879372
ENSG00000235204.1,0.3393706916963359
ENSG00000123106.10,0.33936118551688577
ENSG00000286873.1,0.3393583986895471
ENSG00000109046.15,0.3392999471798909
ENSG00000267698.1,0.33929358643765273
ENSG00000157741.15,0.33920925558872933
ENSG00000229728.1,0.3391967389437316
ENSG00000177239.15,0.33918581946989823
ENSG00000217027.1,0.3391743134762398
ENSG00000143420.19,0.3391704875536613
ENSG00000215093.3,0.33912816865297263
ENSG00000106399.11,0.3390863222334422
ENSG00000197879.17,0.33907756811602296
ENSG00000241120.1,0.33907508503117684
ENSG00000213235.3,0.33906247552341034
ENSG00000275066.5,0.3390399518233744
ENSG00000267416.1,0.3390358929959177
ENSG00000238184.1,0.339031375158958
ENSG00000279812.1,0.33902715320167764
ENSG00000268543.1,0.3390255970326059
ENSG00000276417.1,0.33901587845811926
ENSG00000089335.21,0.3389508422128153
ENSG00000198755.11,0.33894310900628194
ENSG00000167522.16,0.3389429950723169
ENSG00000120519.15,0.338940366164729
ENSG00000182087.14,0.3389165119498126
ENSG00000276957.1,0.33885611128392673
ENSG00000158006.14,0.33881519925372566
ENSG00000117500.13,0.33870813371556746
ENSG00000257907.2,0.3387059424224607
ENSG00000205629.12,0.33870370478215245
ENSG00000257740.1,0.3386838991665318
ENSG00000127720.8,0.338641536090675
ENSG00000279852.1,0.33862238228518027
ENSG00000166788.10,0.3386169411898188
ENSG00000035687.10,0.33854432428604625
ENSG00000004766.17,0.33853308423636386
ENSG00000163558.13,0.33851682820124157
ENSG00000204429.4,0.33848671940872577
ENSG00000160293.17,0.3384460556959091
ENSG00000067955.15,0.3384275557943792
ENSG00000260698.1,0.3383813990875197
ENSG00000198887.9,0.33835836664015306
ENSG00000186453.13,0.3383145485394728
ENSG00000223697.3,0.3382802582472559
ENSG00000228137.1,0.33827422729426104
ENSG00000260635.1,0.3382552769821268
ENSG00000259645.1,0.33824501828897424
ENSG00000225891.2,0.33821996321605663
ENSG00000233547.1,0.33820752721980907
ENSG00000165916.8,0.3381911751151132
ENSG00000188451.8,0.338154986142194
ENSG00000223799.1,0.3381534422082877
ENSG00000122642.11,0.3380846784449874
ENSG00000089048.14,0.3380772094745777
ENSG00000268070.1,0.338076394310567
ENSG00000100564.9,0.3380761475432172
ENSG00000198791.12,0.3380448199939624
ENSG00000108799.13,0.33800270330044874
ENSG00000104613.12,0.33798613983820236
ENSG00000228107.1,0.3379792021901397
ENSG00000112110.10,0.33789803261886975
ENSG00000198055.11,0.3378568292413571
ENSG00000129347.21,0.3378332554278392
ENSG00000074935.14,0.33779340355373505
ENSG00000109118.14,0.3377490641225587
ENSG00000182117.6,0.33773113688905565
ENSG00000130024.15,0.3377059931655562
ENSG00000285665.1,0.3376914335837768
ENSG00000227017.1,0.3376882411559496
ENSG00000125970.12,0.33765436096125684
ENSG00000177051.6,0.33762570434332156
ENSG00000147059.8,0.3376173204271524
ENSG00000255843.1,0.33755191138087903
ENSG00000235121.1,0.3375320711274492
ENSG00000273125.2,0.3375316304584817
ENSG00000239789.6,0.33752280998121487
ENSG00000188873.4,0.33750473363330175
ENSG00000240303.8,0.3374790764505697
ENSG00000230204.1,0.3374756527255033
ENSG00000122643.22,0.3374603799903264
ENSG00000133313.15,0.33744317047689854
ENSG00000234785.1,0.33742433646507725
ENSG00000240356.6,0.3374226305138989
ENSG00000276809.1,0.3373793377940979
ENSG00000011295.16,0.3373670650427633
ENSG00000168806.8,0.3373546201643719
ENSG00000139644.13,0.33734978221950357
ENSG00000286694.1,0.33733802942852836
ENSG00000236565.3,0.3373328046779131
ENSG00000139697.14,0.33732902799405184
ENSG00000243680.1,0.33731740517456127
ENSG00000286943.1,0.337313957598685
ENSG00000270820.6,0.3373090827559037
ENSG00000223356.1,0.33729872088265617
ENSG00000231329.8,0.3372931728111732
ENSG00000214612.3,0.3372729872700511
ENSG00000165915.14,0.33721347544250047
ENSG00000230580.1,0.3372013841539627
ENSG00000153165.19,0.3371939819779377
ENSG00000267769.1,0.33718969993351994
ENSG00000259804.1,0.33714838773574357
ENSG00000169217.9,0.3371449155852202
ENSG00000225163.4,0.3371417866806321
ENSG00000245534.7,0.33710353734677795
ENSG00000196498.13,0.337088470209225
ENSG00000279568.1,0.33705946321965213
ENSG00000096717.12,0.3370536955671269
ENSG00000229677.1,0.3369773714405865
ENSG00000221817.10,0.3369768149380403
ENSG00000236540.7,0.33697488487840926
ENSG00000204356.14,0.3369578982457026
ENSG00000243904.1,0.3369352755693463
ENSG00000213830.3,0.33689499226783376
ENSG00000279636.2,0.33686828056922485
ENSG00000087448.11,0.3368594428242587
ENSG00000156504.16,0.33682329908055114
ENSG00000250220.1,0.3367651608979166
ENSG00000140157.15,0.3367197619160509
ENSG00000173950.16,0.3367066763351176
ENSG00000278730.1,0.3366815425371192
ENSG00000112576.13,0.3365958553426784
ENSG00000232934.8,0.3365580112192149
ENSG00000185127.6,0.33655771567344095
ENSG00000180867.11,0.3365338082957762
ENSG00000137944.18,0.33650243933427204
ENSG00000286089.1,0.33648910367878665
ENSG00000275700.5,0.3364584079549582
ENSG00000286360.1,0.3364581160489794
ENSG00000131899.11,0.33641079955463515
ENSG00000278129.2,0.33640088794587286
ENSG00000001629.10,0.33640018941451305
ENSG00000143919.15,0.33638253053657396
ENSG00000226393.1,0.33637178849909494
ENSG00000100296.14,0.33635690016464426
ENSG00000287646.1,0.33634524570208435
ENSG00000134308.14,0.33630873553959056
ENSG00000126216.15,0.33625838527396656
ENSG00000218283.2,0.33623826021680747
ENSG00000231073.1,0.3362272104811079
ENSG00000172007.7,0.33621346023681487
ENSG00000272667.1,0.3361999730531605
ENSG00000101868.13,0.33619222808619403
ENSG00000200550.1,0.33618891356458686
ENSG00000126391.14,0.33611761270892143
ENSG00000258524.1,0.33608834451371367
ENSG00000263603.1,0.3360716873885351
ENSG00000268849.5,0.3360261391048987
ENSG00000162402.14,0.3359624571619919
ENSG00000116874.12,0.33595465834978167
ENSG00000111731.12,0.3359047528911755
ENSG00000225975.7,0.3358965949525571
ENSG00000277692.1,0.3358765355830195
ENSG00000088256.9,0.33583405585791776
ENSG00000022976.15,0.33583374350090345
ENSG00000214706.10,0.33581956468231233
ENSG00000260190.1,0.3358024706321094
ENSG00000149089.13,0.3357993870130658
ENSG00000234281.5,0.33579024931505586
ENSG00000269053.1,0.33578037463730137
ENSG00000255434.1,0.3357667398658854
ENSG00000130023.16,0.3357545402988198
ENSG00000054267.22,0.33573173855476734
ENSG00000113318.11,0.3356370818653604
ENSG00000258311.5,0.3356223451654907
ENSG00000273486.1,0.3356168142709224
ENSG00000235602.5,0.3355988176562715
ENSG00000263120.1,0.335583183695111
ENSG00000165671.21,0.3355716754655937
ENSG00000182257.8,0.3355553753098887
ENSG00000244754.9,0.33554477566964164
ENSG00000257509.1,0.3355100455304295
ENSG00000270084.2,0.3354862294333165
ENSG00000101464.11,0.33541730704762773
ENSG00000196605.7,0.3354019657093467
ENSG00000065457.10,0.33537234877715616
ENSG00000141456.16,0.335347785606525
ENSG00000078902.16,0.33533249258190473
ENSG00000087266.17,0.33532478070766797
ENSG00000213612.3,0.33532329216567847
ENSG00000263220.1,0.33528594922680516
ENSG00000109390.13,0.335268453593096
ENSG00000165572.8,0.33526259449214885
ENSG00000244723.3,0.3352602894495927
ENSG00000216809.1,0.3352551081255798
ENSG00000248557.1,0.33514679380096474
ENSG00000137364.5,0.3351094520493113
ENSG00000112167.10,0.33510662911418404
ENSG00000260916.7,0.33507942094185483
ENSG00000103512.15,0.3350529414994294
ENSG00000286616.1,0.3350524857840248
ENSG00000271795.1,0.33500624970167553
ENSG00000231066.3,0.3349813639710303
ENSG00000214022.11,0.33492214532883824
ENSG00000246366.6,0.334910295320786
ENSG00000221914.11,0.33489609381108687
ENSG00000177731.16,0.334888361014718
ENSG00000186812.13,0.3348283263336508
ENSG00000250999.2,0.33482100255278846
ENSG00000120370.13,0.33478344049796604
ENSG00000236409.2,0.33478259413172656
ENSG00000144747.17,0.3347027092366068
ENSG00000265888.2,0.3346740358982355
ENSG00000179361.18,0.3346096980447849
ENSG00000248643.5,0.3345507257684698
ENSG00000269956.2,0.33454830649637124
ENSG00000204659.5,0.3344919307679369
ENSG00000264520.1,0.3344799084908197
ENSG00000225370.1,0.3344491338252585
ENSG00000268030.1,0.3343748088825329
ENSG00000270574.1,0.3343346637322194
ENSG00000250506.8,0.3343345944410466
ENSG00000058673.17,0.33424172028089316
ENSG00000109534.17,0.33420496124048166
ENSG00000229873.1,0.33417039359289197
ENSG00000223313.1,0.3341693106180529
ENSG00000141219.15,0.3341600953365702
ENSG00000282840.1,0.33413888634753064
ENSG00000177169.10,0.33413621503458923
ENSG00000182150.18,0.3341219152635599
ENSG00000262693.1,0.3341176572440825
ENSG00000164088.18,0.33408624089538796
ENSG00000112425.16,0.33406074765540605
ENSG00000172943.20,0.3340411704098644
ENSG00000286846.1,0.3340339883269184
ENSG00000106246.18,0.3340225770627833
ENSG00000169230.10,0.333959025195112
ENSG00000072042.13,0.33392080592668094
ENSG00000103037.12,0.33390323703975794
ENSG00000129219.14,0.333892898051731
ENSG00000119421.7,0.3338884215282464
ENSG00000138767.13,0.3338808874298549
ENSG00000101457.13,0.33381304220512525
ENSG00000205707.11,0.33379433130607666
ENSG00000143799.14,0.33379262215073197
ENSG00000197746.14,0.3337866182949371
ENSG00000188032.10,0.33378226065915434
ENSG00000268047.1,0.33377450358594263
ENSG00000242578.1,0.33367791303320976
ENSG00000169756.16,0.3336662869401276
ENSG00000227799.1,0.33362417758478186
ENSG00000243368.2,0.3336152056625863
ENSG00000225193.5,0.33359435166151286
ENSG00000232504.5,0.33358027563843784
ENSG00000231473.3,0.3334891743656814
ENSG00000166507.19,0.33347097599346975
ENSG00000180610.10,0.3334573154582741
ENSG00000287077.1,0.33345418220823375
ENSG00000101343.15,0.33342612446257963
ENSG00000248180.1,0.3333901198359776
ENSG00000233912.1,0.33337719540309774
ENSG00000116337.19,0.3333510003349123
ENSG00000233597.3,0.3333110830496673
ENSG00000215817.7,0.3333066506966202
ENSG00000274667.1,0.3332578773652766
ENSG00000186104.11,0.3332353264124645
ENSG00000196182.11,0.33320597789599826
ENSG00000260773.1,0.33319205867351864
ENSG00000133059.17,0.3331836469828796
ENSG00000241416.1,0.3331767132404483
ENSG00000276408.1,0.33315865826966923
ENSG00000120555.13,0.3330885458871347
ENSG00000181026.15,0.3330279271998517
ENSG00000209482.1,0.33302029093892443
ENSG00000273384.1,0.3330147758744499
ENSG00000198952.8,0.3330047398597353
ENSG00000273096.1,0.33300032267251867
ENSG00000164151.12,0.3329836419813871
ENSG00000203879.12,0.33297878584939766
ENSG00000269800.1,0.33297408020161945
ENSG00000158711.14,0.33296348367795653
ENSG00000172071.14,0.33294869345890493
ENSG00000149179.14,0.3328651305014041
ENSG00000257727.6,0.33285309454509454
ENSG00000249485.1,0.3328355921624752
ENSG00000224985.1,0.3328173360735892
ENSG00000196274.5,0.3327716754167327
ENSG00000120053.12,0.3327562179239517
ENSG00000185359.14,0.33274369661905745
ENSG00000273674.5,0.3327139879633577
ENSG00000279464.1,0.3326879599817124
ENSG00000225527.1,0.3326374372547848
ENSG00000288573.1,0.33263733164906517
ENSG00000128692.8,0.33258724766067843
ENSG00000227500.10,0.33258331374164163
ENSG00000264456.1,0.33247409543325257
ENSG00000090263.16,0.33246557629682133
ENSG00000278434.1,0.3324368442057394
ENSG00000203739.4,0.33242995752954096
ENSG00000276997.4,0.3324134168569402
ENSG00000129566.13,0.33240997328338967
ENSG00000268364.2,0.3324099178255545
ENSG00000278492.1,0.33239830640779744
ENSG00000153201.16,0.33236570973384433
ENSG00000148019.14,0.3323403506515697
ENSG00000169118.18,0.332337973895918
ENSG00000061676.15,0.3323272752106084
ENSG00000233719.4,0.33223041825261557
ENSG00000283418.1,0.33222747098181965
ENSG00000033050.9,0.3321086053273373
ENSG00000089916.18,0.33206883541283355
ENSG00000272040.1,0.33205620377211853
ENSG00000231587.1,0.3320328920331491
ENSG00000189362.12,0.3320212037512277
ENSG00000215464.4,0.33183558543491726
ENSG00000148835.11,0.33182011291597174
ENSG00000213771.3,0.3318163446143305
ENSG00000235106.10,0.33178727356874543
ENSG00000138035.15,0.3317438963309349
ENSG00000273783.1,0.33173738803122693
ENSG00000286550.1,0.33173388733241976
ENSG00000287742.1,0.33170535732814227
ENSG00000266897.1,0.3316674520855025
ENSG00000270001.1,0.3316137265683927
ENSG00000225808.1,0.331547418798299
ENSG00000267281.2,0.33154034189592513
ENSG00000213859.7,0.3315120345205583
ENSG00000166896.9,0.33148304638841875
ENSG00000247675.7,0.33145366427341594
ENSG00000272447.1,0.3314344033589448
ENSG00000124222.22,0.33141450656027854
ENSG00000266412.5,0.3313972488238093
ENSG00000274501.1,0.33138337367009113
ENSG00000223653.6,0.3313629475169146
ENSG00000234740.1,0.3313563509704714
ENSG00000184208.12,0.331326968845068
ENSG00000146701.12,0.3313234996828845
ENSG00000254595.1,0.3312928385399339
ENSG00000232176.1,0.3312824223177492
ENSG00000266921.2,0.331282163579635
ENSG00000212283.1,0.33122893681229776
ENSG00000162852.14,0.33121466727588295
ENSG00000203791.15,0.3311980613845338
ENSG00000143162.9,0.331165016312997
ENSG00000115808.12,0.33115003157897144
ENSG00000116212.15,0.3311018983389219
ENSG00000004142.12,0.33109672426317366
ENSG00000287910.1,0.33105996735774756
ENSG00000169372.13,0.3309885543727617
ENSG00000198924.8,0.3309349539398032
ENSG00000100478.15,0.33091290068256785
ENSG00000134815.19,0.33090395140663686
ENSG00000185163.10,0.3308916942676379
ENSG00000260874.5,0.33087451854388567
ENSG00000176182.6,0.3308737688738297
ENSG00000159593.15,0.33085477256410517
ENSG00000135506.16,0.3308432142999502
ENSG00000166130.15,0.33077823844199467
ENSG00000239388.9,0.33075642211632694
ENSG00000271964.1,0.33074145907314334
ENSG00000234175.1,0.330680676089457
ENSG00000261656.6,0.330644520601522
ENSG00000272562.2,0.33062438620960705
ENSG00000137845.15,0.33061823546516433
ENSG00000257052.1,0.33061148445370353
ENSG00000225693.1,0.33046979977349844
ENSG00000269463.1,0.33043983853231523
ENSG00000053372.5,0.3304369651711279
ENSG00000123552.18,0.3303793558144609
ENSG00000198553.9,0.33033667218459883
ENSG00000271664.1,0.3303251152818424
ENSG00000106263.18,0.33031581990057723
ENSG00000106049.9,0.330261929531995
ENSG00000165275.10,0.3302549065780059
ENSG00000276390.1,0.33023433276385744
ENSG00000111269.3,0.33023324935235754
ENSG00000168454.12,0.3301972210336139
ENSG00000260743.1,0.3301550325876011
ENSG00000177112.8,0.33015393990727027
ENSG00000220848.5,0.3301441718774991
ENSG00000140262.18,0.33012246077950685
ENSG00000167987.11,0.3300588466730279
ENSG00000227946.1,0.33003607554824743
ENSG00000260179.1,0.3300291568281515
ENSG00000260276.2,0.3299914576353877
ENSG00000143390.18,0.3299911747428015
ENSG00000225447.1,0.32998518428536167
ENSG00000070047.13,0.32996421997859754
ENSG00000258741.4,0.3299111141492129
ENSG00000134146.12,0.32989514516949264
ENSG00000255326.1,0.3298384395314134
ENSG00000140830.9,0.32982914175737116
ENSG00000236519.1,0.32982312972975253
ENSG00000111727.12,0.3298123002003018
ENSG00000161920.11,0.3298080289100864
ENSG00000167562.13,0.32979435625421594
ENSG00000279539.1,0.3297772688532079
ENSG00000227201.2,0.32976184511835493
ENSG00000280502.1,0.32972728315819266
ENSG00000272892.1,0.32972171866565425
ENSG00000264500.1,0.32970280910445166
ENSG00000235172.8,0.3296681310957022
ENSG00000073417.15,0.32962593545931534
ENSG00000131148.9,0.32961665335384105
ENSG00000183605.17,0.3295993835816218
ENSG00000162694.14,0.32957805738020585
ENSG00000172840.7,0.3295642901361318
ENSG00000153130.17,0.3295550903133589
ENSG00000114302.16,0.32951030364474293
ENSG00000227540.1,0.32950001890404945
ENSG00000121022.14,0.32947747893305884
ENSG00000254463.1,0.3294544849527028
ENSG00000185009.13,0.32944122545518406
ENSG00000147383.11,0.32940940169377436
ENSG00000108848.16,0.3293064928677628
ENSG00000198858.10,0.3292741090271462
ENSG00000197702.14,0.329268221056724
ENSG00000139436.21,0.32926213578559616
ENSG00000135776.5,0.3292224081220206
ENSG00000277368.1,0.32921315829041664
ENSG00000275645.1,0.3292123382713953
ENSG00000269938.1,0.3291742118243443
ENSG00000125870.11,0.3291182315837654
ENSG00000132781.19,0.329116872017237
ENSG00000205105.6,0.3290653545215911
ENSG00000140743.8,0.32904771852825054
ENSG00000257526.2,0.32902940088454846
ENSG00000196943.14,0.329023430528256
ENSG00000259706.1,0.3289595604643687
ENSG00000229994.1,0.32893498137688293
ENSG00000231889.7,0.3289256602691497
ENSG00000116685.16,0.3288682555894124
ENSG00000230637.2,0.3288634899257289
ENSG00000234817.2,0.32886261768752484
ENSG00000286918.1,0.328859329847823
ENSG00000234936.1,0.3288296855432911
ENSG00000188626.6,0.328813603317662
ENSG00000116521.11,0.32881069612258096
ENSG00000184056.15,0.32879125372350143
ENSG00000237418.1,0.32872197781858004
ENSG00000133858.17,0.3287147534396499
ENSG00000139651.11,0.32867824407136104
ENSG00000285518.1,0.3286760336460399
ENSG00000138768.15,0.3286755117420216
ENSG00000277218.1,0.32864612581884234
ENSG00000007866.22,0.32863199712609076
ENSG00000147789.15,0.328591548579129
ENSG00000228446.2,0.3285763832644163
ENSG00000288056.1,0.3285629252003632
ENSG00000123815.13,0.3285147138099624
ENSG00000258230.2,0.3285100287000693
ENSG00000257307.1,0.3284948546572525
ENSG00000144597.14,0.3284663847373987
ENSG00000270108.1,0.32845391617936964
ENSG00000215041.10,0.3284222858901511
ENSG00000164051.14,0.32837023630972895
ENSG00000165458.14,0.32836830922248594
ENSG00000180581.7,0.32833204874701116
ENSG00000138592.14,0.3283262746165414
ENSG00000226800.5,0.3282638924594804
ENSG00000226167.1,0.3282567766759378
ENSG00000267543.1,0.32825399704911973
ENSG00000228459.4,0.3282188608934106
ENSG00000203965.13,0.3282185855140369
ENSG00000164190.19,0.3282063567520078
ENSG00000152620.13,0.3282063202794468
ENSG00000156642.17,0.32820197375824467
ENSG00000135164.19,0.32819701909059323
ENSG00000147127.8,0.3281748294625095
ENSG00000197976.12,0.32817236763298846
ENSG00000280433.1,0.3281086400607263
ENSG00000236137.1,0.32810491164535166
ENSG00000103356.18,0.3281022292395547
ENSG00000285287.1,0.3280338422761018
ENSG00000160124.9,0.3279364474763928
ENSG00000226499.1,0.32793146760809405
ENSG00000137504.14,0.32789969646386163
ENSG00000226352.2,0.32789544831054873
ENSG00000081386.12,0.32789253904265486
ENSG00000107290.14,0.32789012425251046
ENSG00000076053.12,0.3278850766440277
ENSG00000185238.13,0.3278794458363958
ENSG00000084693.16,0.32787197791990685
ENSG00000250461.1,0.3278575450009418
ENSG00000214093.3,0.3278303700998255
ENSG00000213923.13,0.3278291252290944
ENSG00000136240.10,0.32780705229471074
ENSG00000265366.6,0.32778531340593187
ENSG00000225075.1,0.32771429598014823
ENSG00000225057.2,0.327628630587709
ENSG00000213018.2,0.32761170009171586
ENSG00000264247.2,0.3275979088730805
ENSG00000235660.2,0.3275820761042444
ENSG00000267150.1,0.327571254129628
ENSG00000236266.1,0.32754787208705033
ENSG00000279019.1,0.32753999145904333
ENSG00000153391.16,0.32752941383915746
ENSG00000061987.16,0.32750503452737395
ENSG00000269560.1,0.3274974505607117
ENSG00000100056.12,0.3274638526810725
ENSG00000159792.10,0.3274504684626222
ENSG00000166169.17,0.3273995212562316
ENSG00000122779.18,0.3273979374888632
ENSG00000245556.3,0.32733740457150834
ENSG00000270299.1,0.32732330693455497
ENSG00000287757.1,0.32732324180320804
ENSG00000266053.2,0.3272944287484724
ENSG00000139323.14,0.3272915765553503
ENSG00000259212.1,0.327249032942909
ENSG00000111877.17,0.3272427760466465
ENSG00000254469.7,0.3272205775654268
ENSG00000179988.15,0.32721044688226897
ENSG00000107036.12,0.3271953985454761
ENSG00000147400.10,0.3271674475150529
ENSG00000119723.17,0.3271654946505698
ENSG00000117592.9,0.3270930525804394
ENSG00000065615.14,0.3270593339113877
ENSG00000137822.13,0.3270508521730596
ENSG00000157500.12,0.3270360439081039
ENSG00000288012.1,0.3270220363975812
ENSG00000243433.1,0.32700932958157547
ENSG00000285676.1,0.3270035540427195
ENSG00000101294.18,0.32694508681717105
ENSG00000105875.14,0.3269328739614047
ENSG00000242852.7,0.3269065724865685
ENSG00000107362.14,0.3268965790305534
ENSG00000260615.1,0.32688904182896183
ENSG00000169299.14,0.3268569341896357
ENSG00000133111.4,0.3268287058398585
ENSG00000160336.16,0.3268159551317349
ENSG00000102753.10,0.3268111144452792
ENSG00000228008.1,0.3267989078758564
ENSG00000116750.14,0.32668487324975004
ENSG00000263627.1,0.3266678514111253
ENSG00000128989.11,0.3266479383426748
ENSG00000285886.1,0.32663810025602164
ENSG00000287475.1,0.32655011706070386
ENSG00000172971.7,0.3265159730493292
ENSG00000168556.7,0.32651546387963165
ENSG00000287074.1,0.32651147922325563
ENSG00000180884.10,0.32646292666981697
ENSG00000105501.12,0.3264406560739735
ENSG00000166900.17,0.326417173377167
ENSG00000011566.15,0.32640033532965124
ENSG00000267114.1,0.32637814922560604
ENSG00000183161.6,0.3263749401342999
ENSG00000282787.1,0.3263622562742748
ENSG00000273302.1,0.32630659659185296
ENSG00000213699.9,0.32625673110439335
ENSG00000174652.19,0.3261602007608389
ENSG00000261546.1,0.32612300943573735
ENSG00000105983.22,0.3260553438484396
ENSG00000274737.1,0.3260480211847023
ENSG00000274818.1,0.32587226062945107
ENSG00000233436.7,0.3258292108095085
ENSG00000188493.15,0.32578709724542154
ENSG00000131503.21,0.32575615042510375
ENSG00000250299.6,0.32573536687001803
ENSG00000232671.6,0.3257307713883995
ENSG00000227203.3,0.32572757314239287
ENSG00000258593.2,0.32571945387918855
ENSG00000126214.21,0.3257042371096836
ENSG00000198860.13,0.32569467054331097
ENSG00000228763.1,0.32560884640365295
ENSG00000165672.7,0.3255789255995109
ENSG00000072864.16,0.32553191239051443
ENSG00000065243.20,0.3254833441173372
ENSG00000203546.7,0.32544538107661747
ENSG00000164134.13,0.32542299230843075
ENSG00000230199.1,0.32541945689253104
ENSG00000237037.9,0.3254101885265868
ENSG00000174282.12,0.32525653793344056
ENSG00000108055.10,0.3251859623328785
ENSG00000241553.12,0.3251804095210844
ENSG00000162851.8,0.325169132028935
ENSG00000233690.1,0.32515803753591527
ENSG00000135423.13,0.32514126003085825
ENSG00000130726.12,0.32513641637696294
ENSG00000111325.16,0.3251300544380516
ENSG00000145757.16,0.3251122524779404
ENSG00000159720.12,0.32510482963983844
ENSG00000258904.1,0.3250334708186378
ENSG00000119778.15,0.3249225284470742
ENSG00000269176.2,0.3248955350682045
ENSG00000021776.11,0.3248772963683793
ENSG00000112130.17,0.3248745665823073
ENSG00000143376.14,0.32485999045152975
ENSG00000234750.1,0.3248174405390493
ENSG00000270469.1,0.32481114653038673
ENSG00000133935.7,0.3247283267376356
ENSG00000164219.10,0.32459471764487935
ENSG00000269161.1,0.3245854907301474
ENSG00000229368.1,0.32457457741943324
ENSG00000235459.5,0.3245255896896425
ENSG00000146063.20,0.32452401894081895
ENSG00000177084.18,0.32451706829017296
ENSG00000112977.16,0.3245055845145279
ENSG00000171735.19,0.3244924952160714
ENSG00000231767.4,0.3244620167210043
ENSG00000146574.16,0.32442469036669214
ENSG00000173611.18,0.3243967733115394
ENSG00000246777.1,0.32439570318236105
ENSG00000111653.20,0.3243865191256523
ENSG00000277151.1,0.3243836045236398
ENSG00000271092.5,0.3243669930144157
ENSG00000196597.13,0.3243645575993592
ENSG00000124459.12,0.32435796262216066
ENSG00000122218.16,0.32428218135833103
ENSG00000137185.13,0.3242819477336261
ENSG00000147162.14,0.32424769347221694
ENSG00000251667.1,0.32422966449348145
ENSG00000156508.19,0.32421316802160954
ENSG00000270133.1,0.3241855096091945
ENSG00000172062.17,0.3241547352726388
ENSG00000124831.19,0.32409865602001364
ENSG00000143315.8,0.32408960460905734
ENSG00000181016.9,0.32406091271123116
ENSG00000150455.13,0.3240576012135956
ENSG00000279879.1,0.324030175279481
ENSG00000104805.16,0.32401436130448724
ENSG00000272361.2,0.32399699074404237
ENSG00000151876.13,0.32386643299885143
ENSG00000275491.1,0.32384468994331195
ENSG00000256280.1,0.32383801368034015
ENSG00000150456.11,0.32383288107505603
ENSG00000109680.11,0.3238247125059165
ENSG00000090520.11,0.323748961084694
ENSG00000067248.10,0.3237120776382617
ENSG00000176903.5,0.3236688869160772
ENSG00000261076.1,0.3236536219092883
ENSG00000167778.9,0.3236488571219099
ENSG00000272223.1,0.32362108151744257
ENSG00000103978.16,0.3236187882111917
ENSG00000271828.1,0.3235780102076044
ENSG00000197102.12,0.3235771832496776
ENSG00000125149.12,0.3235209791814555
ENSG00000233337.1,0.32343903532402063
ENSG00000258913.2,0.32333523213217563
ENSG00000262652.1,0.3233303685273686
ENSG00000143157.12,0.3232945017912457
ENSG00000204673.11,0.32328021436440096
ENSG00000164933.12,0.3232132357992997
ENSG00000116984.14,0.32319650042417886
ENSG00000267855.6,0.3231536276520875
ENSG00000101342.10,0.3231467445452693
ENSG00000218350.1,0.3231037665094642
ENSG00000128607.14,0.32309814341299503
ENSG00000115145.10,0.32308976741108375
ENSG00000251314.2,0.32307065427083664
ENSG00000178082.6,0.32305376600716623
ENSG00000277855.1,0.32303237053806205
ENSG00000110435.12,0.3230229267253192
ENSG00000107581.13,0.32295804644745224
ENSG00000228350.1,0.3229380129907245
ENSG00000131697.18,0.32293163190595364
ENSG00000224578.5,0.32292729617414656
ENSG00000234509.1,0.3228787984243089
ENSG00000102390.11,0.322875710408814
ENSG00000148834.13,0.3228477914961737
ENSG00000259408.2,0.3228395068087554
ENSG00000285737.1,0.32278678898671975
ENSG00000169826.8,0.32275444900508793
ENSG00000201492.1,0.32273983724768923
ENSG00000116199.12,0.32264665821233307
ENSG00000166266.14,0.32263407106287934
ENSG00000268222.1,0.3225850023035224
ENSG00000128581.17,0.3225695789834274
ENSG00000253328.2,0.32253227662282125
ENSG00000272807.1,0.3225145930601459
ENSG00000184677.18,0.3225140747453007
ENSG00000259523.1,0.3224868509873529
ENSG00000188365.3,0.3224862834867341
ENSG00000227544.10,0.3224265881994253
ENSG00000226245.1,0.3224155276924208
ENSG00000259456.4,0.322393155028325
ENSG00000185837.3,0.3223802712228052
ENSG00000165195.16,0.3223754176363318
ENSG00000044090.10,0.3223688580502601
ENSG00000158545.16,0.3223638875245705
ENSG00000254454.2,0.32234937557969734
ENSG00000004779.10,0.322335694035787
ENSG00000273247.5,0.3223200233898035
ENSG00000278224.7,0.3222328343320877
ENSG00000173418.12,0.3222014949303528
ENSG00000284605.1,0.3221490201069885
ENSG00000275963.1,0.3221438984266538
ENSG00000139675.12,0.3221046818441218
ENSG00000087157.19,0.3220990877009095
ENSG00000104964.15,0.3220972723424974
ENSG00000247556.6,0.3220659662678207
ENSG00000176422.14,0.3220054134770765
ENSG00000121067.19,0.3219979677052111
ENSG00000110200.8,0.32199773886776906
ENSG00000111450.14,0.3219903039010758
ENSG00000110911.16,0.3219495508155294
ENSG00000280387.1,0.32194769703752024
ENSG00000240571.1,0.32187401044287123
ENSG00000164808.17,0.3218097279847131
ENSG00000104695.13,0.3217968993947801
ENSG00000141499.17,0.32178236798613286
ENSG00000117448.14,0.3217603276261172
ENSG00000280378.1,0.3217597205275922
ENSG00000263826.1,0.321745993982595
ENSG00000160993.4,0.32169963265928914
ENSG00000117475.14,0.32168059891151435
ENSG00000262050.1,0.3216668755476688
ENSG00000155363.18,0.3216451861599254
ENSG00000132912.13,0.3216257162961204
ENSG00000118655.7,0.321573306886974
ENSG00000182858.14,0.3215623249091325
ENSG00000109320.13,0.321536388267435
ENSG00000270264.1,0.321532833580905
ENSG00000236773.1,0.3215144660612247
ENSG00000036549.13,0.32146002927555556
ENSG00000117906.14,0.3214520992054303
ENSG00000198556.14,0.3214461217191851
ENSG00000184857.8,0.3214183661882627
ENSG00000105171.10,0.3214119978868854
ENSG00000248896.3,0.3213989413081584
ENSG00000222345.1,0.32138120485391547
ENSG00000272631.1,0.3213607359950906
ENSG00000146729.10,0.32133329976712716
ENSG00000170340.11,0.3213139847230882
ENSG00000229759.1,0.3212930084621078
ENSG00000267065.2,0.32127468048616453
ENSG00000100028.12,0.3212157771379869
ENSG00000110060.9,0.321204048883687
ENSG00000261118.1,0.32118893445137225
ENSG00000141543.12,0.32114327583545627
ENSG00000160208.13,0.32112483015206195
ENSG00000213790.2,0.32112245618193136
ENSG00000198585.12,0.3211025527411394
ENSG00000014216.16,0.32107252845277123
ENSG00000248476.1,0.3210443411660534
ENSG00000101407.13,0.3210332476820832
ENSG00000234383.1,0.3210282638150214
ENSG00000168610.16,0.32096409909891255
ENSG00000138709.19,0.32089502502404216
ENSG00000157450.16,0.32088012929488885
ENSG00000270257.1,0.32085497305466243
ENSG00000100243.21,0.3208515355880097
ENSG00000234043.3,0.32082966186766176
ENSG00000173451.7,0.3207288961863608
ENSG00000078795.17,0.3207223549183401
ENSG00000274798.1,0.32071674023382507
ENSG00000134910.14,0.3207093060131768
ENSG00000006576.16,0.3207077199408677
ENSG00000239900.13,0.3207055155787868
ENSG00000198225.5,0.32069048627766594
ENSG00000163885.12,0.320674061718525
ENSG00000172795.17,0.32065103580918897
ENSG00000255062.1,0.32062669770638674
ENSG00000164054.15,0.3206137317956544
ENSG00000089289.16,0.3205948025606662
ENSG00000286975.1,0.3205764562117842
ENSG00000103047.8,0.3205702000819108
ENSG00000204084.13,0.320531582209533
ENSG00000249947.2,0.32052585353145663
ENSG00000103507.14,0.3205243531818129
ENSG00000223834.5,0.3205133975401664
ENSG00000224401.2,0.3205126292105691
ENSG00000232300.1,0.32047535181102926
ENSG00000188566.14,0.32042438058631934
ENSG00000223842.1,0.3203860415827935
ENSG00000270604.5,0.3203854576766378
ENSG00000243007.1,0.3203640137724301
ENSG00000164182.12,0.3202880066618433
ENSG00000104904.12,0.32025448788195054
ENSG00000231409.3,0.3202366151822456
ENSG00000102710.20,0.3201887950660812
ENSG00000270948.1,0.3201034285494198
ENSG00000213639.10,0.32009020760490137
ENSG00000110063.10,0.32008418006627654
ENSG00000259165.1,0.32007867833612513
ENSG00000236045.1,0.31997219390254655
ENSG00000241057.2,0.31991298266185364
ENSG00000197323.12,0.3198891804032645
ENSG00000149196.16,0.3198840050137831
ENSG00000106617.15,0.319841279707387
ENSG00000186575.19,0.31975112894371016
ENSG00000101290.14,0.3197503714654018
ENSG00000158941.16,0.3197387385661415
ENSG00000197045.13,0.3197252822784918
ENSG00000166192.15,0.3197102879214233
ENSG00000225213.2,0.31970013592982544
ENSG00000171150.9,0.31968415160080055
ENSG00000257591.6,0.31963691072588085
ENSG00000165209.19,0.3195779239630346
ENSG00000176472.10,0.3195289004734185
ENSG00000160953.16,0.3195266623168239
ENSG00000066926.12,0.3195245587418576
ENSG00000088812.18,0.3194827973002854
ENSG00000189042.13,0.31947411145053844
ENSG00000287193.1,0.3194257250886735
ENSG00000126858.18,0.319410290548313
ENSG00000176371.14,0.31940755383914965
ENSG00000164751.15,0.3193503115784561
ENSG00000223646.2,0.3192979349378628
ENSG00000226440.7,0.31929404628981534
ENSG00000091157.14,0.31927339931303483
ENSG00000254996.5,0.3192543698991617
ENSG00000099246.17,0.3192270083478045
ENSG00000159111.13,0.3191397641518087
ENSG00000225643.1,0.31912226549966755
ENSG00000170473.17,0.3190925035577202
ENSG00000271547.1,0.319069019686385
ENSG00000272604.1,0.3190149221852666
ENSG00000214222.2,0.31897817870556483
ENSG00000100591.8,0.3189728805869662
ENSG00000221949.6,0.31889367116616785
ENSG00000177830.18,0.3188373998765287
ENSG00000163029.16,0.3188269428615677
ENSG00000115170.15,0.31881204752117775
ENSG00000213533.13,0.31874709765265163
ENSG00000111850.11,0.31874549400645297
ENSG00000250878.3,0.3186946603947411
ENSG00000122432.18,0.31865846183982355
ENSG00000177917.11,0.3186488978604725
ENSG00000152457.18,0.3186211778231442
ENSG00000148335.15,0.3185780945265334
ENSG00000170043.12,0.3185504733403058
ENSG00000278505.5,0.3185460275430748
ENSG00000205903.7,0.3185379952840408
ENSG00000186300.12,0.3185355439707241
ENSG00000273763.2,0.31851106461180506
ENSG00000260628.5,0.3184995871853869
ENSG00000146872.18,0.3184295031420291
ENSG00000232901.1,0.3183836616375377
ENSG00000187676.8,0.31831677271686215
ENSG00000157911.11,0.31828986033595025
ENSG00000132581.10,0.3182588490863002
ENSG00000187049.10,0.3182524195486669
ENSG00000204370.13,0.3181973903306108
ENSG00000065613.15,0.31819605497789044
ENSG00000261064.1,0.3181902876898305
ENSG00000169359.16,0.3181440502742695
ENSG00000196505.11,0.31813039506659146
ENSG00000154518.10,0.31808865725878954
ENSG00000228818.1,0.3180811469908086
ENSG00000287780.1,0.3180683370816536
ENSG00000084070.12,0.31806536155207893
ENSG00000213523.10,0.3179379430874176
ENSG00000273432.1,0.3179062619791271
ENSG00000267711.1,0.3178673302843349
ENSG00000123374.11,0.3177818162653755
ENSG00000232648.4,0.31777850955486986
ENSG00000270808.1,0.31777453488649093
ENSG00000240143.1,0.31771698767946077
ENSG00000164597.15,0.31770103636562774
ENSG00000204227.5,0.31766660105011607
ENSG00000275198.1,0.3176487698196605
ENSG00000270062.1,0.31759089871187146
ENSG00000006607.14,0.31758782892653253
ENSG00000261461.1,0.3175724227767553
ENSG00000046647.13,0.31750527323271427
ENSG00000119383.20,0.3174544840028016
ENSG00000161533.12,0.3174487528725023
ENSG00000086827.9,0.3174230880371414
ENSG00000215347.4,0.31741040015196564
ENSG00000286485.1,0.317392151619264
ENSG00000287249.1,0.3173601216078396
ENSG00000261335.1,0.3173515660552469
ENSG00000167637.18,0.317346763815432
ENSG00000271976.1,0.31730629821691075
ENSG00000250432.5,0.3173058949304741
ENSG00000101574.15,0.317250159758994
ENSG00000245680.11,0.31717272544817376
ENSG00000238085.1,0.3171441994247071
ENSG00000229867.2,0.317098399435309
ENSG00000112365.5,0.31708583356015735
ENSG00000272043.1,0.317064337002092
ENSG00000146776.14,0.31704752894318305
ENSG00000275401.1,0.31701252146933157
ENSG00000287029.1,0.31700582331467164
ENSG00000273306.1,0.31695171815706014
ENSG00000227057.10,0.31692729314325946
ENSG00000083535.16,0.31691936063213094
ENSG00000100418.8,0.3169014595902435
ENSG00000148356.14,0.31682266573324636
ENSG00000084093.19,0.3167673640046057
ENSG00000286753.1,0.31674264839769173
ENSG00000089220.5,0.31671321538625324
ENSG00000228677.1,0.31663112299991136
ENSG00000131944.10,0.31662781159703157
ENSG00000178921.14,0.31658891211111756
ENSG00000050748.18,0.31654214140703285
ENSG00000163635.20,0.31651780496549736
ENSG00000033178.13,0.31648633800874193
ENSG00000138760.10,0.3164688219865053
ENSG00000184984.10,0.3163125043788015
ENSG00000158417.11,0.31626065007748877
ENSG00000149313.11,0.3162502142064831
ENSG00000247077.7,0.3162499293678446
ENSG00000232075.1,0.316229076228517
ENSG00000236710.1,0.31621570698496343
ENSG00000066557.6,0.3162133837675734
ENSG00000257122.5,0.31620719848122636
ENSG00000258454.1,0.31618703890959726
ENSG00000257488.5,0.3161865066011395
ENSG00000250896.1,0.31615735529896805
ENSG00000136888.8,0.31614005179728905
ENSG00000168906.13,0.31610783557485106
ENSG00000110917.8,0.31608611513023993
ENSG00000273568.1,0.316074068260547
ENSG00000285748.2,0.3160557882673274
ENSG00000279179.1,0.3160549526942986
ENSG00000229122.1,0.3159974399181989
ENSG00000241506.1,0.3159698528851666
ENSG00000171643.14,0.3159647455106244
ENSG00000074755.15,0.31591227411817
ENSG00000272432.1,0.31587718986756447
ENSG00000197951.10,0.3158592249630499
ENSG00000265749.6,0.31583439444418787
ENSG00000160917.15,0.31573427972156587
ENSG00000101152.11,0.3156590373579252
ENSG00000257851.2,0.31562688021617935
ENSG00000137055.15,0.3156165772695068
ENSG00000134375.11,0.3156148371373635
ENSG00000171467.16,0.31561179379550686
ENSG00000069275.13,0.3156091963900293
ENSG00000088682.14,0.31558202048925255
ENSG00000148985.20,0.31556702159094246
ENSG00000242060.1,0.315551640955898
ENSG00000143337.19,0.31553842812155214
ENSG00000062582.14,0.3155382427528353
ENSG00000117153.16,0.31552109544287016
ENSG00000181472.5,0.31550684644196164
ENSG00000213891.3,0.3155005184013641
ENSG00000028203.18,0.3154952862268395
ENSG00000107771.17,0.31545610059223544
ENSG00000277978.1,0.3154457412928542
ENSG00000286584.2,0.3154404475263747
ENSG00000178761.15,0.3154323493446543
ENSG00000156858.12,0.3154075024141804
ENSG00000235781.1,0.3153995786054813
ENSG00000092531.10,0.31539038601340696
ENSG00000196646.12,0.31537892899383047
ENSG00000006007.12,0.31536866880912506
ENSG00000273123.1,0.3153570389496906
ENSG00000169062.15,0.3153269921441319
ENSG00000112335.15,0.31528828265192727
ENSG00000137700.18,0.3152634701540917
ENSG00000107651.13,0.315249317247156
ENSG00000155666.12,0.31522677643465397
ENSG00000184047.20,0.31521769703959873
ENSG00000262115.1,0.31519193951922936
ENSG00000243243.5,0.3151904745615864
ENSG00000135387.21,0.315188119886413
ENSG00000266601.1,0.3151837297949369
ENSG00000281691.1,0.31516605349603555
ENSG00000267882.2,0.315097718150125
ENSG00000287920.1,0.31508639380156983
ENSG00000172269.19,0.315050842334992
ENSG00000153485.6,0.31504185141299484
ENSG00000254064.1,0.3150065828577294
ENSG00000166598.15,0.31500289903665596
ENSG00000224550.1,0.31498645277821125
ENSG00000143363.17,0.3149714953615318
ENSG00000145868.17,0.3148988398856588
ENSG00000148384.14,0.3148906193378827
ENSG00000072121.17,0.31487258961773007
ENSG00000197429.11,0.31486482695471396
ENSG00000202314.1,0.31486399559817285
ENSG00000257621.8,0.3148595898457417
ENSG00000144591.19,0.31484665876479495
ENSG00000258458.8,0.3148095793130783
ENSG00000236021.2,0.3148021703385515
ENSG00000228474.6,0.3147677074462002
ENSG00000271868.1,0.31476642667088645
ENSG00000177082.13,0.3147419788779265
ENSG00000269982.1,0.3147354552725393
ENSG00000166912.17,0.3146906526106726
ENSG00000137274.13,0.3146811312002727
ENSG00000185252.19,0.3146585220780447
ENSG00000126756.12,0.31464400705045786
ENSG00000243317.8,0.3145909515293462
ENSG00000115762.16,0.31459058653109745
ENSG00000214102.7,0.31457960717096417
ENSG00000232259.1,0.3145410192031663
ENSG00000178996.14,0.3145348662078727
ENSG00000231084.2,0.3145152893894204
ENSG00000258798.1,0.31450679616759464
ENSG00000175054.16,0.31450597201364994
ENSG00000184319.16,0.3144874958314079
ENSG00000142856.17,0.31446568633764865
ENSG00000280828.1,0.31445638203808596
ENSG00000288033.1,0.31445037799459
ENSG00000102312.23,0.31443105976492586
ENSG00000206754.1,0.31441345716497404
ENSG00000171206.15,0.31439679079949634
ENSG00000284726.1,0.314361953967966
ENSG00000048140.18,0.314355395275794
ENSG00000148308.18,0.31434274679943
ENSG00000118620.13,0.3142689930772346
ENSG00000156110.15,0.3142028706339421
ENSG00000101361.17,0.3141661696179424
ENSG00000132600.17,0.31411023365110946
ENSG00000226964.1,0.31409755267847755
ENSG00000284664.1,0.3140795871529193
ENSG00000074603.19,0.31407120962945406
ENSG00000223442.1,0.3140318275108016
ENSG00000115128.7,0.31402397213248223
ENSG00000243335.10,0.314001782046637
ENSG00000234031.1,0.3139832691481453
ENSG00000261766.1,0.31390645764721586
ENSG00000152484.14,0.3138753506856165
ENSG00000157800.18,0.31386125402327
ENSG00000136881.12,0.31385133706999246
ENSG00000159842.15,0.3138307371733037
ENSG00000177688.7,0.31381367612080263
ENSG00000263531.1,0.3138015871530817
ENSG00000231822.1,0.3137917018949096
ENSG00000180182.11,0.3137678736826153
ENSG00000232712.6,0.3137518989125734
ENSG00000123595.8,0.3137331614375165
ENSG00000185674.9,0.3137161508633916
ENSG00000185947.15,0.3137155330302469
ENSG00000164715.6,0.3137048704265638
ENSG00000245330.4,0.3136878618205591
ENSG00000165487.14,0.31365349494541334
ENSG00000279738.1,0.3136413430113863
ENSG00000158480.11,0.3136411021461025
ENSG00000266490.1,0.3136082452703379
ENSG00000137133.11,0.31359872420234397
ENSG00000196741.5,0.3135884031927708
ENSG00000124217.5,0.31357089830519536
ENSG00000217644.5,0.3135505999224172
ENSG00000217716.3,0.313544923772542
ENSG00000283761.1,0.3135289473043914
ENSG00000102870.6,0.3135280561364678
ENSG00000284735.1,0.3134856562080517
ENSG00000142892.15,0.31343008497228936
ENSG00000233254.1,0.3134038293947482
ENSG00000273183.1,0.31339061917916067
ENSG00000277662.1,0.313376974698159
ENSG00000256294.8,0.3133661680901975
ENSG00000131374.14,0.3133420025153884
ENSG00000226948.2,0.3133368367611726
ENSG00000279727.1,0.3132992365010375
ENSG00000229944.3,0.3132831932463797
ENSG00000273724.1,0.3132711824416026
ENSG00000083223.18,0.3131977367201456
ENSG00000172888.12,0.31316568035141
ENSG00000266907.1,0.3130899798823021
ENSG00000267152.1,0.31308655782482864
ENSG00000258940.2,0.31307943074138983
ENSG00000243663.1,0.3130788597184311
ENSG00000244005.13,0.31305274844457076
ENSG00000100106.22,0.31299674003871825
ENSG00000224356.5,0.3129607723390879
ENSG00000258539.1,0.3129054459786224
ENSG00000228794.10,0.3128967449373589
ENSG00000188811.14,0.31289267340501237
ENSG00000236104.3,0.3128677122871031
ENSG00000158773.14,0.31283985164381056
ENSG00000234743.1,0.31283209658733013
ENSG00000215154.6,0.312795322089006
ENSG00000065526.12,0.31271824184831826
ENSG00000286248.1,0.3127107545857459
ENSG00000171202.7,0.31268181956020863
ENSG00000085872.15,0.31263385256472387
ENSG00000285569.2,0.31258100884509754
ENSG00000274515.1,0.3125644555705935
ENSG00000010322.16,0.3125453839990949
ENSG00000141564.15,0.3125325638007885
ENSG00000260369.2,0.3125183665859474
ENSG00000205583.13,0.31251012666948347
ENSG00000100319.13,0.3124835001707835
ENSG00000100124.15,0.31247783029656434
ENSG00000033627.17,0.31247607671230215
ENSG00000177426.22,0.3124545164027797
ENSG00000260060.1,0.3124541795052615
ENSG00000242220.9,0.31242845041058737
ENSG00000159131.17,0.3124067230310972
ENSG00000153561.13,0.31238045657954666
ENSG00000116863.11,0.3123787690496024
ENSG00000214439.4,0.31236164267703465
ENSG00000170448.12,0.31233849271996916
ENSG00000138463.9,0.31231983150422327
ENSG00000167721.11,0.31225475366141187
ENSG00000223361.5,0.3122366563858057
ENSG00000272576.1,0.31221866394438313
ENSG00000226107.1,0.31221334926725897
ENSG00000228629.2,0.3121806464971633
ENSG00000146085.8,0.3121412759799783
ENSG00000265806.1,0.3121238748408391
ENSG00000186787.9,0.31203502406379463
ENSG00000227879.2,0.3119985783331025
ENSG00000285851.1,0.3119726966677792
ENSG00000181523.13,0.31196928363805854
ENSG00000060069.17,0.31196518401986373
ENSG00000198909.8,0.31194246340374965
ENSG00000236963.7,0.311932411913815
ENSG00000260647.1,0.31193152703004573
ENSG00000170315.14,0.3119078896241548
ENSG00000248936.1,0.3118900487757635
ENSG00000258520.1,0.31183452275358575
ENSG00000177855.8,0.3118145682564629
ENSG00000196449.4,0.31179996748250416
ENSG00000237737.6,0.3117611215232072
ENSG00000156928.5,0.3117426089249377
ENSG00000162714.12,0.3117133047400664
ENSG00000229237.2,0.31170917195811937
ENSG00000253983.3,0.3116777915386996
ENSG00000100532.12,0.3116714292773365
ENSG00000131871.15,0.31166037146603853
ENSG00000174437.17,0.31164618345510026
ENSG00000198843.13,0.31164472885230887
ENSG00000255445.1,0.31163564693731083
ENSG00000250568.1,0.3116082191723485
ENSG00000242553.1,0.31158529883954234
ENSG00000282206.1,0.31155909558256484
ENSG00000005893.16,0.31154186527745553
ENSG00000116288.13,0.31151615877922034
ENSG00000107175.12,0.3115057305616355
ENSG00000107959.17,0.3114988417629441
ENSG00000213590.2,0.31148719048588497
ENSG00000217094.2,0.3114460691869862
ENSG00000166272.18,0.31143107249118707
ENSG00000189014.7,0.31136443700571115
ENSG00000267546.2,0.31135450894328764
ENSG00000273687.1,0.3113342852120519
ENSG00000287665.1,0.31133167851653565
ENSG00000260290.2,0.31132736775739117
ENSG00000230896.1,0.31127848178189516
ENSG00000171448.9,0.31123025472719323
ENSG00000088832.18,0.31119843865680363
ENSG00000279845.1,0.3111879360670259
ENSG00000279148.1,0.3111680300996344
ENSG00000152601.17,0.3111333332413005
ENSG00000180479.14,0.31107326884856956
ENSG00000285018.1,0.31106933603570724
ENSG00000261067.7,0.3110511102871197
ENSG00000175691.9,0.3110122909729978
ENSG00000173786.17,0.31100115569073156
ENSG00000186908.14,0.310947280874121
ENSG00000273523.1,0.3109113978334123
ENSG00000231434.1,0.3109049960533814
ENSG00000260608.1,0.31090160473923717
ENSG00000248544.2,0.31086688040400107
ENSG00000187650.4,0.31085131630230595
ENSG00000005302.19,0.3108462946885712
ENSG00000235908.1,0.310821624938817
ENSG00000122515.15,0.3107908941256839
ENSG00000248863.2,0.31070710374651117
ENSG00000230679.1,0.3106992176507353
ENSG00000234969.1,0.3106889999760332
ENSG00000165264.11,0.3106583718314753
ENSG00000158195.11,0.31062679446442376
ENSG00000229503.1,0.31059266285101833
ENSG00000271452.1,0.31058912339827277
ENSG00000134248.14,0.31056780510583554
ENSG00000254887.1,0.31054506233186396
ENSG00000100632.11,0.3105051091101697
ENSG00000106028.11,0.31050315024359487
ENSG00000134014.17,0.3105020907976402
ENSG00000275413.1,0.31047853443875784
ENSG00000235488.1,0.31044623799619997
ENSG00000173726.11,0.31042673047290487
ENSG00000214016.3,0.31042625436704446
ENSG00000167635.12,0.31042076421522474
ENSG00000266445.1,0.3104158799606191
ENSG00000149136.9,0.3103181818787156
ENSG00000233246.1,0.3103115338184317
ENSG00000271532.1,0.3103072361186766
ENSG00000281530.1,0.3102956781117163
ENSG00000087502.18,0.3102817941394241
ENSG00000165898.14,0.31019709137414575
ENSG00000171097.14,0.31012636534925214
ENSG00000037241.7,0.3101195276578875
ENSG00000215326.3,0.3100242582906298
ENSG00000122705.17,0.31002101032514573
ENSG00000104388.15,0.31000334965563847
ENSG00000005194.15,0.3099784988497752
ENSG00000276968.1,0.30992840716835185
ENSG00000182518.13,0.3099077037035547
ENSG00000273176.1,0.3098715193086863
ENSG00000187534.6,0.30981979243609237
ENSG00000278993.1,0.30978613562017926
ENSG00000002016.18,0.3097712086923997
ENSG00000078403.17,0.3097204036116641
ENSG00000142252.11,0.30970762090788057
ENSG00000262228.2,0.3096918593418887
ENSG00000095574.12,0.3096045301843967
ENSG00000063761.16,0.3095776140457688
ENSG00000155744.9,0.3095672357452246
ENSG00000260388.2,0.30953974380709115
ENSG00000121058.5,0.30951188586613987
ENSG00000163527.10,0.30950092509080385
ENSG00000282100.1,0.3094789659280341
ENSG00000185515.15,0.3094773366099761
ENSG00000110651.12,0.3094478509650003
ENSG00000169519.21,0.3094475545969522
ENSG00000140367.12,0.3094080353270304
ENSG00000238103.4,0.30940027305622436
ENSG00000215174.2,0.3093837118438101
ENSG00000101665.9,0.3093754999335017
ENSG00000159256.13,0.3093708173650741
ENSG00000124226.11,0.3093530091867551
ENSG00000123411.15,0.3093469509974856
ENSG00000102805.16,0.30934298683125083
ENSG00000279080.1,0.30932218944223555
ENSG00000110066.15,0.309283120035121
ENSG00000153815.16,0.30926543744492124
ENSG00000171530.15,0.30908528041346817
ENSG00000101972.19,0.30908503624497596
ENSG00000230291.5,0.30906956604041425
ENSG00000124357.13,0.30903802379953815
ENSG00000223695.1,0.30900785242065576
ENSG00000168159.14,0.3089802673104165
ENSG00000177369.9,0.3089750368804679
ENSG00000171681.12,0.30896240194603664
ENSG00000055147.19,0.308935963824358
ENSG00000169018.6,0.3088917311120922
ENSG00000103510.20,0.3088867704327919
ENSG00000028528.15,0.3088303474400693
ENSG00000168495.13,0.3087833787685886
ENSG00000150477.15,0.30876420269883453
ENSG00000129007.14,0.3087638493786244
ENSG00000161542.17,0.3086917235800215
ENSG00000256849.1,0.3086706817104815
ENSG00000259732.1,0.3086688835505926
ENSG00000161558.11,0.30864319430138293
ENSG00000186118.9,0.3086096340043964
ENSG00000256591.5,0.3085926635167237
ENSG00000200170.1,0.30858102732155057
ENSG00000175182.15,0.3085634066553498
ENSG00000188786.10,0.3085614154864649
ENSG00000262692.1,0.30855600840214303
ENSG00000135316.19,0.3085270177398864
ENSG00000086061.16,0.30847571479360003
ENSG00000286193.2,0.3084613584938008
ENSG00000112679.14,0.3084248364989834
ENSG00000163848.20,0.30842474435048634
ENSG00000008869.12,0.30842343958200596
ENSG00000270000.1,0.3083260335979135
ENSG00000013275.8,0.30831312301149416
ENSG00000286244.1,0.3083073858774806
ENSG00000103415.12,0.30830305851021644
ENSG00000175166.17,0.3082192072894356
ENSG00000234664.1,0.3082129447615799
ENSG00000143436.11,0.30821034253860013
ENSG00000225137.1,0.3082031744142961
ENSG00000086758.16,0.30816359757424255
ENSG00000112941.14,0.30811482583148203
ENSG00000286319.1,0.3081094986220894
ENSG00000260032.2,0.3080989278497741
ENSG00000113558.19,0.3080947265373746
ENSG00000249673.7,0.3080908434330879
ENSG00000237749.4,0.30808609951063165
ENSG00000135457.10,0.30801849828971706
ENSG00000269952.1,0.3079586037589423
ENSG00000227678.8,0.3079341009279544
ENSG00000134056.12,0.3079020601515424
ENSG00000079999.14,0.30784894373301663
ENSG00000039123.16,0.307832522960152
ENSG00000122512.16,0.30781997742968853
ENSG00000101019.22,0.3077446132000115
ENSG00000234513.1,0.3077277616411272
ENSG00000186020.13,0.30771359800481274
ENSG00000267197.1,0.30768478981304087
ENSG00000128951.14,0.3076462666412812
ENSG00000123415.15,0.30762009807565854
ENSG00000181481.14,0.3075919232912694
ENSG00000267264.1,0.30758692014886957
ENSG00000253506.3,0.30754224114266443
ENSG00000150316.12,0.3075084447889744
ENSG00000273680.1,0.3074627297951004
ENSG00000270638.1,0.3074574784286772
ENSG00000203435.2,0.3074543544835667
ENSG00000165714.11,0.30745114025762904
ENSG00000278206.1,0.3074346341010164
ENSG00000125991.20,0.3074307984102986
ENSG00000259792.1,0.30738868193315066
ENSG00000168710.18,0.3073631035557383
ENSG00000163660.12,0.3073558515048323
ENSG00000235651.1,0.30734573736847137
ENSG00000051382.9,0.3073322123848988
ENSG00000253719.4,0.30732006236322273
ENSG00000142002.17,0.30731731292897424
ENSG00000235734.4,0.30731352554389413
ENSG00000136731.13,0.3072816503927971
ENSG00000089902.10,0.3072590185370719
ENSG00000234636.2,0.3072318578728002
ENSG00000126870.16,0.3072087238027945
ENSG00000092067.6,0.30716728716983616
ENSG00000234268.1,0.30714302181482966
ENSG00000168890.14,0.3070951225094449
ENSG00000055950.16,0.3070875101999335
ENSG00000270039.1,0.30706697027152924
ENSG00000273711.2,0.30696219985794193
ENSG00000036257.13,0.30690262281490416
ENSG00000268066.5,0.3068814084941704
ENSG00000278338.4,0.3068504153646046
ENSG00000264769.1,0.3068442841526364
ENSG00000046651.15,0.306817530859407
ENSG00000206913.1,0.3067830051888532
ENSG00000243554.1,0.30673648789498675
ENSG00000050130.18,0.30671724876944745
ENSG00000268678.1,0.30671017396436806
ENSG00000278075.1,0.3067003666385505
ENSG00000166664.14,0.30666667901697386
ENSG00000233325.3,0.3066455446299339
ENSG00000226803.9,0.3066017450413847
ENSG00000126003.7,0.30659955666410077
ENSG00000214432.9,0.3065818029934259
ENSG00000236514.1,0.3065036440884437
ENSG00000179119.15,0.3064904178742245
ENSG00000120265.18,0.3064693930254824
ENSG00000170310.15,0.3064664464896603
ENSG00000271555.1,0.30642013373318555
ENSG00000151881.15,0.30639805396301983
ENSG00000250474.2,0.3063892168754089
ENSG00000116668.13,0.306373705689404
ENSG00000143442.22,0.30636647575007814
ENSG00000280010.1,0.30633645897663986
ENSG00000111880.16,0.30633062800118593
ENSG00000105988.6,0.30632823609108867
ENSG00000140521.17,0.3063041183013307
ENSG00000100038.20,0.30629879053489373
ENSG00000134900.12,0.3062817783163424
ENSG00000105176.18,0.3062665650152225
ENSG00000151233.11,0.30623103781275496
ENSG00000120697.9,0.3062162809085789
ENSG00000163516.14,0.3062101813800902
ENSG00000250274.2,0.3061388681845598
ENSG00000104880.18,0.30613581372112586
ENSG00000260037.5,0.30603658232596637
ENSG00000230289.1,0.3060300152410644
ENSG00000178440.7,0.3060065677493057
ENSG00000251175.5,0.30590881072331255
ENSG00000189149.12,0.30587985611821694
ENSG00000185220.12,0.3058777324947193
ENSG00000272173.1,0.3058249580118532
ENSG00000236953.1,0.30576466788332807
ENSG00000005238.20,0.30576244071758096
ENSG00000198464.14,0.30576081814464395
ENSG00000286401.1,0.3057247253497937
ENSG00000176444.19,0.30569768216888216
ENSG00000196262.15,0.3056801375451042
ENSG00000186716.21,0.30566121172262484
ENSG00000184887.13,0.305634321480169
ENSG00000072401.15,0.3056268291917891
ENSG00000226327.3,0.3056196601973089
ENSG00000143373.18,0.30547959054664575
ENSG00000247853.2,0.3054653824691616
ENSG00000242697.2,0.3054471093166931
ENSG00000101624.11,0.3054271958942463
ENSG00000265399.1,0.3054233609957743
ENSG00000125753.14,0.30539661357031517
ENSG00000219626.9,0.30539476096471585
ENSG00000144711.16,0.30538394601435753
ENSG00000108958.4,0.3052659955218659
ENSG00000287264.1,0.30525848831506824
ENSG00000219023.1,0.3052498806156075
ENSG00000123575.9,0.3052397603869641
ENSG00000121410.12,0.305156800862013
ENSG00000236562.4,0.30514340546109087
ENSG00000135336.15,0.30514138844574973
ENSG00000243660.11,0.3051390022389456
ENSG00000257524.6,0.30509670797655075
ENSG00000251229.1,0.30509331724553534
ENSG00000232186.1,0.30508646295244135
ENSG00000116138.13,0.30507266515579773
ENSG00000132612.16,0.3050589917382176
ENSG00000255670.1,0.3050405103303118
ENSG00000130227.17,0.30503755086892265
ENSG00000100348.10,0.30501936315512884
ENSG00000247151.7,0.30501355543566283
ENSG00000207523.1,0.3049930639003449
ENSG00000237461.2,0.3049866738348866
ENSG00000137075.18,0.3049686256496306
ENSG00000259915.2,0.30494909279531024
ENSG00000106615.10,0.3049465934454194
ENSG00000229473.2,0.30489546528907124
ENSG00000267648.1,0.3048733094478094
ENSG00000164168.8,0.3048711087996844
ENSG00000239719.1,0.304826153589156
ENSG00000100764.14,0.30476737144213606
ENSG00000261204.1,0.3046758753738963
ENSG00000179409.11,0.3046697359547541
ENSG00000267249.1,0.30466595211909364
ENSG00000213763.4,0.30464126483548976
ENSG00000271815.1,0.30462631463861023
ENSG00000082458.12,0.3045773822617684
ENSG00000052749.14,0.3045591660440918
ENSG00000270361.1,0.3044872321396841
ENSG00000286430.1,0.30445681377090356
ENSG00000111667.14,0.30442749379379325
ENSG00000184616.9,0.3044215412155816
ENSG00000178952.11,0.3044140801514158
ENSG00000276840.1,0.3044020315972558
ENSG00000158234.12,0.3043997623951571
ENSG00000280087.1,0.3043857367204569
ENSG00000153936.17,0.30427182118312796
ENSG00000151131.11,0.3042682736147061
ENSG00000261916.1,0.30419739874187873
ENSG00000242445.1,0.3041430556123605
ENSG00000181666.18,0.304130509610442
ENSG00000229780.1,0.3041217370079335
ENSG00000201988.2,0.3041156921685108
ENSG00000111676.15,0.30408524879295046
ENSG00000162734.13,0.30407020441958077
ENSG00000130311.11,0.3040495981474743
ENSG00000225159.1,0.3039726951179174
ENSG00000110925.7,0.30394136008689765
ENSG00000280184.2,0.3039249823284485
ENSG00000164111.15,0.3039030154836363
ENSG00000100490.9,0.3038693495236397
ENSG00000126653.18,0.30383292451321053
ENSG00000175354.20,0.30378697949608585
ENSG00000070950.10,0.3037598953435514
ENSG00000239040.1,0.30372798332219914
ENSG00000233330.1,0.303706874242671
ENSG00000100403.12,0.30368790154270864
ENSG00000127054.21,0.3036878739633662
ENSG00000247572.8,0.3036809820901722
ENSG00000105229.7,0.30366216816090197
ENSG00000138796.17,0.30365073781086654
ENSG00000113638.14,0.3036446133313889
ENSG00000234589.4,0.303642782485298
ENSG00000108669.16,0.3036298359238493
ENSG00000223522.2,0.30361971599337667
ENSG00000233799.1,0.30355331118062884
ENSG00000276234.5,0.30352281531390346
ENSG00000198730.9,0.3035062180285553
ENSG00000101544.9,0.3034879578853894
ENSG00000121579.13,0.30348588074659233
ENSG00000105402.8,0.3034854316988388
ENSG00000230366.9,0.30347462282836285
ENSG00000265342.1,0.30347035231084346
ENSG00000254288.1,0.3034516309169404
ENSG00000254685.6,0.30335614683937334
ENSG00000103502.14,0.3033329779624659
ENSG00000171135.15,0.3033228523661991
ENSG00000266933.2,0.30327964716095374
ENSG00000196937.11,0.3032790024856751
ENSG00000132330.18,0.30325081897406225
ENSG00000236753.7,0.30322568285074314
ENSG00000197056.11,0.30321805255424344
ENSG00000188785.12,0.3031814238392431
ENSG00000231940.1,0.303171176175526
ENSG00000258824.2,0.3031363671933352
ENSG00000106355.10,0.3031063347754291
ENSG00000182827.9,0.30307118145044193
ENSG00000286168.2,0.3029809122206165
ENSG00000154719.14,0.3029674007961322
ENSG00000186666.6,0.30295039242631006
ENSG00000259705.1,0.30294389491550344
ENSG00000249465.1,0.3029005977114643
ENSG00000263393.1,0.3028793074772476
ENSG00000240591.2,0.3028549368474336
ENSG00000213593.10,0.30285366874539577
ENSG00000197050.11,0.3027944428771533
ENSG00000075151.21,0.30279011770619435
ENSG00000219410.6,0.3027540865842218
ENSG00000248256.1,0.3027397087068677
ENSG00000286652.1,0.3027320687442405
ENSG00000189180.16,0.3026504454562658
ENSG00000156097.12,0.30263118784044524
ENSG00000237765.8,0.3026262659688721
ENSG00000164010.15,0.3026244149705309
ENSG00000100330.16,0.3025823374514052
ENSG00000273133.1,0.3025779562835367
ENSG00000147416.11,0.30255880544709807
ENSG00000254004.7,0.3025438898754224
ENSG00000242858.1,0.30252790542801417
ENSG00000256006.1,0.302515459042329
ENSG00000167977.9,0.30247600291448345
ENSG00000139668.9,0.3024699412031842
ENSG00000164306.11,0.3024698570410894
ENSG00000273951.1,0.3024667001978557
ENSG00000254631.5,0.30246209186059164
ENSG00000143258.16,0.30244965609262486
ENSG00000130699.18,0.30244191389867103
ENSG00000283103.3,0.30241840250136043
ENSG00000170515.14,0.3024003443486185
ENSG00000101473.17,0.3023855057718129
ENSG00000115274.15,0.30236325432715105
ENSG00000116171.19,0.3023510825998114
ENSG00000260541.1,0.30226667320528944
ENSG00000183785.15,0.302226307743971
ENSG00000143742.14,0.3021157160328065
ENSG00000147419.19,0.3021113039035267
ENSG00000159267.15,0.3020889499464615
ENSG00000088035.18,0.30208435704295844
ENSG00000033011.13,0.30205492814212653
ENSG00000204427.12,0.3020496364116295
ENSG00000235084.3,0.30197515712464484
ENSG00000168434.13,0.30193797316730936
ENSG00000099910.17,0.3019220711273225
ENSG00000179051.14,0.30192166181474156
ENSG00000034693.15,0.3019072367628879
ENSG00000137478.15,0.3018911262938198
ENSG00000132394.11,0.30184478219420174
ENSG00000144320.14,0.3018016259794822
ENSG00000226085.3,0.3017922690709373
ENSG00000073050.12,0.30179093748640523
ENSG00000231503.4,0.30177695063943083
ENSG00000276523.1,0.3017352627430428
ENSG00000108774.15,0.3016958369639986
ENSG00000127666.10,0.30168492361638194
ENSG00000274105.1,0.3016392560440559
ENSG00000235605.1,0.3016390283172407
ENSG00000168118.12,0.3016349332508911
ENSG00000287454.1,0.30163483135671265
ENSG00000134371.14,0.30160160060677194
ENSG00000228053.1,0.30156240888280694
ENSG00000250687.6,0.30151098319096215
ENSG00000251485.1,0.3014822258745402
ENSG00000009844.16,0.30147835806673773
ENSG00000169019.11,0.3014572355158491
ENSG00000181704.12,0.3014347844939084
ENSG00000112697.17,0.30142458366158514
ENSG00000251593.1,0.30141155209255643
ENSG00000224072.1,0.3013987658958723
ENSG00000237748.1,0.3013788468385405
ENSG00000274259.2,0.30136395984476205
ENSG00000006712.15,0.30132635198798685
ENSG00000287387.1,0.3013009709649913
ENSG00000088808.18,0.30126676481861675
ENSG00000115241.11,0.3012237218227924
ENSG00000287917.1,0.3011742733496734
ENSG00000143183.18,0.30111718084552475
ENSG00000167770.11,0.3010903884172867
ENSG00000166340.17,0.30107740145557754
ENSG00000204611.7,0.3010332017948421
ENSG00000100485.12,0.3010054733373232
ENSG00000134444.15,0.3008947730934232
ENSG00000287166.1,0.30088553303141213
ENSG00000185379.20,0.30086171554150254
ENSG00000179115.11,0.3008495473303728
ENSG00000207186.1,0.3008317992691277
ENSG00000188342.12,0.3008174537855414
ENSG00000276593.1,0.3007936602534782
ENSG00000188375.5,0.30073854490891
ENSG00000081087.15,0.30073388740507084
ENSG00000164221.13,0.3006932527490591
ENSG00000196236.13,0.30064257909735737
ENSG00000273308.1,0.3006307024329171
ENSG00000285646.2,0.3006196811111169
ENSG00000102786.15,0.3006063086904117
ENSG00000020426.11,0.300602482873822
ENSG00000066654.14,0.3006008921510638
ENSG00000225931.3,0.3005690028511464
ENSG00000285677.2,0.30055077565350774
ENSG00000228409.6,0.30053542079721196
ENSG00000125977.7,0.30051209294591996
ENSG00000103160.12,0.3004886031368211
ENSG00000214300.7,0.3004600307827926
ENSG00000128731.18,0.3004127715667974
ENSG00000147853.17,0.30038224428192634
ENSG00000173456.5,0.30030560085310193
ENSG00000236698.1,0.3003020508195546
ENSG00000265321.1,0.30029037903477884
ENSG00000117395.13,0.3002746185846201
ENSG00000110046.13,0.3002005315015173
ENSG00000280062.1,0.30015070656123644
ENSG00000278017.1,0.30014720189875804
ENSG00000229591.1,0.2999995882322584
ENSG00000227495.1,0.2999305511900626
ENSG00000120451.11,0.29991756368116484
ENSG00000214243.3,0.2998679684481565
ENSG00000065802.12,0.299812657157579
ENSG00000170502.13,0.2998094335030202
ENSG00000129214.15,0.29976976958261187
ENSG00000229587.2,0.2997553971988104
ENSG00000183155.5,0.2997300434631456
ENSG00000227527.2,0.2996805682408195
ENSG00000122359.18,0.2996590294360238
ENSG00000229388.1,0.2996445679369513
ENSG00000138095.19,0.2996363922151951
ENSG00000166398.14,0.2996151118248753
ENSG00000163961.4,0.2996064719264596
ENSG00000241886.1,0.2995936392284896
ENSG00000143398.20,0.29957766933008156
ENSG00000151461.20,0.2995018402928323
ENSG00000169764.16,0.2994792020468538
ENSG00000240395.1,0.29939693375606774
ENSG00000286234.1,0.29938881776980864
ENSG00000124181.14,0.29936854154313497
ENSG00000152291.14,0.29935315998289147
ENSG00000244513.7,0.2993493684312987
ENSG00000142453.12,0.2992913266734779
ENSG00000124659.7,0.29926903265668103
ENSG00000219133.2,0.2992595010808776
ENSG00000108528.14,0.29924325036775506
ENSG00000205060.11,0.2991881430917015
ENSG00000086598.11,0.29917640632002024
ENSG00000261794.1,0.2991683821861009
ENSG00000106336.13,0.2991526326883778
ENSG00000262777.1,0.2991347406077444
ENSG00000286000.1,0.2991312018274989
ENSG00000213516.10,0.29910681538804074
ENSG00000250222.2,0.29909860331533805
ENSG00000069345.12,0.2990781717275853
ENSG00000213619.11,0.2990526704692566
ENSG00000148358.20,0.29901624856444675
ENSG00000120699.13,0.29901234705395796
ENSG00000197451.12,0.2989885549556692
ENSG00000123064.13,0.29895526252358273
ENSG00000260281.6,0.2989181567323568
ENSG00000171603.18,0.29888277818807957
ENSG00000259712.1,0.29884912824109106
ENSG00000125834.13,0.29883185967825543
ENSG00000109111.15,0.29882012664307767
ENSG00000233270.1,0.2987754386269591
ENSG00000237972.1,0.29876305993999336
ENSG00000058272.19,0.29875323413020344
ENSG00000041357.16,0.2987281725468458
ENSG00000086189.10,0.2987255765437043
ENSG00000282393.1,0.2986951639598331
ENSG00000269019.2,0.29869004997711085
ENSG00000100280.16,0.29863649492779365
ENSG00000268764.1,0.29862377838823295
ENSG00000048991.16,0.2985801646878848
ENSG00000143322.21,0.29854211634681854
ENSG00000268533.1,0.2985145625695795
ENSG00000135597.19,0.2984985167268984
ENSG00000103591.13,0.2984944639094208
ENSG00000170365.10,0.29844728711539076
ENSG00000231851.6,0.29844614383360013
ENSG00000105849.6,0.29842039089161965
ENSG00000132694.19,0.29822929973547657
ENSG00000104299.15,0.2982219341277667
ENSG00000120008.16,0.2982185152428587
ENSG00000170631.15,0.29814975118530873
ENSG00000230319.1,0.2981265003800787
ENSG00000126773.13,0.29809526519862556
ENSG00000166685.12,0.2980805067168005
ENSG00000137955.16,0.29805765618456836
ENSG00000178338.11,0.2980538076661697
ENSG00000134698.11,0.2980474469189877
ENSG00000180834.8,0.2980268962875914
ENSG00000284879.1,0.298021013890133
ENSG00000043093.15,0.29801160531030413
ENSG00000171503.12,0.29800404405204783
ENSG00000172732.12,0.2979722773420538
ENSG00000182952.5,0.297951364106297
ENSG00000198399.15,0.2979370124112068
ENSG00000156253.7,0.29792404584823634
ENSG00000102100.16,0.29789306884658784
ENSG00000083750.13,0.2978571391998094
ENSG00000261442.1,0.29779970286249635
ENSG00000144589.22,0.2977853551843246
ENSG00000255883.1,0.297763914694649
ENSG00000100442.11,0.2977274230328174
ENSG00000148832.16,0.2977208225547078
ENSG00000167005.14,0.2977192527164673
ENSG00000148296.7,0.2977134020424694
ENSG00000254694.1,0.2977091258205671
ENSG00000228779.1,0.2977004440593825
ENSG00000170364.12,0.29769742150438117
ENSG00000269335.6,0.29768378069620194
ENSG00000258734.2,0.29765148907472627
ENSG00000139218.18,0.297649809122939
ENSG00000259677.1,0.29763395837885365
ENSG00000237200.1,0.2975999496130179
ENSG00000247970.2,0.29757729146854917
ENSG00000258568.1,0.2975586932339194
ENSG00000279653.1,0.297554053992526
ENSG00000166037.11,0.29755299384976436
ENSG00000273369.1,0.2975142316422708
ENSG00000121988.18,0.29750060742584267
ENSG00000129315.11,0.2974935954307036
ENSG00000137802.14,0.2974709514664641
ENSG00000063169.11,0.2974363339657936
ENSG00000273507.5,0.2974284467690668
ENSG00000000419.13,0.2974123586193337
ENSG00000154957.14,0.2973855933136797
ENSG00000280129.1,0.29737531089993374
ENSG00000101654.18,0.2973695777078368
ENSG00000223849.1,0.29734914445862337
ENSG00000235298.1,0.297308423730341
ENSG00000160075.12,0.29728637887479714
ENSG00000249996.1,0.29726817100511743
ENSG00000178913.8,0.2972637292967417
ENSG00000223861.1,0.297247477475135
ENSG00000146842.17,0.29721510670368895
ENSG00000116209.12,0.2971986283031625
ENSG00000069943.10,0.29718744175859463
ENSG00000113732.9,0.297175052070632
ENSG00000257576.1,0.2971745001735087
ENSG00000221838.10,0.29716070516506
ENSG00000111445.14,0.297142450143907
ENSG00000113300.13,0.29713871901755423
ENSG00000213780.11,0.29713422049600413
ENSG00000212493.1,0.29712623394012455
ENSG00000151553.15,0.29711470687471164
ENSG00000110075.15,0.2971139603953038
ENSG00000277144.1,0.2970567841385392
ENSG00000198130.16,0.2970534105143374
ENSG00000235105.1,0.29699362226978626
ENSG00000173011.12,0.29697396270151505
ENSG00000100138.15,0.2969347808021495
ENSG00000116793.16,0.29693249490725987
ENSG00000273521.1,0.2969291396964556
ENSG00000162813.18,0.2969202017280391
ENSG00000120509.11,0.2969056908933164
ENSG00000214846.4,0.2969020681370346
ENSG00000120159.13,0.29689896076540634
ENSG00000025156.13,0.29689043470943866
ENSG00000276250.1,0.29681697825117986
ENSG00000203286.5,0.2967788888232899
ENSG00000140932.10,0.29676608658800724
ENSG00000163612.10,0.2967538463989765
ENSG00000241563.4,0.2966540269150294
ENSG00000258317.1,0.2966517670277892
ENSG00000225484.7,0.29664687899699643
ENSG00000070770.10,0.296639851651042
ENSG00000236337.1,0.2966262466583881
ENSG00000174106.3,0.2966135792324842
ENSG00000242198.1,0.2965662397753542
ENSG00000139974.16,0.296563371266835
ENSG00000120742.11,0.2965520332893098
ENSG00000159882.13,0.29650080134125273
ENSG00000213851.3,0.2964763966398134
ENSG00000230358.4,0.29645267665887576
ENSG00000129197.14,0.2964216677076298
ENSG00000237371.1,0.2964105827724687
ENSG00000204929.13,0.2963750277908324
ENSG00000110536.14,0.296303706544115
ENSG00000008324.12,0.2962925367943879
ENSG00000259556.2,0.29628767405796347
ENSG00000238390.1,0.2962145950487854
ENSG00000271734.1,0.2962017286295382
ENSG00000223711.1,0.2961774605788493
ENSG00000100271.17,0.29616494323941167
ENSG00000135973.3,0.2961502604343073
ENSG00000251988.1,0.2961288773326152
ENSG00000249035.7,0.296126673470168
ENSG00000248636.7,0.29609306494174725
ENSG00000118217.6,0.29604609744110655
ENSG00000231125.2,0.2960148391754242
ENSG00000043514.17,0.2959777879955498
ENSG00000156171.15,0.29597081312494833
ENSG00000136100.14,0.2959576819508148
ENSG00000223416.3,0.29595570655699066
ENSG00000254470.3,0.2959446640290147
ENSG00000067533.6,0.29594255343551046
ENSG00000197841.15,0.29590970247649095
ENSG00000273345.5,0.2959087196655324
ENSG00000200502.1,0.2959037713424829
ENSG00000117859.19,0.2958893870649866
ENSG00000064995.18,0.2958042612265746
ENSG00000161526.15,0.2957869157934345
ENSG00000103550.14,0.2957841700015838
ENSG00000273181.1,0.29577864398555354
ENSG00000222108.1,0.29577149954526016
ENSG00000227848.1,0.29574243533254574
ENSG00000240036.4,0.2957310947963405
ENSG00000152944.9,0.2957289198421465
ENSG00000081177.18,0.2957245723305874
ENSG00000120798.17,0.29568608668772567
ENSG00000272274.2,0.29561953665299456
ENSG00000259494.2,0.295575048463334
ENSG00000235319.1,0.295551595882571
ENSG00000157045.9,0.29554430405505594
ENSG00000176871.9,0.29552310081991506
ENSG00000139291.14,0.29544833946497917
ENSG00000272564.1,0.29542463571074995
ENSG00000080819.9,0.29539338408044796
ENSG00000162600.12,0.2953367043022927
ENSG00000247708.8,0.29532931855787764
ENSG00000187815.10,0.2953189521851655
ENSG00000164346.10,0.295298429839639
ENSG00000258526.7,0.2952847412486957
ENSG00000157933.10,0.2952503231103557
ENSG00000070761.8,0.29522390208635735
ENSG00000105325.15,0.2952143129170364
ENSG00000159346.13,0.29520997968363966
ENSG00000223496.3,0.29518380236306035
ENSG00000180189.10,0.29516577395183197
ENSG00000156709.15,0.29510994566006354
ENSG00000282386.1,0.29506135189856986
ENSG00000273335.1,0.2950605597858136
ENSG00000234709.2,0.29494783009019543
ENSG00000267185.1,0.294937483546089
ENSG00000111300.10,0.29490736254810934
ENSG00000198134.3,0.2948794729656841
ENSG00000242352.2,0.2948761405732701
ENSG00000107560.12,0.29484003190074737
ENSG00000116604.18,0.29479022644161035
ENSG00000286796.1,0.29472642710374564
ENSG00000196235.14,0.29469542470720744
ENSG00000266708.1,0.2946900978277863
ENSG00000066322.15,0.29464065363681186
ENSG00000125997.5,0.2946277235575048
ENSG00000132824.14,0.29462139771454227
ENSG00000261114.1,0.2945938099469096
ENSG00000256897.1,0.2945184682168423
ENSG00000240509.1,0.29451112130505325
ENSG00000101190.13,0.294499561793671
ENSG00000070367.16,0.29448480235962166
ENSG00000135317.13,0.294442300187548
ENSG00000125459.17,0.29436376068454473
ENSG00000168090.10,0.294354877219655
ENSG00000076067.13,0.29432801650937546
ENSG00000271537.1,0.29427718003198844
ENSG00000171161.13,0.29418942936963666
ENSG00000236869.1,0.29414169192123574
ENSG00000132792.19,0.29410787752824125
ENSG00000100216.6,0.29410543690948804
ENSG00000276517.1,0.2940935602693441
ENSG00000207359.1,0.29403224242892895
ENSG00000128513.16,0.29402496446539106
ENSG00000265136.1,0.29402066427535795
ENSG00000275552.1,0.29401942421974586
ENSG00000230185.5,0.29397123781116685
ENSG00000171466.10,0.29396699829495954
ENSG00000267394.1,0.29396584591989144
ENSG00000260352.1,0.2939642936454104
ENSG00000107140.16,0.2939429059890259
ENSG00000255382.2,0.29390670656383067
ENSG00000234937.1,0.2939052486358664
ENSG00000261357.1,0.2938551893581432
ENSG00000235225.1,0.29384219158168906
ENSG00000274031.1,0.2938329134548933
ENSG00000164209.17,0.29380258997781766
ENSG00000172350.10,0.29379487747373245
ENSG00000155287.11,0.2937591992681294
ENSG00000287601.1,0.2937384247334036
ENSG00000272769.1,0.2937011642090824
ENSG00000233862.7,0.2936727928297883
ENSG00000274492.1,0.29364325961355586
ENSG00000169740.14,0.293633081525533
ENSG00000224097.5,0.29363125189502537
ENSG00000170191.5,0.29361352933605583
ENSG00000272844.1,0.29360813233981975
ENSG00000278985.1,0.29358666936816313
ENSG00000079974.18,0.29349014092724707
ENSG00000153140.9,0.2934852138840061
ENSG00000252915.1,0.29347817847619506
ENSG00000227962.1,0.2934325982368813
ENSG00000213574.2,0.29342785319742304
ENSG00000244582.2,0.2934234246086449
ENSG00000104884.16,0.29337978344067145
ENSG00000232591.2,0.2933537264207103
ENSG00000220614.1,0.29333809121568155
ENSG00000100281.14,0.29331683215318705
ENSG00000114956.20,0.29327204053028266
ENSG00000175931.13,0.29326976735848037
ENSG00000257913.2,0.29325492847921825
ENSG00000100567.13,0.29324345155098863
ENSG00000235400.1,0.2932425807048164
ENSG00000129657.16,0.29319392448514187
ENSG00000173163.10,0.29318372976316637
ENSG00000267049.1,0.2930183359076423
ENSG00000252464.1,0.29299450840103414
ENSG00000287200.1,0.29293113660155534
ENSG00000160570.14,0.29292049150221416
ENSG00000182405.6,0.29290821631038966
ENSG00000163811.12,0.29285947817137814
ENSG00000086065.14,0.29285535473692975
ENSG00000166326.7,0.29282239058161946
ENSG00000175573.7,0.29280600078639984
ENSG00000122390.19,0.29278189876321525
ENSG00000280231.1,0.29274705988709876
ENSG00000017260.20,0.29274155484146336
ENSG00000173744.18,0.2926914699901806
ENSG00000173226.17,0.29268746871892315
ENSG00000263766.5,0.2926473447374728
ENSG00000181222.19,0.29264499549589557
ENSG00000204371.11,0.29262873322945027
ENSG00000166822.13,0.29260883064783816
ENSG00000135845.10,0.29259731027942315
ENSG00000269653.1,0.292571600798322
ENSG00000153896.19,0.2925584909911528
ENSG00000176390.12,0.2925571620585844
ENSG00000213999.17,0.292471094433123
ENSG00000285830.1,0.2924463608703571
ENSG00000235079.1,0.29244621676847316
ENSG00000255410.2,0.2924396363592569
ENSG00000126062.4,0.2923990727446322
ENSG00000147457.14,0.29239778929696997
ENSG00000249637.2,0.29235151736246356
ENSG00000214460.3,0.2923260545842332
ENSG00000078043.16,0.29228683434067215
ENSG00000228407.2,0.29224632003992734
ENSG00000267277.1,0.2921470760244694
ENSG00000201544.1,0.29210269034339026
ENSG00000114383.10,0.2920760611484001
ENSG00000012963.15,0.29199357313335966
ENSG00000126247.11,0.2919460852957792
ENSG00000270019.1,0.2919352333190206
ENSG00000269940.1,0.29191550135138183
ENSG00000235313.1,0.29188589178894386
ENSG00000061273.18,0.29186593470145766
ENSG00000145293.16,0.29184176321173433
ENSG00000171552.14,0.2918203856156843
ENSG00000235100.4,0.29178098593303287
ENSG00000206147.5,0.2917521532375896
ENSG00000164144.16,0.29170368711874345
ENSG00000182584.6,0.2915976684684151
ENSG00000152404.15,0.2915893658898471
ENSG00000241081.1,0.29155530893426407
ENSG00000246560.2,0.29154989350842747
ENSG00000186501.14,0.29153405892406165
ENSG00000231340.1,0.2915329462731251
ENSG00000096654.15,0.2915260777594241
ENSG00000260669.2,0.2915242213284624
ENSG00000172500.13,0.29150231618562306
ENSG00000175137.11,0.2914884962332561
ENSG00000143384.14,0.291439356477247
ENSG00000115091.12,0.2914012289821461
ENSG00000241217.3,0.2913718758292173
ENSG00000165494.11,0.29134033338256804
ENSG00000168872.17,0.2913358747595982
ENSG00000274425.1,0.29132968116651675
ENSG00000260619.1,0.29132857995909395
ENSG00000134453.16,0.29131444377537397
ENSG00000083312.17,0.29127287149023967
ENSG00000254409.3,0.2912604560362333
ENSG00000148843.15,0.2911653768797328
ENSG00000257950.3,0.29113495940824746
ENSG00000154124.5,0.2910881609635227
ENSG00000006704.11,0.29103931270313455
ENSG00000260439.1,0.2910163069887988
ENSG00000136643.12,0.2909974139670188
ENSG00000260360.1,0.2909827092285451
ENSG00000275056.1,0.290951001407289
ENSG00000138246.17,0.2909112284048588
ENSG00000119446.14,0.2908805265271064
ENSG00000023734.11,0.2908589951425948
ENSG00000102226.10,0.2908059970815373
ENSG00000131408.15,0.2908010857274844
ENSG00000237774.3,0.2907881462112316
ENSG00000166997.8,0.29076425766897396
ENSG00000240540.2,0.2907545077428694
ENSG00000096080.12,0.2907476141439326
ENSG00000111785.21,0.29068241297954345
ENSG00000212994.5,0.2906732075390802
ENSG00000235527.7,0.29064549284843694
ENSG00000237188.5,0.29055147253800867
ENSG00000285897.1,0.2905374625257198
ENSG00000264365.1,0.29052895767863823
ENSG00000163950.13,0.2905282259966367
ENSG00000213539.4,0.29049490357256347
ENSG00000077254.14,0.29047908882620893
ENSG00000116731.22,0.29036838960233075
ENSG00000203321.2,0.29034599617441953
ENSG00000164975.15,0.29026129517300636
ENSG00000109133.13,0.2902557707296661
ENSG00000269148.1,0.2901667165337691
ENSG00000163626.17,0.2901570635621935
ENSG00000125124.13,0.29015414068531997
ENSG00000157020.18,0.29010653564543054
ENSG00000138867.17,0.2900972292994318
ENSG00000090863.12,0.29001652172810294
ENSG00000277020.4,0.29000963971407734
ENSG00000197780.10,0.2899206009948769
ENSG00000138600.10,0.28988202224781534
ENSG00000281469.1,0.2898489631818652
ENSG00000269815.1,0.28969922650306
ENSG00000167394.13,0.28968639505833044
ENSG00000147601.15,0.2896819508084352
ENSG00000048405.10,0.289636444111331
ENSG00000237729.2,0.2896092165289558
ENSG00000216895.9,0.2895721944624329
ENSG00000140829.12,0.2895708712033372
ENSG00000068971.14,0.28953860748987986
ENSG00000221970.2,0.289532868202596
ENSG00000144306.15,0.28949220283823973
ENSG00000274403.1,0.28946782093366963
ENSG00000147118.12,0.28941038291523835
ENSG00000176714.10,0.2893687173986414
ENSG00000230071.2,0.2893554866002081
ENSG00000160087.21,0.2892681182244261
ENSG00000239486.1,0.28925856483559953
ENSG00000127616.19,0.2891755566557708
ENSG00000104660.19,0.2891747769680558
ENSG00000257954.1,0.28916241113032715
ENSG00000257752.1,0.28914801352610775
ENSG00000136169.16,0.28914731301408203
ENSG00000213799.13,0.2891133210241581
ENSG00000100614.18,0.28906736272681766
ENSG00000136560.14,0.28903665043664045
ENSG00000187792.5,0.28902279803415903
ENSG00000101193.8,0.28901642724782617
ENSG00000149357.10,0.288986771138368
ENSG00000198040.11,0.28898336394644947
ENSG00000272084.1,0.28897928948684776
ENSG00000138802.11,0.28897882713997136
ENSG00000270813.2,0.28894530648837535
ENSG00000225830.15,0.28891693450379735
ENSG00000147316.13,0.2889134805848689
ENSG00000139372.15,0.2889035842653174
ENSG00000158526.8,0.28890346210399387
ENSG00000141699.11,0.28887153280044525
ENSG00000129128.13,0.28884379011709077
ENSG00000132510.10,0.2888086705566515
ENSG00000239122.1,0.2887878915109018
ENSG00000213985.4,0.28873939538272986
ENSG00000172432.19,0.2886887306218393
ENSG00000166938.13,0.2886605596477229
ENSG00000162298.19,0.28865256713827453
ENSG00000163528.13,0.28861166833620666
ENSG00000174606.14,0.2885994932360225
ENSG00000270956.1,0.2885932379248313
ENSG00000115840.14,0.2885782959144229
ENSG00000280054.1,0.2885647744221532
ENSG00000260988.1,0.2885640583158364
ENSG00000137073.23,0.2885499370742853
ENSG00000133398.4,0.28853135677416014
ENSG00000102967.12,0.28845097186236535
ENSG00000099785.10,0.2884395684681949
ENSG00000286599.1,0.288409530940274
ENSG00000066827.16,0.28837278971564295
ENSG00000017797.13,0.28834370971238266
ENSG00000117174.11,0.28831219935906455
ENSG00000225338.1,0.2883104558373605
ENSG00000261019.1,0.288293662949221
ENSG00000217289.3,0.2882875807843191
ENSG00000249565.2,0.28824795994598235
ENSG00000144136.11,0.2882285600906488
ENSG00000136243.17,0.28822391877983217
ENSG00000279583.1,0.28816428512497616
ENSG00000230929.5,0.2881593026439975
ENSG00000144647.6,0.28815063058831514
ENSG00000164244.21,0.2881221656727203
ENSG00000186162.10,0.2881002461996848
ENSG00000204160.12,0.2880742203956783
ENSG00000179476.8,0.28804549156644227
ENSG00000168002.12,0.2879856199820427
ENSG00000271973.1,0.28796051111751303
ENSG00000254847.1,0.28793052142538555
ENSG00000275703.1,0.28792254621613644
ENSG00000140948.13,0.28791778253102107
ENSG00000104946.13,0.2878863958009841
ENSG00000196367.14,0.2877563637425428
ENSG00000117713.20,0.28772859729154526
ENSG00000006837.12,0.28772744454497295
ENSG00000170734.12,0.28772458859997146
ENSG00000252274.1,0.2877229682274224
ENSG00000178105.11,0.2877008280870523
ENSG00000106723.17,0.28762486805439375
ENSG00000242628.6,0.28761604203018576
ENSG00000224331.2,0.28760725548523053
ENSG00000178636.8,0.2875785560940875
ENSG00000158092.7,0.28755347572236817
ENSG00000248477.6,0.28745369083964073
ENSG00000151176.8,0.28744942164582793
ENSG00000114446.5,0.28741364006384235
ENSG00000214653.4,0.28735550066433574
ENSG00000173681.16,0.2873338598018808
ENSG00000266643.1,0.28729381265794895
ENSG00000011243.18,0.2872557552556491
ENSG00000213613.2,0.2872028243859113
ENSG00000204070.10,0.2872004444525052
ENSG00000272839.1,0.2871271075903353
ENSG00000061794.13,0.2870836735225792
ENSG00000271631.1,0.2870697270797443
ENSG00000235363.1,0.28705051447468993
ENSG00000128915.12,0.28695598487978463
ENSG00000105612.9,0.28691591491266627
ENSG00000135372.9,0.2869011900390889
ENSG00000272009.1,0.2868926963929783
ENSG00000238109.1,0.2868464641375528
ENSG00000103248.19,0.28683125333127907
ENSG00000156603.19,0.2867942923239357
ENSG00000002919.15,0.28674325122458855
ENSG00000079134.12,0.2867044579823226
ENSG00000228013.1,0.2866775755703538
ENSG00000103042.9,0.28665093894753896
ENSG00000258388.7,0.286650833577522
ENSG00000240616.1,0.2866011980695154
ENSG00000166197.17,0.2865927305526498
ENSG00000101413.12,0.28658906716958626
ENSG00000125037.12,0.2865819384972688
ENSG00000242085.1,0.28656995950385367
ENSG00000116353.16,0.2865626403712455
ENSG00000111229.16,0.28653259648870344
ENSG00000243417.1,0.2865079960822656
ENSG00000175395.16,0.28650200831474654
ENSG00000202343.1,0.2864715775188736
ENSG00000182512.5,0.28647039322073076
ENSG00000213614.10,0.2864493579673757
ENSG00000168395.16,0.28644243991521423
ENSG00000220920.1,0.28643789699987043
ENSG00000068796.19,0.28641956310524913
ENSG00000268499.1,0.28636974572452983
ENSG00000240373.1,0.2863347639085617
ENSG00000234699.1,0.2862605655903541
ENSG00000033100.16,0.2862061235953577
ENSG00000261079.1,0.2861929149042675
ENSG00000272745.1,0.2861792591883881
ENSG00000279469.1,0.28612398152503743
ENSG00000104969.11,0.286118724065721
ENSG00000138594.14,0.28609687039365816
ENSG00000238172.2,0.2860887641475829
ENSG00000260167.1,0.2860452960494405
ENSG00000179943.8,0.28591019555455455
ENSG00000255992.1,0.28589646631231813
ENSG00000236861.6,0.2858649881477711
ENSG00000173171.14,0.28586190347679635
ENSG00000117533.15,0.28584083128272747
ENSG00000196497.17,0.2857955896095439
ENSG00000274695.1,0.2857682380540737
ENSG00000273765.1,0.28576819075974474
ENSG00000255566.1,0.28572187848360103
ENSG00000088888.18,0.28570089166397183
ENSG00000225616.2,0.28566595276156687
ENSG00000287875.1,0.28564228493818306
ENSG00000273973.1,0.2855993626612379
ENSG00000100578.18,0.28557847959648097
ENSG00000189308.11,0.2855750397117243
ENSG00000067208.14,0.2855727377191049
ENSG00000185896.11,0.2855506968136216
ENSG00000089195.15,0.2854494029737151
ENSG00000135090.14,0.28544014107243487
ENSG00000121897.15,0.2854389364552713
ENSG00000280758.1,0.28542259578964013
ENSG00000149547.15,0.2853859535982308
ENSG00000214820.3,0.2853184690028503
ENSG00000272795.1,0.28529537377358216
ENSG00000100714.17,0.2852730956157577
ENSG00000119541.10,0.2852599207991368
ENSG00000227698.1,0.28518668152237997
ENSG00000277840.1,0.28518546929799304
ENSG00000150459.12,0.2851211967177779
ENSG00000162961.14,0.2851033132695671
ENSG00000152102.18,0.2850960575867025
ENSG00000013523.11,0.2850660409565193
ENSG00000213237.4,0.28505224844602967
ENSG00000206168.1,0.2850485644659622
ENSG00000173588.15,0.28500446197417245
ENSG00000005339.15,0.28496966617066677
ENSG00000161013.17,0.2849688417205602
ENSG00000250410.1,0.28494810245120455
ENSG00000162927.14,0.284942635239399
ENSG00000143952.20,0.2848297131434515
ENSG00000287402.1,0.2848261799240471
ENSG00000165312.6,0.28475298854945036
ENSG00000187446.12,0.2847183841345228
ENSG00000273264.1,0.2847098025593067
ENSG00000145495.16,0.2846345106348654
ENSG00000261612.1,0.28455311320019927
ENSG00000274340.1,0.28450436712339416
ENSG00000023697.13,0.2844790718998043
ENSG00000185839.3,0.2844772877421469
ENSG00000114544.17,0.28445239491074603
ENSG00000103199.14,0.2843948109751318
ENSG00000100320.23,0.2843501690835408
ENSG00000139921.13,0.28429231824071094
ENSG00000131375.10,0.28429058284228276
ENSG00000241612.1,0.28422611332628994
ENSG00000079313.15,0.2841955103301152
ENSG00000125633.11,0.2841917387446742
ENSG00000267852.1,0.2841822802471353
ENSG00000274383.1,0.2841666853710171
ENSG00000276174.1,0.2841460607645317
ENSG00000173402.12,0.2841413417459486
ENSG00000258344.1,0.2841373731056612
ENSG00000182934.12,0.28412309772775396
ENSG00000268061.5,0.2841160425215631
ENSG00000256356.1,0.28411046894637565
ENSG00000116903.7,0.284076703357684
ENSG00000198841.4,0.28407201103143337
ENSG00000163946.13,0.2840305123206007
ENSG00000213304.3,0.28401982390987734
ENSG00000237934.1,0.28401175829998243
ENSG00000138835.22,0.28395898049167556
ENSG00000284670.1,0.28394636711660887
ENSG00000285649.1,0.28392107673454176
ENSG00000110108.10,0.2839199034824532
ENSG00000124608.5,0.28391419088555125
ENSG00000112406.5,0.2839135374617429
ENSG00000180329.14,0.28390140415604614
ENSG00000224597.10,0.28387580039687343
ENSG00000103051.20,0.2838679947690728
ENSG00000198833.7,0.2838578292809824
ENSG00000081019.13,0.28385677373133
ENSG00000228797.2,0.2838342755971918
ENSG00000204923.4,0.2838006625059552
ENSG00000223656.1,0.2837966577834268
ENSG00000132716.19,0.28379271569475534
ENSG00000131931.8,0.2837822034085882
ENSG00000119906.13,0.2837782353565988
ENSG00000173960.14,0.2837720454777027
ENSG00000120805.14,0.2837456174029474
ENSG00000286366.1,0.283705986289241
ENSG00000287133.1,0.28369248868646163
ENSG00000075303.13,0.28368947046806164
ENSG00000171109.19,0.2836873814061969
ENSG00000270433.1,0.2836790967525109
ENSG00000261173.1,0.28353983802510374
ENSG00000160746.13,0.2834192247219969
ENSG00000112659.14,0.2834163159085653
ENSG00000248641.1,0.2834082534362331
ENSG00000152193.8,0.28338174968254176
ENSG00000115484.15,0.2833517297006196
ENSG00000272945.1,0.28334920465499464
ENSG00000229635.1,0.28330915161648235
ENSG00000225259.4,0.28328364239757153
ENSG00000214827.11,0.28323384660631307
ENSG00000044446.12,0.28319555231074645
ENSG00000271147.8,0.283153545027529
ENSG00000076321.11,0.28314130447079106
ENSG00000270130.1,0.28312990235355767
ENSG00000106477.20,0.2830785611826346
ENSG00000275485.1,0.28307577046678406
ENSG00000228352.2,0.28303898735880356
ENSG00000218502.3,0.28300396463288885
ENSG00000175206.10,0.2829470693241157
ENSG00000272123.1,0.28292936312489864
ENSG00000131263.13,0.28292764580363866
ENSG00000122678.17,0.28281458854906416
ENSG00000272979.1,0.2827773231144497
ENSG00000287369.1,0.28274169363612656
ENSG00000239470.3,0.28260658808517186
ENSG00000158864.13,0.282589360357779
ENSG00000122484.9,0.28258710917756924
ENSG00000213542.3,0.28255117147575176
ENSG00000278576.1,0.2825343532305391
ENSG00000107521.19,0.28252939405495525
ENSG00000165837.12,0.28251275215651483
ENSG00000106144.20,0.2824801951918169
ENSG00000168876.9,0.28244941635686355
ENSG00000272333.7,0.2823702798725204
ENSG00000132002.9,0.2823587812899852
ENSG00000186017.14,0.2823177468209774
ENSG00000143761.16,0.2822969998394265
ENSG00000176396.11,0.2822775348846032
ENSG00000171307.19,0.2822448121960591
ENSG00000237641.1,0.28224303593628175
ENSG00000106290.15,0.2822341270980039
ENSG00000243960.1,0.2822287842951154
ENSG00000225791.7,0.282226625830564
ENSG00000158079.16,0.2822223349480732
ENSG00000260808.1,0.28217954219175834
ENSG00000263823.1,0.2821664256521943
ENSG00000287032.1,0.28215933533204457
ENSG00000162704.16,0.282150438533799
ENSG00000251991.1,0.2821448009862164
ENSG00000167978.17,0.282079640111482
ENSG00000226706.1,0.28201383707163763
ENSG00000116001.17,0.2819659363852598
ENSG00000109079.10,0.28196578769675934
ENSG00000100030.15,0.28195469017501235
ENSG00000235958.5,0.2819501703201119
ENSG00000259215.1,0.28192855730599614
ENSG00000153046.18,0.28192257647566277
ENSG00000213390.11,0.2819075112313196
ENSG00000166153.16,0.281892960064144
ENSG00000090674.16,0.2818792742791609
ENSG00000260288.4,0.2818574473605782
ENSG00000278831.1,0.2818465368331391
ENSG00000285999.1,0.2818153553966904
ENSG00000086015.22,0.28173837961838577
ENSG00000143614.10,0.28171083219314275
ENSG00000113811.11,0.28164129659172266
ENSG00000253390.1,0.28161885440258144
ENSG00000236047.1,0.2815395724407452
ENSG00000164163.11,0.2815354793220808
ENSG00000235253.1,0.28147491654405543
ENSG00000132801.7,0.28147417376603767
ENSG00000137806.10,0.2814404987645989
ENSG00000270059.1,0.2814269121234499
ENSG00000089818.18,0.28140933114546546
ENSG00000204406.14,0.2813777480446247
ENSG00000215492.6,0.2813731252728595
ENSG00000196865.4,0.2813712891376062
ENSG00000012061.16,0.28136979197157364
ENSG00000160961.12,0.28132733075233934
ENSG00000149657.20,0.2812197937941321
ENSG00000178723.7,0.28119978098955695
ENSG00000230912.1,0.28115245476819495
ENSG00000198917.13,0.2810576376837796
ENSG00000213079.10,0.2810460445309923
ENSG00000258017.2,0.28099980411035747
ENSG00000272103.2,0.2809857067451374
ENSG00000108559.12,0.2809756905198661
ENSG00000100083.19,0.28095818972078584
ENSG00000185716.12,0.2809241955722518
ENSG00000105221.18,0.280890981002286
ENSG00000123178.15,0.28088643389864515
ENSG00000263916.1,0.28080044905431045
ENSG00000140265.12,0.28078393144267016
ENSG00000237433.1,0.280767707853677
ENSG00000249786.7,0.28075604391925474
ENSG00000141034.10,0.2807259734658261
ENSG00000287261.1,0.28064081885219755
ENSG00000251666.1,0.2806352771668515
ENSG00000227725.3,0.2806220933763063
ENSG00000150990.8,0.2806207416662783
ENSG00000264937.1,0.2805999858025985
ENSG00000100410.8,0.28055509638753495
ENSG00000163632.14,0.2805241150287279
ENSG00000285596.1,0.28051416403249546
ENSG00000214114.9,0.2804277279998203
ENSG00000255967.1,0.28041750467803644
ENSG00000274898.1,0.28038470075374006
ENSG00000099956.20,0.28036321358188804
ENSG00000105072.9,0.28035887121940917
ENSG00000258704.6,0.28034009716553754
ENSG00000284954.1,0.28031465982047404
ENSG00000108963.19,0.28030608314140243
ENSG00000136152.15,0.2802873761089668
ENSG00000144635.9,0.2802757626749954
ENSG00000062598.18,0.28027332682404177
ENSG00000181163.14,0.28020987428549804
ENSG00000230530.2,0.2801655236008261
ENSG00000196670.14,0.2801619630499348
ENSG00000257246.1,0.2801475093351244
ENSG00000165060.15,0.2801333891418398
ENSG00000111203.13,0.2801145815604118
ENSG00000259767.1,0.28009317553892343
ENSG00000116580.18,0.2800879656071263
ENSG00000101608.13,0.279950253478864
ENSG00000234393.1,0.2799443044274173
ENSG00000144036.16,0.2799395536363146
ENSG00000272370.1,0.27991051299340436
ENSG00000156017.13,0.27990524296796276
ENSG00000259635.1,0.2798403615341548
ENSG00000161048.11,0.2797567973089988
ENSG00000142528.16,0.27974457517278895
ENSG00000135093.13,0.27973526889692574
ENSG00000135211.6,0.2797127138050453
ENSG00000156261.13,0.27971133498912815
ENSG00000145020.16,0.27969975509327816
ENSG00000125871.14,0.2796910794146064
ENSG00000182473.22,0.2796881885165898
ENSG00000083520.15,0.2796620336774261
ENSG00000228925.1,0.2796491115365617
ENSG00000236876.3,0.279617454086943
ENSG00000241360.2,0.2796057700212958
ENSG00000059573.9,0.27953818433802163
ENSG00000163875.16,0.2795362694346453
ENSG00000287676.1,0.27952501323303663
ENSG00000259536.5,0.2794892549642991
ENSG00000198920.11,0.27948389722222294
ENSG00000225766.10,0.2794669294339641
ENSG00000236603.2,0.2794620263576748
ENSG00000230149.2,0.27940487160337374
ENSG00000143633.13,0.2794009590923275
ENSG00000162695.12,0.27939822370572986
ENSG00000121578.13,0.27938696885125264
ENSG00000270061.1,0.27936753931024255
ENSG00000231113.2,0.2792834269414644
ENSG00000115307.17,0.2792801340680355
ENSG00000117868.17,0.2792195746693276
ENSG00000235872.2,0.2791874786162752
ENSG00000144026.12,0.27918329752927773
ENSG00000269794.1,0.279110069113126
ENSG00000277763.1,0.2790744259441878
ENSG00000166377.20,0.27904423082505203
ENSG00000103353.16,0.2790092605766122
ENSG00000262420.3,0.2788533287939127
ENSG00000183977.14,0.2788320089184217
ENSG00000224292.1,0.2788245202289328
ENSG00000228686.2,0.2788175865435351
ENSG00000248925.1,0.2787475646691248
ENSG00000270412.1,0.27870626900792306
ENSG00000007047.15,0.2786762199918467
ENSG00000119688.21,0.27866389405581943
ENSG00000185475.11,0.27866227654345993
ENSG00000162378.13,0.2785816941499694
ENSG00000165219.22,0.27854508140662076
ENSG00000249471.8,0.2785327531386725
ENSG00000103043.15,0.2785290172400738
ENSG00000177150.13,0.27851797822322993
ENSG00000279307.2,0.27850953368282955
ENSG00000214413.9,0.2784530664349114
ENSG00000064999.15,0.2784387438718941
ENSG00000258951.1,0.2784301832663569
ENSG00000259172.1,0.27838419351253074
ENSG00000142655.13,0.2783375425808066
ENSG00000143106.13,0.2783311471158891
ENSG00000125630.16,0.27830933231296034
ENSG00000270147.1,0.2782844198219292
ENSG00000071243.16,0.2782474176889341
ENSG00000273375.1,0.2782395356902204
ENSG00000270760.1,0.27820488958577716
ENSG00000107951.15,0.2780850609686065
ENSG00000186687.16,0.2780462158108332
ENSG00000269533.5,0.2780250636399443
ENSG00000131504.17,0.27797404231076844
ENSG00000135631.17,0.2779270885486986
ENSG00000148090.12,0.27783424045099986
ENSG00000101363.12,0.27783359398022883
ENSG00000169188.5,0.27783300556996066
ENSG00000123992.20,0.27781922717055996
ENSG00000103769.10,0.2777731065571014
ENSG00000198836.11,0.2777438388361279
ENSG00000116918.15,0.2777055536999764
ENSG00000170265.12,0.27769634810985944
ENSG00000184517.12,0.27766808754075956
ENSG00000248503.2,0.2776617708061457
ENSG00000158987.22,0.27765970925253697
ENSG00000233626.2,0.2776584477446763
ENSG00000207923.1,0.27764174087520316
ENSG00000163870.16,0.27759544923534085
ENSG00000229806.1,0.2775918085266714
ENSG00000240230.6,0.2775797355991707
ENSG00000232742.3,0.2775716621195129
ENSG00000286305.1,0.27756890223407393
ENSG00000085998.14,0.27756159391791574
ENSG00000153914.16,0.2775261255111196
ENSG00000151327.13,0.27749481988373065
ENSG00000260955.2,0.2774946274338247
ENSG00000286579.1,0.2774765682486778
ENSG00000213585.11,0.27747485352389883
ENSG00000263307.1,0.2774487951278472
ENSG00000132478.10,0.2774469628512404
ENSG00000213253.5,0.27743814937056266
ENSG00000273343.1,0.2774338009772293
ENSG00000257283.1,0.27743106707884885
ENSG00000205250.9,0.27736958027772374
ENSG00000249635.1,0.2772996256406382
ENSG00000287960.1,0.27729539649052837
ENSG00000261420.1,0.27727690771686697
ENSG00000077235.18,0.27726696387701666
ENSG00000229519.2,0.27725999990388056
ENSG00000135637.14,0.2772591143509798
ENSG00000105865.11,0.2772564381879414
ENSG00000234776.5,0.27724667776352185
ENSG00000271978.1,0.27724067098488214
ENSG00000171314.9,0.2772315539576141
ENSG00000147854.17,0.2772287454233205
ENSG00000259305.6,0.2772121003284771
ENSG00000020922.13,0.27720476843197445
ENSG00000151348.15,0.2771804089681764
ENSG00000115233.12,0.2771635565788216
ENSG00000204843.12,0.27712529911630845
ENSG00000103274.11,0.277120955233095
ENSG00000287005.1,0.277102572603623
ENSG00000165688.12,0.277075127201802
ENSG00000069248.12,0.27704039842806516
ENSG00000279923.1,0.2769164505956218
ENSG00000234324.1,0.27689824240176286
ENSG00000225094.3,0.27685351849148393
ENSG00000189089.5,0.2768529668530668
ENSG00000197885.11,0.2768033892452688
ENSG00000124783.14,0.27679404999644003
ENSG00000057608.17,0.27678278705142856
ENSG00000137100.16,0.27663541158980587
ENSG00000114126.18,0.2766150186043493
ENSG00000099341.11,0.2765960443856968
ENSG00000160691.19,0.27656878011193553
ENSG00000088298.13,0.27656549410940395
ENSG00000262298.1,0.27656341339621227
ENSG00000133895.17,0.2765426737788045
ENSG00000185418.16,0.27653745745841274
ENSG00000188986.9,0.27653546857644096
ENSG00000263002.8,0.2764915291076527
ENSG00000155714.14,0.27647212895047724
ENSG00000212695.5,0.27645072003090965
ENSG00000204130.14,0.2764485646722777
ENSG00000269392.1,0.27639499186544764
ENSG00000240371.1,0.276354939651821
ENSG00000174456.15,0.27633424017483865
ENSG00000168795.5,0.2763229654939814
ENSG00000242477.1,0.27625945031302107
ENSG00000261737.1,0.27622384633864
ENSG00000130119.17,0.27618651262484817
ENSG00000227113.2,0.2760942885525733
ENSG00000084072.17,0.27608536449695176
ENSG00000279447.1,0.2760621771500455
ENSG00000188765.7,0.27604571499663055
ENSG00000214019.2,0.2760192042714204
ENSG00000233406.5,0.27599984595562
ENSG00000100347.15,0.27595095008128484
ENSG00000144029.12,0.27594739951678715
ENSG00000214013.9,0.2759411382262622
ENSG00000287250.1,0.2759240472828016
ENSG00000143575.15,0.27592393640587914
ENSG00000170581.14,0.275918182650748
ENSG00000179101.5,0.27591771911299046
ENSG00000240211.1,0.27591704578692466
ENSG00000232027.2,0.27588102189203756
ENSG00000144283.22,0.2758013033003813
ENSG00000225400.1,0.2757752251383608
ENSG00000169967.16,0.27576804128788307
ENSG00000259529.2,0.2757611935938253
ENSG00000261253.2,0.2757595939216851
ENSG00000233382.7,0.27571018576747197
ENSG00000204568.12,0.2756984804905422
ENSG00000271161.1,0.2756845452501429
ENSG00000162736.17,0.27566032186831796
ENSG00000124209.4,0.2756540626863027
ENSG00000198551.10,0.2756160101821842
ENSG00000276934.1,0.2755855920217048
ENSG00000237804.1,0.2755734013443417
ENSG00000248830.1,0.27556065392236984
ENSG00000242259.9,0.2755512003734709
ENSG00000011451.21,0.27555043010001795
ENSG00000164258.12,0.27548482740370717
ENSG00000059691.12,0.2754618502031272
ENSG00000196998.19,0.2754516271275052
ENSG00000185219.17,0.2754499148094302
ENSG00000131779.11,0.2754235305116489
ENSG00000279434.1,0.27541246875502295
ENSG00000272941.1,0.27539491789995735
ENSG00000236308.1,0.27539403566853793
ENSG00000286070.2,0.27537279317308183
ENSG00000230310.1,0.27525972383148783
ENSG00000086848.15,0.27525650220532455
ENSG00000240489.1,0.2752507091837958
ENSG00000156026.14,0.27523164133319383
ENSG00000272375.1,0.27521922793372955
ENSG00000203588.3,0.2752152729818862
ENSG00000182446.14,0.2751874514577712
ENSG00000010803.16,0.2751763026408119
ENSG00000089060.11,0.2751652875430952
ENSG00000184752.13,0.27515558877263696
ENSG00000100744.15,0.27512806003048984
ENSG00000124370.11,0.2750914651685642
ENSG00000135436.8,0.2750820037755922
ENSG00000063046.18,0.27506918883546577
ENSG00000144120.13,0.27506349448824075
ENSG00000188152.13,0.2750199933781373
ENSG00000285560.1,0.27499867571498926
ENSG00000168216.13,0.2748887819263049
ENSG00000271265.1,0.274883718281759
ENSG00000170270.5,0.27487622387138777
ENSG00000240898.1,0.2747855922576565
ENSG00000074266.22,0.27475766505942406
ENSG00000151466.12,0.274724343471228
ENSG00000124574.15,0.274696360405179
ENSG00000140553.18,0.27464507910842306
ENSG00000128245.15,0.2746035954899099
ENSG00000180370.10,0.2745987686216387
ENSG00000165355.7,0.27456976079574025
ENSG00000103342.13,0.27451717884332805
ENSG00000241494.1,0.27450777223732925
ENSG00000162623.16,0.27439448094249097
ENSG00000177058.12,0.2743560300100009
ENSG00000235308.1,0.2743328195339399
ENSG00000211451.12,0.27432646764274227
ENSG00000268516.2,0.27431722917019546
ENSG00000108064.11,0.2743137528707283
ENSG00000184900.16,0.2743003328363
ENSG00000172404.5,0.274265376143251
ENSG00000272660.1,0.2742605032603823
ENSG00000205955.4,0.27420471343326935
ENSG00000110756.18,0.2741765366948888
ENSG00000279573.1,0.27417547008913296
ENSG00000279467.1,0.27403965601854224
ENSG00000143190.23,0.27401733427319774
ENSG00000287511.1,0.27400969060656233
ENSG00000072135.13,0.27396209328133475
ENSG00000143622.11,0.27387878278133004
ENSG00000228415.3,0.2738757077464518
ENSG00000285331.2,0.2738424388245365
ENSG00000215704.10,0.2738230490990484
ENSG00000128973.13,0.2738218311983901
ENSG00000287033.1,0.27375839541275043
ENSG00000132341.12,0.27368016212223684
ENSG00000199804.1,0.273659873564169
ENSG00000103365.15,0.27365638092282635
ENSG00000005100.13,0.2736532996819687
ENSG00000227288.3,0.273640365140984
ENSG00000185721.13,0.27358663136998534
ENSG00000215251.4,0.2735583690195119
ENSG00000271396.1,0.27355565238444673
ENSG00000271551.2,0.2735451442088196
ENSG00000114120.14,0.2735442300328322
ENSG00000163902.12,0.2735239316348084
ENSG00000168813.17,0.2734616291382251
ENSG00000266289.1,0.2734377901360067
ENSG00000230612.3,0.2734152228977771
ENSG00000088451.11,0.27341357933911087
ENSG00000092931.11,0.2733565362343799
ENSG00000113013.16,0.27328546371602874
ENSG00000117419.16,0.27328380752635156
ENSG00000242970.2,0.2731935017953683
ENSG00000226284.1,0.27317993305079824
ENSG00000233225.3,0.27310305710395794
ENSG00000198160.15,0.2731024461106383
ENSG00000185619.18,0.2730882950714426
ENSG00000139154.16,0.27294573170664177
ENSG00000142599.19,0.2729456409709465
ENSG00000073921.18,0.2729110218128218
ENSG00000227373.6,0.27283837430313745
ENSG00000178074.6,0.27282632037796384
ENSG00000123297.20,0.2728106708892283
ENSG00000248773.1,0.27278855152251497
ENSG00000064607.17,0.2727746460863942
ENSG00000009335.18,0.27276932587228386
ENSG00000101365.21,0.27273448210156775
ENSG00000273489.1,0.27273221031340134
ENSG00000272843.1,0.27272601680388264
ENSG00000198198.17,0.2727133130943049
ENSG00000204344.14,0.27266757149393084
ENSG00000132952.12,0.27266411808659446
ENSG00000072518.21,0.2726430077417086
ENSG00000138777.20,0.27263897258566494
ENSG00000271849.1,0.2726365063578766
ENSG00000269481.1,0.27259473714588717
ENSG00000109787.13,0.2725836108753815
ENSG00000075711.21,0.2725560778802544
ENSG00000249709.8,0.27248768852441047
ENSG00000180008.9,0.2724757320400139
ENSG00000163481.8,0.27243594299663504
ENSG00000235036.4,0.27241763854390705
ENSG00000167395.10,0.27238194297089346
ENSG00000203325.3,0.2723374813226962
ENSG00000233668.1,0.27233278991260196
ENSG00000270917.1,0.27230241082479223
ENSG00000110330.8,0.27226763976151874
ENSG00000077380.16,0.27224191605429715
ENSG00000196655.12,0.27221978826086374
ENSG00000168397.17,0.2722112046155261
ENSG00000257433.6,0.27218927767907525
ENSG00000258384.1,0.2721874183123404
ENSG00000103148.17,0.2721649819780548
ENSG00000076984.18,0.272155386090385
ENSG00000013503.10,0.27214024095941325
ENSG00000163602.11,0.27213909077216825
ENSG00000272717.1,0.2721135577964821
ENSG00000133597.11,0.27209668175982565
ENSG00000127527.14,0.27209168340614004
ENSG00000139197.11,0.272077852717642
ENSG00000138036.18,0.27204396930301816
ENSG00000164002.11,0.27201687823003723
ENSG00000184203.8,0.2719509089058821
ENSG00000174231.17,0.271944901892354
ENSG00000214269.3,0.2719173378658909
ENSG00000113272.14,0.27186922637769884
ENSG00000273611.5,0.27176536771109516
ENSG00000153975.10,0.27175770559342727
ENSG00000070010.19,0.27174018723771537
ENSG00000025293.17,0.27168210617283656
ENSG00000147099.21,0.2716451455975514
ENSG00000113119.13,0.27162381752337056
ENSG00000114573.10,0.2716070922813716
ENSG00000229222.1,0.27159039670929264
ENSG00000116455.14,0.27157991396941933
ENSG00000001460.18,0.27156010904076505
ENSG00000169598.17,0.27155984067387823
ENSG00000164296.7,0.2715594546515024
ENSG00000102119.11,0.27154222035203945
ENSG00000114933.16,0.2715286522941331
ENSG00000172936.16,0.2715135248707051
ENSG00000179010.14,0.2714901018846547
ENSG00000224138.1,0.2714818665159094
ENSG00000258210.1,0.2714424865043936
ENSG00000184743.13,0.2714290773700654
ENSG00000159917.17,0.2714070979252095
ENSG00000102984.15,0.2713683323329399
ENSG00000130921.8,0.2713673183778509
ENSG00000260735.2,0.27128672853599445
ENSG00000143252.16,0.2712367274069539
ENSG00000109917.11,0.27122903360375794
ENSG00000257303.2,0.27121887065120603
ENSG00000175348.11,0.27119996434133903
ENSG00000231871.5,0.2711884345915519
ENSG00000265354.4,0.27118778451636394
ENSG00000130544.12,0.27117652057674596
ENSG00000259659.1,0.271164075756409
ENSG00000114738.11,0.27115426939889226
ENSG00000185049.16,0.2711287868970732
ENSG00000124541.7,0.2711116307023946
ENSG00000259515.1,0.2710858894383703
ENSG00000260331.1,0.2710670268151509
ENSG00000124333.16,0.27104700552416866
ENSG00000284922.2,0.27097649372535804
ENSG00000132950.19,0.27089710249838395
ENSG00000144659.13,0.2708447554366474
ENSG00000189298.14,0.2708176771551687
ENSG00000228172.5,0.27081017070251817
ENSG00000149100.13,0.27080825489651955
ENSG00000259762.1,0.2707731509894178
ENSG00000229334.1,0.27071715135098834
ENSG00000205482.9,0.2706812651909875
ENSG00000117222.14,0.2706686591743557
ENSG00000168538.16,0.270594665982756
ENSG00000115539.14,0.27058927325774373
ENSG00000272148.1,0.2705717519936501
ENSG00000124523.16,0.2704502869526412
ENSG00000103111.15,0.27041311550397973
ENSG00000205323.9,0.2704114643055795
ENSG00000275383.1,0.27041065162649863
ENSG00000265479.7,0.2703862771441755
ENSG00000280160.1,0.27036476163939643
ENSG00000141030.13,0.27035081556656665
ENSG00000218980.2,0.27034058314357867
ENSG00000129473.11,0.2703111871671655
ENSG00000239269.1,0.27029529002188996
ENSG00000138399.18,0.2702866290099778
ENSG00000230626.4,0.27027560894850655
ENSG00000151893.15,0.270275503288902
ENSG00000230457.3,0.2701724404591979
ENSG00000122696.14,0.270157106688877
ENSG00000102081.15,0.27015562912086727
ENSG00000240889.1,0.2701035620900763
ENSG00000102178.13,0.27008135754425383
ENSG00000228328.2,0.2699950791279946
ENSG00000234193.1,0.26999187289465537
ENSG00000156976.17,0.2699880809027016
ENSG00000285865.1,0.26997609911223786
ENSG00000200769.1,0.2699600108516599
ENSG00000228532.4,0.2699519555712359
ENSG00000112584.14,0.26992721586013163
ENSG00000152242.11,0.2698662513245671
ENSG00000237788.1,0.2698291660475294
ENSG00000249210.1,0.2698215858133175
ENSG00000200924.1,0.2698023284454567
ENSG00000152492.15,0.2697869990708826
ENSG00000131653.13,0.2697549075400853
ENSG00000256628.3,0.2697213227839907
ENSG00000160741.17,0.26969117975818063
ENSG00000141503.17,0.26966990344173525
ENSG00000138430.16,0.26966901293175893
ENSG00000108587.16,0.26965727300060194
ENSG00000088179.9,0.26963515516165976
ENSG00000138071.14,0.26959044668357657
ENSG00000003756.17,0.26956625970493925
ENSG00000131446.17,0.26953979915961657
ENSG00000186222.5,0.26953660369189936
ENSG00000167380.16,0.26948241349145946
ENSG00000099940.12,0.2694343003963574
ENSG00000140943.17,0.26942538679243466
ENSG00000226125.2,0.2693118279939429
ENSG00000214655.11,0.2692982896975247
ENSG00000236493.2,0.2692655924525112
ENSG00000157426.14,0.2692010078754402
ENSG00000224452.1,0.26919103597360533
ENSG00000270402.1,0.2691638475283948
ENSG00000142188.17,0.26909076577859986
ENSG00000186919.13,0.26905954446079017
ENSG00000215305.10,0.2690462060256336
ENSG00000105647.19,0.26903835182269575
ENSG00000169951.10,0.26901984059326295
ENSG00000134489.7,0.26899366660145346
ENSG00000184009.12,0.2689564769930889
ENSG00000118894.15,0.268950338029317
ENSG00000188690.15,0.2689294516463628
ENSG00000203705.11,0.2689025344889485
ENSG00000015171.20,0.26890122399863847
ENSG00000153574.9,0.2688925253546244
ENSG00000128254.16,0.26885307017267496
ENSG00000232070.9,0.26881904039147175
ENSG00000186448.15,0.268774212028438
ENSG00000047579.20,0.2687695040707059
ENSG00000243659.1,0.2687485417935179
ENSG00000166484.20,0.2687154484179999
ENSG00000256745.1,0.26870299576751977
ENSG00000183597.16,0.26869019237825903
ENSG00000267474.1,0.26866587133268893
ENSG00000235238.1,0.2686325587326232
ENSG00000171204.13,0.2685844739326174
ENSG00000055483.19,0.2685673349228176
ENSG00000228839.5,0.26855669815286104
ENSG00000113838.13,0.2685216638598419
ENSG00000171155.8,0.2684285418367525
ENSG00000174989.13,0.2684166398151174
ENSG00000158793.14,0.26841027706972326
ENSG00000237073.1,0.26837859339085773
ENSG00000269903.1,0.26834934838910673
ENSG00000269038.1,0.2683070608148173
ENSG00000100364.19,0.26829412437186173
ENSG00000135801.10,0.26824448425217595
ENSG00000275769.1,0.2682418208167936
ENSG00000186376.15,0.2682399739277167
ENSG00000243974.1,0.26816472636481614
ENSG00000114744.9,0.268081677660461
ENSG00000163607.17,0.2680597030966739
ENSG00000124641.16,0.268054665670781
ENSG00000198646.14,0.26802775179197286
ENSG00000138363.15,0.2679866712881107
ENSG00000284830.1,0.2679474114179352
ENSG00000081721.12,0.267899364723815
ENSG00000115548.17,0.267855492285499
ENSG00000079432.7,0.267841508509154
ENSG00000284024.4,0.26781571905530704
ENSG00000223571.6,0.26777098818823036
ENSG00000101421.4,0.2677440707246505
ENSG00000165417.12,0.2676234586362916
ENSG00000239300.6,0.26760050004983205
ENSG00000229337.2,0.26759252230341507
ENSG00000143624.14,0.2675709426765193
ENSG00000258450.1,0.26751834551975284
ENSG00000273076.1,0.26749057223644757
ENSG00000271554.1,0.2674877542168825
ENSG00000007923.16,0.2674445526783728
ENSG00000189190.10,0.2673748310296426
ENSG00000099331.13,0.2673423756593346
ENSG00000148943.12,0.26734140642839843
ENSG00000169131.13,0.2673328651311555
ENSG00000119812.19,0.2673168873557864
ENSG00000126070.20,0.26730960613248544
ENSG00000109670.16,0.26729463483286353
ENSG00000198746.13,0.26728140801793204
ENSG00000185627.18,0.26727086713121384
ENSG00000175283.8,0.26726790844412507
ENSG00000272707.1,0.26719779317724074
ENSG00000269925.1,0.2671790801898959
ENSG00000253785.1,0.2671635389137817
ENSG00000101109.12,0.26712664204379755
ENSG00000175213.3,0.26710531618878613
ENSG00000107949.17,0.26708284791742626
ENSG00000231304.2,0.26704633829408514
ENSG00000196810.5,0.2670460707551638
ENSG00000115977.20,0.2670323861057812
ENSG00000144579.8,0.26702008816440415
ENSG00000285672.1,0.26696295638108025
ENSG00000259072.2,0.2669114543556102
ENSG00000259736.1,0.26688791298087533
ENSG00000174953.14,0.26685980267662807
ENSG00000042317.17,0.2668084477886202
ENSG00000141002.20,0.26679695472144815
ENSG00000174574.16,0.2667535286800755
ENSG00000100883.13,0.26675290975762106
ENSG00000166548.17,0.2667443482299826
ENSG00000272721.5,0.26672546096490646
ENSG00000275236.1,0.2666933468460943
ENSG00000148300.12,0.26668406393373484
ENSG00000259004.2,0.26667527507637484
ENSG00000233380.1,0.2666541493414899
ENSG00000287513.1,0.2666272801070929
ENSG00000126088.14,0.2666208170491918
ENSG00000166452.12,0.2666052567831768
ENSG00000145723.17,0.2665044419181477
ENSG00000273747.1,0.2664814699304468
ENSG00000185670.9,0.2664781454344271
ENSG00000125962.14,0.2664695281573012
ENSG00000125352.6,0.26643968514359406
ENSG00000200253.1,0.26634300373120184
ENSG00000274315.1,0.26633495319596834
ENSG00000173614.14,0.2662824430272141
ENSG00000138459.9,0.26626010455663357
ENSG00000286445.1,0.26625464468755045
ENSG00000279393.1,0.26624758169110846
ENSG00000204576.12,0.26624097203513947
ENSG00000146223.16,0.2662088191351836
ENSG00000214248.2,0.26620734858010736
ENSG00000065029.15,0.26618294486507843
ENSG00000173545.5,0.266166537727585
ENSG00000287896.1,0.2661561088699899
ENSG00000169288.18,0.26605098515767983
ENSG00000162396.6,0.2660487114309009
ENSG00000158161.16,0.2660391827268115
ENSG00000144827.9,0.26600446509268516
ENSG00000279265.1,0.26599905875884405
ENSG00000101997.13,0.26597837101773114
ENSG00000065491.8,0.2659774815380666
ENSG00000135040.16,0.2658295011504281
ENSG00000010072.16,0.2657788891010388
ENSG00000004897.12,0.26576763002468384
ENSG00000227256.1,0.26576377801597767
ENSG00000237757.2,0.26574622861591934
ENSG00000121892.15,0.2656320958698412
ENSG00000011198.10,0.26559687815377325
ENSG00000122507.21,0.26557146007188576
ENSG00000234618.1,0.2655390925973933
ENSG00000239213.6,0.26548017388593614
ENSG00000078246.17,0.2654477260218475
ENSG00000164077.14,0.26542641841288295
ENSG00000138686.10,0.26542336149017887
ENSG00000172339.10,0.2653953985084057
ENSG00000114999.8,0.2653653398897067
ENSG00000126261.13,0.26535381152361526
ENSG00000023572.10,0.2653537085012186
ENSG00000146083.12,0.26531732364419924
ENSG00000174227.16,0.2653170862083755
ENSG00000134287.10,0.2652941638473863
ENSG00000118680.14,0.2652753071863316
ENSG00000238186.1,0.26519165023300173
ENSG00000010165.20,0.26517399062374253
ENSG00000287078.1,0.2651668292126421
ENSG00000198792.13,0.2651018476093224
ENSG00000235044.1,0.2650597657472469
ENSG00000231969.2,0.26505151471270055
ENSG00000144118.14,0.2649923156500913
ENSG00000236349.1,0.26497173598975127
ENSG00000085721.13,0.2649526925448688
ENSG00000231181.1,0.26494831141829395
ENSG00000275055.1,0.26494025568584434
ENSG00000143294.15,0.26487248409310227
ENSG00000168246.6,0.264868406604723
ENSG00000170266.16,0.26480156229461327
ENSG00000146833.16,0.26479886540829695
ENSG00000116478.12,0.26479559263317787
ENSG00000014824.14,0.26478970774697036
ENSG00000112304.11,0.26477919435149605
ENSG00000104047.15,0.2647700587901489
ENSG00000267106.8,0.2647075601342105
ENSG00000229839.6,0.2646539763467859
ENSG00000137409.19,0.26465282736617785
ENSG00000178802.18,0.2646276833874707
ENSG00000214719.13,0.2646274531073558
ENSG00000234093.3,0.26458752537052316
ENSG00000166479.10,0.2644802021771342
ENSG00000166188.2,0.2644116976917367
ENSG00000160014.17,0.26434952363110675
ENSG00000110367.13,0.26433901637000784
ENSG00000223476.1,0.2642909565234007
ENSG00000230262.8,0.2642581169008086
ENSG00000169155.10,0.264192123923494
ENSG00000173120.15,0.2641904106633567
ENSG00000268034.1,0.264180150227733
ENSG00000131373.15,0.26415347668172146
ENSG00000186283.14,0.26415005100562416
ENSG00000201207.1,0.26409981121673326
ENSG00000072803.17,0.26407163175239357
ENSG00000082213.18,0.2640420073520618
ENSG00000163001.12,0.26401647190584543
ENSG00000280163.1,0.2640046407202869
ENSG00000267549.6,0.26397152308042154
ENSG00000140320.12,0.26393089991564367
ENSG00000088970.16,0.2638553829551513
ENSG00000163754.18,0.26382817129480773
ENSG00000275956.1,0.2637628435698832
ENSG00000078747.16,0.26375665401999504
ENSG00000220685.3,0.2637552527666296
ENSG00000198954.9,0.26375305793677056
ENSG00000123091.5,0.26369629478665085
ENSG00000255397.1,0.2636806887348013
ENSG00000269191.1,0.2635794833771702
ENSG00000232037.3,0.2635470826717631
ENSG00000186866.17,0.2634994186295755
ENSG00000130741.11,0.2634884095613997
ENSG00000204977.10,0.263484830279637
ENSG00000203441.2,0.2634269107181176
ENSG00000166902.5,0.2633829058391655
ENSG00000176896.8,0.2633443188479937
ENSG00000130559.19,0.2633194041378418
ENSG00000198393.8,0.2631716531534892
ENSG00000111832.13,0.2631621033217091
ENSG00000174748.22,0.26310672715346456
ENSG00000161594.7,0.2630733670074143
ENSG00000272650.1,0.26299567937678087
ENSG00000068903.20,0.2629754198505962
ENSG00000172717.16,0.26295819658188363
ENSG00000120253.14,0.2629299261605184
ENSG00000134480.16,0.2628471781045972
ENSG00000049656.14,0.26283074557147085
ENSG00000137221.14,0.2627906331856769
ENSG00000103150.7,0.2627899949817243
ENSG00000248559.1,0.26278825455657057
ENSG00000213189.5,0.262785792001323
ENSG00000172831.14,0.2627118211289585
ENSG00000229656.7,0.2626621241459991
ENSG00000286194.1,0.2626334030531477
ENSG00000101150.18,0.26255359931383143
ENSG00000105063.19,0.2625473736644983
ENSG00000251333.3,0.26252928847790624
ENSG00000172766.19,0.2625076168113671
ENSG00000240344.9,0.2624568872380613
ENSG00000139842.15,0.26243420724428107
ENSG00000008405.12,0.2624336140018613
ENSG00000273682.1,0.26242738720108794
ENSG00000166971.17,0.2623591225158424
ENSG00000075945.13,0.2623581493702184
ENSG00000259904.1,0.262354195482543
ENSG00000260796.1,0.26233356992878415
ENSG00000119638.14,0.2623266741567823
ENSG00000162368.13,0.2623037401154617
ENSG00000029639.11,0.26229250734855936
ENSG00000236534.1,0.2622780032267383
ENSG00000233469.1,0.26226756672261553
ENSG00000127511.10,0.26223692732156284
ENSG00000262248.1,0.2621288866868725
ENSG00000135148.12,0.2620334187571756
ENSG00000127947.16,0.2620163631793307
ENSG00000120662.16,0.2619893427625902
ENSG00000120686.12,0.26195259382225927
ENSG00000136783.10,0.26191024595215057
ENSG00000234825.3,0.26189471756842764
ENSG00000267419.2,0.2618749997150098
ENSG00000115275.14,0.26184573720004684
ENSG00000187742.15,0.26182025828936834
ENSG00000120071.15,0.261799644849008
ENSG00000214541.3,0.26176643347875955
ENSG00000141646.14,0.26171637467548564
ENSG00000196531.14,0.2617149663000457
ENSG00000274929.1,0.2617115723781037
ENSG00000251739.1,0.2616743269757386
ENSG00000286623.1,0.261634543180327
ENSG00000109519.13,0.261429724530183
ENSG00000111725.11,0.26138653601183925
ENSG00000136143.16,0.2613423572038137
ENSG00000241478.1,0.2613124035475451
ENSG00000181789.14,0.2612856474949748
ENSG00000103197.18,0.26123263701120053
ENSG00000129562.11,0.26120363243248695
ENSG00000135341.18,0.2611202622706841
ENSG00000104228.13,0.2611156967205762
ENSG00000243697.1,0.2610853018097681
ENSG00000118960.13,0.2610670208381626
ENSG00000066422.5,0.2610624626211879
ENSG00000188612.12,0.26105675252624294
ENSG00000205581.11,0.26105000327923034
ENSG00000172331.12,0.26103136374644026
ENSG00000133114.18,0.2610040540835137
ENSG00000245060.8,0.26094321633178486
ENSG00000114209.15,0.2608457571795625
ENSG00000088986.11,0.2606731861991166
ENSG00000238251.2,0.2606444793252374
ENSG00000114423.23,0.2606132902630873
ENSG00000261423.1,0.26060850656358625
ENSG00000155256.17,0.26059668007725545
ENSG00000086200.17,0.26056435849146825
ENSG00000167384.10,0.26055816949754057
ENSG00000248049.7,0.2605564935424616
ENSG00000131507.11,0.2605202552675826
ENSG00000129055.13,0.2605102589170535
ENSG00000259137.1,0.2605055803328427
ENSG00000217026.3,0.26045086068735146
ENSG00000075914.13,0.26041284591969777
ENSG00000111615.14,0.26040285928883494
ENSG00000105771.14,0.260377473635823
ENSG00000011021.23,0.2603652279833933
ENSG00000095139.14,0.26035284796692
ENSG00000204308.8,0.2603497322013595
ENSG00000258646.1,0.2603298015287407
ENSG00000113282.14,0.26026293241735726
ENSG00000136891.14,0.26016983362426577
ENSG00000132376.20,0.26016965667946057
ENSG00000186625.14,0.2601588788649945
ENSG00000228218.1,0.26015591461218723
ENSG00000100372.15,0.26011935876364173
ENSG00000115750.17,0.2601108492960475
ENSG00000280020.1,0.2600952698944825
ENSG00000278396.1,0.26004244640014135
ENSG00000107938.18,0.25999065366059315
ENSG00000159086.15,0.2599736927090885
ENSG00000254635.6,0.25992221201706195
ENSG00000228702.1,0.2598184432596362
ENSG00000144746.7,0.25975454652698554
ENSG00000172530.20,0.2597531095842857
ENSG00000164048.14,0.25971913021112353
ENSG00000008952.17,0.2597017698992515
ENSG00000109220.11,0.2596766116022246
ENSG00000119328.12,0.25961330058830756
ENSG00000084073.10,0.2596115834192353
ENSG00000243547.1,0.2596047017796812
ENSG00000049860.14,0.2596031675477656
ENSG00000275835.5,0.25960014371132095
ENSG00000198830.11,0.25958289634804327
ENSG00000162144.10,0.25953688991579477
ENSG00000233250.1,0.2595158255389498
ENSG00000236810.6,0.2594996475715105
ENSG00000182544.9,0.2594225720735059
ENSG00000277423.1,0.2593329505710174
ENSG00000198700.10,0.2593302692695338
ENSG00000183826.18,0.25927503638055927
ENSG00000077097.15,0.25925156456717546
ENSG00000113734.18,0.2592013821632504
ENSG00000152359.15,0.25919307412595927
ENSG00000159128.15,0.25918845571510285
ENSG00000260668.1,0.25916596393648267
ENSG00000179262.10,0.2590984672133906
ENSG00000103275.21,0.25909018242126663
ENSG00000082515.18,0.25908513203645944
ENSG00000169599.13,0.25901179685594866
ENSG00000102858.13,0.2589933172926867
ENSG00000167130.18,0.25896835018534986
ENSG00000170860.4,0.2589669874057351
ENSG00000267681.1,0.25895945444907364
ENSG00000100865.15,0.25895083306846706
ENSG00000281420.1,0.25895025874765815
ENSG00000270165.1,0.2589461396096625
ENSG00000125755.19,0.2589439627154139
ENSG00000170037.14,0.258936424961726
ENSG00000085511.20,0.25888719160489665
ENSG00000009830.12,0.25888381388583426
ENSG00000062650.19,0.25887925414714136
ENSG00000169249.13,0.2588646262340403
ENSG00000196459.14,0.25884392070289586
ENSG00000101126.18,0.25882389565629665
ENSG00000174891.13,0.2587563622784492
ENSG00000013563.14,0.2587462416039709
ENSG00000198252.12,0.25874125589159136
ENSG00000121766.16,0.25871334253505734
ENSG00000148690.12,0.25865803510160057
ENSG00000165637.13,0.2586165643511226
ENSG00000188315.8,0.2585155009994666
ENSG00000277491.1,0.25850556518119805
ENSG00000240759.1,0.2584840191614229
ENSG00000102317.18,0.2584501885629906
ENSG00000135108.15,0.25841318672332025
ENSG00000243071.1,0.258393801013013
ENSG00000225733.6,0.2583927848470135
ENSG00000084623.12,0.2583549030819645
ENSG00000083817.9,0.25832476695912365
ENSG00000012211.13,0.2583021207393566
ENSG00000177971.8,0.2582829544625748
ENSG00000143862.8,0.2582635284603261
ENSG00000196981.4,0.25825548437570767
ENSG00000279344.1,0.2581593818369187
ENSG00000117362.13,0.25815068727989504
ENSG00000047056.16,0.2581376886432686
ENSG00000052723.12,0.25813111999307536
ENSG00000023228.14,0.258123537900201
ENSG00000270048.1,0.2581217140100376
ENSG00000145041.15,0.25809064233546325
ENSG00000142864.15,0.2580809181448324
ENSG00000134440.12,0.258048543917423
ENSG00000142186.17,0.25804474160717544
ENSG00000128891.16,0.25803456386080553
ENSG00000112078.14,0.2579996754392696
ENSG00000139826.6,0.2579935897465304
ENSG00000212829.8,0.25787376258618366
ENSG00000276814.1,0.25785058218192275
ENSG00000226609.2,0.2578341426747212
ENSG00000156860.16,0.2578297255217476
ENSG00000179364.14,0.25782293919040994
ENSG00000068383.19,0.2577513682550445
ENSG00000267219.1,0.25772384991502245
ENSG00000138443.17,0.25771739656795334
ENSG00000162980.17,0.2576943399370552
ENSG00000083099.11,0.25768340305228177
ENSG00000093000.19,0.25762309212732765
ENSG00000271424.1,0.25757579544894793
ENSG00000170949.17,0.25756418814913257
ENSG00000130340.16,0.2575335133863952
ENSG00000237668.1,0.2575262240395432
ENSG00000269534.5,0.25752506035924344
ENSG00000126226.22,0.2575118842659791
ENSG00000095794.19,0.2574978812248011
ENSG00000223501.9,0.25749393092833905
ENSG00000100528.12,0.25748168032220803
ENSG00000228330.1,0.2574700097433488
ENSG00000175215.11,0.257450105496956
ENSG00000116922.14,0.2574305717248309
ENSG00000273841.5,0.25741767273770233
ENSG00000137992.14,0.25739894044335915
ENSG00000273820.2,0.25738874833888425
ENSG00000227337.1,0.2573535015942446
ENSG00000105483.18,0.2573529343951876
ENSG00000231519.1,0.2573211454657767
ENSG00000262728.6,0.2573023875335799
ENSG00000239272.1,0.25726958438657677
ENSG00000085231.14,0.25721562938477177
ENSG00000242667.1,0.2571740022512778
ENSG00000174796.12,0.257173725386975
ENSG00000145919.11,0.2571301428261159
ENSG00000148572.16,0.25712022198644063
ENSG00000116213.16,0.25711848154310646
ENSG00000129518.9,0.25708390196376385
ENSG00000165675.16,0.257078167872596
ENSG00000124257.6,0.2570553497112863
ENSG00000225973.4,0.25703704110714853
ENSG00000105821.15,0.25701203711511367
ENSG00000214108.4,0.25697302948740885
ENSG00000146587.18,0.2569445969915704
ENSG00000037474.15,0.2569227990889507
ENSG00000261596.2,0.25688727550752893
ENSG00000157014.11,0.25683843240727056
ENSG00000188917.15,0.25678147410159524
ENSG00000129083.13,0.25677812654656335
ENSG00000110107.9,0.2567249011838917
ENSG00000275833.1,0.2567119300793841
ENSG00000104853.16,0.2566480594099213
ENSG00000114988.12,0.25662315372138794
ENSG00000034713.8,0.2565825769813278
ENSG00000170027.7,0.2565390498697774
ENSG00000100413.17,0.2565128736874849
ENSG00000234134.1,0.2564670163829251
ENSG00000234241.1,0.2564603734062484
ENSG00000222448.1,0.25645714667282477
ENSG00000228149.1,0.25645591367788556
ENSG00000238150.1,0.2564127618759079
ENSG00000184432.11,0.25640830920328256
ENSG00000086666.19,0.2563815116906651
ENSG00000168591.16,0.2563118306381101
ENSG00000049618.24,0.2562408257363059
ENSG00000082701.17,0.2562336197177274
ENSG00000198837.10,0.2562237124222805
ENSG00000145354.12,0.25620556626412844
ENSG00000159140.21,0.256198290913674
ENSG00000163788.14,0.2561945260124713
ENSG00000102158.20,0.2561938774427561
ENSG00000253605.1,0.2561631754179867
ENSG00000089063.15,0.25614941144451214
ENSG00000124120.11,0.256039930425679
ENSG00000176946.12,0.2560366789251021
ENSG00000157259.8,0.25597080583826815
ENSG00000143033.18,0.2559614262012738
ENSG00000168827.15,0.2559183802197007
ENSG00000169087.11,0.2559130521562719
ENSG00000156374.16,0.2558914789090807
ENSG00000136104.21,0.25584917815460917
ENSG00000115137.12,0.2558474250625663
ENSG00000149792.9,0.2557721056832546
ENSG00000256690.1,0.2557512819277777
ENSG00000169105.8,0.2557398998785102
ENSG00000105287.13,0.25572127088831736
ENSG00000276096.1,0.2557017808737971
ENSG00000162227.8,0.25570167915120395
ENSG00000267011.5,0.255669477292817
ENSG00000157036.13,0.2556415639190322
ENSG00000277728.1,0.255600178726498
ENSG00000108010.12,0.25556795678912586
ENSG00000158109.15,0.2555641462082975
ENSG00000235453.10,0.25553362456924333
ENSG00000166164.16,0.255528451038643
ENSG00000236814.1,0.25552501541085926
ENSG00000196183.5,0.2555133887525138
ENSG00000152147.11,0.25550421757152225
ENSG00000165182.12,0.2554976681188489
ENSG00000135953.11,0.25549306963785823
ENSG00000135537.17,0.25542920961538357
ENSG00000236480.1,0.2554066904224981
ENSG00000267282.1,0.25538092289137104
ENSG00000237133.1,0.255339921370162
ENSG00000259657.1,0.2553158746675211
ENSG00000287496.1,0.2552862885478762
ENSG00000273004.1,0.25522747032722254
ENSG00000213719.8,0.25520098761079163
ENSG00000198586.14,0.2551633893913588
ENSG00000114850.7,0.25514618813187584
ENSG00000088930.8,0.25511469528043074
ENSG00000164167.12,0.2550709623239784
ENSG00000080371.6,0.2550413792606592
ENSG00000267533.1,0.2550234845036301
ENSG00000271843.1,0.2549886089426488
ENSG00000134108.14,0.25495439337529235
ENSG00000277481.1,0.25495126258734074
ENSG00000233837.1,0.25486245711769695
ENSG00000183621.15,0.2548594681431621
ENSG00000225190.11,0.25482639359091214
ENSG00000101079.21,0.25480826208256835
ENSG00000207291.1,0.2547829000709565
ENSG00000146463.12,0.25469933389792654
ENSG00000004961.15,0.2546736775856038
ENSG00000214046.9,0.25465335844531883
ENSG00000264743.2,0.2546291739242327
ENSG00000174780.17,0.2546139588240842
ENSG00000225945.1,0.25459580489748584
ENSG00000130560.9,0.2544974098483108
ENSG00000197622.13,0.2544482897728957
ENSG00000189266.13,0.25441037926055704
ENSG00000153767.10,0.2543847820760608
ENSG00000219932.6,0.25432208351502344
ENSG00000162735.19,0.25426022894306066
ENSG00000160062.15,0.2542524258858978
ENSG00000257222.1,0.2542422824499251
ENSG00000143155.13,0.2542316487335439
ENSG00000232202.1,0.254193577022314
ENSG00000214184.3,0.2541501812985335
ENSG00000164603.12,0.2540999393690568
ENSG00000100575.14,0.25407488705395526
ENSG00000213228.5,0.2540726740972328
ENSG00000166619.15,0.25406066591878895
ENSG00000277170.1,0.2540365345058362
ENSG00000130939.20,0.2540266904010487
ENSG00000268412.2,0.2540164509730892
ENSG00000242571.1,0.2540088869653538
ENSG00000287691.1,0.25400472194944157
ENSG00000244052.1,0.2540040246863606
ENSG00000110274.16,0.2540014457712525
ENSG00000248333.9,0.25396342530566995
ENSG00000125812.16,0.25384041680955616
ENSG00000236735.3,0.2536559747063038
ENSG00000230054.3,0.25364530718909023
ENSG00000161654.10,0.2536433723524734
ENSG00000024048.11,0.25363648674135075
ENSG00000072609.18,0.2536058595037528
ENSG00000107643.16,0.25360514233438486
ENSG00000175826.12,0.253596635235367
ENSG00000154889.17,0.253591728766405
ENSG00000279689.1,0.2535912902328384
ENSG00000171865.10,0.2535732545736518
ENSG00000188693.8,0.25355009930654687
ENSG00000114125.14,0.25344582600316656
ENSG00000258591.2,0.25344056143049
ENSG00000137770.14,0.25343463486910023
ENSG00000161203.13,0.2534187363675812
ENSG00000135999.12,0.25336257918924254
ENSG00000224334.1,0.2533375408962071
ENSG00000092036.18,0.2533346864594979
ENSG00000164576.12,0.25328993455838344
ENSG00000229251.3,0.2532229401787084
ENSG00000215899.3,0.2531768083205395
ENSG00000100353.18,0.2531685062186312
ENSG00000226688.7,0.2531648414229254
ENSG00000155858.6,0.25316244051358366
ENSG00000215895.4,0.2531161757633223
ENSG00000134153.10,0.25310863007216916
ENSG00000136933.17,0.2531053260070345
ENSG00000071994.11,0.2531002146599977
ENSG00000124535.16,0.25309910979129735
ENSG00000153827.14,0.2530757189752013
ENSG00000234945.8,0.2529689990365137
ENSG00000280198.1,0.2528966047071404
ENSG00000196151.11,0.252849362396297
ENSG00000156515.24,0.2528033168487503
ENSG00000135870.12,0.25278021935632483
ENSG00000214717.12,0.25277136352096374
ENSG00000253251.3,0.2526820712252438
ENSG00000114902.14,0.2526736178964239
ENSG00000111271.15,0.25264393858565504
ENSG00000128829.12,0.2526045638527026
ENSG00000198876.13,0.2525494041716865
ENSG00000167112.10,0.25254760045815106
ENSG00000178951.9,0.25246918471403523
ENSG00000272764.1,0.2524614024092478
ENSG00000123427.17,0.2524576727838906
ENSG00000164118.13,0.2524408952716592
ENSG00000243646.10,0.25243591563572365
ENSG00000130703.17,0.2523038209911034
ENSG00000170291.15,0.25229829379580015
ENSG00000168566.13,0.25228566068030334
ENSG00000279306.1,0.25228022627434116
ENSG00000184014.8,0.25227263111192944
ENSG00000183624.14,0.2522314238410118
ENSG00000113597.18,0.25217457720045516
ENSG00000100324.14,0.25217071877435965
ENSG00000162923.17,0.25210637247267137
ENSG00000159579.14,0.2520778222891924
ENSG00000108953.17,0.25203641665328164
ENSG00000132406.12,0.25200209596490203
ENSG00000186132.15,0.2519583259858021
ENSG00000198356.12,0.2519582408148339
ENSG00000225169.1,0.2519535866701652
ENSG00000263276.1,0.2519400038687171
ENSG00000103194.16,0.2519373569125463
ENSG00000260174.1,0.25192616062424283
ENSG00000230424.1,0.25188436061456065
ENSG00000272834.1,0.25188000715768294
ENSG00000162928.9,0.25185639070058535
ENSG00000257365.8,0.2518109239159898
ENSG00000053770.12,0.25177827530921604
ENSG00000144791.10,0.25176519657672264
ENSG00000269656.1,0.25173739129832834
ENSG00000204104.12,0.25171341033955774
ENSG00000128609.16,0.2516622781851035
ENSG00000204253.4,0.2516621465904305
ENSG00000227963.1,0.251657745589431
ENSG00000116044.16,0.2516557742521614
ENSG00000158615.9,0.25163459228821244
ENSG00000174173.7,0.2516312002050039
ENSG00000148606.13,0.25156104896688014
ENSG00000070269.14,0.2515462626675357
ENSG00000182831.12,0.2515434082377678
ENSG00000108523.16,0.25152178537816827
ENSG00000105438.9,0.25148271397920985
ENSG00000258643.6,0.25146057298504737
ENSG00000170322.14,0.2513784611524057
ENSG00000276291.5,0.251368626626101
ENSG00000137871.20,0.2513536974324223
ENSG00000033800.14,0.2513101330239493
ENSG00000070610.14,0.2512737074688366
ENSG00000136811.16,0.2512578352810644
ENSG00000259020.3,0.2512463893554612
ENSG00000106299.8,0.25123011464474826
ENSG00000012983.11,0.2512123330516139
ENSG00000139684.15,0.25117444116831084
ENSG00000245008.4,0.25117424565969376
ENSG00000047932.14,0.25110660279568975
ENSG00000159658.14,0.25108266617596725
ENSG00000184100.6,0.25107840732230546
ENSG00000273716.2,0.2510301395639536
ENSG00000196453.8,0.2510262319576348
ENSG00000100916.14,0.2510000275764005
ENSG00000122481.17,0.2509863356485721
ENSG00000125651.14,0.2509708157660172
ENSG00000136930.13,0.2508757566124438
ENSG00000234141.1,0.25087245389117463
ENSG00000105726.17,0.2508715372461569
ENSG00000212452.1,0.2508264636134606
ENSG00000148950.11,0.250800755148474
ENSG00000197555.9,0.25078548611555357
ENSG00000025800.14,0.2507829665521824
ENSG00000165416.15,0.25074292995584246
ENSG00000091140.14,0.25073811929938467
ENSG00000142961.15,0.2507167541419438
ENSG00000230783.1,0.2507166048516964
ENSG00000260898.6,0.2507110802863426
ENSG00000254481.1,0.2507096668772794
ENSG00000169871.13,0.25069968089073047
ENSG00000096401.8,0.2506459077377597
ENSG00000151247.12,0.25064286345621684
ENSG00000230124.8,0.25057157651516615
ENSG00000100014.20,0.2505390276312221
ENSG00000120733.14,0.2505285078702311
ENSG00000228395.2,0.2505131417049121
ENSG00000119401.11,0.2505035476589707
ENSG00000146802.13,0.25050159712935766
ENSG00000236992.2,0.25048260427405833
ENSG00000013561.18,0.2504463856631765
ENSG00000257511.1,0.2504396518348431
ENSG00000286688.1,0.2504254660332844
ENSG00000213881.3,0.2504023003026305
ENSG00000149483.12,0.2503709097693821
ENSG00000127837.10,0.250345753387602
ENSG00000158985.14,0.2502642749415519
ENSG00000101782.15,0.25025059359080487
ENSG00000137522.18,0.25020754503381365
ENSG00000133030.22,0.25020170993313323
ENSG00000165934.13,0.2502007047334612
ENSG00000074582.15,0.2501959457858698
ENSG00000115459.18,0.2501910347137839
ENSG00000119844.15,0.25015423782126633
ENSG00000225648.5,0.2501360084650581
ENSG00000186416.17,0.2501286090486466
ENSG00000109919.10,0.2501077855231733
ENSG00000250365.7,0.25009148416949173
ENSG00000100949.14,0.250084428046017
ENSG00000198900.6,0.25003015255973865
ENSG00000134058.12,0.25002020115811713
ENSG00000133393.13,0.24987462918816464
ENSG00000109180.15,0.24986300814681744
ENSG00000108861.9,0.2498024350040055
ENSG00000196204.12,0.24979302516941387
ENSG00000284512.1,0.2497807674864991
ENSG00000115694.15,0.2497434016972079
ENSG00000164615.6,0.24971856409929533
ENSG00000270228.1,0.24966227087823162
ENSG00000122565.19,0.2495232586980238
ENSG00000078967.13,0.24946445221842709
ENSG00000226849.1,0.24946308259274086
ENSG00000082258.13,0.2494422066858433
ENSG00000115827.14,0.2494323762583972
ENSG00000164024.12,0.24934758813913643
ENSG00000180901.11,0.24923738028579118
ENSG00000122376.12,0.24908450570547452
ENSG00000252202.1,0.24904781835692896
ENSG00000215840.3,0.24904639420493904
ENSG00000132676.16,0.24902186757866204
ENSG00000056097.16,0.24897428254369527
ENSG00000168264.10,0.24892869971967935
ENSG00000143612.21,0.24892121234218922
ENSG00000177125.5,0.2488710250384268
ENSG00000141127.15,0.24883718091130597
ENSG00000197912.16,0.2487667823303402
ENSG00000214367.9,0.24866881862115398
ENSG00000286634.1,0.24865169230147774
ENSG00000186591.13,0.24864253048639365
ENSG00000186184.19,0.2486151658925275
ENSG00000102978.13,0.24859969389278352
ENSG00000213625.9,0.24859045604033841
ENSG00000148297.16,0.24858781065835248
ENSG00000127483.19,0.2485541721250443
ENSG00000169251.13,0.248553374917514
ENSG00000205937.12,0.2485492351207196
ENSG00000110048.12,0.24847694149907962
ENSG00000253352.10,0.24846947549242693
ENSG00000250909.1,0.24844867216621758
ENSG00000172113.9,0.24843805096067823
ENSG00000224993.3,0.2484233100529079
ENSG00000122068.13,0.2483749377352641
ENSG00000204439.4,0.24834441949142882
ENSG00000047621.12,0.24828991086532304
ENSG00000237836.6,0.24828663426387987
ENSG00000100221.10,0.24818918837255646
ENSG00000189403.15,0.24818214935332272
ENSG00000122033.14,0.24806615964246925
ENSG00000055044.11,0.2480598288488046
ENSG00000160094.15,0.24802774300650043
ENSG00000285816.1,0.2480080484142158
ENSG00000049883.15,0.24800231914296794
ENSG00000213036.3,0.24797254762698687
ENSG00000137106.18,0.2479435135059882
ENSG00000168374.11,0.24792795272439827
ENSG00000183475.13,0.24792256372668922
ENSG00000279392.1,0.24785361169503664
ENSG00000272854.1,0.2478342952526616
ENSG00000172409.6,0.247828456766891
ENSG00000068654.16,0.24781394769339413
ENSG00000133422.14,0.2478135929419453
ENSG00000172315.6,0.24780572096074213
ENSG00000177683.14,0.2477881381869097
ENSG00000137824.16,0.24775081785911254
ENSG00000147144.13,0.24773643655395014
ENSG00000100897.18,0.24773286969979824
ENSG00000258813.2,0.24768528771077292
ENSG00000188215.10,0.24762318581511425
ENSG00000110583.13,0.2476201051107524
ENSG00000137207.12,0.2476115682350172
ENSG00000139977.14,0.24760721599937743
ENSG00000105993.15,0.24758354970821894
ENSG00000162604.12,0.24756596779500142
ENSG00000173812.11,0.2475317391651001
ENSG00000134697.13,0.24752903509862778
ENSG00000163374.19,0.24752690838713462
ENSG00000135823.14,0.2475155352598933
ENSG00000269907.1,0.24749439829433628
ENSG00000129245.12,0.24748890753599817
ENSG00000111786.9,0.24745542948045068
ENSG00000136878.14,0.2474333354445811
ENSG00000180098.9,0.24738843172321304
ENSG00000075568.17,0.24736258556782892
ENSG00000177352.10,0.24734786223677613
ENSG00000127314.18,0.24734419172680272
ENSG00000133773.12,0.2473307247416937
ENSG00000254397.1,0.247230211363041
ENSG00000144401.14,0.247163801511842
ENSG00000070061.16,0.24715427728090458
ENSG00000115652.15,0.247117032854147
ENSG00000160194.18,0.2471150854978315
ENSG00000103091.15,0.2470520096647431
ENSG00000262497.1,0.24691494084988796
ENSG00000196663.16,0.24687820754905157
ENSG00000269318.1,0.2468477068069437
ENSG00000110871.15,0.2468417799171877
ENSG00000155329.12,0.24683557358982983
ENSG00000136861.18,0.24678391938497396
ENSG00000178988.11,0.246763156160425
ENSG00000183955.13,0.24676183835304297
ENSG00000165819.12,0.24674217761220976
ENSG00000261723.1,0.2467332151528826
ENSG00000133193.12,0.24670269927656277
ENSG00000244038.11,0.24670116450212243
ENSG00000162430.17,0.24665887325345692
ENSG00000166848.7,0.2465613696468034
ENSG00000110514.19,0.24653446542013918
ENSG00000233084.2,0.24652422763941054
ENSG00000271751.1,0.24641662642499168
ENSG00000288066.1,0.24640458911251806
ENSG00000103061.13,0.24634302785749862
ENSG00000278002.1,0.24630264297328114
ENSG00000154114.12,0.24630038855119682
ENSG00000125447.18,0.24623923217871768
ENSG00000119013.9,0.24621741931490557
ENSG00000128534.8,0.24617766474487984
ENSG00000173275.13,0.2461504456933029
ENSG00000232150.3,0.24612291180643575
ENSG00000125375.16,0.24607189053360545
ENSG00000196455.8,0.24604109384625586
ENSG00000270878.1,0.2459693710719323
ENSG00000233509.2,0.245919036216441
ENSG00000244490.1,0.2458911463318611
ENSG00000103423.14,0.24589081742857033
ENSG00000232499.2,0.2458635244209414
ENSG00000196968.11,0.2457912911224583
ENSG00000187147.18,0.24576280616200702
ENSG00000273240.1,0.24575274927468413
ENSG00000018189.13,0.24573258824803323
ENSG00000149930.18,0.24572079052954587
ENSG00000258608.1,0.245683604832645
ENSG00000197798.9,0.24567743038195342
ENSG00000101266.19,0.24566341031928754
ENSG00000186272.13,0.24566174242223182
ENSG00000224208.1,0.24565214520621795
ENSG00000187109.15,0.24557083219605322
ENSG00000186141.9,0.24554425798726776
ENSG00000164818.16,0.24553651234686918
ENSG00000235076.2,0.24544697320252779
ENSG00000138629.16,0.24544312741822352
ENSG00000254759.1,0.24542293835217166
ENSG00000285531.1,0.24539160024463275
ENSG00000151353.15,0.2453896564541223
ENSG00000196961.13,0.24533096570915092
ENSG00000280088.1,0.24532566125216831
ENSG00000242952.1,0.24530209611718165
ENSG00000229567.1,0.2452741796890769
ENSG00000286045.1,0.24525900828720193
ENSG00000178660.6,0.24515462222419956
ENSG00000068400.13,0.2451417408046766
ENSG00000172661.19,0.24509135698091092
ENSG00000139405.16,0.24505791561436618
ENSG00000259531.2,0.24505415496975247
ENSG00000107960.11,0.2450326369767143
ENSG00000273363.1,0.24502804432572678
ENSG00000167881.15,0.24500666130357288
ENSG00000258645.2,0.24491450428886266
ENSG00000035928.16,0.2448881952480628
ENSG00000083812.12,0.24477528765218978
ENSG00000087470.18,0.2447735216644618
ENSG00000114021.12,0.24474195074724617
ENSG00000137500.9,0.2446817119328723
ENSG00000032389.13,0.24466108804566045
ENSG00000084112.15,0.24465958713043753
ENSG00000144034.16,0.24465745054242846
ENSG00000186566.13,0.24465343505985704
ENSG00000204574.14,0.24464020254276375
ENSG00000228436.3,0.2446327983807924
ENSG00000269743.3,0.24462215901603
ENSG00000168152.13,0.24458512666993054
ENSG00000119537.18,0.24458294029299224
ENSG00000275106.1,0.24457542220916142
ENSG00000287697.1,0.24456733662631613
ENSG00000101966.13,0.24456155813925107
ENSG00000243389.1,0.24450557560966282
ENSG00000175730.8,0.24447381420072414
ENSG00000133641.18,0.24446249824848174
ENSG00000187753.13,0.24445740339713992
ENSG00000129484.14,0.24444902877528232
ENSG00000236432.8,0.24442914849061348
ENSG00000105939.13,0.2444202695055217
ENSG00000119185.13,0.24439476407988986
ENSG00000070413.20,0.24438833342038585
ENSG00000104142.11,0.24435564503058096
ENSG00000282978.1,0.2443009215439704
ENSG00000152382.6,0.24426104422577197
ENSG00000251330.3,0.2442554656307011
ENSG00000205765.9,0.2442043014656442
ENSG00000242457.1,0.2441670888544626
ENSG00000146535.14,0.24411936702498677
ENSG00000106305.10,0.24410638338687102
ENSG00000274765.1,0.24398214237902682
ENSG00000243989.9,0.24397450926188707
ENSG00000172845.17,0.2439623926890501
ENSG00000176261.15,0.24391790108687514
ENSG00000139131.13,0.24386717397426952
ENSG00000258099.1,0.24385337106700197
ENSG00000124228.14,0.24385040145583983
ENSG00000225921.7,0.24382961534898076
ENSG00000152234.16,0.24382815614828493
ENSG00000143933.19,0.24382657445858616
ENSG00000111843.14,0.24380934355509715
ENSG00000113583.8,0.2437711275714979
ENSG00000078142.13,0.24370706100254308
ENSG00000197579.8,0.24369292400020304
ENSG00000224831.3,0.24367575877873424
ENSG00000168137.18,0.2436630378298743
ENSG00000118197.14,0.24365273710638422
ENSG00000134265.13,0.24360356950904868
ENSG00000138085.17,0.24354904068366526
ENSG00000143740.14,0.24354544805098102
ENSG00000100335.15,0.24354281795478167
ENSG00000155959.12,0.24354279963523193
ENSG00000075089.9,0.24343864995392722
ENSG00000137814.12,0.24343827932148743
ENSG00000277595.1,0.24343121736260165
ENSG00000226855.1,0.243400681933824
ENSG00000106993.12,0.24326898711877543
ENSG00000163634.12,0.24321177835051397
ENSG00000198793.13,0.24317648753571086
ENSG00000227382.1,0.24314345592792233
ENSG00000004534.15,0.24314127544487316
ENSG00000100938.18,0.24313676343178567
ENSG00000145907.16,0.24311274800780702
ENSG00000197808.12,0.24307526908722746
ENSG00000113269.14,0.2430491445034681
ENSG00000057935.14,0.2429498031665087
ENSG00000273245.1,0.24291691787551023
ENSG00000260269.5,0.24289078412126894
ENSG00000141446.11,0.2428760677912139
ENSG00000132286.12,0.2428617582902932
ENSG00000177613.9,0.2428288400633765
ENSG00000139636.15,0.24280343068569576
ENSG00000119509.13,0.24278847718961014
ENSG00000144909.8,0.2427878858974445
ENSG00000183520.12,0.2427802212616053
ENSG00000231414.1,0.24277343320691863
ENSG00000110429.14,0.2427555074898168
ENSG00000231043.3,0.24273634569254343
ENSG00000078699.22,0.24270681866591862
ENSG00000126945.9,0.24265784257379971
ENSG00000004975.12,0.24264736225631606
ENSG00000235795.1,0.24262230737774965
ENSG00000105705.16,0.2425987560114122
ENSG00000257243.1,0.24249247371919702
ENSG00000124279.12,0.24244648789539522
ENSG00000023608.5,0.24236237978473865
ENSG00000140941.14,0.24234891193802538
ENSG00000244073.1,0.24234341728329095
ENSG00000197863.9,0.24234027050814372
ENSG00000177669.4,0.24232463106403
ENSG00000197136.4,0.2423189277626895
ENSG00000169905.13,0.24222952720620658
ENSG00000079387.14,0.24222895379287457
ENSG00000089775.12,0.24222610586762502
ENSG00000124782.20,0.2422240406955311
ENSG00000067182.8,0.2422142789488932
ENSG00000214753.4,0.24218391662111333
ENSG00000052841.15,0.2421317364189407
ENSG00000217241.1,0.2421295115107175
ENSG00000163743.13,0.2421179630906841
ENSG00000090905.19,0.242104857789839
ENSG00000278986.1,0.24207509323030219
ENSG00000286136.2,0.2420436723548349
ENSG00000110442.12,0.24203073380052667
ENSG00000213152.5,0.24201349010267106
ENSG00000131467.11,0.24201071799960885
ENSG00000202441.2,0.24197730322216826
ENSG00000105397.14,0.24196580151910305
ENSG00000180957.18,0.24194860632106585
ENSG00000269921.1,0.24194018873839324
ENSG00000165055.16,0.24190657794110684
ENSG00000272146.6,0.24185403033786998
ENSG00000106638.17,0.2418000284333158
ENSG00000139433.11,0.2416979754605873
ENSG00000274902.1,0.24168849387877195
ENSG00000140455.17,0.24166741134145187
ENSG00000260830.1,0.24165532042379062
ENSG00000145901.16,0.24162261905568333
ENSG00000132388.12,0.24158990873940608
ENSG00000156502.14,0.2415561096660206
ENSG00000170946.15,0.24149420790705928
ENSG00000168291.13,0.24149193063015278
ENSG00000142230.13,0.24147339939625845
ENSG00000226666.1,0.24143027555312285
ENSG00000146834.14,0.24138948427108894
ENSG00000188460.4,0.24136598149933974
ENSG00000236498.1,0.24130199383524192
ENSG00000270083.1,0.24123779538396126
ENSG00000173145.11,0.24122774757194715
ENSG00000101928.13,0.2412097488800863
ENSG00000009307.16,0.24114174884695858
ENSG00000170296.10,0.2411197765372418
ENSG00000204745.4,0.2411116302632129
ENSG00000158796.17,0.2411106491182821
ENSG00000054611.14,0.2411037525834167
ENSG00000112146.17,0.24109357771937112
ENSG00000118816.11,0.24105015663766585
ENSG00000114686.9,0.2410047176265197
ENSG00000140632.17,0.24096872979857578
ENSG00000272656.1,0.24095512300643618
ENSG00000236577.1,0.24095165903296148
ENSG00000100722.20,0.2409171810443778
ENSG00000120709.11,0.2408735027350238
ENSG00000100325.15,0.2408442284397241
ENSG00000050426.16,0.24081166728880093
ENSG00000267544.1,0.24079018300801489
ENSG00000186660.15,0.2407744283749498
ENSG00000105887.11,0.24065282664637744
ENSG00000131013.4,0.24062315219591432
ENSG00000170275.15,0.24059653701766487
ENSG00000275389.1,0.2405592283450387
ENSG00000226009.2,0.24052180914001592
ENSG00000274523.5,0.24049712010188862
ENSG00000130638.17,0.24040494302405335
ENSG00000102921.8,0.2403475918833575
ENSG00000187257.16,0.24033142285577322
ENSG00000196428.12,0.24030158902461782
ENSG00000146109.5,0.24030044932061723
ENSG00000278009.1,0.24027691397016537
ENSG00000058600.16,0.2402362986579837
ENSG00000101442.10,0.24020083840647538
ENSG00000177951.17,0.24018197621625553
ENSG00000100227.18,0.24014979551280888
ENSG00000272914.1,0.24012619108982855
ENSG00000135624.16,0.2400978248582036
ENSG00000170855.4,0.2400712369831874
ENSG00000118600.12,0.2400567267023172
ENSG00000213149.3,0.2400328474976851
ENSG00000272540.1,0.2399163785202417
ENSG00000279800.2,0.2398408633133002
ENSG00000160049.12,0.23981951156055809
ENSG00000272226.1,0.23981127832870072
ENSG00000100890.16,0.23976981686438373
ENSG00000173674.11,0.23974914090068805
ENSG00000165689.17,0.23974843755251068
ENSG00000288674.1,0.23970688459565823
ENSG00000267658.1,0.2396212068199471
ENSG00000109536.12,0.2395969810571901
ENSG00000213406.3,0.2395772786647702
ENSG00000149480.7,0.23956450869967064
ENSG00000134851.13,0.23953355347334365
ENSG00000068784.13,0.23952086053224259
ENSG00000272305.5,0.23951714540748728
ENSG00000134996.12,0.23948295096247502
ENSG00000111707.12,0.23939048577792926
ENSG00000261124.1,0.23935707134845655
ENSG00000108039.18,0.23935566027009514
ENSG00000229870.1,0.2393361013378974
ENSG00000214770.3,0.23927028773586925
ENSG00000092094.11,0.23927005154499378
ENSG00000105568.18,0.2392507209747875
ENSG00000023318.8,0.23915137492545985
ENSG00000175115.13,0.23914554011129963
ENSG00000276571.1,0.2391104674907468
ENSG00000171970.13,0.23905337310742136
ENSG00000005801.18,0.23903548001598476
ENSG00000021574.13,0.2389908944550558
ENSG00000080845.18,0.23894317001326412
ENSG00000112701.18,0.23892603188221104
ENSG00000164080.13,0.23890803522349907
ENSG00000174236.4,0.23886745790215336
ENSG00000198856.13,0.23886255353963187
ENSG00000083093.10,0.23884669499523206
ENSG00000122435.10,0.2387850386869865
ENSG00000166261.11,0.23874776703632172
ENSG00000119203.14,0.23870730349615582
ENSG00000242276.2,0.23866622217521252
ENSG00000169981.11,0.23865042412536674
ENSG00000163938.17,0.23862363123853156
ENSG00000006715.16,0.2385773427360721
ENSG00000165526.9,0.23851730855827036
ENSG00000180398.13,0.23850762908993364
ENSG00000182220.15,0.23850416524518067
ENSG00000231074.9,0.23849570784546523
ENSG00000138442.10,0.23847299175567924
ENSG00000287009.1,0.23847170082590755
ENSG00000133704.10,0.2383310687018987
ENSG00000136319.12,0.23822610719846368
ENSG00000257773.1,0.2382226973612224
ENSG00000139641.13,0.23821536445469266
ENSG00000230362.1,0.23820642422740498
ENSG00000115661.14,0.23818237809579615
ENSG00000089154.11,0.23810969120531275
ENSG00000204209.13,0.23810373890782421
ENSG00000162959.13,0.23807885215346886
ENSG00000188725.8,0.2380539131298262
ENSG00000107077.19,0.23803371179135416
ENSG00000143549.21,0.2379344952947428
ENSG00000116266.11,0.23793074425572244
ENSG00000226457.1,0.23775413740956727
ENSG00000136631.15,0.23769034455880086
ENSG00000272886.6,0.23767452041917936
ENSG00000100109.17,0.2376632030649782
ENSG00000247315.4,0.23765936659142306
ENSG00000110955.9,0.23755826300049057
ENSG00000136937.13,0.23754753345436447
ENSG00000131381.12,0.23749345992451812
ENSG00000250938.6,0.23748701051156543
ENSG00000258301.3,0.23746392922177606
ENSG00000099968.18,0.23745881043195907
ENSG00000183258.12,0.23738809155622242
ENSG00000272402.1,0.2373703498180656
ENSG00000157184.7,0.23736874249052353
ENSG00000132773.12,0.23733771655447797
ENSG00000153560.12,0.2373362337320769
ENSG00000093183.14,0.23731395054049642
ENSG00000155275.19,0.23730821420785717
ENSG00000153006.16,0.23724811464027803
ENSG00000082996.20,0.23721629965644808
ENSG00000170348.9,0.23721145359731105
ENSG00000248648.1,0.23719273467897833
ENSG00000111144.10,0.2371414478699632
ENSG00000136758.19,0.23710717282271765
ENSG00000129515.20,0.23709631825847383
ENSG00000213309.3,0.2370438907556661
ENSG00000011523.14,0.23693933336065406
ENSG00000063601.17,0.23689757746113768
ENSG00000213380.16,0.2368949426659996
ENSG00000189164.15,0.23685559145137464
ENSG00000241464.3,0.2367954987649274
ENSG00000109083.14,0.23679501775619205
ENSG00000112200.17,0.23678698242529284
ENSG00000189114.8,0.23677683199131075
ENSG00000226784.3,0.2367369604204473
ENSG00000165678.21,0.23672926112417633
ENSG00000234584.1,0.23670219035380505
ENSG00000161904.12,0.23670134245562496
ENSG00000118855.21,0.2366874990948144
ENSG00000197724.11,0.23665428569278926
ENSG00000080189.15,0.23662174888716683
ENSG00000196419.13,0.23661250404382242
ENSG00000230364.1,0.23660469794680014
ENSG00000134452.20,0.2365968688652898
ENSG00000148730.7,0.23651602052330706
ENSG00000085449.15,0.2364924230056323
ENSG00000184634.16,0.23646232616885424
ENSG00000119242.9,0.2364545372040154
ENSG00000165699.15,0.23644426263105964
ENSG00000180228.14,0.23638286293914582
ENSG00000115540.15,0.23632683996597093
ENSG00000256538.2,0.23629473118534894
ENSG00000143437.21,0.23629377754450084
ENSG00000185651.15,0.2362617542721608
ENSG00000118900.15,0.23604184868814068
ENSG00000170222.12,0.23603377924731833
ENSG00000221909.3,0.23603053115379868
ENSG00000259051.1,0.23599609853876635
ENSG00000110321.19,0.23593447145087065
ENSG00000136935.14,0.23592968290575925
ENSG00000136718.10,0.23589179797271273
ENSG00000126804.13,0.23586988153092525
ENSG00000109171.15,0.23586083420975473
ENSG00000135241.17,0.2357828048631884
ENSG00000157349.17,0.23576782496349888
ENSG00000124596.17,0.23572811702537114
ENSG00000164305.19,0.23566614989838236
ENSG00000233045.1,0.2356262097490301
ENSG00000109270.13,0.23558141720020512
ENSG00000130958.13,0.2355521512662279
ENSG00000135334.9,0.23550752615619683
ENSG00000258477.1,0.23548199538894582
ENSG00000233588.1,0.23546012857603016
ENSG00000167118.11,0.23543125856020905
ENSG00000236297.1,0.2354054623804157
ENSG00000148153.14,0.23539502625879027
ENSG00000213753.11,0.2353876012966757
ENSG00000068885.15,0.23537871896157508
ENSG00000048544.6,0.23520889467680642
ENSG00000089597.18,0.2351739254011687
ENSG00000188542.10,0.23516649307364032
ENSG00000154743.18,0.2351418788999315
ENSG00000248664.1,0.23513669636197201
ENSG00000058262.10,0.23513611053430955
ENSG00000255529.9,0.23511790571161778
ENSG00000213341.11,0.2350974427654893
ENSG00000106245.11,0.23508314845987127
ENSG00000149474.14,0.23507580275323908
ENSG00000285509.1,0.23505002333224895
ENSG00000102606.18,0.23502706584337932
ENSG00000171497.5,0.2349875601282528
ENSG00000227345.8,0.23498266127204973
ENSG00000106636.9,0.23496032836362296
ENSG00000168228.15,0.2349246401482726
ENSG00000166133.18,0.23492161935292097
ENSG00000140319.11,0.23490327711037964
ENSG00000236330.1,0.23483888482382181
ENSG00000144736.14,0.23483718640274576
ENSG00000205423.11,0.2348062301291195
ENSG00000119878.6,0.23479397856675718
ENSG00000251400.1,0.23478116380042502
ENSG00000103264.18,0.2347136848932487
ENSG00000092208.17,0.234692717526105
ENSG00000134987.11,0.23469047185062622
ENSG00000107263.18,0.23468306729277733
ENSG00000185798.8,0.23463440854029002
ENSG00000177757.2,0.23459636634128025
ENSG00000230777.1,0.2345767936434423
ENSG00000112739.17,0.23457121406506493
ENSG00000079950.14,0.23454969407133477
ENSG00000131100.13,0.23442834340907012
ENSG00000115289.14,0.23441018044353854
ENSG00000265241.7,0.23433513026393327
ENSG00000240776.1,0.23430638765559553
ENSG00000204178.11,0.2342347932329631
ENSG00000172006.12,0.23419616395679776
ENSG00000100664.11,0.23410106518621104
ENSG00000235413.3,0.23406476638597146
ENSG00000170468.8,0.23404579097843936
ENSG00000164654.16,0.23403195933262086
ENSG00000101346.14,0.23387794329742545
ENSG00000157881.16,0.23383951438886708
ENSG00000181555.21,0.23377234944796974
ENSG00000204351.12,0.23376268259135835
ENSG00000123600.20,0.23375800340323996
ENSG00000102241.12,0.23374989990562056
ENSG00000112983.18,0.2336926476449211
ENSG00000183864.5,0.233671574267244
ENSG00000197362.15,0.23363888834083835
ENSG00000230021.10,0.23362312702336613
ENSG00000147905.18,0.23361071359705676
ENSG00000066455.13,0.23360876182317505
ENSG00000168763.16,0.23356944425621737
ENSG00000135972.9,0.23350629552088445
ENSG00000114867.22,0.23348684018791202
ENSG00000178234.13,0.2334354554070691
ENSG00000151065.14,0.23342774882340675
ENSG00000188283.11,0.23342185337065657
ENSG00000141026.6,0.23339430389619398
ENSG00000171574.18,0.23338898853279047
ENSG00000151148.14,0.2333607066271698
ENSG00000172171.11,0.23327801516995358
ENSG00000119402.17,0.23322359007773488
ENSG00000267692.1,0.23316754496902364
ENSG00000230299.1,0.23307359719634238
ENSG00000125676.20,0.23306882031783946
ENSG00000260891.1,0.23305090840720086
ENSG00000119231.11,0.23298609432776124
ENSG00000132823.11,0.23298342055416504
ENSG00000114354.15,0.23296893023916698
ENSG00000154174.8,0.2329306223193823
ENSG00000252916.1,0.23288990416732658
ENSG00000272158.1,0.23288626108099772
ENSG00000151665.13,0.2328633821554921
ENSG00000141551.14,0.23283750043289578
ENSG00000108219.15,0.23281597920771674
ENSG00000115364.14,0.23275235450483595
ENSG00000166454.10,0.23275179612301233
ENSG00000182318.6,0.23272612031524403
ENSG00000108100.18,0.23271626448904628
ENSG00000272910.1,0.23271514403253732
ENSG00000197062.11,0.23268746285561748
ENSG00000231351.2,0.23266684289648046
ENSG00000265010.1,0.2326565248365545
ENSG00000068394.11,0.23261422260817993
ENSG00000100802.15,0.2324956594334889
ENSG00000116786.13,0.23243894588312847
ENSG00000160310.18,0.23243280408309017
ENSG00000184939.16,0.23241668671032134
ENSG00000171148.13,0.23240680253047355
ENSG00000196860.8,0.23240198686755434
ENSG00000256278.1,0.23238093666148807
ENSG00000169612.4,0.2323788545018188
ENSG00000183255.12,0.2323726890245449
ENSG00000240854.1,0.23235035364428233
ENSG00000137076.21,0.23234543344649333
ENSG00000115368.10,0.23232983967985388
ENSG00000109184.15,0.2323294512835492
ENSG00000167378.8,0.23230800367602836
ENSG00000233131.1,0.2322889727221189
ENSG00000163832.16,0.23223067544426373
ENSG00000145241.11,0.2321471683116906
ENSG00000142784.16,0.23211255434453554
ENSG00000160563.14,0.23208801534521137
ENSG00000215712.11,0.232070930892466
ENSG00000263050.1,0.23201003428975378
ENSG00000101247.18,0.2318781976547237
ENSG00000231942.3,0.23181860540271007
ENSG00000274918.1,0.23180081425602778
ENSG00000140326.13,0.2317985879991025
ENSG00000115677.17,0.23164225603787403
ENSG00000158156.9,0.23162459073324285
ENSG00000144224.17,0.231623045958734
ENSG00000204120.16,0.2316012007139576
ENSG00000100554.12,0.2315986587366427
ENSG00000139990.18,0.23159282448867285
ENSG00000067601.8,0.2315922259614433
ENSG00000213864.3,0.23157180557009638
ENSG00000154727.11,0.2315214249970472
ENSG00000232439.1,0.2315097258216612
ENSG00000068745.15,0.23149509695626305
ENSG00000185607.5,0.23148367558106211
ENSG00000166797.11,0.23143515939343393
ENSG00000261131.1,0.2314126688760328
ENSG00000165527.7,0.2313320341275087
ENSG00000108654.16,0.23132902746823952
ENSG00000274015.2,0.2313101795570076
ENSG00000187118.14,0.23122592218371063
ENSG00000212541.1,0.2311052857679167
ENSG00000116120.11,0.2310535067827138
ENSG00000009954.11,0.23102215667265336
ENSG00000078140.14,0.2309918281156029
ENSG00000198668.13,0.23096760467352162
ENSG00000171311.13,0.23087796800296162
ENSG00000233266.1,0.23084332526510765
ENSG00000099290.17,0.2308330869032506
ENSG00000116906.13,0.23081563258892643
ENSG00000127463.15,0.2307737136511045
ENSG00000166233.15,0.23073895849348144
ENSG00000167461.12,0.23071924044593856
ENSG00000137876.11,0.23066816820799166
ENSG00000163807.6,0.2306025770764209
ENSG00000171103.11,0.23059038218111744
ENSG00000211456.13,0.23056868255114663
ENSG00000137804.14,0.23054129546141047
ENSG00000130177.16,0.23053514527777944
ENSG00000110619.18,0.23052106693432137
ENSG00000125388.20,0.23047861689050256
ENSG00000220875.1,0.23043092304732868
ENSG00000100380.14,0.230429092780996
ENSG00000163512.14,0.23041242624650798
ENSG00000004487.17,0.23039061155432217
ENSG00000115761.16,0.2303653531815579
ENSG00000252061.1,0.23034127376477018
ENSG00000167182.15,0.2303351582381166
ENSG00000152348.16,0.23024055846382857
ENSG00000153147.6,0.2302384148441663
ENSG00000091164.13,0.2302039109035861
ENSG00000105556.11,0.23019309142135028
ENSG00000140307.11,0.230126578913723
ENSG00000177663.14,0.23012111149810838
ENSG00000083544.16,0.2300898848414393
ENSG00000106554.13,0.23007433745932765
ENSG00000185019.17,0.23000974144539138
ENSG00000228251.1,0.2299591516566827
ENSG00000174840.9,0.2299439239412072
ENSG00000101138.12,0.22993818269965638
ENSG00000101811.14,0.2299101611237992
ENSG00000196363.9,0.22990846928244643
ENSG00000228335.1,0.22988227412218748
ENSG00000114353.17,0.22979815598454603
ENSG00000235354.1,0.22979521410007475
ENSG00000160305.18,0.22979046419324764
ENSG00000204152.14,0.2296763936827174
ENSG00000276663.1,0.22964929647418447
ENSG00000213695.3,0.22963696862186628
ENSG00000123352.18,0.22962010208098352
ENSG00000130254.12,0.22949782641006372
ENSG00000113384.14,0.22945400714041392
ENSG00000169375.16,0.22941568646945995
ENSG00000276651.1,0.22937301050466
ENSG00000233859.2,0.229346770446743
ENSG00000171490.13,0.22927869295494852
ENSG00000085982.14,0.22925197109973466
ENSG00000103966.11,0.2290933339367557
ENSG00000036054.13,0.2290749379414775
ENSG00000187953.10,0.22905270740917255
ENSG00000117697.15,0.22905266240518965
ENSG00000135018.14,0.22900452022186502
ENSG00000004866.22,0.22888158369027614
ENSG00000177889.10,0.22886860126708064
ENSG00000257790.1,0.2288010106619131
ENSG00000234608.8,0.22874973842784732
ENSG00000261242.1,0.22872743235163315
ENSG00000164329.13,0.22869151786826789
ENSG00000136870.10,0.2285115544346496
ENSG00000227253.3,0.22829944964140622
ENSG00000164253.14,0.22825148578084073
ENSG00000213290.4,0.22814748929043355
ENSG00000225695.1,0.2280804136479571
ENSG00000131115.16,0.22807917832369268
ENSG00000142444.7,0.22806789570863006
ENSG00000138002.16,0.22806060341803588
ENSG00000108591.10,0.22804448365215652
ENSG00000185344.15,0.2280312808576766
ENSG00000160216.21,0.22797166243626155
ENSG00000198105.15,0.22787333824319758
ENSG00000087263.17,0.22777576345673173
ENSG00000275120.3,0.22775666922680315
ENSG00000224321.1,0.22759550025252143
ENSG00000111481.10,0.22750938186115352
ENSG00000165630.14,0.22749778340961455
ENSG00000170260.9,0.2274943718776447
ENSG00000099942.13,0.22748824907532905
ENSG00000107929.15,0.2273976346686022
ENSG00000151611.16,0.22732418728985002
ENSG00000136738.15,0.2273014874770438
ENSG00000103343.13,0.22727644301737096
ENSG00000260927.2,0.22724493434740003
ENSG00000252965.1,0.22715207355528233
ENSG00000120860.11,0.2271279088450469
ENSG00000166189.8,0.2270648257923354
ENSG00000242262.1,0.226978590396915
ENSG00000235001.3,0.22691057803215053
ENSG00000136936.11,0.22681153675575533
ENSG00000014641.21,0.22677405885556867
ENSG00000154144.13,0.22676456622524857
ENSG00000051009.11,0.22673061209582168
ENSG00000286602.1,0.22672680084432245
ENSG00000240463.1,0.22667327912907828
ENSG00000185963.14,0.2266067588350933
ENSG00000145740.19,0.22660642846893758
ENSG00000140395.9,0.22659602744516785
ENSG00000198783.6,0.22654230307417558
ENSG00000006194.10,0.22638244542281927
ENSG00000170876.8,0.22631312609696713
ENSG00000136802.12,0.22628340065817726
ENSG00000271926.1,0.22626413963621567
ENSG00000277548.1,0.22625216678172502
ENSG00000138303.18,0.2261812181621218
ENSG00000144028.15,0.22601321079065928
ENSG00000139233.7,0.22600305180571384
ENSG00000234645.3,0.22595255723230384
ENSG00000198839.10,0.2259196561763336
ENSG00000163904.13,0.22591866652505618
ENSG00000175764.14,0.2259186662031015
ENSG00000143553.11,0.22590788922662958
ENSG00000228434.1,0.2258857942842237
ENSG00000256742.1,0.22584004918527423
ENSG00000249014.2,0.22573546562028873
ENSG00000119392.15,0.22573060217573016
ENSG00000279641.1,0.22569855099430133
ENSG00000224195.1,0.2256878361864841
ENSG00000136197.13,0.22565959243420927
ENSG00000075188.9,0.2256402432548244
ENSG00000132005.9,0.22546273561482488
ENSG00000241058.4,0.2254065360205178
ENSG00000198015.14,0.22539816785482022
ENSG00000275454.1,0.2253932964129421
ENSG00000175104.15,0.22539037605282092
ENSG00000110801.14,0.22538073588522456
ENSG00000129472.15,0.22526567294772323
ENSG00000239917.3,0.2252100586678009
ENSG00000075336.12,0.22519325112762675
ENSG00000171262.11,0.22519018864246815
ENSG00000101901.12,0.22508812343743118
ENSG00000148660.20,0.2250602790699238
ENSG00000140471.17,0.22505393485632383
ENSG00000119596.18,0.22502282537093762
ENSG00000071626.17,0.22496356987923566
ENSG00000243147.8,0.22496138926868697
ENSG00000214961.2,0.22495749222015896
ENSG00000151779.13,0.22493058420848838
ENSG00000146676.10,0.22490037363272164
ENSG00000175390.15,0.22488458197872435
ENSG00000141098.13,0.22471739530601262
ENSG00000139579.13,0.22465665098208754
ENSG00000121749.15,0.22459403735754524
ENSG00000164631.19,0.2245481767984158
ENSG00000092847.13,0.22453384480124314
ENSG00000114650.20,0.22452820227618528
ENSG00000166200.15,0.22452038216816222
ENSG00000101191.17,0.22448011545543511
ENSG00000232757.1,0.2243702329146877
ENSG00000272909.1,0.22436107730361665
ENSG00000197694.18,0.22421944866639773
ENSG00000132383.12,0.2241274839444166
ENSG00000255139.2,0.22406992828218886
ENSG00000234981.1,0.224053387738788
ENSG00000078061.13,0.22389854946952473
ENSG00000112031.16,0.22386187317048206
ENSG00000134086.8,0.22382191636813956
ENSG00000243725.7,0.22378372681847744
ENSG00000101844.18,0.22374245424074576
ENSG00000256464.1,0.22373563139948732
ENSG00000011376.12,0.2237073248006467
ENSG00000100601.10,0.22370464330710166
ENSG00000165861.14,0.22367319366633098
ENSG00000106052.13,0.2236410231804995
ENSG00000088247.17,0.22362563806558847
ENSG00000185085.2,0.2236214087114077
ENSG00000044115.21,0.22361309337281288
ENSG00000196975.16,0.22357623815055291
ENSG00000280353.1,0.2235708612602952
ENSG00000083937.10,0.22353538356818847
ENSG00000168256.18,0.2235254956551241
ENSG00000087087.20,0.22344866310130773
ENSG00000120333.4,0.22339065020304427
ENSG00000254477.2,0.22333257857342442
ENSG00000230793.1,0.22323294914695574
ENSG00000136521.13,0.22318916257641333
ENSG00000143207.21,0.22317511291010655
ENSG00000226310.1,0.2230785763327013
ENSG00000163348.4,0.22307492649229177
ENSG00000117543.21,0.22305206839817587
ENSG00000223922.1,0.2230046072541557
ENSG00000157916.20,0.22297216757840446
ENSG00000081791.9,0.22289374898774467
ENSG00000259917.1,0.22284873337117242
ENSG00000115310.18,0.2227693367428885
ENSG00000072756.17,0.22274844834915725
ENSG00000185104.20,0.22272624176794992
ENSG00000259032.2,0.2226489777655875
ENSG00000146282.18,0.2226347953349207
ENSG00000134882.16,0.22253281495618865
ENSG00000128789.21,0.2224045623887579
ENSG00000124532.15,0.22237879357007065
ENSG00000080822.17,0.22235702843439642
ENSG00000136932.14,0.22234527638734064
ENSG00000226055.2,0.22231851705127922
ENSG00000241889.1,0.22229087888988514
ENSG00000143569.19,0.22222386611187983
ENSG00000112308.13,0.2221451480142184
ENSG00000136875.13,0.2220271760855204
ENSG00000213672.8,0.2220204678873566
ENSG00000167487.12,0.2220167609896066
ENSG00000066135.13,0.22176672245027618
ENSG00000121940.16,0.22169502295424484
ENSG00000105879.12,0.2215221933239802
ENSG00000164074.15,0.22151774774452093
ENSG00000100888.15,0.22147615177413515
ENSG00000164073.11,0.2213892088621438
ENSG00000138382.15,0.2213711508340223
ENSG00000240914.1,0.2213248845802799
ENSG00000099991.18,0.22131354496217145
ENSG00000197713.15,0.22129063383111536
ENSG00000171469.11,0.22121959661159074
ENSG00000166135.14,0.22114860636690203
ENSG00000087302.9,0.22114098561028897
ENSG00000109775.11,0.22112151270255262
ENSG00000146576.13,0.22109487449925896
ENSG00000270503.1,0.2210080095624325
ENSG00000125863.20,0.22100288667534168
ENSG00000281849.3,0.22098920538901484
ENSG00000113048.17,0.22093607981444516
ENSG00000204310.13,0.22090767446379822
ENSG00000119929.13,0.22084272010043826
ENSG00000167065.14,0.22074858755174626
ENSG00000106344.8,0.2207443456932695
ENSG00000042088.14,0.22064788909391567
ENSG00000134330.19,0.22051690280173267
ENSG00000038274.17,0.22050358602390252
ENSG00000168488.18,0.22045781958043612
ENSG00000077147.16,0.22041066414490876
ENSG00000123472.12,0.22037037673668264
ENSG00000253559.1,0.22031815819545242
ENSG00000241127.8,0.2202955976664031
ENSG00000109920.13,0.22021751624077937
ENSG00000124214.20,0.22021582679335389
ENSG00000100823.12,0.22017013846215536
ENSG00000167257.11,0.22011494176683238
ENSG00000197157.11,0.2200896253510957
ENSG00000112763.17,0.22005219304023585
ENSG00000116489.13,0.2200093277273604
ENSG00000256167.1,0.21998869390455722
ENSG00000198799.12,0.21994876860326323
ENSG00000101843.19,0.21993325777823453
ENSG00000100220.12,0.2198879509791379
ENSG00000140598.15,0.21981073351315758
ENSG00000134046.12,0.21976595542311808
ENSG00000167110.18,0.21970893691543997
ENSG00000174238.15,0.21968064836735282
ENSG00000176407.18,0.21958090281694229
ENSG00000271228.1,0.2195552268504726
ENSG00000159479.17,0.21953249421471244
ENSG00000198522.14,0.21946951594614927
ENSG00000108424.11,0.21945416015939176
ENSG00000145388.15,0.2194375405063571
ENSG00000154001.14,0.21941405690098997
ENSG00000119048.8,0.2193520231320966
ENSG00000088205.13,0.21932827407891212
ENSG00000105723.13,0.21932313502501477
ENSG00000138674.17,0.2192112601446264
ENSG00000167986.14,0.21917722278672092
ENSG00000130717.13,0.21916563833172367
ENSG00000119777.20,0.21915414159299598
ENSG00000108651.10,0.21910073855670364
ENSG00000100201.23,0.21905429699634693
ENSG00000174695.10,0.21901691146891566
ENSG00000142686.8,0.2189929695735917
ENSG00000222011.9,0.21886167796891406
ENSG00000234127.9,0.21879283249848305
ENSG00000153066.13,0.21878142983240875
ENSG00000259075.6,0.21868798955055124
ENSG00000224680.4,0.21865104883937675
ENSG00000136536.15,0.21863614762781855
ENSG00000088833.17,0.21863188360826938
ENSG00000270031.1,0.21863166386025185
ENSG00000140259.7,0.21862942694553855
ENSG00000143727.16,0.2185713596434808
ENSG00000127125.9,0.2184899392036506
ENSG00000101367.9,0.2184636405842253
ENSG00000080815.19,0.21845102744784134
ENSG00000133028.12,0.2183667714969627
ENSG00000164828.18,0.2183585166404055
ENSG00000258359.1,0.21833670623289367
ENSG00000111364.16,0.21832452469599667
ENSG00000055211.14,0.2182707409655394
ENSG00000213588.6,0.21823024194787038
ENSG00000137074.20,0.2182130723872679
ENSG00000166716.10,0.21817571379122788
ENSG00000143889.16,0.21806687214229328
ENSG00000166986.15,0.21804119302819408
ENSG00000185115.6,0.21794998019849282
ENSG00000109689.18,0.21794873150501012
ENSG00000107372.13,0.21794529212365704
ENSG00000251192.7,0.21792486170771724
ENSG00000057757.10,0.21789574519331167
ENSG00000128694.12,0.21787906218351402
ENSG00000220157.4,0.21786971535160835
ENSG00000168303.9,0.21786838317409593
ENSG00000163900.11,0.21781833605862388
ENSG00000064726.10,0.2177734481869872
ENSG00000177302.15,0.21775379155547359
ENSG00000139746.16,0.21769642212357002
ENSG00000260038.1,0.21768085623206926
ENSG00000020256.20,0.2176133804815805
ENSG00000105085.11,0.2175514794518637
ENSG00000179152.20,0.217549300383481
ENSG00000119523.10,0.21747985114277116
ENSG00000148634.16,0.217408488879707
ENSG00000124688.14,0.21739440724576853
ENSG00000277873.1,0.21739174011014056
ENSG00000130382.9,0.21737682300213604
ENSG00000214203.4,0.2173590954114529
ENSG00000108883.13,0.21730519366229062
ENSG00000131061.14,0.21722836316506966
ENSG00000116954.8,0.21717157290749678
ENSG00000130714.18,0.21714412854985002
ENSG00000229037.2,0.2171175090011651
ENSG00000160131.13,0.2171041179725773
ENSG00000143319.17,0.21707707143693747
ENSG00000157315.5,0.21705580538913652
ENSG00000113360.16,0.2170031170178684
ENSG00000138286.15,0.21694922037668699
ENSG00000205302.7,0.2169301394218548
ENSG00000163389.12,0.21690087224107474
ENSG00000100483.14,0.21685492445545598
ENSG00000168092.14,0.21682228415417898
ENSG00000137996.13,0.21675885597173472
ENSG00000048828.17,0.2166844356577209
ENSG00000038532.16,0.21663613078333396
ENSG00000180423.4,0.2166068847578695
ENSG00000110713.17,0.2165689284420072
ENSG00000244722.1,0.21652706660067622
ENSG00000150776.18,0.2164947574950257
ENSG00000240634.1,0.2164945168448594
ENSG00000115946.8,0.21644977153810857
ENSG00000004455.17,0.21643856081540888
ENSG00000183735.11,0.21640270773910575
ENSG00000183495.14,0.21638893077158874
ENSG00000126775.9,0.2163795524549136
ENSG00000272186.1,0.21637129666548519
ENSG00000144161.13,0.21634802726558286
ENSG00000237899.1,0.21632019875196568
ENSG00000106591.4,0.2163113681430105
ENSG00000110958.16,0.216261465796957
ENSG00000271040.1,0.21623954361428332
ENSG00000197771.13,0.21621893902572706
ENSG00000159596.7,0.21620174331812222
ENSG00000119685.20,0.21615428278647442
ENSG00000172273.13,0.21612113325733193
ENSG00000152683.14,0.2161097721820197
ENSG00000141627.14,0.21605056250047375
ENSG00000115073.8,0.21599458655650575
ENSG00000115649.16,0.21595836509045038
ENSG00000176102.13,0.215906637388311
ENSG00000182180.14,0.21558755779827626
ENSG00000170248.15,0.2154494183534116
ENSG00000151576.10,0.21543882587854837
ENSG00000100425.18,0.21543031275011393
ENSG00000166295.9,0.21537383449196393
ENSG00000131236.18,0.215356098507449
ENSG00000124444.16,0.21528631699871936
ENSG00000134597.16,0.21527761281782684
ENSG00000107021.16,0.2152766468425896
ENSG00000134686.18,0.2152354567192937
ENSG00000125734.15,0.215131837670921
ENSG00000272081.1,0.21506151673490545
ENSG00000169609.14,0.21503632237678155
ENSG00000100099.21,0.21490170961798818
ENSG00000005436.14,0.21485544268989162
ENSG00000162775.16,0.21485096128306183
ENSG00000023330.15,0.2148240109450552
ENSG00000198301.12,0.21481482440909344
ENSG00000177963.14,0.21478181919657985
ENSG00000237821.1,0.21473959936756432
ENSG00000158411.11,0.21473530309171995
ENSG00000164366.4,0.2147259997003968
ENSG00000083635.8,0.21471684224079285
ENSG00000165792.18,0.21467853628026112
ENSG00000154803.13,0.2146365796269193
ENSG00000145982.13,0.2145610579896789
ENSG00000116698.21,0.21454269432246198
ENSG00000115486.12,0.21448165413639983
ENSG00000235449.2,0.21447730605215817
ENSG00000163444.12,0.21431296432889407
ENSG00000115685.15,0.21430869343031486
ENSG00000088038.19,0.2142828412528487
ENSG00000119041.11,0.2142687608124012
ENSG00000165506.15,0.21415494633117607
ENSG00000121289.18,0.2141506831774968
ENSG00000129460.16,0.21413625841886583
ENSG00000213676.13,0.21413364899349596
ENSG00000164169.13,0.21405036268593117
ENSG00000152133.16,0.2140440105455414
ENSG00000104812.15,0.21401567996002965
ENSG00000188033.10,0.21400994990495473
ENSG00000136279.21,0.21400413647370553
ENSG00000078319.10,0.2139865532125792
ENSG00000070785.17,0.21398067726819114
ENSG00000217950.4,0.21391474201878044
ENSG00000155506.18,0.21385031563383336
ENSG00000187626.9,0.21384183140242338
ENSG00000197226.13,0.21382369006722216
ENSG00000279594.1,0.2138232184474874
ENSG00000117118.10,0.21371322585126462
ENSG00000164284.15,0.21365381424473298
ENSG00000164011.18,0.21360803500633127
ENSG00000225026.1,0.2135810020778133
ENSG00000115520.8,0.21353397248058395
ENSG00000204469.13,0.21351988326397547
ENSG00000179134.15,0.21345595170406775
ENSG00000001497.18,0.2133871550906539
ENSG00000042429.12,0.2133755363644141
ENSG00000125843.11,0.21336343641368868
ENSG00000176142.13,0.21333216481882844
ENSG00000063322.15,0.2133102601621787
ENSG00000243094.1,0.2132912651176821
ENSG00000120656.12,0.21328993134101576
ENSG00000101216.11,0.21322034198833306
ENSG00000169221.14,0.2132151400288169
ENSG00000198742.10,0.21320288332682952
ENSG00000261351.2,0.21314768629807973
ENSG00000074054.20,0.2131172486246298
ENSG00000099917.17,0.21308121399864982
ENSG00000108094.16,0.21301581069524053
ENSG00000115421.13,0.21296017781254156
ENSG00000100104.13,0.2127786599169728
ENSG00000257267.3,0.21277271292688735
ENSG00000067365.15,0.21276754906589385
ENSG00000140987.20,0.21268275178101556
ENSG00000132842.14,0.21268261382542708
ENSG00000119682.17,0.21267847680557758
ENSG00000216285.5,0.21261165691344308
ENSG00000274756.1,0.21259918469381497
ENSG00000163026.12,0.21257880404051605
ENSG00000140006.11,0.21257111287868827
ENSG00000003393.15,0.2124808482196114
ENSG00000147121.16,0.21246778381829076
ENSG00000151502.11,0.21243359983275456
ENSG00000082516.9,0.21237240524840365
ENSG00000241511.1,0.21232812416730032
ENSG00000152422.16,0.21229872130849942
ENSG00000156384.14,0.21227653058061036
ENSG00000196357.12,0.21226870862921007
ENSG00000172765.17,0.21222633027662588
ENSG00000166783.22,0.2122089066888092
ENSG00000140299.13,0.21212442208444998
ENSG00000095319.14,0.21212131797670933
ENSG00000063244.13,0.21210232654717184
ENSG00000115239.24,0.2120868621804263
ENSG00000105953.15,0.212039345259362
ENSG00000094841.14,0.21200527211434825
ENSG00000236859.7,0.21193974222141923
ENSG00000160714.10,0.21190545117811083
ENSG00000244171.4,0.21190277904300842
ENSG00000163319.11,0.21188558506912777
ENSG00000181027.11,0.21186900418942942
ENSG00000242208.1,0.21175980987678
ENSG00000227492.2,0.21174428801213524
ENSG00000145833.16,0.21171748964466724
ENSG00000132906.18,0.21171663260661874
ENSG00000285458.1,0.2116336332619014
ENSG00000107566.14,0.21158460256643685
ENSG00000105700.11,0.21157320362550683
ENSG00000223309.1,0.21146291990456773
ENSG00000198728.11,0.21140208350426995
ENSG00000056050.7,0.2110645412516615
ENSG00000173914.12,0.21087975053159536
ENSG00000028310.18,0.21081947206725984
ENSG00000165775.18,0.21071031717826189
ENSG00000105829.13,0.21068209553518294
ENSG00000185753.13,0.2106417499563688
ENSG00000136807.14,0.21062865157359578
ENSG00000134001.15,0.21061066790630986
ENSG00000273454.1,0.21048638149523033
ENSG00000155508.14,0.21042885621450105
ENSG00000173548.9,0.2103897214207552
ENSG00000278344.1,0.21037905258954373
ENSG00000101558.14,0.21037300969831488
ENSG00000132153.15,0.21033293526821326
ENSG00000175220.12,0.2103189705407475
ENSG00000127804.13,0.21029258780899757
ENSG00000156256.15,0.21015790764372405
ENSG00000257376.1,0.2101474361489038
ENSG00000090372.15,0.21006292730995382
ENSG00000072849.11,0.21003438328617385
ENSG00000163605.15,0.21002512311635008
ENSG00000230092.7,0.20997959299952582
ENSG00000119396.11,0.2099465780434444
ENSG00000264235.6,0.20990293270674498
ENSG00000275052.5,0.20987528902206223
ENSG00000168564.6,0.20985160633351008
ENSG00000164332.8,0.20977203911214648
ENSG00000165632.8,0.2097382364250707
ENSG00000100226.16,0.20969081751775756
ENSG00000172775.17,0.2096584766987543
ENSG00000186432.10,0.209655893211697
ENSG00000163714.18,0.2096406143879191
ENSG00000172239.14,0.20961680407377767
ENSG00000176386.9,0.2095687679728868
ENSG00000101391.21,0.20953540207406243
ENSG00000186111.10,0.2095255872797009
ENSG00000198898.14,0.20951441057473794
ENSG00000134262.13,0.2093064676576261
ENSG00000149658.18,0.20924267231586255
ENSG00000225022.1,0.20922896850146208
ENSG00000154845.16,0.2092199413889562
ENSG00000174839.13,0.2091771244560983
ENSG00000089006.17,0.20915274984425763
ENSG00000116752.6,0.20914457436812559
ENSG00000130772.14,0.20906494733778153
ENSG00000139637.14,0.2090545104940918
ENSG00000113648.16,0.2089817823768485
ENSG00000132323.9,0.2089336890845705
ENSG00000119318.13,0.20891395833172688
ENSG00000185246.18,0.2088781182152975
ENSG00000110851.12,0.208851401175068
ENSG00000077549.19,0.20884086183853157
ENSG00000067596.12,0.2088401838605928
ENSG00000173575.22,0.20878496683812287
ENSG00000227973.1,0.20875665856047654
ENSG00000184188.6,0.20868681665236033
ENSG00000140740.11,0.20866274462397486
ENSG00000169045.17,0.20865967074847172
ENSG00000196588.20,0.20861724620978564
ENSG00000031698.13,0.20858757012125548
ENSG00000162664.17,0.2085570742949358
ENSG00000198815.9,0.20843515680578972
ENSG00000254999.4,0.20841507964371306
ENSG00000187555.16,0.20832055145223488
ENSG00000115966.17,0.20831540305836566
ENSG00000123268.9,0.20830501206001326
ENSG00000008130.15,0.208260289456659
ENSG00000136271.10,0.20825784514093318
ENSG00000086232.13,0.20816737675057922
ENSG00000151657.12,0.20815377527273432
ENSG00000234322.1,0.20814445635717285
ENSG00000196715.7,0.20813155862882451
ENSG00000234106.3,0.20809609745151708
ENSG00000054282.16,0.20804739395849134
ENSG00000092020.10,0.20803447426029953
ENSG00000233205.1,0.20799519237198535
ENSG00000089094.19,0.20784606795181895
ENSG00000170632.14,0.20780471527590208
ENSG00000105447.13,0.20780254204269843
ENSG00000169371.14,0.20775584018217355
ENSG00000259083.1,0.20774013596195406
ENSG00000138050.15,0.20766675466700457
ENSG00000105732.13,0.2076652862306213
ENSG00000155463.14,0.2076090323013544
ENSG00000236811.1,0.20758659878504326
ENSG00000215835.2,0.20758195336001914
ENSG00000128708.13,0.2075004572336102
ENSG00000171763.20,0.20748289846915385
ENSG00000279953.1,0.2074473906444622
ENSG00000007341.19,0.20740299048353172
ENSG00000129187.14,0.20730667060917965
ENSG00000100926.15,0.2072065711720377
ENSG00000143393.16,0.20715501760114274
ENSG00000136699.19,0.2070767294223799
ENSG00000172053.18,0.20699098333093013
ENSG00000113456.19,0.2069587462192384
ENSG00000119684.16,0.20687149342883912
ENSG00000092201.10,0.20679822823748856
ENSG00000153037.15,0.2067878708972742
ENSG00000228150.1,0.2067411346174668
ENSG00000162642.14,0.2067138683191048
ENSG00000204138.13,0.20671361937712648
ENSG00000114026.21,0.20670994210902663
ENSG00000231369.1,0.2067075134335289
ENSG00000269556.8,0.20659843584814286
ENSG00000284391.1,0.20649933631544604
ENSG00000148229.13,0.20648293687919575
ENSG00000175376.9,0.20632561163874277
ENSG00000113194.13,0.20631658017639182
ENSG00000184178.16,0.2063090784223905
ENSG00000130713.16,0.2062879480973026
ENSG00000214973.3,0.20623261869750487
ENSG00000065970.9,0.20615845337186625
ENSG00000166170.10,0.20614912849815423
ENSG00000108788.12,0.20612332816075285
ENSG00000087338.5,0.20610070448163825
ENSG00000136146.15,0.20607900398485332
ENSG00000074319.13,0.20606735683059837
ENSG00000272779.1,0.20604545326286502
ENSG00000076242.16,0.20603956150851208
ENSG00000163138.19,0.20596669402403553
ENSG00000172977.13,0.20596444397184466
ENSG00000113649.11,0.2058774676170332
ENSG00000164338.10,0.20581329172658416
ENSG00000109606.13,0.20559902686840115
ENSG00000168612.4,0.2055826689453236
ENSG00000198951.12,0.20552462842708646
ENSG00000115204.15,0.2054737208398939
ENSG00000269910.1,0.2054519133727534
ENSG00000139726.11,0.20534475202239091
ENSG00000167491.17,0.20523184522815593
ENSG00000111790.14,0.20505951006893233
ENSG00000196152.10,0.20497556008966358
ENSG00000146909.8,0.20496440860483583
ENSG00000132463.14,0.20495111595870827
ENSG00000066136.20,0.2049418508745658
ENSG00000181090.21,0.20493350164171695
ENSG00000233111.1,0.2049249382113427
ENSG00000196199.14,0.20492352339989492
ENSG00000196504.19,0.20490769188376007
ENSG00000152942.19,0.20490165407939126
ENSG00000247240.8,0.2048026301887407
ENSG00000049167.15,0.20475309604233913
ENSG00000152219.5,0.20471301210835774
ENSG00000120727.13,0.20469104581047626
ENSG00000135932.11,0.20468017942856664
ENSG00000204569.10,0.20461228812078844
ENSG00000196214.11,0.20460639393647737
ENSG00000219102.3,0.20458637493029308
ENSG00000164252.13,0.20453010357414797
ENSG00000253833.1,0.20441510665750978
ENSG00000239912.1,0.2043883849297058
ENSG00000138073.14,0.20427363158432585
ENSG00000140350.15,0.20427059012436566
ENSG00000136710.10,0.20423813350051057
ENSG00000204620.3,0.2042153597761417
ENSG00000130640.13,0.20420665638642482
ENSG00000248098.12,0.20414058319279127
ENSG00000148187.18,0.2041317236598314
ENSG00000165733.8,0.20411719388959326
ENSG00000179933.6,0.20404655305898814
ENSG00000124383.9,0.20388011740653278
ENSG00000114416.18,0.2038255272639556
ENSG00000121390.19,0.20374589911962568
ENSG00000125703.15,0.20369890271456328
ENSG00000136874.11,0.2036224380153819
ENSG00000089123.16,0.20352036439248541
ENSG00000158604.15,0.20349976203151923
ENSG00000102078.16,0.203451830625938
ENSG00000162517.13,0.2034274914192603
ENSG00000138942.16,0.20340900439596515
ENSG00000040633.13,0.2033419992256766
ENSG00000152684.11,0.20320104113037712
ENSG00000155827.12,0.20318527940929662
ENSG00000116688.18,0.20317736228266264
ENSG00000158290.18,0.2031641378516291
ENSG00000213857.3,0.20315264719100293
ENSG00000117133.11,0.20311558072932365
ENSG00000177370.5,0.2031030126606562
ENSG00000159692.16,0.20306861183310632
ENSG00000132664.12,0.20303305125690824
ENSG00000124786.12,0.20303171733172512
ENSG00000105793.16,0.20302421674968393
ENSG00000102738.8,0.20294355956490293
ENSG00000068912.14,0.2028218888636242
ENSG00000182552.15,0.20281505211885265
ENSG00000274227.1,0.2028087095652008
ENSG00000164535.15,0.20279929585972412
ENSG00000006695.12,0.20266333599902167
ENSG00000221823.11,0.20258677699524316
ENSG00000148110.16,0.20254281601884563
ENSG00000169032.10,0.20234901365429947
ENSG00000148840.11,0.20215590582743426
ENSG00000236444.5,0.2021491661582873
ENSG00000115317.12,0.20214590276460698
ENSG00000105053.11,0.2020768725244872
ENSG00000156931.16,0.2019924956104291
ENSG00000173692.14,0.20196890506052473
ENSG00000103018.17,0.20191332986314328
ENSG00000087269.16,0.20189410119303844
ENSG00000240857.2,0.2018179636214666
ENSG00000215086.2,0.20159448434339133
ENSG00000118260.15,0.20151484928886934
ENSG00000163684.12,0.2015073469981064
ENSG00000022277.13,0.20148253205518965
ENSG00000198001.14,0.2014328382332216
ENSG00000081307.14,0.20139556245166879
ENSG00000147130.14,0.20132656173212796
ENSG00000106443.17,0.20131992600645185
ENSG00000181991.16,0.20129966882560943
ENSG00000148719.15,0.20127849457233962
ENSG00000163466.16,0.20122458960874692
ENSG00000151093.8,0.20122272411764638
ENSG00000119004.16,0.2011893325642174
ENSG00000169016.17,0.20118778395951337
ENSG00000100150.20,0.20113321870895715
ENSG00000273749.5,0.20111524749514206
ENSG00000170325.15,0.2010226272743497
ENSG00000163320.12,0.20097743453307715
ENSG00000187866.10,0.2007726098531396
ENSG00000160445.11,0.2007054323209652
ENSG00000138785.15,0.2006886865611587
ENSG00000136813.14,0.20059505797481653
ENSG00000115053.17,0.20056749838021026
ENSG00000265491.5,0.20053310054614032
ENSG00000127526.15,0.2004946376742203
ENSG00000142867.14,0.20048993094399725
ENSG00000114030.13,0.20046878998021145
ENSG00000122085.17,0.2004528427662709
ENSG00000097007.19,0.2003521306094643
ENSG00000167842.16,0.20022969548840122
ENSG00000164162.14,0.20018707781997733
ENSG00000135486.19,0.20017646968581115
ENSG00000115839.18,0.20015692957929396
ENSG00000148248.14,0.20015511220010213
ENSG00000164117.14,0.2001179015376528
ENSG00000062485.19,0.19996574404061843
ENSG00000168286.3,0.19992169435603704
ENSG00000164022.17,0.19989805589529613
ENSG00000125875.14,0.1998892649936922
ENSG00000162408.11,0.19981482631771982
ENSG00000259746.1,0.19972264540242374
ENSG00000268350.7,0.19967580843627403
ENSG00000178974.10,0.19964452878557398
ENSG00000126524.10,0.19964384178115113
ENSG00000162222.14,0.1995976343625044
ENSG00000213977.8,0.19958615791097514
ENSG00000215193.13,0.19954268982203766
ENSG00000100991.12,0.19949118961067164
ENSG00000006744.19,0.19948393205805584
ENSG00000132485.14,0.19944775298531323
ENSG00000136238.18,0.19943808645498776
ENSG00000175741.5,0.19938570851774742
ENSG00000172262.11,0.19933673645319785
ENSG00000144559.10,0.19929492274729949
ENSG00000177646.19,0.19924832829767697
ENSG00000070444.15,0.19918047995604218
ENSG00000183431.12,0.199157732199419
ENSG00000144182.17,0.19908738289484673
ENSG00000196821.10,0.1990719075872856
ENSG00000230753.6,0.19886814107254994
ENSG00000213371.4,0.198868132276027
ENSG00000155876.6,0.19884885660626522
ENSG00000100023.19,0.19879611869706654
ENSG00000116205.14,0.1987716997573979
ENSG00000102543.14,0.19863225059767103
ENSG00000059769.20,0.19857670109378098
ENSG00000162236.13,0.19852944856009816
ENSG00000101052.13,0.1983871373325984
ENSG00000196510.12,0.19835341045653934
ENSG00000155438.12,0.19834366988656946
ENSG00000135945.10,0.19806088373991904
ENSG00000155868.8,0.19805008496175275
ENSG00000134717.18,0.19798077196005467
ENSG00000141084.11,0.1979386227153248
ENSG00000257103.8,0.1979224266704592
ENSG00000136754.18,0.19789394231047414
ENSG00000165669.14,0.19786344567585384
ENSG00000166847.10,0.19785746338640497
ENSG00000172939.9,0.19779323509932803
ENSG00000214881.4,0.19776783750332536
ENSG00000144468.17,0.19770550023257455
ENSG00000079805.18,0.19766428510734055
ENSG00000092108.22,0.1976610241009789
ENSG00000232218.1,0.1973716644369352
ENSG00000204231.11,0.1972805245934465
ENSG00000166913.13,0.19717265164951914
ENSG00000160633.13,0.1970349709370957
ENSG00000115866.11,0.1970276348738001
ENSG00000115514.12,0.19693702462797177
ENSG00000198408.14,0.19688621213799984
ENSG00000113575.10,0.19684975405386987
ENSG00000175387.16,0.19684604744136586
ENSG00000177981.11,0.19678406332457163
ENSG00000162384.14,0.19665365633817478
ENSG00000111358.14,0.19656564876047852
ENSG00000144741.18,0.19654611235855282
ENSG00000116198.14,0.19651317423902875
ENSG00000064419.13,0.19646494601944117
ENSG00000135482.7,0.19633412074976603
ENSG00000268583.2,0.19614255005366082
ENSG00000169813.16,0.19599798998442788
ENSG00000113312.11,0.19597131153998543
ENSG00000119718.11,0.1959426530695804
ENSG00000223583.1,0.19594021499572353
ENSG00000113761.12,0.1959069447725062
ENSG00000007168.14,0.1958718103541792
ENSG00000115216.14,0.1957557241798118
ENSG00000141867.18,0.1957505739003425
ENSG00000040933.16,0.19574794446573637
ENSG00000140577.16,0.19573297824646418
ENSG00000141252.20,0.19572643335113943
ENSG00000117010.17,0.1957245537074424
ENSG00000130414.13,0.19567686424986203
ENSG00000164096.13,0.19565853820618495
ENSG00000111652.10,0.1956573985295599
ENSG00000167528.13,0.19563798070513264
ENSG00000119720.18,0.19561598588642967
ENSG00000161204.11,0.19561200027725006
ENSG00000245598.6,0.19550629289261326
ENSG00000146007.11,0.19549243067004296
ENSG00000176783.15,0.19546476270600582
ENSG00000133706.19,0.19545817500872983
ENSG00000123737.13,0.19539543616902227
ENSG00000225558.1,0.19520022363972284
ENSG00000165280.17,0.19518151871819128
ENSG00000120314.18,0.19506016257601286
ENSG00000241030.1,0.19499559320042584
ENSG00000144524.18,0.19495545832668693
ENSG00000090060.18,0.19492441196220411
ENSG00000137764.20,0.19489189061083734
ENSG00000176953.12,0.1948243417276461
ENSG00000145817.17,0.19475585490453984
ENSG00000073905.8,0.19468343734945434
ENSG00000117640.18,0.19468141980021292
ENSG00000006530.18,0.19444766673866887
ENSG00000243304.3,0.19444226025093034
ENSG00000204304.12,0.1944043083070428
ENSG00000115211.16,0.19435341330460856
ENSG00000117748.10,0.19415120367516867
ENSG00000185917.14,0.19413131033470626
ENSG00000183283.16,0.19408885608059467
ENSG00000103932.12,0.19407130930759983
ENSG00000122882.11,0.1940175907712376
ENSG00000230667.6,0.1939264203844559
ENSG00000156232.7,0.19381477123621835
ENSG00000105576.15,0.19371383584245735
ENSG00000040531.16,0.19364978004936687
ENSG00000171853.16,0.19360882173132676
ENSG00000076513.17,0.19354055059456568
ENSG00000128699.14,0.19351300407299987
ENSG00000116095.11,0.19348245231628106
ENSG00000221930.6,0.1934789853227773
ENSG00000182872.16,0.19338663306135417
ENSG00000163785.13,0.19337455528630088
ENSG00000114982.19,0.19330808956981807
ENSG00000257218.6,0.19310042438897662
ENSG00000133961.20,0.19306574616512381
ENSG00000140694.17,0.19304539060595388
ENSG00000185591.10,0.1930189930644606
ENSG00000117408.11,0.1930099888404654
ENSG00000094880.11,0.19300886585047353
ENSG00000137656.12,0.1929820403620508
ENSG00000153786.13,0.1929319681898103
ENSG00000112062.11,0.192914900798002
ENSG00000104064.18,0.19281574943746116
ENSG00000091732.17,0.19267085363232198
ENSG00000082898.18,0.19241246655848376
ENSG00000143971.9,0.19240496359113743
ENSG00000125818.18,0.19222278720284422
ENSG00000113812.14,0.19202283015475333
ENSG00000137815.14,0.19196031240022157
ENSG00000166529.15,0.19189113292535132
ENSG00000213024.12,0.19187968140840578
ENSG00000011454.18,0.1918427186407758
ENSG00000198060.10,0.19183949621727164
ENSG00000072958.9,0.1917026219346002
ENSG00000215301.11,0.191679898626456
ENSG00000164815.11,0.19154669723356138
ENSG00000114503.11,0.1915415985848655
ENSG00000134077.16,0.19140580672700921
ENSG00000113621.15,0.19131341856607698
ENSG00000127452.9,0.19124291549472525
ENSG00000259592.1,0.1912113789345192
ENSG00000113845.10,0.19113501107497535
ENSG00000101452.15,0.19113229319977154
ENSG00000006451.8,0.1911117238717552
ENSG00000156599.11,0.19107023902422318
ENSG00000180104.16,0.1909415837358091
ENSG00000085760.15,0.19091658917268403
ENSG00000065135.12,0.19089747879399563
ENSG00000131558.15,0.19089518059668725
ENSG00000058729.11,0.19082504482575718
ENSG00000104131.13,0.1907818618459719
ENSG00000120688.9,0.19077288244140575
ENSG00000107758.16,0.1906852912061253
ENSG00000168724.17,0.1906827295146841
ENSG00000011485.15,0.1906232740505075
ENSG00000122958.15,0.19049106549269088
ENSG00000184277.13,0.19039166901873208
ENSG00000054116.12,0.19031890009075197
ENSG00000241923.2,0.19028152641200394
ENSG00000114520.11,0.19027563904816264
ENSG00000100519.12,0.19016976358146812
ENSG00000167196.14,0.19010318169355372
ENSG00000169057.24,0.19001195843652907
ENSG00000125779.22,0.1900117437519139
ENSG00000183291.17,0.1898910804281042
ENSG00000181915.5,0.18983057299383277
ENSG00000117505.13,0.18973867777300057
ENSG00000215717.7,0.18972986854103727
ENSG00000280273.2,0.1896455212141708
ENSG00000113716.13,0.18953739705200992
ENSG00000175470.20,0.18953697110385367
ENSG00000013374.16,0.1895273004149278
ENSG00000138663.9,0.18943183670866087
ENSG00000126767.18,0.1892794525627224
ENSG00000163214.21,0.18914652904330037
ENSG00000158019.21,0.18914471315475775
ENSG00000119977.21,0.18913657815745955
ENSG00000185800.12,0.18911363779240184
ENSG00000107862.6,0.18904000836907067
ENSG00000132128.16,0.1890308331135378
ENSG00000119335.17,0.1889525266873903
ENSG00000072062.15,0.18890791796527406
ENSG00000041802.11,0.18889398349527342
ENSG00000196072.12,0.18882766856770528
ENSG00000165271.17,0.188816185339162
ENSG00000136816.16,0.18878999026138388
ENSG00000140612.14,0.1886862232972052
ENSG00000157191.20,0.18864540741915622
ENSG00000236287.8,0.18864187142425284
ENSG00000205659.11,0.18863791087736909
ENSG00000179562.3,0.18859522415978885
ENSG00000156697.13,0.18857031179630138
ENSG00000187713.7,0.18850638463584798
ENSG00000094914.14,0.18840813779605442
ENSG00000132275.11,0.1883779574464367
ENSG00000167193.8,0.18835375411618557
ENSG00000155621.15,0.1883257667833351
ENSG00000154814.14,0.1883185031697267
ENSG00000111596.14,0.1882179013084715
ENSG00000136897.8,0.1881501235563221
ENSG00000100395.15,0.18805835341062715
ENSG00000126107.15,0.18789406173344095
ENSG00000160785.13,0.18764385002057687
ENSG00000067334.14,0.18762734247604096
ENSG00000109911.19,0.18751547358602652
ENSG00000165782.11,0.18743386959465644
ENSG00000144567.11,0.18739912184926788
ENSG00000157540.22,0.1873763661881349
ENSG00000132670.20,0.18737450327048785
ENSG00000145782.13,0.18737309480249764
ENSG00000250859.1,0.18722852858395286
ENSG00000156304.15,0.18709722411554308
ENSG00000255112.3,0.18706781671641495
ENSG00000197024.9,0.18696471029951808
ENSG00000163866.9,0.18690220600265087
ENSG00000113552.16,0.18656275187791355
ENSG00000172046.19,0.1864291732733929
ENSG00000119414.12,0.18639977868481494
ENSG00000198658.4,0.18625345601836382
ENSG00000141452.10,0.18621907930230078
ENSG00000018699.13,0.18621599235492622
ENSG00000111231.9,0.18619648701414188
ENSG00000076650.7,0.18601850878334242
ENSG00000065000.19,0.18576206576284157
ENSG00000148925.11,0.1857337685451958
ENSG00000101882.10,0.1856682464633683
ENSG00000204463.13,0.18564952957225678
ENSG00000078369.18,0.18561330627857822
ENSG00000113851.14,0.1855786330024716
ENSG00000138750.15,0.18548574340824245
ENSG00000162972.10,0.18547275909370387
ENSG00000084090.13,0.18543695801589474
ENSG00000259699.2,0.1853545294135712
ENSG00000060688.13,0.1852951765005804
ENSG00000136682.15,0.18528540930389067
ENSG00000143951.16,0.18523551550673692
ENSG00000125952.20,0.18512869970014018
ENSG00000158435.8,0.18510946268115022
ENSG00000167699.13,0.1850831280966163
ENSG00000179335.18,0.18503752626661166
ENSG00000091542.9,0.18503740050757186
ENSG00000097033.14,0.18500008064247903
ENSG00000106608.17,0.18491240423316005
ENSG00000157837.16,0.1848972073013992
ENSG00000238082.1,0.1848488262872063
ENSG00000172081.14,0.1847565638841668
ENSG00000149182.15,0.18463637808005245
ENSG00000084733.11,0.18442527911142007
ENSG00000116754.13,0.18438214899994196
ENSG00000114742.14,0.18413168922977843
ENSG00000140497.16,0.18408910879949228
ENSG00000064933.18,0.18406914657501508
ENSG00000104164.12,0.18406638988983492
ENSG00000188021.9,0.18404919246795856
ENSG00000124193.16,0.18399882401474646
ENSG00000136003.16,0.18385619614120483
ENSG00000138617.16,0.18379335313910608
ENSG00000139168.9,0.18363746854132854
ENSG00000010270.14,0.18355984850207036
ENSG00000087365.16,0.18353554281970572
ENSG00000187778.14,0.18341437418257636
ENSG00000162441.12,0.18338649676455526
ENSG00000240096.1,0.18315122535403783
ENSG00000161202.20,0.18315016294393127
ENSG00000151092.18,0.18306402211951817
ENSG00000241962.9,0.18299350874184428
ENSG00000272391.6,0.1829905197807117
ENSG00000138279.16,0.18282979783200695
ENSG00000161547.17,0.18282916626215154
ENSG00000177733.7,0.1827943530756
ENSG00000119522.16,0.18278512106160258
ENSG00000111540.16,0.1827602713350873
ENSG00000144580.14,0.1824872800774169
ENSG00000271797.1,0.1824296644455707
ENSG00000138668.19,0.18242399576765148
ENSG00000157538.14,0.1824206983211974
ENSG00000228507.1,0.18241897485150366
ENSG00000168259.17,0.18232787056845062
ENSG00000033030.15,0.182266644969079
ENSG00000156973.14,0.18225364791617074
ENSG00000118518.16,0.1822081321717988
ENSG00000085274.16,0.1821077009742542
ENSG00000106603.19,0.18208508295440876
ENSG00000239149.1,0.18197062444755296
ENSG00000142166.13,0.18195460046263712
ENSG00000188428.20,0.1818123807451064
ENSG00000166181.13,0.18160383596881782
ENSG00000111802.14,0.18158409792491287
ENSG00000122203.15,0.1815484693837053
ENSG00000168887.11,0.18150812885731368
ENSG00000139719.11,0.18146427289773887
ENSG00000129933.21,0.18140815947690114
ENSG00000139718.11,0.18131844656026513
ENSG00000076201.15,0.18119312956034503
ENSG00000099381.18,0.18115753848446925
ENSG00000166579.16,0.1810747485632474
ENSG00000168883.20,0.18104945872728662
ENSG00000156983.16,0.18102839678982235
ENSG00000168818.10,0.18101132444244747
ENSG00000170234.13,0.1809651126139939
ENSG00000197111.16,0.18089869024221092
ENSG00000029363.17,0.1808276308707022
ENSG00000162613.17,0.18082758888558317
ENSG00000119979.18,0.18075771800137405
ENSG00000135297.16,0.1807507504512325
ENSG00000139437.18,0.18069361135653825
ENSG00000114491.14,0.18066260486063077
ENSG00000168288.13,0.18064962872125734
ENSG00000146457.16,0.18064932930362354
ENSG00000130985.17,0.1805419612396034
ENSG00000241258.7,0.1805364542335743
ENSG00000140153.18,0.18051733377379472
ENSG00000084092.7,0.18049337045521077
ENSG00000232748.3,0.180467537300146
ENSG00000112592.14,0.1802919658497418
ENSG00000106346.11,0.18028511643703604
ENSG00000160058.19,0.18021837795647272
ENSG00000169180.12,0.18005547262037241
ENSG00000163812.15,0.1799302736763317
ENSG00000174446.13,0.17992754352709048
ENSG00000126012.12,0.17985869903056817
ENSG00000075415.13,0.1797911018164196
ENSG00000184787.19,0.1796380963555553
ENSG00000198231.13,0.17962469778357085
ENSG00000168310.11,0.17943329778038866
ENSG00000166887.16,0.1793641729304559
ENSG00000128463.13,0.17934827761489516
ENSG00000114784.4,0.17927705714403996
ENSG00000163002.13,0.17919945552976438
ENSG00000154222.15,0.17910097376930517
ENSG00000113068.10,0.17900672891657698
ENSG00000078618.22,0.17900525529779024
ENSG00000116459.11,0.1787774947303938
ENSG00000179912.20,0.17866972579164983
ENSG00000144566.11,0.17858375948835653
ENSG00000144231.11,0.17852138149323526
ENSG00000085832.17,0.17849301112880847
ENSG00000108433.17,0.17848133683962408
ENSG00000137200.13,0.1784407530658204
ENSG00000134152.11,0.1783435634135845
ENSG00000079332.15,0.17828806491569302
ENSG00000168826.16,0.17817917405423445
ENSG00000232119.8,0.1779957551629183
ENSG00000204842.18,0.1779733035070967
ENSG00000235082.2,0.17796561255129442
ENSG00000204560.10,0.17794289061039073
ENSG00000088876.13,0.17762822768676295
ENSG00000120942.14,0.17761714760786118
ENSG00000148337.21,0.17760079096085657
ENSG00000014919.13,0.17754320018806433
ENSG00000068697.7,0.17748349598964422
ENSG00000136450.13,0.17746921620881556
ENSG00000198081.11,0.17737166102975913
ENSG00000131043.12,0.17730251142520437
ENSG00000090054.15,0.17717374207965522
ENSG00000066427.24,0.1771623192765023
ENSG00000198000.12,0.1771088039041978
ENSG00000160679.13,0.1770181242403691
ENSG00000119616.11,0.17694373650416004
ENSG00000105058.12,0.17693349501160502
ENSG00000074356.17,0.1768314610936111
ENSG00000243667.7,0.17681588318377187
ENSG00000204685.7,0.1767722411440554
ENSG00000106635.8,0.17673856233461574
ENSG00000186532.12,0.17654951865335408
ENSG00000260490.2,0.1763301684307496
ENSG00000077721.16,0.17623892253383888
ENSG00000136273.13,0.17620580018320312
ENSG00000005175.10,0.1760670687715535
ENSG00000166526.18,0.1760459008792125
ENSG00000183020.14,0.17604549358262053
ENSG00000122965.11,0.17601747155484135
ENSG00000118246.14,0.175990185068126
ENSG00000100982.12,0.17589605292572452
ENSG00000169410.10,0.1758123097173426
ENSG00000010539.12,0.17573130725019012
ENSG00000114978.18,0.1756389031213752
ENSG00000161021.13,0.1756172732291935
ENSG00000138032.21,0.17557187515055955
ENSG00000171169.9,0.17553954573317326
ENSG00000163541.12,0.17544537518025244
ENSG00000068438.15,0.17517488707073037
ENSG00000031823.14,0.17517340453453376
ENSG00000134748.13,0.17502898222039218
ENSG00000179021.10,0.17501943303146386
ENSG00000120705.13,0.17498688676713134
ENSG00000108590.11,0.17496942262898296
ENSG00000173875.14,0.1746862934193567
ENSG00000138385.16,0.1746187802054075
ENSG00000130764.10,0.17459021526441126
ENSG00000133226.17,0.17454379567418918
ENSG00000122299.12,0.1744570027953747
ENSG00000015153.15,0.17442889256524838
ENSG00000175110.12,0.1744286905290925
ENSG00000144043.12,0.1743633902974278
ENSG00000105341.19,0.1742689538615724
ENSG00000091009.8,0.17421945214894133
ENSG00000133884.10,0.17419736535380428
ENSG00000001631.16,0.17409975178506695
ENSG00000100796.17,0.1740824554605573
ENSG00000181929.13,0.17400736279181145
ENSG00000116237.16,0.17398729388697587
ENSG00000060339.14,0.17395864639558145
ENSG00000090432.7,0.17392593059335396
ENSG00000064703.12,0.1738992138811512
ENSG00000055917.16,0.1737833833505236
ENSG00000094631.21,0.17372149005093848
ENSG00000107882.12,0.17334615574281212
ENSG00000176095.12,0.17326732928380606
ENSG00000198663.17,0.17316465378503934
ENSG00000134186.12,0.17312296896505217
ENSG00000116273.6,0.17304906700451997
ENSG00000110696.10,0.17302874842319463
ENSG00000087274.17,0.17299417009212498
ENSG00000173039.19,0.17290084872404024
ENSG00000148331.12,0.17283552942343866
ENSG00000127989.14,0.17273064299181176
ENSG00000061936.10,0.17267108556925437
ENSG00000144895.12,0.1726568692712555
ENSG00000161217.12,0.17260852191755238
ENSG00000086102.19,0.17252148562865938
ENSG00000118454.13,0.1724095898699853
ENSG00000132604.11,0.17235069910270884
ENSG00000117899.11,0.17231247352798376
ENSG00000164902.14,0.1722337472211309
ENSG00000101337.16,0.17223146161010552
ENSG00000125741.5,0.1722300865080689
ENSG00000107745.19,0.17217297709781448
ENSG00000135966.13,0.17216875307067878
ENSG00000092203.15,0.17213117326517755
ENSG00000079277.22,0.1719115209522329
ENSG00000160695.15,0.17183987890880253
ENSG00000075785.14,0.17173733215762838
ENSG00000234545.8,0.17170328069345525
ENSG00000107341.5,0.17168856800273266
ENSG00000229180.7,0.17164427209116076
ENSG00000185414.20,0.17154317098262623
ENSG00000116030.17,0.17154091786326847
ENSG00000109381.20,0.17153228323265335
ENSG00000113643.9,0.17133044242474985
ENSG00000111237.19,0.17126726719760726
ENSG00000116350.17,0.17111913146311214
ENSG00000105968.19,0.17110639308563372
ENSG00000095787.23,0.17109032578596525
ENSG00000100225.18,0.1709776836810078
ENSG00000171055.15,0.17088417942630768
ENSG00000126814.7,0.1708803798208937
ENSG00000204619.8,0.17083533802780995
ENSG00000180979.10,0.1708310618537616
ENSG00000172534.14,0.17072875830594922
ENSG00000100941.9,0.170686344490709
ENSG00000016864.18,0.17066926149224002
ENSG00000131269.19,0.1706248907275124
ENSG00000171456.20,0.17059272708300424
ENSG00000047849.21,0.1704368117404674
ENSG00000134644.16,0.17042752529837094
ENSG00000248569.1,0.1702259133840518
ENSG00000084652.16,0.17021930506116303
ENSG00000062194.16,0.17010236444911114
ENSG00000055130.17,0.17008700507195226
ENSG00000065548.18,0.1699961592915292
ENSG00000135632.12,0.1698109499427728
ENSG00000161057.13,0.16974280733847938
ENSG00000107164.16,0.16972235359892676
ENSG00000148688.14,0.16967065785041227
ENSG00000135655.16,0.16965139668736795
ENSG00000090316.16,0.169586455751911
ENSG00000115806.13,0.16943762218578498
ENSG00000118579.13,0.1693477014880603
ENSG00000197223.12,0.16934286449521016
ENSG00000146963.18,0.1693304360226033
ENSG00000137776.17,0.16920426239574338
ENSG00000112855.17,0.16908440517934933
ENSG00000163930.10,0.16897546007640957
ENSG00000090487.11,0.16886149219479427
ENSG00000166024.14,0.16884289256645602
ENSG00000144744.17,0.1683708702703993
ENSG00000170653.19,0.16835573874932575
ENSG00000115947.14,0.16833589750354552
ENSG00000198026.8,0.16831354009204152
ENSG00000011007.12,0.1681510349717759
ENSG00000170445.16,0.16805532806671608
ENSG00000117481.10,0.16804475821979273
ENSG00000178397.13,0.16800992910607926
ENSG00000157954.15,0.1679586851424603
ENSG00000142039.4,0.16783847122756057
ENSG00000205531.13,0.16771653419996943
ENSG00000136448.13,0.16771102037032942
ENSG00000136715.19,0.1675057525742372
ENSG00000198912.11,0.16745973195421862
ENSG00000138433.16,0.16738061459420037
ENSG00000070831.17,0.1673758035746678
ENSG00000154813.10,0.16733115244341779
ENSG00000170633.16,0.1671419370067575
ENSG00000155729.13,0.16699369329654348
ENSG00000115944.15,0.16696638932231528
ENSG00000166855.9,0.16696290122035728
ENSG00000105323.17,0.16693607650045225
ENSG00000235554.1,0.1666926404682908
ENSG00000115561.16,0.1666186102393077
ENSG00000015676.18,0.16660575642494196
ENSG00000128654.14,0.1664185376659089
ENSG00000133997.12,0.16637029364031863
ENSG00000174579.4,0.16593727366785277
ENSG00000105656.13,0.16588031292472863
ENSG00000129071.10,0.1658085473682866
ENSG00000138107.13,0.16566951697988971
ENSG00000115970.18,0.16565504351976804
ENSG00000116473.14,0.16561443524734035
ENSG00000136940.14,0.16533512740814624
ENSG00000165660.8,0.16523638393905757
ENSG00000090615.15,0.16514573582436343
ENSG00000113141.18,0.1651299176677214
ENSG00000186298.12,0.16512011792390907
ENSG00000168175.15,0.1649918364974217
ENSG00000164548.11,0.16472620181510295
ENSG00000115207.13,0.16470710300925026
ENSG00000090686.16,0.16442731512378556
ENSG00000206562.12,0.16429271375116927
ENSG00000162231.14,0.1642833138421693
ENSG00000133606.11,0.16422311682471147
ENSG00000092330.18,0.16395024358822827
ENSG00000034533.12,0.1639168123352255
ENSG00000149532.16,0.16375363017710623
ENSG00000197006.14,0.163684601783044
ENSG00000100568.11,0.16362711557121276
ENSG00000087152.15,0.16360787039947147
ENSG00000141380.14,0.16331670145335525
ENSG00000204256.14,0.16331410653175896
ENSG00000110768.12,0.16329856026272355
ENSG00000178694.10,0.16329630233145354
ENSG00000138398.17,0.16318851171474782
ENSG00000177479.20,0.16287104914088174
ENSG00000174243.10,0.1628183784871782
ENSG00000163933.10,0.16249524031490514
ENSG00000111142.14,0.1622740890440516
ENSG00000096746.17,0.1620869126631093
ENSG00000132305.21,0.16201591754018072
ENSG00000163162.9,0.1619398115922863
ENSG00000018610.15,0.16184124422010257
ENSG00000005007.13,0.16178856289420318
ENSG00000135930.14,0.16166166478385757
ENSG00000115524.17,0.16145365115439209
ENSG00000079785.16,0.1614171762885689
ENSG00000185787.15,0.16125001552165552
ENSG00000164091.12,0.16109413216761043
ENSG00000160908.15,0.16101774819248446
ENSG00000119707.14,0.16100403691888937
ENSG00000163510.14,0.1609130217015634
ENSG00000170852.11,0.1607200571025582
ENSG00000135070.15,0.16049013890083866
ENSG00000226479.4,0.16047676677491005
ENSG00000181220.17,0.16013330396932618
ENSG00000099995.19,0.15992678689147788
ENSG00000115568.16,0.15987268977208985
ENSG00000170584.11,0.15985653912374787
ENSG00000197548.12,0.15970060256592283
ENSG00000205758.12,0.15967268720432523
ENSG00000197894.11,0.15962324687550325
ENSG00000204713.11,0.15953194767207735
ENSG00000095485.18,0.15948165617816262
ENSG00000009780.16,0.15942964733572687
ENSG00000103707.10,0.1593685229986916
ENSG00000090989.18,0.15901126521390005
ENSG00000117682.17,0.15900161196770649
ENSG00000119965.13,0.15882452648126907
ENSG00000131966.14,0.15865154261949607
ENSG00000119689.15,0.15864475220382535
ENSG00000065883.16,0.15858859154390015
ENSG00000117758.14,0.15856770913924373
ENSG00000071127.17,0.15854226047495965
ENSG00000183726.11,0.15845860501827952
ENSG00000137947.12,0.15838161995907074
ENSG00000227347.1,0.15828707542619017
ENSG00000135974.10,0.158241729581187
ENSG00000204599.14,0.15797443408056114
ENSG00000105819.14,0.15797379129478853
ENSG00000119820.11,0.15781508591091914
ENSG00000144535.20,0.15778715570624055
ENSG00000115234.11,0.15771516863930402
ENSG00000147140.17,0.15762540879704032
ENSG00000070476.15,0.15735699699945074
ENSG00000132300.19,0.15709071397317567
ENSG00000137413.16,0.15696745159571454
ENSG00000120616.16,0.15692950124541785
ENSG00000171566.12,0.15677938544545758
ENSG00000182149.21,0.15666535910755286
ENSG00000082068.9,0.1566597408869194
ENSG00000142751.15,0.15662269452332978
ENSG00000055070.17,0.15653743877169293
ENSG00000122783.17,0.1564412801318141
ENSG00000139370.12,0.15636089797441344
ENSG00000117614.10,0.15619272157612243
ENSG00000114648.12,0.1558867761853055
ENSG00000150991.15,0.15579239929357605
ENSG00000135829.17,0.1557884921286987
ENSG00000198612.11,0.15561487408194394
ENSG00000182973.19,0.15544068359421526
ENSG00000144233.10,0.15539609587961883
ENSG00000131051.24,0.15525216956944146
ENSG00000138231.13,0.15524806557463888
ENSG00000168214.20,0.15505646615535548
ENSG00000164609.10,0.15468795783238795
ENSG00000159322.17,0.15461491593025867
ENSG00000145191.15,0.15455272493033442
ENSG00000138069.18,0.15452730903984954
ENSG00000136819.15,0.15450725069493954
ENSG00000122545.20,0.15447579723535712
ENSG00000143093.15,0.1544482725539133
ENSG00000180304.14,0.15430295687671217
ENSG00000110906.13,0.15429845280301144
ENSG00000159592.11,0.15404461070195058
ENSG00000168385.18,0.15401081902428707
ENSG00000068308.14,0.1539742274359068
ENSG00000141644.17,0.15395227014232254
ENSG00000184863.11,0.1538971775193277
ENSG00000049245.13,0.15377690567799465
ENSG00000125485.17,0.1535369945047819
ENSG00000075975.17,0.15337876969944403
ENSG00000183513.9,0.15336248439089697
ENSG00000163636.11,0.15331767304322585
ENSG00000068354.16,0.1532733778935879
ENSG00000120837.8,0.15326593605040456
ENSG00000163719.20,0.1531242992112522
ENSG00000111737.12,0.15311984902932255
ENSG00000155252.13,0.1530497409894971
ENSG00000023041.11,0.15299976545671026
ENSG00000175224.16,0.15264267853587477
ENSG00000151532.14,0.1526378510237162
ENSG00000103671.10,0.15257062025283602
ENSG00000127993.16,0.15240845283573048
ENSG00000116497.18,0.15238577098527492
ENSG00000011275.19,0.1522851334362592
ENSG00000140750.17,0.1521249119131266
ENSG00000139624.14,0.1520273702586418
ENSG00000135365.16,0.15179649792046793
ENSG00000122692.9,0.15162316993865566
ENSG00000067560.13,0.15158348503333818
ENSG00000079246.16,0.15135809868171182
ENSG00000162971.11,0.15122352518086424
ENSG00000144848.11,0.1505262258845865
ENSG00000089022.14,0.15049812442177316
ENSG00000113593.12,0.1503507613251964
ENSG00000167625.11,0.15029136114937217
ENSG00000176087.15,0.150018199278348
ENSG00000110497.14,0.14993714457613044
ENSG00000129351.17,0.14987563553325506
ENSG00000183576.13,0.14975737715431692
ENSG00000115282.21,0.1495467008292615
ENSG00000179151.13,0.14943622239509077
ENSG00000168958.20,0.14941870528153
ENSG00000196290.16,0.1490692638294415
ENSG00000137275.15,0.14902392978189472
ENSG00000089737.17,0.1490074754581748
ENSG00000115942.9,0.14873681987902806
ENSG00000114745.13,0.14867487252285091
ENSG00000184708.18,0.1483266591124485
ENSG00000278311.5,0.14827112522717598
ENSG00000125386.16,0.14790645183600687
ENSG00000080802.19,0.1478785541760679
ENSG00000138614.15,0.1470538965079412
ENSG00000125482.13,0.14685793387066046
ENSG00000063978.16,0.14684126957667343
ENSG00000132467.4,0.14673750843980526
ENSG00000138029.14,0.1466368794225893
ENSG00000128908.17,0.14655293567722089
ENSG00000099783.12,0.14632805942587218
ENSG00000090470.15,0.14615814565521906
ENSG00000171824.14,0.14610514839424657
ENSG00000084754.12,0.14584570557575466
ENSG00000078304.19,0.14567399253864138
ENSG00000108312.15,0.1455128032021281
ENSG00000165006.14,0.1451798165571497
ENSG00000119953.14,0.14501435437878407
ENSG00000130803.15,0.145005987721741
ENSG00000151445.16,0.144390608347171
ENSG00000138381.10,0.14415314630096887
ENSG00000122257.20,0.14395151572127715
ENSG00000119801.13,0.14383957762376584
ENSG00000109445.11,0.14382844299415304
ENSG00000135900.4,0.14382320948580932
ENSG00000110931.19,0.14362616398976216
ENSG00000105127.9,0.14357927626752331
ENSG00000244462.8,0.14298512678696063
ENSG00000157895.11,0.1427694137367382
ENSG00000100461.18,0.1425231377150106
ENSG00000156639.12,0.14249614708137592
ENSG00000182944.18,0.1416971137554059
ENSG00000211460.12,0.14167520439687264
ENSG00000131732.12,0.141665216579791
ENSG00000141956.14,0.14162772102717416
ENSG00000154781.16,0.14158811079018924
ENSG00000136045.12,0.14157394356317993
ENSG00000003509.16,0.1412941472587932
ENSG00000114098.18,0.14124459869042855
ENSG00000197037.11,0.14082552973231424
ENSG00000153015.16,0.14018164022160112
ENSG00000198492.16,0.14015198286124525
ENSG00000157869.16,0.1400190891933617
ENSG00000176915.15,0.13987399300100453
ENSG00000132313.15,0.13952594105360427
ENSG00000119487.17,0.13906496235051202
ENSG00000181852.18,0.138869148844137
ENSG00000171720.10,0.13886101308627982
ENSG00000102974.16,0.13884118951638816
ENSG00000163166.15,0.13863270989201626
ENSG00000169714.17,0.13839974540461128
ENSG00000259956.2,0.1383775842193757
ENSG00000135956.9,0.13829865215305276
ENSG00000163608.15,0.1380005807400804
ENSG00000182923.19,0.13798187439535883
ENSG00000075292.19,0.1376498129577792
ENSG00000124356.16,0.1375358187009922
ENSG00000111361.13,0.13706911442079286
ENSG00000022840.16,0.13693077880365842
ENSG00000163798.13,0.13689832482919087
ENSG00000114316.13,0.13652645806012528
ENSG00000068323.17,0.1362998511745797
ENSG00000124380.11,0.13579524870541385
ENSG00000174720.16,0.13560657885888816
ENSG00000126698.11,0.13552581736962238
ENSG00000170144.21,0.13509416618179593
ENSG00000121542.12,0.13491083900107886
ENSG00000053900.11,0.13480083733589418
ENSG00000198874.13,0.13457108274426208
ENSG00000147164.12,0.13430665043594747
ENSG00000119321.9,0.13365617223918447
ENSG00000089053.13,0.13359796624002837
ENSG00000162419.13,0.13318141932686864
ENSG00000100603.14,0.13314030109058383
ENSG00000120029.13,0.13297967635466776
ENSG00000087206.17,0.13269714848453795
ENSG00000145216.16,0.13209846121221344
ENSG00000136827.12,0.13165078262393407
ENSG00000162869.16,0.1314305679848379
ENSG00000275111.5,0.13125875227949443
ENSG00000081154.12,0.13116316437838205
ENSG00000163877.11,0.1309838065822538
ENSG00000100813.14,0.13070799170528696
ENSG00000175203.17,0.1305044545284087
ENSG00000163312.11,0.13042173266633486
ENSG00000089234.16,0.1303256819698768
ENSG00000131508.16,0.13011043410219883
ENSG00000155229.21,0.12895448548317257
ENSG00000107625.13,0.12867911204585686
ENSG00000196652.12,0.12853093395349025
ENSG00000075413.19,0.12822431887898794
ENSG00000128191.16,0.1269553158521876
ENSG00000144048.10,0.12681479746947108
ENSG00000106682.15,0.12610522176220615
ENSG00000103429.11,0.12608642328874264
ENSG00000186001.14,0.12562678746919156
ENSG00000122566.22,0.12547940643341393
ENSG00000109332.20,0.12513612000631902
ENSG00000125944.21,0.1247509407924012
ENSG00000139620.13,0.12294556968701888
ENSG00000166478.10,0.12289681266374275
ENSG00000163867.17,0.12223927786054407
ENSG00000086589.12,0.1215216777920127
ENSG00000198218.11,0.12134758475771075
ENSG00000152795.17,0.12069262463372396
ENSG00000163161.14,0.11817188622757017
ENSG00000066044.15,0.11636071750057288
ENSG00000117751.18,0.11621115187952327
ENSG00000066117.15,0.11612076082006814
ENSG00000111605.18,0.11606632490351906
ENSG00000126883.17,0.11589790810137718
ENSG00000122557.11,0.11439945107702472
ENSG00000119760.16,0.11421889402187727
ENSG00000188529.15,0.1140335486817126
ENSG00000075856.12,0.11278572430151941
ENSG00000124160.12,0.11243880591419675
ENSG00000100811.14,0.11242880517305508
ENSG00000106609.16,0.11227866624459801
ENSG00000149187.18,0.11223366648043187
ENSG00000115875.19,0.11183499673597923
ENSG00000138375.13,0.11147700539268586
ENSG00000134283.18,0.11091291257961346
ENSG00000115446.12,0.11054316789316111
ENSG00000153187.20,0.10749395485933814
ENSG00000011304.22,0.10676555311341657
ENSG00000151923.17,0.1050196987515543
ENSG00000112081.17,0.10459296615648678
ENSG00000120948.18,0.10416939780994808
ENSG00000111011.18,0.10342539170804535
ENSG00000054118.15,0.10334043260920228
ENSG00000239306.5,0.10044116462990484
ENSG00000092199.18,0.09994475144374008
ENSG00000116560.11,0.09864387629000862
ENSG00000010244.19,0.09737720509831388
ENSG00000130749.10,0.0968865470448777
ENSG00000115998.8,0.09539833359208277
ENSG00000037637.11,0.09510440326416707
ENSG00000160199.15,0.09304589868692512
ENSG00000136527.18,0.09241933964419247
ENSG00000168066.20,0.09237338073434723
ENSG00000144021.3,0.09070542700338079
ENSG00000083896.13,0.08877358437941772
ENSG00000147274.14,0.08841117452375695
ENSG00000121774.18,0.081708398711940175
ENSG00000104824.17,0.07772495087156725
ENSG00000155636.15,0.07556958589409339
ENSG00000165119.21,0.07488185102342688
ENSG00000136709.12,0.06964600332438049
ENSG00000106459.15,0.05461464586946917
