SYMBOL,ENSEMBL,ENTREZID
A1BG,ENSG00000121410,1
A1BG-AS1,ENSG00000268895,503538
A2M,ENSG00000175899,2
A2M-AS1,ENSG00000245105,144571
A2ML1,ENSG00000166535,144568
A4GALT,ENSG00000128274,53947
AAAS,ENSG00000094914,8086
AACS,ENSG00000081760,65985
AADAC,ENSG00000114771,13
AADAT,ENSG00000109576,51166
AAGAB,ENSG00000103591,79719
AAK1,ENSG00000115977,22848
AAMDC,ENSG00000087884,28971
AAMP,ENSG00000127837,14
AANAT,ENSG00000129673,15
AAR2,ENSG00000131043,25980
AARD,ENSG00000205002,441376
AARS1,ENSG00000090861,16
AARS2,ENSG00000124608,57505
AARSD1,ENSG00000266967,80755
AARSD1P1,ENSG00000234969,117981788
AASDH,ENSG00000157426,132949
AASDHPPT,ENSG00000149313,60496
AASS,ENSG00000008311,10157
AATBC,ENSG00000215458,284837
AATF,ENSG00000275700,26574
AATK,ENSG00000181409,9625
ABAT,ENSG00000183044,18
ABCA1,ENSG00000165029,19
ABCA10,ENSG00000154263,10349
ABCA12,ENSG00000144452,26154
ABCA13,ENSG00000179869,154664
ABCA2,ENSG00000107331,20
ABCA3,ENSG00000167972,21
ABCA4,ENSG00000198691,24
ABCA5,ENSG00000154265,23461
ABCA6,ENSG00000154262,23460
ABCA7,ENSG00000064687,10347
ABCA8,ENSG00000141338,10351
ABCA9,ENSG00000154258,10350
ABCB1,ENSG00000085563,5243
ABCB10,ENSG00000135776,23456
ABCB11,ENSG00000073734,8647
ABCB4,ENSG00000005471,5244
ABCB5,ENSG00000004846,340273
ABCB6,ENSG00000115657,10058
ABCB7,ENSG00000131269,22
ABCB8,ENSG00000197150,11194
ABCB9,ENSG00000150967,23457
ABCC1,ENSG00000103222,4363
ABCC10,ENSG00000124574,89845
ABCC11,ENSG00000121270,85320
ABCC12,ENSG00000140798,94160
ABCC2,ENSG00000023839,1244
ABCC3,ENSG00000108846,8714
ABCC4,ENSG00000125257,10257
ABCC5,ENSG00000114770,10057
ABCC6,ENSG00000091262,368
ABCC8,ENSG00000006071,6833
ABCC9,ENSG00000069431,10060
ABCD1,ENSG00000101986,215
ABCD2,ENSG00000173208,225
ABCD3,ENSG00000117528,5825
ABCD4,ENSG00000119688,5826
ABCE1,ENSG00000164163,6059
ABCF1,ENSG00000204574,23
ABCF2,ENSG00000033050,10061
ABCF3,ENSG00000161204,55324
ABCG1,ENSG00000160179,9619
ABCG2,ENSG00000118777,9429
ABCG4,ENSG00000172350,64137
ABCG5,ENSG00000138075,64240
ABCG8,ENSG00000143921,64241
ABHD1,ENSG00000143994,84696
ABHD10,ENSG00000144827,55347
ABHD11,ENSG00000106077,83451
ABHD12,ENSG00000100997,26090
ABHD12B,ENSG00000131969,145447
ABHD13,ENSG00000139826,84945
ABHD14A,ENSG00000248487,25864
ABHD14B,ENSG00000114779,84836
ABHD15,ENSG00000168792,116236
ABHD16A,ENSG00000204427,7920
ABHD17A,ENSG00000129968,81926
ABHD17B,ENSG00000107362,51104
ABHD17C,ENSG00000136379,58489
ABHD18,ENSG00000164074,80167
ABHD2,ENSG00000140526,11057
ABHD3,ENSG00000158201,171586
ABHD4,ENSG00000100439,63874
ABHD5,ENSG00000011198,51099
ABHD6,ENSG00000163686,57406
ABHD8,ENSG00000127220,79575
ABI1,ENSG00000136754,10006
ABI2,ENSG00000138443,10152
ABI3,ENSG00000108798,51225
ABI3BP,ENSG00000154175,25890
ABITRAM,ENSG00000119328,54942
ABL1,ENSG00000097007,25
ABL2,ENSG00000143322,27
ABLIM1,ENSG00000099204,3983
ABLIM2,ENSG00000163995,84448
ABLIM3,ENSG00000173210,22885
ABO,ENSG00000175164,28
ABR,ENSG00000159842,29
ABRACL,ENSG00000146386,58527
ABRAXAS1,ENSG00000163322,84142
ABRAXAS2,ENSG00000165660,23172
ABT1,ENSG00000146109,29777
ABTB1,ENSG00000114626,80325
ABTB2,ENSG00000166016,25841
ABTB3,ENSG00000151136,121551
ACAA1,ENSG00000060971,30
ACAA2,ENSG00000167315,10449
ACAA2P1,ENSG00000233585,100420869
ACACA,ENSG00000278540,31
ACACB,ENSG00000076555,32
ACAD10,ENSG00000111271,80724
ACAD11,ENSG00000240303,84129
ACAD8,ENSG00000151498,27034
ACAD9,ENSG00000177646,28976
ACAD9-DT,ENSG00000287110,123706524
ACADL,ENSG00000115361,33
ACADM,ENSG00000117054,34
ACADS,ENSG00000122971,35
ACADSB,ENSG00000196177,36
ACADVL,ENSG00000072778,37
ACAN,ENSG00000157766,176
ACAP1,ENSG00000072818,9744
ACAP2,ENSG00000114331,23527
ACAP3,ENSG00000131584,116983
ACAT1,ENSG00000075239,38
ACAT2,ENSG00000120437,39
ACBD3,ENSG00000182827,64746
ACBD3-AS1,ENSG00000234478,107985353
ACBD4,ENSG00000181513,79777
ACBD5,ENSG00000107897,91452
ACBD6,ENSG00000230124,84320
ACBD7,ENSG00000176244,414149
ACCS,ENSG00000110455,84680
ACD,ENSG00000102977,65057
ACE,ENSG00000159640,1636
ACE2,ENSG00000130234,59272
ACE2-DT,ENSG00000225833,104798195
ACER1,ENSG00000167769,125981
ACER2,ENSG00000177076,340485
ACER3,ENSG00000078124,55331
ACHE,ENSG00000087085,43
ACIN1,ENSG00000100813,22985
ACKR1,ENSG00000213088,2532
ACKR2,ENSG00000144648,1238
ACKR3,ENSG00000144476,57007
ACKR4,ENSG00000129048,51554
ACLY,ENSG00000131473,47
ACMSD,ENSG00000153086,130013
ACO1,ENSG00000122729,48
ACO2,ENSG00000100412,50
ACOD1,ENSG00000102794,730249
ACOT1,ENSG00000184227,641371
ACOT11,ENSG00000162390,26027
ACOT13,ENSG00000112304,55856
ACOT2,ENSG00000119673,10965
ACOT4,ENSG00000177465,122970
ACOT6,ENSG00000205669,641372
ACOT7,ENSG00000097021,11332
ACOT8,ENSG00000101473,10005
ACOT9,ENSG00000123130,23597
ACOX1,ENSG00000161533,51
ACOX2,ENSG00000168306,8309
ACOX3,ENSG00000087008,8310
ACOXL,ENSG00000153093,55289
ACOXL-AS1,ENSG00000204581,400997
ACP1,ENSG00000143727,52
ACP2,ENSG00000134575,53
ACP3,ENSG00000014257,55
ACP4,ENSG00000142513,93650
ACP5,ENSG00000102575,54
ACP6,ENSG00000162836,51205
ACP7,ENSG00000183760,390928
ACR,ENSG00000100312,49
ACRBP,ENSG00000111644,84519
ACRV1,ENSG00000134940,56
ACSBG1,ENSG00000103740,23205
ACSBG2,ENSG00000130377,81616
ACSF2,ENSG00000167107,80221
ACSF3,ENSG00000176715,197322
ACSL1,ENSG00000151726,2180
ACSL3,ENSG00000123983,2181
ACSL4,ENSG00000068366,2182
ACSL5,ENSG00000197142,51703
ACSL6,ENSG00000164398,23305
ACSM1,ENSG00000166743,116285
ACSM3,ENSG00000005187,6296
ACSM4,ENSG00000215009,341392
ACSM5,ENSG00000183549,54988
ACSM6,ENSG00000173124,142827
ACSS1,ENSG00000154930,84532
ACSS2,ENSG00000131069,55902
ACSS3,ENSG00000111058,79611
ACTA1,ENSG00000143632,58
ACTA2,ENSG00000107796,59
ACTA2-AS1,ENSG00000180139,100132116
ACTB,ENSG00000075624,60
ACTBL2,ENSG00000169067,345651
ACTC1,ENSG00000159251,70
ACTG1,ENSG00000184009,71
ACTG1P14,ENSG00000230581,100418910
ACTG1P15,ENSG00000259904,100418951
ACTG1P22,ENSG00000271615,100131953
ACTG1P23,ENSG00000230362,442097
ACTG2,ENSG00000163017,72
ACTL6A,ENSG00000136518,86
ACTL8,ENSG00000117148,81569
ACTMAP,ENSG00000188493,284325
ACTN1,ENSG00000072110,87
ACTN1-DT,ENSG00000259062,161159
ACTN2,ENSG00000077522,88
ACTN3,ENSG00000248746,89
ACTN4,ENSG00000130402,81
ACTR10,ENSG00000131966,55860
ACTR1A,ENSG00000138107,10121
ACTR1B,ENSG00000115073,10120
ACTR2,ENSG00000138071,10097
ACTR3,ENSG00000115091,10096
ACTR3B,ENSG00000133627,57180
ACTR3C,ENSG00000106526,653857
ACTR5,ENSG00000101442,79913
ACTR6,ENSG00000075089,64431
ACTR8,ENSG00000113812,93973
ACTRT3,ENSG00000184378,84517
ACVR1,ENSG00000115170,90
ACVR1B,ENSG00000135503,91
ACVR1C,ENSG00000123612,130399
ACVR2A,ENSG00000121989,92
ACVR2B,ENSG00000114739,93
ACVR2B-AS1,ENSG00000229589,100128640
ACVRL1,ENSG00000139567,94
ACY1,ENSG00000243989,95
ACY3,ENSG00000132744,91703
ACYP1,ENSG00000119640,97
ACYP2,ENSG00000170634,98
ADA,ENSG00000196839,100
ADA2,ENSG00000093072,51816
ADAD2,ENSG00000140955,161931
ADAM10,ENSG00000137845,102
ADAM11,ENSG00000073670,4185
ADAM12,ENSG00000148848,8038
ADAM15,ENSG00000143537,8751
ADAM17,ENSG00000151694,6868
ADAM19,ENSG00000135074,8728
ADAM1B,ENSG00000226469,100420505
ADAM21,ENSG00000139985,8747
ADAM22,ENSG00000008277,53616
ADAM23,ENSG00000114948,8745
ADAM28,ENSG00000042980,10863
ADAM29,ENSG00000168594,11086
ADAM32,ENSG00000197140,203102
ADAM33,ENSG00000149451,80332
ADAM8,ENSG00000151651,101
ADAM9,ENSG00000168615,8754
ADAMDEC1,ENSG00000134028,27299
ADAMTS1,ENSG00000154734,9510
ADAMTS10,ENSG00000142303,81794
ADAMTS12,ENSG00000151388,81792
ADAMTS13,ENSG00000160323,11093
ADAMTS14,ENSG00000138316,140766
ADAMTS15,ENSG00000166106,170689
ADAMTS16,ENSG00000145536,170690
ADAMTS16-DT,ENSG00000250579,101929176
ADAMTS17,ENSG00000140470,170691
ADAMTS18,ENSG00000140873,170692
ADAMTS19,ENSG00000145808,171019
ADAMTS19-AS1,ENSG00000249421,103689846
ADAMTS2,ENSG00000087116,9509
ADAMTS20,ENSG00000173157,80070
ADAMTS3,ENSG00000156140,9508
ADAMTS4,ENSG00000158859,9507
ADAMTS5,ENSG00000154736,11096
ADAMTS6,ENSG00000049192,11174
ADAMTS7,ENSG00000136378,11173
ADAMTS7P1,ENSG00000274376,390660
ADAMTS7P3,ENSG00000261143,400406
ADAMTS7P4,ENSG00000218052,642935
ADAMTS8,ENSG00000134917,11095
ADAMTS9,ENSG00000163638,56999
ADAMTS9-AS1,ENSG00000241158,101929335
ADAMTS9-AS2,ENSG00000241684,100507098
ADAMTSL1,ENSG00000178031,92949
ADAMTSL2,ENSG00000197859,9719
ADAMTSL3,ENSG00000156218,57188
ADAMTSL4,ENSG00000143382,54507
ADAMTSL4-AS1,ENSG00000143384,574406
ADAMTSL4-AS2,ENSG00000237781,100289061
ADAMTSL5,ENSG00000185761,339366
ADAP1,ENSG00000105963,11033
ADAP2,ENSG00000184060,55803
ADAR,ENSG00000160710,103
ADARB1,ENSG00000197381,104
ADARB2,ENSG00000185736,105
ADARB2-AS1,ENSG00000205696,642394
ADAT1,ENSG00000065457,23536
ADAT2,ENSG00000189007,134637
ADAT3,ENSG00000213638,113179
ADCK1,ENSG00000063761,57143
ADCK2,ENSG00000133597,90956
ADCK5,ENSG00000173137,203054
ADCY1,ENSG00000164742,107
ADCY10,ENSG00000143199,55811
ADCY2,ENSG00000078295,108
ADCY3,ENSG00000138031,109
ADCY4,ENSG00000129467,196883
ADCY5,ENSG00000173175,111
ADCY6,ENSG00000174233,112
ADCY6-DT,ENSG00000257660,100506125
ADCY7,ENSG00000121281,113
ADCY8,ENSG00000155897,114
ADCY9,ENSG00000162104,115
ADCYAP1,ENSG00000141433,116
ADCYAP1R1,ENSG00000078549,117
ADD1,ENSG00000087274,118
ADD2,ENSG00000075340,119
ADD3,ENSG00000148700,120
ADD3-AS1,ENSG00000203876,100505933
ADGB,ENSG00000118492,79747
ADGRA2,ENSG00000020181,25960
ADGRA3,ENSG00000152990,166647
ADGRA3P1,ENSG00000256616,100996333
ADGRB1,ENSG00000181790,575
ADGRB2,ENSG00000121753,576
ADGRB3,ENSG00000135298,577
ADGRD1,ENSG00000111452,283383
ADGRD2,ENSG00000180264,347088
ADGRE1,ENSG00000174837,2015
ADGRE2,ENSG00000127507,30817
ADGRE3,ENSG00000131355,84658
ADGRE5,ENSG00000123146,976
ADGRF1,ENSG00000153292,266977
ADGRF3,ENSG00000173567,165082
ADGRF4,ENSG00000153294,221393
ADGRF5,ENSG00000069122,221395
ADGRF5P1,ENSG00000227582,389740
ADGRG1,ENSG00000205336,9289
ADGRG2,ENSG00000173698,10149
ADGRG3,ENSG00000182885,222487
ADGRG5,ENSG00000159618,221188
ADGRG6,ENSG00000112414,57211
ADGRL1,ENSG00000072071,22859
ADGRL1-AS1,ENSG00000267169,100507373
ADGRL2,ENSG00000117114,23266
ADGRL3,ENSG00000150471,23284
ADGRL4,ENSG00000162618,64123
ADGRV1,ENSG00000164199,84059
ADH1A,ENSG00000187758,124
ADH1B,ENSG00000196616,125
ADH1C,ENSG00000248144,126
ADH4,ENSG00000198099,127
ADH5,ENSG00000197894,128
ADH6,ENSG00000172955,130
ADHFE1,ENSG00000147576,137872
ADI1,ENSG00000182551,55256
ADIPOQ,ENSG00000181092,9370
ADIPOR1,ENSG00000159346,51094
ADIPOR2,ENSG00000006831,79602
ADISSP,ENSG00000101220,54976
ADK,ENSG00000156110,132
ADM,ENSG00000148926,133
ADM2,ENSG00000128165,79924
ADM5,ENSG00000224420,199800
ADNP,ENSG00000101126,23394
ADNP-AS1,ENSG00000259456,101927631
ADNP2,ENSG00000101544,22850
ADO,ENSG00000181915,84890
ADORA1,ENSG00000163485,134
ADORA2A,ENSG00000128271,135
ADORA2A-AS1,ENSG00000178803,646023
ADORA2B,ENSG00000170425,136
ADORA3,ENSG00000282608,140
ADPGK,ENSG00000159322,83440
ADPGK-AS1,ENSG00000260898,100287559
ADPRH,ENSG00000144843,141
ADPRHL1,ENSG00000153531,113622
ADPRM,ENSG00000170222,56985
ADPRS,ENSG00000116863,54936
ADRA1A,ENSG00000120907,148
ADRA1B,ENSG00000170214,147
ADRA1D,ENSG00000171873,146
ADRA2A,ENSG00000150594,150
ADRA2B,ENSG00000274286,151
ADRA2C,ENSG00000184160,152
ADRB1,ENSG00000043591,153
ADRB2,ENSG00000169252,154
ADRM1,ENSG00000130706,11047
ADSL,ENSG00000239900,158
ADSS1,ENSG00000185100,122622
ADSS2,ENSG00000035687,159
ADTRP,ENSG00000111863,84830
AEBP1,ENSG00000106624,165
AEBP2,ENSG00000139154,121536
AEN,ENSG00000181026,64782
AFAP1,ENSG00000196526,60312
AFAP1-AS1,ENSG00000272620,84740
AFAP1L1,ENSG00000157510,134265
AFAP1L2,ENSG00000169129,84632
AFDN,ENSG00000130396,4301
AFF1,ENSG00000172493,4299
AFF2,ENSG00000155966,2334
AFF3,ENSG00000144218,3899
AFF4,ENSG00000072364,27125
AFG1L,ENSG00000135537,246269
AFG2A,ENSG00000145375,166378
AFG2B,ENSG00000171763,79029
AFG3L2,ENSG00000141385,10939
AFMID,ENSG00000183077,125061
AFP,ENSG00000081051,174
AFTPH,ENSG00000119844,54812
AFTPH-DT,ENSG00000260101,101927402
AGA,ENSG00000038002,175
AGA-DT,ENSG00000250131,285500
AGAP1,ENSG00000157985,116987
AGAP1-IT1,ENSG00000235529,100506749
AGAP11,ENSG00000271880,119385
AGAP2,ENSG00000135439,116986
AGAP2-AS1,ENSG00000255737,100130776
AGAP3,ENSG00000133612,116988
AGAP4,ENSG00000188234,119016
AGAP6,ENSG00000204149,414189
AGAP9,ENSG00000204172,642517
AGBL2,ENSG00000165923,79841
AGBL3,ENSG00000146856,340351
AGBL4,ENSG00000186094,84871
AGBL5,ENSG00000084693,60509
AGER,ENSG00000204305,177
AGFG1,ENSG00000173744,3267
AGFG2,ENSG00000106351,3268
AGGF1,ENSG00000164252,55109
AGK,ENSG00000006530,55750
AGL,ENSG00000162688,178
AGMAT,ENSG00000116771,79814
AGMO,ENSG00000187546,392636
AGO1,ENSG00000092847,26523
AGO2,ENSG00000123908,27161
AGO3,ENSG00000126070,192669
AGO4,ENSG00000134698,192670
AGPAT1,ENSG00000204310,10554
AGPAT2,ENSG00000169692,10555
AGPAT3,ENSG00000160216,56894
AGPAT4,ENSG00000026652,56895
AGPAT5,ENSG00000155189,55326
AGPS,ENSG00000018510,8540
AGR2,ENSG00000106541,10551
AGR3,ENSG00000173467,155465
AGRN,ENSG00000188157,375790
AGT,ENSG00000135744,183
AGTPBP1,ENSG00000135049,23287
AGTR1,ENSG00000144891,185
AGTRAP,ENSG00000177674,57085
AGXT,ENSG00000172482,189
AGXT2,ENSG00000113492,64902
AHCTF1,ENSG00000153207,25909
AHCY,ENSG00000101444,191
AHCYL1,ENSG00000168710,10768
AHCYL2,ENSG00000158467,23382
AHDC1,ENSG00000126705,27245
AHI1,ENSG00000135541,54806
AHI1-DT,ENSG00000231028,100131814
AHNAK,ENSG00000124942,79026
AHNAK2,ENSG00000185567,113146
AHR,ENSG00000106546,196
AHRR,ENSG00000063438,57491
AHSA1,ENSG00000100591,10598
AICDA,ENSG00000111732,57379
AIDA,ENSG00000186063,64853
AIDAP2,ENSG00000251429,646890
AIF1,ENSG00000204472,199
AIF1L,ENSG00000126878,83543
AIFM1,ENSG00000156709,9131
AIFM2,ENSG00000042286,84883
AIFM3,ENSG00000183773,150209
AIG1,ENSG00000146416,51390
AIM2,ENSG00000163568,9447
AIMP1,ENSG00000164022,9255
AIMP2,ENSG00000106305,7965
AIP,ENSG00000110711,9049
AIRIM,ENSG00000116922,54955
AJAP1,ENSG00000196581,55966
AJM1,ENSG00000232434,389813
AJUBA,ENSG00000129474,84962
AK1,ENSG00000106992,203
AK2,ENSG00000004455,204
AK2P1,ENSG00000185839,266920
AK3,ENSG00000147853,50808
AK3P3,ENSG00000230042,100419075
AK4,ENSG00000162433,205
AK5,ENSG00000154027,26289
AK6,ENSG00000085231,102157402
AK7,ENSG00000140057,122481
AK8,ENSG00000165695,158067
AK9,ENSG00000155085,221264
AKAP1,ENSG00000121057,8165
AKAP1-DT,ENSG00000263004,119139901
AKAP10,ENSG00000108599,11216
AKAP11,ENSG00000023516,11215
AKAP12,ENSG00000131016,9590
AKAP13,ENSG00000170776,11214
AKAP14,ENSG00000186471,158798
AKAP17A,ENSG00000197976,8227
AKAP3,ENSG00000111254,10566
AKAP5,ENSG00000179841,9495
AKAP6,ENSG00000151320,9472
AKAP7,ENSG00000118507,9465
AKAP8,ENSG00000105127,10270
AKAP8L,ENSG00000011243,26993
AKAP9,ENSG00000127914,10142
AKIP1,ENSG00000166452,56672
AKIRIN1,ENSG00000174574,79647
AKIRIN2,ENSG00000135334,55122
AKNA,ENSG00000106948,80709
AKNAD1,ENSG00000162641,254268
AKR1A1,ENSG00000117448,10327
AKR1B1,ENSG00000085662,231
AKR1B10,ENSG00000198074,57016
AKR1B15,ENSG00000227471,441282
AKR1C1,ENSG00000187134,1645
AKR1C2,ENSG00000151632,1646
AKR1C3,ENSG00000196139,8644
AKR1C7P,ENSG00000215267,648947
AKR1D1,ENSG00000122787,6718
AKR1E2,ENSG00000165568,83592
AKR7A2,ENSG00000053371,8574
AKR7A3,ENSG00000162482,22977
AKR7L,ENSG00000211454,246181
AKT1,ENSG00000142208,207
AKT1S1,ENSG00000204673,84335
AKT2,ENSG00000105221,208
AKT3,ENSG00000117020,10000
AKTIP,ENSG00000166971,64400
ALAD,ENSG00000148218,210
ALAS1,ENSG00000023330,211
ALB,ENSG00000163631,213
ALCAM,ENSG00000170017,214
ALDH16A1,ENSG00000161618,126133
ALDH18A1,ENSG00000059573,5832
ALDH1A1,ENSG00000165092,216
ALDH1A2,ENSG00000128918,8854
ALDH1A3,ENSG00000184254,220
ALDH1A3-AS1,ENSG00000259583,101927751
ALDH1B1,ENSG00000137124,219
ALDH1L1,ENSG00000144908,10840
ALDH1L1-AS1,ENSG00000250012,100874204
ALDH1L1-AS2,ENSG00000246022,100862662
ALDH1L2,ENSG00000136010,160428
ALDH2,ENSG00000111275,217
ALDH3A1,ENSG00000108602,218
ALDH3A2,ENSG00000072210,224
ALDH3B1,ENSG00000006534,221
ALDH3B2,ENSG00000132746,222
ALDH4A1,ENSG00000159423,8659
ALDH5A1,ENSG00000112294,7915
ALDH6A1,ENSG00000119711,4329
ALDH7A1,ENSG00000164904,501
ALDH7A1P1,ENSG00000251400,541
ALDH8A1,ENSG00000118514,64577
ALDH9A1,ENSG00000143149,223
ALDOA,ENSG00000149925,226
ALDOB,ENSG00000136872,229
ALDOC,ENSG00000109107,230
ALG1,ENSG00000033011,56052
ALG10,ENSG00000139133,84920
ALG10B,ENSG00000175548,144245
ALG11,ENSG00000253710,440138
ALG12,ENSG00000182858,79087
ALG13,ENSG00000101901,79868
ALG14,ENSG00000172339,199857
ALG14-AS1,ENSG00000235501,101928098
ALG1L10P,ENSG00000254016,106479037
ALG1L2,ENSG00000251287,644974
ALG1L3P,ENSG00000251087,100132066
ALG1L8P,ENSG00000227620,645015
ALG2,ENSG00000119523,85365
ALG3,ENSG00000214160,10195
ALG5,ENSG00000120697,29880
ALG6,ENSG00000088035,29929
ALG8,ENSG00000159063,79053
ALG9,ENSG00000086848,79796
ALK,ENSG00000171094,238
ALKAL2,ENSG00000189292,285016
ALKBH1,ENSG00000100601,8846
ALKBH2,ENSG00000189046,121642
ALKBH3,ENSG00000166199,221120
ALKBH3-AS1,ENSG00000244926,100507300
ALKBH4,ENSG00000160993,54784
ALKBH5,ENSG00000091542,54890
ALKBH6,ENSG00000239382,84964
ALKBH7,ENSG00000125652,84266
ALKBH8,ENSG00000137760,91801
ALMS1,ENSG00000116127,7840
ALMS1-IT1,ENSG00000230002,100874291
ALOX12,ENSG00000108839,239
ALOX12-AS1,ENSG00000267532,100506713
ALOX12B,ENSG00000179477,242
ALOX15,ENSG00000161905,246
ALOX15B,ENSG00000179593,247
ALOX5,ENSG00000012779,240
ALOX5AP,ENSG00000132965,241
ALOXE3,ENSG00000179148,59344
ALPK1,ENSG00000073331,80216
ALPK2,ENSG00000198796,115701
ALPK3,ENSG00000136383,57538
ALPL,ENSG00000162551,249
ALS2,ENSG00000003393,57679
ALS2CL,ENSG00000178038,259173
ALX1,ENSG00000180318,8092
ALX3,ENSG00000156150,257
ALX4,ENSG00000052850,60529
ALYREF,ENSG00000183684,10189
AMACR,ENSG00000242110,23600
AMBP,ENSG00000106927,259
AMBRA1,ENSG00000110497,55626
AMD1,ENSG00000123505,262
AMDHD1,ENSG00000139344,144193
AMDHD2,ENSG00000162066,51005
AMER1,ENSG00000184675,139285
AMER2,ENSG00000165566,219287
AMFR,ENSG00000159461,267
AMH,ENSG00000104899,268
AMHR2,ENSG00000135409,269
AMIGO1,ENSG00000181754,57463
AMIGO2,ENSG00000139211,347902
AMMECR1,ENSG00000101935,9949
AMMECR1L,ENSG00000144233,83607
AMN,ENSG00000166126,81693
AMN1,ENSG00000151743,196394
AMOT,ENSG00000126016,154796
AMOTL1,ENSG00000166025,154810
AMOTL2,ENSG00000114019,51421
AMPD1,ENSG00000116748,270
AMPD2,ENSG00000116337,271
AMPD3,ENSG00000133805,272
AMPH,ENSG00000078053,273
AMT,ENSG00000145020,275
AMTN,ENSG00000187689,401138
AMY2B,ENSG00000240038,280
AMZ1,ENSG00000174945,155185
AMZ2,ENSG00000196704,51321
ANAPC1,ENSG00000153107,64682
ANAPC10,ENSG00000164162,10393
ANAPC11,ENSG00000141552,51529
ANAPC13,ENSG00000129055,25847
ANAPC15,ENSG00000110200,25906
ANAPC16,ENSG00000166295,119504
ANAPC2,ENSG00000176248,29882
ANAPC4,ENSG00000053900,29945
ANAPC5,ENSG00000089053,51433
ANAPC7,ENSG00000196510,51434
ANG,ENSG00000214274,283
ANGEL1,ENSG00000013523,23357
ANGEL2,ENSG00000174606,90806
ANGPT1,ENSG00000154188,284
ANGPT2,ENSG00000091879,285
ANGPT4,ENSG00000101280,51378
ANGPTL1,ENSG00000116194,9068
ANGPTL2,ENSG00000136859,23452
ANGPTL3,ENSG00000132855,27329
ANGPTL4,ENSG00000167772,51129
ANGPTL5,ENSG00000187151,253935
ANGPTL6,ENSG00000130812,83854
ANGPTL7,ENSG00000171819,10218
ANGPTL8,ENSG00000130173,55908
ANK1,ENSG00000029534,286
ANK2,ENSG00000145362,287
ANK3,ENSG00000151150,288
ANKAR,ENSG00000151687,150709
ANKDD1A,ENSG00000166839,348094
ANKDD1B,ENSG00000189045,728780
ANKEF1,ENSG00000132623,63926
ANKFN1,ENSG00000153930,162282
ANKFY1,ENSG00000185722,51479
ANKH,ENSG00000154122,56172
ANKHD1,ENSG00000131503,54882
ANKHD1-DT,ENSG00000249637,121232368
ANKHD1-EIF4EBP3,ENSG00000254996,404734
ANKIB1,ENSG00000001629,54467
ANKK1,ENSG00000170209,255239
ANKLE1,ENSG00000160117,126549
ANKLE2,ENSG00000176915,23141
ANKMY1,ENSG00000144504,51281
ANKMY2,ENSG00000106524,57037
ANKRA2,ENSG00000164331,57763
ANKRD1,ENSG00000148677,27063
ANKRD10,ENSG00000088448,55608
ANKRD11,ENSG00000167522,29123
ANKRD12,ENSG00000101745,23253
ANKRD13A,ENSG00000076513,88455
ANKRD13B,ENSG00000198720,124930
ANKRD13C,ENSG00000118454,81573
ANKRD13C-DT,ENSG00000197568,11147
ANKRD13D,ENSG00000172932,338692
ANKRD16,ENSG00000134461,54522
ANKRD17,ENSG00000132466,26057
ANKRD18A,ENSG00000180071,253650
ANKRD18B,ENSG00000230453,441459
ANKRD18EP,ENSG00000217165,100131031
ANKRD2,ENSG00000165887,26287
ANKRD22,ENSG00000152766,118932
ANKRD23,ENSG00000163126,200539
ANKRD24,ENSG00000089847,170961
ANKRD26,ENSG00000107890,22852
ANKRD27,ENSG00000105186,84079
ANKRD28,ENSG00000206560,23243
ANKRD29,ENSG00000154065,147463
ANKRD30A,ENSG00000148513,91074
ANKRD30B,ENSG00000180777,374860
ANKRD30BP1,ENSG00000175302,642460
ANKRD31,ENSG00000145700,256006
ANKRD33B,ENSG00000164236,651746
ANKRD33BP1,ENSG00000229689,100419920
ANKRD34A,ENSG00000272031,284615
ANKRD34B,ENSG00000189127,340120
ANKRD34C,ENSG00000235711,390616
ANKRD35,ENSG00000198483,148741
ANKRD36,ENSG00000135976,375248
ANKRD36B,ENSG00000196912,57730
ANKRD36C,ENSG00000174501,400986
ANKRD37,ENSG00000186352,353322
ANKRD39,ENSG00000213337,51239
ANKRD40,ENSG00000154945,91369
ANKRD42,ENSG00000137494,338699
ANKRD42-DT,ENSG00000247137,100506282
ANKRD44,ENSG00000065413,91526
ANKRD44-AS1,ENSG00000231621,101927596
ANKRD45,ENSG00000183831,339416
ANKRD46,ENSG00000186106,157567
ANKRD49,ENSG00000168876,54851
ANKRD50,ENSG00000151458,57182
ANKRD52,ENSG00000139645,283373
ANKRD53,ENSG00000144031,79998
ANKRD54,ENSG00000100124,129138
ANKRD55,ENSG00000164512,79722
ANKRD6,ENSG00000135299,22881
ANKRD61,ENSG00000157999,100310846
ANKRD62P1,ENSG00000259271,107080639
ANKRD65,ENSG00000235098,441869
ANKRD7,ENSG00000106013,56311
ANKRD9,ENSG00000156381,122416
ANKS1A,ENSG00000064999,23294
ANKS1B,ENSG00000185046,56899
ANKS3,ENSG00000168096,124401
ANKS6,ENSG00000165138,203286
ANKZF1,ENSG00000163516,55139
ANLN,ENSG00000011426,54443
ANO1,ENSG00000131620,55107
ANO10,ENSG00000160746,55129
ANO2,ENSG00000047617,57101
ANO3,ENSG00000134343,63982
ANO4,ENSG00000151572,121601
ANO5,ENSG00000171714,203859
ANO6,ENSG00000177119,196527
ANO7,ENSG00000146205,50636
ANO8,ENSG00000074855,57719
ANO9,ENSG00000185101,338440
ANOS1,ENSG00000011201,3730
ANP32A,ENSG00000140350,8125
ANP32B,ENSG00000136938,10541
ANP32E,ENSG00000143401,81611
ANPEP,ENSG00000166825,290
ANTKMT,ENSG00000103254,65990
ANTXR1,ENSG00000169604,84168
ANTXR2,ENSG00000163297,118429
ANTXRL,ENSG00000274209,195977
ANXA1,ENSG00000135046,301
ANXA10,ENSG00000109511,11199
ANXA11,ENSG00000122359,311
ANXA13,ENSG00000104537,312
ANXA2,ENSG00000182718,302
ANXA2R,ENSG00000177721,389289
ANXA2R-AS1,ENSG00000215068,153684
ANXA2R-OT1,ENSG00000177738,648987
ANXA3,ENSG00000138772,306
ANXA4,ENSG00000196975,307
ANXA5,ENSG00000164111,308
ANXA6,ENSG00000197043,309
ANXA7,ENSG00000138279,310
ANXA8,ENSG00000265190,653145
ANXA8L1,ENSG00000264230,728113
ANXA9,ENSG00000143412,8416
AOAH,ENSG00000136250,313
AOC1,ENSG00000002726,26
AOC2,ENSG00000131480,314
AOC3,ENSG00000131471,8639
AOPEP,ENSG00000148120,84909
AOX1,ENSG00000138356,316
AOX2P,ENSG00000243478,344454
AP1AR,ENSG00000138660,55435
AP1B1,ENSG00000100280,162
AP1G1,ENSG00000166747,164
AP1G2,ENSG00000213983,8906
AP1G2-AS1,ENSG00000258727,102724814
AP1M1,ENSG00000072958,8907
AP1M2,ENSG00000129354,10053
AP1S1,ENSG00000106367,1174
AP1S2,ENSG00000182287,8905
AP1S3,ENSG00000152056,130340
AP2A1,ENSG00000196961,160
AP2A2,ENSG00000183020,161
AP2B1,ENSG00000006125,163
AP2B1P1,ENSG00000234130,401602
AP2M1,ENSG00000161203,1173
AP2S1,ENSG00000042753,1175
AP3B1,ENSG00000132842,8546
AP3B2,ENSG00000103723,8120
AP3D1,ENSG00000065000,8943
AP3M1,ENSG00000185009,26985
AP3M2,ENSG00000070718,10947
AP3S1,ENSG00000177879,1176
AP3S2,ENSG00000157823,10239
AP4B1,ENSG00000134262,10717
AP4B1-AS1,ENSG00000226167,100287722
AP4E1,ENSG00000081014,23431
AP4M1,ENSG00000221838,9179
AP4S1,ENSG00000100478,11154
AP5B1,ENSG00000254470,91056
AP5M1,ENSG00000053770,55745
AP5S1,ENSG00000125843,55317
AP5Z1,ENSG00000242802,9907
APAF1,ENSG00000120868,317
APBA1,ENSG00000107282,320
APBA2,ENSG00000034053,321
APBA3,ENSG00000011132,9546
APBB1,ENSG00000166313,322
APBB1IP,ENSG00000077420,54518
APBB2,ENSG00000163697,323
APBB3,ENSG00000113108,10307
APC,ENSG00000134982,324
APC2,ENSG00000115266,10297
APCDD1,ENSG00000154856,147495
APCDD1L,ENSG00000198768,164284
APCDD1L-DT,ENSG00000231290,149773
APEH,ENSG00000164062,327
APELA,ENSG00000248329,100506013
APEX1,ENSG00000100823,328
APEX2,ENSG00000169188,27301
APH1A,ENSG00000117362,51107
APH1B,ENSG00000138613,83464
API5,ENSG00000166181,8539
APIP,ENSG00000149089,51074
APLF,ENSG00000169621,200558
APLN,ENSG00000171388,8862
APLNR,ENSG00000134817,187
APLP1,ENSG00000105290,333
APLP2,ENSG00000084234,334
APMAP,ENSG00000101474,57136
APOA1,ENSG00000118137,335
APOA1-AS,ENSG00000235910,104326055
APOB,ENSG00000084674,338
APOBEC2,ENSG00000124701,10930
APOBEC3A,ENSG00000128383,200315
APOBEC3A_B,ENSG00000128383,100913187
APOBEC3B,ENSG00000179750,9582
APOBEC3C,ENSG00000244509,27350
APOBEC3D,ENSG00000243811,140564
APOBEC3F,ENSG00000128394,200316
APOBEC3G,ENSG00000239713,60489
APOBEC3H,ENSG00000100298,164668
APOBEC4,ENSG00000173627,403314
APOBR,ENSG00000184730,55911
APOC1,ENSG00000130208,341
APOD,ENSG00000189058,347
APOE,ENSG00000130203,348
APOF,ENSG00000175336,319
APOL1,ENSG00000100342,8542
APOL2,ENSG00000128335,23780
APOL3,ENSG00000128284,80833
APOL4,ENSG00000100336,80832
APOL6,ENSG00000221963,80830
APOLD1,ENSG00000178878,81575
APOM,ENSG00000204444,55937
APOO,ENSG00000184831,79135
APOOL,ENSG00000155008,139322
APP,ENSG00000142192,351
APP-DT,ENSG00000273492,118568803
APPBP2,ENSG00000062725,10513
APPL1,ENSG00000157500,26060
APPL2,ENSG00000136044,55198
APRG1,ENSG00000198590,339883
APRT,ENSG00000198931,353
APTR,ENSG00000214293,100505854
APTX,ENSG00000137074,54840
AQP1,ENSG00000240583,358
AQP11,ENSG00000178301,282679
AQP2,ENSG00000167580,359
AQP3,ENSG00000165272,360
AQP4,ENSG00000171885,361
AQP4-AS1,ENSG00000260372,147429
AQP5,ENSG00000161798,362
AQP5-AS1,ENSG00000257588,101927318
AQP6,ENSG00000086159,363
AQP7,ENSG00000165269,364
AQP7B,ENSG00000259916,100509620
AQP8,ENSG00000103375,343
AQP9,ENSG00000103569,366
AQR,ENSG00000021776,9716
AR,ENSG00000169083,367
ARAF,ENSG00000078061,369
ARAP1,ENSG00000186635,116985
ARAP1-AS2,ENSG00000245148,100506020
ARAP2,ENSG00000047365,116984
ARAP3,ENSG00000120318,64411
ARB2A,ENSG00000113391,83989
ARC,ENSG00000198576,23237
ARCN1,ENSG00000095139,372
AREG,ENSG00000109321,374
AREL1,ENSG00000119682,9870
ARF1,ENSG00000143761,375
ARF3,ENSG00000134287,377
ARF4,ENSG00000168374,378
ARF4-AS1,ENSG00000272146,106144532
ARF5,ENSG00000004059,381
ARF6,ENSG00000165527,382
ARFGAP1,ENSG00000101199,55738
ARFGAP2,ENSG00000149182,84364
ARFGAP3,ENSG00000242247,26286
ARFGEF1,ENSG00000066777,10565
ARFGEF2,ENSG00000124198,10564
ARFGEF3,ENSG00000112379,57221
ARFIP1,ENSG00000164144,27236
ARFIP2,ENSG00000132254,23647
ARFRP1,ENSG00000101246,10139
ARG1,ENSG00000118520,383
ARG2,ENSG00000081181,384
ARGLU1,ENSG00000134884,55082
ARGLU1-DT,ENSG00000272274,283483
ARHGAP1,ENSG00000175220,392
ARHGAP10,ENSG00000071205,79658
ARHGAP11A,ENSG00000198826,9824
ARHGAP11B,ENSG00000285077,89839
ARHGAP12,ENSG00000165322,94134
ARHGAP15,ENSG00000075884,55843
ARHGAP17,ENSG00000140750,55114
ARHGAP18,ENSG00000146376,93663
ARHGAP19,ENSG00000213390,84986
ARHGAP20,ENSG00000137727,57569
ARHGAP21,ENSG00000107863,57584
ARHGAP22,ENSG00000128805,58504
ARHGAP23,ENSG00000275832,57636
ARHGAP24,ENSG00000138639,83478
ARHGAP25,ENSG00000163219,9938
ARHGAP26,ENSG00000145819,23092
ARHGAP27,ENSG00000159314,201176
ARHGAP27P1-BPTFP1-KPNA2P3,ENSG00000215769,109286553
ARHGAP28,ENSG00000088756,79822
ARHGAP29,ENSG00000137962,9411
ARHGAP29-AS1,ENSG00000226835,107985092
ARHGAP30,ENSG00000186517,257106
ARHGAP31,ENSG00000031081,57514
ARHGAP31-AS1,ENSG00000241155,100874246
ARHGAP32,ENSG00000134909,9743
ARHGAP33,ENSG00000004777,115703
ARHGAP35,ENSG00000160007,2909
ARHGAP36,ENSG00000147256,158763
ARHGAP39,ENSG00000147799,80728
ARHGAP4,ENSG00000089820,393
ARHGAP40,ENSG00000124143,343578
ARHGAP42,ENSG00000165895,143872
ARHGAP42-AS1,ENSG00000248027,100128386
ARHGAP44,ENSG00000006740,9912
ARHGAP45,ENSG00000180448,23526
ARHGAP5,ENSG00000100852,394
ARHGAP6,ENSG00000047648,395
ARHGAP8,ENSG00000241484,23779
ARHGAP9,ENSG00000123329,64333
ARHGDIA,ENSG00000141522,396
ARHGDIB,ENSG00000111348,397
ARHGDIG,ENSG00000242173,398
ARHGEF1,ENSG00000076928,9138
ARHGEF10,ENSG00000104728,9639
ARHGEF10L,ENSG00000074964,55160
ARHGEF11,ENSG00000132694,9826
ARHGEF12,ENSG00000196914,23365
ARHGEF15,ENSG00000198844,22899
ARHGEF16,ENSG00000130762,27237
ARHGEF17,ENSG00000110237,9828
ARHGEF17-AS1,ENSG00000257038,100287837
ARHGEF18,ENSG00000104880,23370
ARHGEF19,ENSG00000142632,128272
ARHGEF2,ENSG00000116584,9181
ARHGEF2-AS1,ENSG00000224276,107985210
ARHGEF2-AS2,ENSG00000273002,107985209
ARHGEF25,ENSG00000240771,115557
ARHGEF26,ENSG00000114790,26084
ARHGEF26-AS1,ENSG00000243069,100507524
ARHGEF28,ENSG00000214944,64283
ARHGEF3,ENSG00000163947,50650
ARHGEF33,ENSG00000214694,100271715
ARHGEF35,ENSG00000213214,445328
ARHGEF37,ENSG00000183111,389337
ARHGEF38,ENSG00000236699,54848
ARHGEF38-IT1,ENSG00000249885,100874374
ARHGEF39,ENSG00000137135,84904
ARHGEF4,ENSG00000136002,50649
ARHGEF4-AS1,ENSG00000233221,121853076
ARHGEF40,ENSG00000165801,55701
ARHGEF5,ENSG00000050327,7984
ARHGEF6,ENSG00000129675,9459
ARHGEF7,ENSG00000102606,8874
ARHGEF9,ENSG00000131089,23229
ARID1A,ENSG00000117713,8289
ARID1B,ENSG00000049618,57492
ARID2,ENSG00000189079,196528
ARID3A,ENSG00000116017,1820
ARID3B,ENSG00000179361,10620
ARID3C,ENSG00000205143,138715
ARID4A,ENSG00000032219,5926
ARID4B,ENSG00000054267,51742
ARID5A,ENSG00000196843,10865
ARID5B,ENSG00000150347,84159
ARIH1,ENSG00000166233,25820
ARIH2,ENSG00000177479,10425
ARK2C,ENSG00000141622,494470
ARK2N,ENSG00000152242,147339
ARL1,ENSG00000120805,400
ARL10,ENSG00000175414,285598
ARL11,ENSG00000152213,115761
ARL13A,ENSG00000174225,392509
ARL13B,ENSG00000169379,200894
ARL14,ENSG00000179674,80117
ARL14EP,ENSG00000152219,120534
ARL15,ENSG00000185305,54622
ARL16,ENSG00000214087,339231
ARL17A,ENSG00000228696,51326
ARL17B,ENSG00000228696,100506084
ARL2,ENSG00000213465,402
ARL2BP,ENSG00000102931,23568
ARL3,ENSG00000138175,403
ARL4A,ENSG00000122644,10124
ARL4C,ENSG00000188042,10123
ARL4D,ENSG00000175906,379
ARL5A,ENSG00000162980,26225
ARL5B,ENSG00000165997,221079
ARL6,ENSG00000113966,84100
ARL6IP1,ENSG00000170540,23204
ARL6IP4,ENSG00000182196,51329
ARL6IP5,ENSG00000144746,10550
ARL6IP6,ENSG00000177917,151188
ARL8A,ENSG00000143862,127829
ARL8B,ENSG00000134108,55207
ARL9,ENSG00000196503,132946
ARMC1,ENSG00000104442,55156
ARMC10,ENSG00000170632,83787
ARMC12,ENSG00000157343,221481
ARMC2,ENSG00000118690,84071
ARMC3,ENSG00000165309,219681
ARMC5,ENSG00000140691,79798
ARMC6,ENSG00000105676,93436
ARMC7,ENSG00000125449,79637
ARMC8,ENSG00000114098,25852
ARMC9,ENSG00000135931,80210
ARMCX1,ENSG00000126947,51309
ARMCX2,ENSG00000184867,9823
ARMCX3,ENSG00000102401,51566
ARMCX4,ENSG00000196440,100131755
ARMCX5,ENSG00000125962,64860
ARMCX5-GPRASP2,ENSG00000158301,100528062
ARMCX6,ENSG00000198960,54470
ARMH1,ENSG00000198520,339541
ARMH3,ENSG00000120029,79591
ARMH4,ENSG00000139971,145407
ARMT1,ENSG00000146476,79624
ARNT,ENSG00000143437,405
ARNT2,ENSG00000172379,9915
ARNT2-DT,ENSG00000259495,101929560
ARPC1A,ENSG00000241685,10552
ARPC1B,ENSG00000130429,10095
ARPC2,ENSG00000163466,10109
ARPC3,ENSG00000111229,10094
ARPC4,ENSG00000241553,10093
ARPC5,ENSG00000162704,10092
ARPC5L,ENSG00000136950,81873
ARPIN,ENSG00000242498,348110
ARPP19,ENSG00000128989,10776
ARPP21,ENSG00000172995,10777
ARR3,ENSG00000120500,407
ARRB1,ENSG00000137486,408
ARRB2,ENSG00000141480,409
ARRDC1,ENSG00000197070,92714
ARRDC1-AS1,ENSG00000203993,85026
ARRDC2,ENSG00000105643,27106
ARRDC3,ENSG00000113369,57561
ARRDC3-AS1,ENSG00000281357,100129716
ARRDC4,ENSG00000140450,91947
ARRDC5,ENSG00000205784,645432
ARSA,ENSG00000100299,410
ARSB,ENSG00000113273,411
ARSD,ENSG00000006756,414
ARSF,ENSG00000062096,416
ARSG,ENSG00000141337,22901
ARSH,ENSG00000205667,347527
ARSI,ENSG00000183876,340075
ARSJ,ENSG00000180801,79642
ARSK,ENSG00000164291,153642
ARSL,ENSG00000157399,415
ART3,ENSG00000156219,419
ART4,ENSG00000111339,420
ART5,ENSG00000167311,116969
ARTN,ENSG00000117407,9048
ARV1,ENSG00000173409,64801
ARVCF,ENSG00000099889,421
ARX,ENSG00000004848,170302
ASAH1,ENSG00000104763,427
ASAH1-AS1,ENSG00000245281,101929066
ASAH2,ENSG00000188611,56624
ASAH2B,ENSG00000204147,653308
ASAP1,ENSG00000153317,50807
ASAP1-IT2,ENSG00000280543,100507117
ASAP2,ENSG00000151693,8853
ASAP3,ENSG00000088280,55616
ASB1,ENSG00000065802,51665
ASB12,ENSG00000198881,142689
ASB13,ENSG00000196372,79754
ASB14,ENSG00000239388,142686
ASB15,ENSG00000146809,142685
ASB16,ENSG00000161664,92591
ASB16-AS1,ENSG00000267080,339201
ASB2,ENSG00000100628,51676
ASB3,ENSG00000115239,51130
ASB4,ENSG00000005981,51666
ASB6,ENSG00000148331,140459
ASB7,ENSG00000183475,140460
ASB8,ENSG00000177981,140461
ASB9,ENSG00000102048,140462
ASCC1,ENSG00000138303,51008
ASCC2,ENSG00000100325,84164
ASCC3,ENSG00000112249,10973
ASCL1,ENSG00000139352,429
ASCL2,ENSG00000183734,430
ASCL4,ENSG00000187855,121549
ASCL5,ENSG00000232237,647219
ASF1A,ENSG00000111875,25842
ASF1B,ENSG00000105011,55723
ASGR1,ENSG00000141505,432
ASGR2,ENSG00000161944,433
ASH1L,ENSG00000116539,55870
ASH1L-AS1,ENSG00000235919,645676
ASH2L,ENSG00000129691,9070
ASIC1,ENSG00000110881,41
ASIC2,ENSG00000108684,40
ASIC3,ENSG00000213199,9311
ASIC4,ENSG00000072182,55515
ASIP,ENSG00000101440,434
ASL,ENSG00000126522,435
ASMER1,ENSG00000281903,107987295
ASMT,ENSG00000196433,438
ASMTL,ENSG00000169093,8623
ASNS,ENSG00000070669,440
ASNSD1,ENSG00000138381,54529
ASNSP3,ENSG00000236554,100423061
ASPA,ENSG00000108381,443
ASPDH,ENSG00000204653,554235
ASPG,ENSG00000166183,374569
ASPH,ENSG00000198363,444
ASPHD1,ENSG00000174939,253982
ASPHD2,ENSG00000128203,57168
ASPM,ENSG00000066279,259266
ASPN,ENSG00000106819,54829
ASPRV1,ENSG00000244617,151516
ASPSCR1,ENSG00000169696,79058
ASRGL1,ENSG00000162174,80150
ASS1,ENSG00000130707,445
ASS1P1,ENSG00000220517,442167
ASS1P2,ENSG00000223922,447
ASTE1,ENSG00000034533,28990
ASTILCS,ENSG00000244998,105375790
ASTL,ENSG00000188886,431705
ASTN1,ENSG00000152092,460
ASTN2,ENSG00000148219,23245
ASXL1,ENSG00000171456,171023
ASXL2,ENSG00000143970,55252
ASXL3,ENSG00000141431,80816
ATAD1,ENSG00000138138,84896
ATAD2,ENSG00000156802,29028
ATAD2B,ENSG00000119778,54454
ATAD3A,ENSG00000197785,55210
ATAD3B,ENSG00000160072,83858
ATAD3C,ENSG00000215915,219293
ATAD5,ENSG00000176208,79915
ATAT1,ENSG00000137343,79969
ATE1,ENSG00000107669,11101
ATF1,ENSG00000123268,466
ATF2,ENSG00000115966,1386
ATF3,ENSG00000162772,467
ATF4,ENSG00000128272,468
ATF5,ENSG00000169136,22809
ATF6,ENSG00000118217,22926
ATF6B,ENSG00000213676,1388
ATF7,ENSG00000170653,11016
ATF7-NPFF,ENSG00000267281,114108587
ATF7IP,ENSG00000171681,55729
ATF7IP2,ENSG00000166669,80063
ATG10,ENSG00000152348,83734
ATG101,ENSG00000123395,60673
ATG12,ENSG00000145782,9140
ATG13,ENSG00000175224,9776
ATG14,ENSG00000126775,22863
ATG16L1,ENSG00000085978,55054
ATG16L2,ENSG00000168010,89849
ATG2A,ENSG00000110046,23130
ATG2B,ENSG00000066739,55102
ATG3,ENSG00000144848,64422
ATG4A,ENSG00000101844,115201
ATG4B,ENSG00000168397,23192
ATG4C,ENSG00000125703,84938
ATG4D,ENSG00000130734,84971
ATG5,ENSG00000057663,9474
ATG7,ENSG00000197548,10533
ATG9A,ENSG00000198925,79065
ATG9B,ENSG00000181652,285973
ATIC,ENSG00000138363,471
ATL1,ENSG00000198513,51062
ATL2,ENSG00000119787,64225
ATL3,ENSG00000184743,25923
ATM,ENSG00000149311,472
ATMIN,ENSG00000166454,23300
ATN1,ENSG00000111676,1822
ATOH7,ENSG00000179774,220202
ATOH8,ENSG00000168874,84913
ATOSA,ENSG00000047346,56204
ATOSB,ENSG00000005238,80256
ATOX1,ENSG00000177556,475
ATP10A,ENSG00000206190,57194
ATP10B,ENSG00000118322,23120
ATP10D,ENSG00000145246,57205
ATP11A,ENSG00000068650,23250
ATP11B,ENSG00000058063,23200
ATP11C,ENSG00000101974,286410
ATP12A,ENSG00000075673,479
ATP13A1,ENSG00000105726,57130
ATP13A2,ENSG00000159363,23400
ATP13A3,ENSG00000133657,79572
ATP13A4,ENSG00000127249,84239
ATP13A5,ENSG00000187527,344905
ATP1A1,ENSG00000163399,476
ATP1A1-AS1,ENSG00000203865,84852
ATP1A2,ENSG00000018625,477
ATP1A3,ENSG00000105409,478
ATP1A4,ENSG00000132681,480
ATP1B1,ENSG00000143153,481
ATP1B2,ENSG00000129244,482
ATP1B3,ENSG00000069849,483
ATP23,ENSG00000166896,91419
ATP2A1,ENSG00000196296,487
ATP2A1-AS1,ENSG00000260442,100289092
ATP2A2,ENSG00000174437,488
ATP2A3,ENSG00000074370,489
ATP2B1,ENSG00000070961,490
ATP2B1-AS1,ENSG00000271614,338758
ATP2B2,ENSG00000157087,491
ATP2B3,ENSG00000067842,492
ATP2B4,ENSG00000058668,493
ATP2C1,ENSG00000017260,27032
ATP2C2,ENSG00000064270,9914
ATP2C2-AS1,ENSG00000261286,105371374
ATP5F1A,ENSG00000152234,498
ATP5F1B,ENSG00000110955,506
ATP5F1C,ENSG00000165629,509
ATP5F1D,ENSG00000099624,513
ATP5F1E,ENSG00000124172,514
ATP5IF1,ENSG00000130770,93974
ATP5MC1,ENSG00000159199,516
ATP5MC2,ENSG00000135390,517
ATP5MC3,ENSG00000154518,518
ATP5ME,ENSG00000169020,521
ATP5MF,ENSG00000241468,9551
ATP5MG,ENSG00000167283,10632
ATP5MJ,ENSG00000156411,9556
ATP5MK,ENSG00000173915,84833
ATP5PB,ENSG00000116459,515
ATP5PD,ENSG00000167863,10476
ATP5PF,ENSG00000154723,522
ATP5PO,ENSG00000241837,539
ATP6,ENSG00000198899,4508
ATP6AP1,ENSG00000071553,537
ATP6AP1-DT,ENSG00000197180,158960
ATP6AP2,ENSG00000182220,10159
ATP6V0A1,ENSG00000033627,535
ATP6V0A2,ENSG00000185344,23545
ATP6V0A4,ENSG00000105929,50617
ATP6V0B,ENSG00000117410,533
ATP6V0C,ENSG00000185883,527
ATP6V0D1,ENSG00000159720,9114
ATP6V0D1-DT,ENSG00000270049,101927837
ATP6V0D2,ENSG00000147614,245972
ATP6V0E1,ENSG00000113732,8992
ATP6V0E2,ENSG00000171130,155066
ATP6V0E2-AS1,ENSG00000204934,401431
ATP6V1A,ENSG00000114573,523
ATP6V1B1,ENSG00000116039,525
ATP6V1B2,ENSG00000147416,526
ATP6V1C1,ENSG00000155097,528
ATP6V1C2,ENSG00000143882,245973
ATP6V1D,ENSG00000100554,51382
ATP6V1E1,ENSG00000131100,529
ATP6V1E2,ENSG00000250565,90423
ATP6V1F,ENSG00000128524,9296
ATP6V1G1,ENSG00000136888,9550
ATP6V1G2,ENSG00000213760,534
ATP6V1H,ENSG00000047249,51606
ATP7A,ENSG00000165240,538
ATP7B,ENSG00000123191,540
ATP8,ENSG00000228253,4509
ATP8A1,ENSG00000124406,10396
ATP8A2,ENSG00000132932,51761
ATP8B1,ENSG00000081923,5205
ATP8B1-AS1,ENSG00000267040,100505549
ATP8B2,ENSG00000143515,57198
ATP8B3,ENSG00000130270,148229
ATP8B4,ENSG00000104043,79895
ATP9A,ENSG00000054793,10079
ATP9B,ENSG00000166377,374868
ATPAF1,ENSG00000123472,64756
ATPAF2,ENSG00000171953,91647
ATPSCKMT,ENSG00000150756,134145
ATR,ENSG00000175054,545
ATRAID,ENSG00000138085,51374
ATRIP,ENSG00000164053,84126
ATRIP-TREX1,ENSG00000164053,111822955
ATRN,ENSG00000088812,8455
ATRNL1,ENSG00000107518,26033
ATRX,ENSG00000085224,546
ATXN1,ENSG00000124788,6310
ATXN10,ENSG00000130638,25814
ATXN1L,ENSG00000224470,342371
ATXN2,ENSG00000204842,6311
ATXN2-AS,ENSG00000258099,102723619
ATXN2L,ENSG00000168488,11273
ATXN3,ENSG00000066427,4287
ATXN7,ENSG00000163635,6314
ATXN7L1,ENSG00000146776,222255
ATXN7L2,ENSG00000162650,127002
ATXN7L3,ENSG00000087152,56970
ATXN7L3-AS1,ENSG00000260793,101926967
ATXN7L3B,ENSG00000253719,552889
AUH,ENSG00000148090,549
AUNIP,ENSG00000127423,79000
AUP1,ENSG00000115307,550
AURKA,ENSG00000087586,6790
AURKAIP1,ENSG00000175756,54998
AURKB,ENSG00000178999,9212
AURKC,ENSG00000105146,6795
AUTS2,ENSG00000158321,26053
AVEN,ENSG00000169857,57099
AVIL,ENSG00000135407,10677
AVL9,ENSG00000105778,23080
AVPI1,ENSG00000119986,60370
AVPR1A,ENSG00000166148,552
AVPR2,ENSG00000126895,554
AWAT2,ENSG00000147160,158835
AXDND1,ENSG00000162779,126859
AXIN1,ENSG00000103126,8312
AXIN2,ENSG00000168646,8313
AXL,ENSG00000167601,558
AZGP1,ENSG00000160862,563
AZGP1P2,ENSG00000214252,401393
AZI2,ENSG00000163512,64343
AZIN1,ENSG00000155096,51582
AZIN2,ENSG00000142920,113451
AZU1,ENSG00000172232,566
B2M,ENSG00000166710,567
B3GALNT1,ENSG00000169255,8706
B3GALNT2,ENSG00000162885,148789
B3GALT1,ENSG00000172318,8708
B3GALT2,ENSG00000162630,8707
B3GALT4,ENSG00000235863,8705
B3GALT5,ENSG00000183778,10317
B3GALT6,ENSG00000176022,126792
B3GALT9,ENSG00000214654,100288842
B3GAT1,ENSG00000109956,27087
B3GAT1-DT,ENSG00000255545,283177
B3GAT2,ENSG00000112309,135152
B3GAT3,ENSG00000149541,26229
B3GLCT,ENSG00000187676,145173
B3GNT2,ENSG00000170340,10678
B3GNT3,ENSG00000179913,10331
B3GNT4,ENSG00000176383,79369
B3GNT5,ENSG00000176597,84002
B3GNT7,ENSG00000156966,93010
B3GNT8,ENSG00000177191,374907
B3GNT9,ENSG00000237172,84752
B3GNTL1,ENSG00000175711,146712
B4GALNT1,ENSG00000135454,2583
B4GALNT2,ENSG00000167080,124872
B4GALNT3,ENSG00000139044,283358
B4GALNT4,ENSG00000182272,338707
B4GALT1,ENSG00000086062,2683
B4GALT2,ENSG00000117411,8704
B4GALT3,ENSG00000158850,8703
B4GALT4,ENSG00000121578,8702
B4GALT5,ENSG00000158470,9334
B4GALT6,ENSG00000118276,9331
B4GALT7,ENSG00000027847,11285
B4GAT1,ENSG00000174684,11041
B4GAT1-DT,ENSG00000255468,102724064
B9D1,ENSG00000108641,27077
B9D2,ENSG00000123810,80776
BAALC,ENSG00000164929,79870
BAAT,ENSG00000136881,570
BABAM1,ENSG00000105393,29086
BABAM2,ENSG00000158019,9577
BACC1,ENSG00000258315,124944
BACE1,ENSG00000186318,23621
BACE2,ENSG00000182240,25825
BACH1,ENSG00000156273,571
BACH2,ENSG00000112182,60468
BAD,ENSG00000002330,572
BAG1,ENSG00000107262,573
BAG2,ENSG00000112208,9532
BAG3,ENSG00000151929,9531
BAG4,ENSG00000156735,9530
BAG5,ENSG00000166170,9529
BAG6,ENSG00000204463,7917
BAHCC1,ENSG00000266074,57597
BAHD1,ENSG00000140320,22893
BAIAP2,ENSG00000175866,10458
BAIAP2-DT,ENSG00000226137,440465
BAIAP2L1,ENSG00000006453,55971
BAIAP2L2,ENSG00000128298,80115
BAIAP3,ENSG00000007516,8938
BAK1,ENSG00000030110,578
BAMBI,ENSG00000095739,25805
BANF1,ENSG00000175334,8815
BANK1,ENSG00000153064,55024
BANP,ENSG00000172530,54971
BAP1,ENSG00000163930,8314
BARD1,ENSG00000138376,580
BARX1,ENSG00000131668,56033
BARX2,ENSG00000043039,8538
BASP1,ENSG00000176788,10409
BASP1-AS1,ENSG00000215196,285696
BATF,ENSG00000156127,10538
BATF2,ENSG00000168062,116071
BATF3,ENSG00000123685,55509
BAX,ENSG00000087088,581
BAZ1A,ENSG00000198604,11177
BAZ1A-AS1,ENSG00000258738,112268124
BAZ1B,ENSG00000009954,9031
BAZ2A,ENSG00000076108,11176
BAZ2B,ENSG00000123636,29994
BAZ2B-AS1,ENSG00000224152,643072
BBC3,ENSG00000105327,27113
BBIP1,ENSG00000214413,92482
BBIP1P1,ENSG00000271532,105373509
BBLN,ENSG00000171159,79095
BBOF1,ENSG00000119636,80127
BBOX1,ENSG00000129151,8424
BBOX1-AS1,ENSG00000254560,103695435
BBS1,ENSG00000174483,582
BBS10,ENSG00000179941,79738
BBS12,ENSG00000181004,166379
BBS2,ENSG00000125124,583
BBS4,ENSG00000140463,585
BBS5,ENSG00000163093,129880
BBS7,ENSG00000138686,55212
BBS9,ENSG00000122507,27241
BBX,ENSG00000114439,56987
BCAM,ENSG00000187244,4059
BCAN,ENSG00000132692,63827
BCAP29,ENSG00000075790,55973
BCAP31,ENSG00000185825,10134
BCAR1,ENSG00000050820,9564
BCAR3,ENSG00000137936,8412
BCAR4,ENSG00000262117,400500
BCAS1,ENSG00000064787,8537
BCAS2,ENSG00000116752,10286
BCAS3,ENSG00000141376,54828
BCAS4,ENSG00000124243,55653
BCAT1,ENSG00000060982,586
BCAT2,ENSG00000105552,587
BCCIP,ENSG00000107949,56647
BCDIN3D,ENSG00000186666,144233
BCDIN3D-AS1,ENSG00000258057,100286844
BCHE,ENSG00000114200,590
BCKDHA,ENSG00000248098,593
BCKDHB,ENSG00000083123,594
BCKDK,ENSG00000103507,10295
BCL10,ENSG00000142867,8915
BCL11A,ENSG00000119866,53335
BCL11B,ENSG00000127152,64919
BCL2,ENSG00000171791,596
BCL2A1,ENSG00000140379,597
BCL2L1,ENSG00000171552,598
BCL2L10,ENSG00000137875,10017
BCL2L11,ENSG00000153094,10018
BCL2L12,ENSG00000126453,83596
BCL2L13,ENSG00000099968,23786
BCL2L14,ENSG00000121380,79370
BCL2L15,ENSG00000188761,440603
BCL2L2,ENSG00000129473,599
BCL2L2-PABPN1,ENSG00000258643,100529063
BCL3,ENSG00000069399,602
BCL6,ENSG00000113916,604
BCL6-AS1,ENSG00000285938,122526776
BCL6B,ENSG00000161940,255877
BCL7A,ENSG00000110987,605
BCL7B,ENSG00000106635,9275
BCL7C,ENSG00000099385,9274
BCL9,ENSG00000116128,607
BCL9L,ENSG00000186174,283149
BCLAF1,ENSG00000029363,9774
BCLAF1P2,ENSG00000279800,731605
BCLAF3,ENSG00000173681,256643
BCO1,ENSG00000135697,53630
BCO2,ENSG00000197580,83875
BCOR,ENSG00000183337,54880
BCORL1,ENSG00000085185,63035
BCR,ENSG00000186716,613
BCS1L,ENSG00000074582,617
BCYRN1,ENSG00000236824,618
BDH1,ENSG00000161267,622
BDH2,ENSG00000164039,56898
BDKRB1,ENSG00000100739,623
BDKRB2,ENSG00000168398,624
BDNF,ENSG00000176697,627
BDNF-AS,ENSG00000245573,497258
BDP1,ENSG00000145734,55814
BEAN1,ENSG00000166546,146227
BEAN1-AS1,ENSG00000261656,101927726
BECN1,ENSG00000126581,8678
BEGAIN,ENSG00000183092,57596
BEND3,ENSG00000178409,57673
BEND4,ENSG00000188848,389206
BEND5,ENSG00000162373,79656
BEND6,ENSG00000151917,221336
BEND7,ENSG00000165626,222389
BEST1,ENSG00000167995,7439
BEST3,ENSG00000127325,144453
BEST4,ENSG00000142959,266675
BET1,ENSG00000105829,10282
BET1L,ENSG00000177951,51272
BEX1,ENSG00000133169,55859
BEX2,ENSG00000133134,84707
BEX3,ENSG00000166681,27018
BEX4,ENSG00000102409,56271
BEX5,ENSG00000184515,340542
BFAR,ENSG00000103429,51283
BFSP1,ENSG00000125864,631
BFSP2,ENSG00000170819,8419
BFSP2-AS1,ENSG00000249993,85003
BGLAP,ENSG00000242252,632
BGN,ENSG00000182492,633
BHLHA15,ENSG00000180535,168620
BHLHE22,ENSG00000180828,27319
BHLHE22-AS1,ENSG00000254102,401463
BHLHE40,ENSG00000134107,8553
BHLHE40-AS1,ENSG00000235831,100507582
BHLHE41,ENSG00000123095,79365
BHMT,ENSG00000145692,635
BHMT2,ENSG00000132840,23743
BICC1,ENSG00000122870,80114
BICD1,ENSG00000151746,636
BICD2,ENSG00000185963,23299
BICDL1,ENSG00000135127,92558
BICDL2,ENSG00000162069,146439
BICRA,ENSG00000063169,29998
BICRA-AS2,ENSG00000277383,128667229
BICRAL,ENSG00000112624,23506
BID,ENSG00000015475,637
BIK,ENSG00000100290,638
BIN1,ENSG00000136717,274
BIN2,ENSG00000110934,51411
BIN3,ENSG00000147439,55909
BIRC2,ENSG00000110330,329
BIRC3,ENSG00000023445,330
BIRC5,ENSG00000089685,332
BIRC6,ENSG00000115760,57448
BIRC7,ENSG00000101197,79444
BISPR,ENSG00000282851,105221694
BIVM,ENSG00000134897,54841
BLACAT1,ENSG00000281406,101669762
BLCAP,ENSG00000166619,10904
BLK,ENSG00000136573,640
BLM,ENSG00000197299,641
BLMH,ENSG00000108578,642
BLNK,ENSG00000095585,29760
BLOC1S1,ENSG00000135441,2647
BLOC1S2,ENSG00000196072,282991
BLOC1S3,ENSG00000189114,388552
BLOC1S4,ENSG00000186222,55330
BLOC1S5,ENSG00000188428,63915
BLOC1S6,ENSG00000104164,26258
BLTP1,ENSG00000138688,84162
BLTP2,ENSG00000007202,9703
BLTP3A,ENSG00000065060,54887
BLTP3B,ENSG00000111647,23074
BLTP3B-DT,ENSG00000257696,120766146
BLVRA,ENSG00000106605,644
BLVRB,ENSG00000090013,645
BLVRBP1,ENSG00000273682,127379696
BLZF1,ENSG00000117475,8548
BMAL1,ENSG00000133794,406
BMAL2,ENSG00000029153,56938
BMERB1,ENSG00000166780,89927
BMF,ENSG00000104081,90427
BMI1,ENSG00000168283,648
BMP1,ENSG00000168487,649
BMP2,ENSG00000125845,650
BMP2K,ENSG00000138756,55589
BMP3,ENSG00000152785,651
BMP4,ENSG00000125378,652
BMP5,ENSG00000112175,653
BMP6,ENSG00000153162,654
BMP7,ENSG00000101144,655
BMP8A,ENSG00000183682,353500
BMP8B,ENSG00000116985,656
BMPER,ENSG00000164619,168667
BMPR1A,ENSG00000107779,657
BMPR1AP1,ENSG00000219642,100421515
BMPR1B,ENSG00000138696,658
BMPR1B-DT,ENSG00000249599,100507012
BMPR2,ENSG00000204217,659
BMS1,ENSG00000165733,9790
BMS1P10,ENSG00000237238,728611
BMS1P4,ENSG00000271816,729096
BMS1P7,ENSG00000270025,100133265
BMX,ENSG00000102010,660
BNC1,ENSG00000169594,646
BNC2,ENSG00000173068,54796
BNC2-AS1,ENSG00000234779,111216284
BNIP1,ENSG00000113734,662
BNIP2,ENSG00000140299,663
BNIP3,ENSG00000176171,664
BNIP3L,ENSG00000104765,665
BNIP3P11,ENSG00000271550,106480286
BNIP3P16,ENSG00000267641,106480418
BNIP3P17,ENSG00000271524,100421704
BNIP3P30,ENSG00000268079,106481694
BNIP3P33,ENSG00000268717,106481695
BNIP5,ENSG00000189325,389384
BNIPL,ENSG00000163141,149428
BOC,ENSG00000144857,91653
BOD1,ENSG00000145919,91272
BOD1L1,ENSG00000038219,259282
BOK,ENSG00000176720,666
BOLA1,ENSG00000178096,51027
BOLA2,ENSG00000169627,552900
BOLA2B,ENSG00000169627,654483
BOLA3,ENSG00000163170,388962
BOLA3-DT,ENSG00000225439,100507171
BOP1,ENSG00000261236,23246
BORA,ENSG00000136122,79866
BORCS5,ENSG00000165714,118426
BORCS6,ENSG00000196544,54785
BORCS7,ENSG00000166275,119032
BORCS8,ENSG00000254901,729991
BORCS8-MEF2B,ENSG00000213999,4207
BPGM,ENSG00000172331,669
BPHL,ENSG00000137274,670
BPI,ENSG00000101425,671
BPIFB1,ENSG00000125999,92747
BPIFB2,ENSG00000078898,80341
BPIFB9P,ENSG00000125997,402016
BPNT1,ENSG00000162813,10380
BPNT2,ENSG00000104331,54928
BPTF,ENSG00000171634,2186
BRAF,ENSG00000157764,673
BRAP,ENSG00000089234,8315
BRAT1,ENSG00000106009,221927
BRCA1,ENSG00000012048,672
BRCA2,ENSG00000139618,675
BRCC3,ENSG00000185515,79184
BRCC3P1,ENSG00000251667,100421311
BRD1,ENSG00000100425,23774
BRD10,ENSG00000183354,158358
BRD2,ENSG00000204256,6046
BRD3,ENSG00000169925,8019
BRD3OS,ENSG00000235106,266655
BRD4,ENSG00000141867,23476
BRD7,ENSG00000166164,29117
BRD7P2,ENSG00000184100,647076
BRD8,ENSG00000112983,10902
BRD9,ENSG00000028310,65980
BRDT,ENSG00000137948,676
BRF1,ENSG00000185024,2972
BRF2,ENSG00000104221,55290
BRI3,ENSG00000164713,25798
BRI3BP,ENSG00000184992,140707
BRICD5,ENSG00000182685,283870
BRINP1,ENSG00000078725,1620
BRINP2,ENSG00000198797,57795
BRINP3,ENSG00000162670,339479
BRIP1,ENSG00000136492,83990
BRIX1,ENSG00000113460,55299
BRK1,ENSG00000254999,55845
BRME1,ENSG00000132016,79173
BRMS1,ENSG00000174744,25855
BRMS1L,ENSG00000100916,84312
BROX,ENSG00000162819,148362
BRPF1,ENSG00000156983,7862
BRPF3,ENSG00000096070,27154
BRSK1,ENSG00000160469,84446
BRSK2,ENSG00000174672,9024
BRWD1,ENSG00000185658,54014
BRWD1-AS1,ENSG00000238141,100874093
BRWD1-AS2,ENSG00000255568,103091865
BRWD3,ENSG00000165288,254065
BSCL2,ENSG00000168000,26580
BSDC1,ENSG00000160058,55108
BSG,ENSG00000172270,682
BSN,ENSG00000164061,8927
BSN-DT,ENSG00000226913,100132677
BSND,ENSG00000162399,7809
BSPRY,ENSG00000119411,54836
BST1,ENSG00000109743,683
BST2,ENSG00000130303,684
BTAF1,ENSG00000095564,9044
BTBD1,ENSG00000064726,53339
BTBD10,ENSG00000148925,84280
BTBD16,ENSG00000138152,118663
BTBD18,ENSG00000233436,643376
BTBD19,ENSG00000222009,149478
BTBD2,ENSG00000133243,55643
BTBD3,ENSG00000132640,22903
BTBD3-AS1,ENSG00000236526,121832811
BTBD6,ENSG00000184887,90135
BTBD7,ENSG00000011114,55727
BTBD8,ENSG00000189195,284697
BTBD9,ENSG00000183826,114781
BTC,ENSG00000174808,685
BTD,ENSG00000169814,686
BTF3,ENSG00000145741,689
BTF3-DT,ENSG00000272525,118568828
BTF3L4,ENSG00000134717,91408
BTG1,ENSG00000133639,694
BTG2,ENSG00000159388,7832
BTG2-DT,ENSG00000233791,730227
BTG3,ENSG00000154640,10950
BTG3-AS1,ENSG00000280594,110806272
BTK,ENSG00000010671,695
BTLA,ENSG00000186265,151888
BTN1A1,ENSG00000124557,696
BTN2A1,ENSG00000112763,11120
BTN2A2,ENSG00000124508,10385
BTN3A1,ENSG00000026950,11119
BTN3A2,ENSG00000186470,11118
BTN3A3,ENSG00000111801,10384
BTNL8,ENSG00000113303,79908
BTNL9,ENSG00000165810,153579
BTRC,ENSG00000166167,8945
BUB1,ENSG00000169679,699
BUB1B,ENSG00000156970,701
BUB1B-PAK6,ENSG00000137843,106821730
BUB3,ENSG00000154473,9184
BUD13,ENSG00000137656,84811
BUD23,ENSG00000071462,114049
BUD31,ENSG00000106245,8896
BVES-AS1,ENSG00000203808,154442
BYSL,ENSG00000112578,705
BZW1,ENSG00000082153,9689
BZW2,ENSG00000136261,28969
C10orf126,ENSG00000232624,283080
C10orf143,ENSG00000237489,387723
C10orf55,ENSG00000222047,414236
C10orf67,ENSG00000179133,256815
C10orf88,ENSG00000119965,80007
C10orf90,ENSG00000154493,118611
C10orf95-AS1,ENSG00000269609,100505761
C11orf16,ENSG00000176029,56673
C11orf21,ENSG00000110665,29125
C11orf24,ENSG00000171067,53838
C11orf42,ENSG00000180878,160298
C11orf54,ENSG00000182919,28970
C11orf58,ENSG00000110696,10944
C11orf65,ENSG00000166323,160140
C11orf68,ENSG00000175573,83638
C11orf71,ENSG00000180425,54494
C11orf86,ENSG00000173237,254439
C11orf96,ENSG00000187479,387763
C12orf42,ENSG00000179088,374470
C12orf43,ENSG00000157895,64897
C12orf54,ENSG00000177627,121273
C12orf56,ENSG00000185306,115749
C12orf57,ENSG00000111678,113246
C12orf60,ENSG00000182993,144608
C12orf75,ENSG00000235162,387882
C12orf76,ENSG00000174456,400073
C13orf46,ENSG00000283199,100507747
C14orf119,ENSG00000179933,55017
C14orf132,ENSG00000227051,56967
C14orf180,ENSG00000184601,400258
C14orf28,ENSG00000179476,122525
C14orf39,ENSG00000179008,317761
C14orf93,ENSG00000100802,60686
C15orf39,ENSG00000167173,56905
C15orf40,ENSG00000169609,123207
C15orf48,ENSG00000166920,84419
C15orf61,ENSG00000189227,145853
C15orf62,ENSG00000188277,643338
C16orf54,ENSG00000185905,283897
C16orf74,ENSG00000154102,404550
C16orf86,ENSG00000159761,388284
C16orf87,ENSG00000155330,388272
C16orf89,ENSG00000153446,146556
C16orf95,ENSG00000260456,100506581
C16orf95-DT,ENSG00000270006,101928659
C16orf96,ENSG00000205832,342346
C17orf100,ENSG00000256806,388327
C17orf107,ENSG00000205710,100130311
C17orf113,ENSG00000267221,110806298
C17orf114,ENSG00000262165,119139905
C17orf50,ENSG00000270806,146853
C17orf58,ENSG00000186665,284018
C17orf67,ENSG00000214226,339210
C17orf75,ENSG00000108666,64149
C17orf78,ENSG00000278505,284099
C18orf21,ENSG00000141428,83608
C18orf32,ENSG00000177576,497661
C18orf54,ENSG00000166845,162681
C19orf12,ENSG00000131943,83636
C19orf18,ENSG00000177025,147685
C19orf25,ENSG00000119559,148223
C19orf38,ENSG00000214212,255809
C19orf44,ENSG00000105072,84167
C19orf47,ENSG00000160392,126526
C19orf53,ENSG00000104979,28974
C19orf67,ENSG00000188032,646457
C19orf73,ENSG00000221916,55150
C19orf81,ENSG00000235034,342918
C19orf84,ENSG00000262874,147646
C1D,ENSG00000197223,10438
C1GALT1,ENSG00000106392,56913
C1GALT1C1,ENSG00000171155,29071
C1GALT1C1L,ENSG00000223658,728819
C1QA,ENSG00000173372,712
C1QB,ENSG00000173369,713
C1QBP,ENSG00000108561,708
C1QC,ENSG00000159189,714
C1QL1,ENSG00000131094,10882
C1QL2,ENSG00000144119,165257
C1QL3,ENSG00000165985,389941
C1QL4,ENSG00000186897,338761
C1QTNF1,ENSG00000173918,114897
C1QTNF12,ENSG00000184163,388581
C1QTNF2,ENSG00000145861,114898
C1QTNF3,ENSG00000082196,114899
C1QTNF4,ENSG00000172247,114900
C1QTNF6,ENSG00000133466,114904
C1QTNF7,ENSG00000163145,114905
C1QTNF7-AS1,ENSG00000249252,101929095
C1QTNF9,ENSG00000240654,338872
C1R,ENSG00000159403,715
C1RL,ENSG00000139178,51279
C1RL-AS1,ENSG00000205885,283314
C1S,ENSG00000182326,716
C1orf105,ENSG00000180999,92346
C1orf115,ENSG00000162817,79762
C1orf116,ENSG00000182795,79098
C1orf122,ENSG00000197982,127687
C1orf127,ENSG00000175262,148345
C1orf131,ENSG00000143633,128061
C1orf159,ENSG00000131591,54991
C1orf162,ENSG00000143110,128346
C1orf167,ENSG00000215910,284498
C1orf174,ENSG00000198912,339448
C1orf198,ENSG00000119280,84886
C1orf21,ENSG00000116667,81563
C1orf21-DT,ENSG00000271387,118827814
C1orf210,ENSG00000253313,149466
C1orf216,ENSG00000142686,127703
C1orf220,ENSG00000213057,400798
C1orf226,ENSG00000239887,400793
C1orf35,ENSG00000143793,79169
C1orf43,ENSG00000143612,25912
C1orf50,ENSG00000164008,79078
C1orf52,ENSG00000162642,148423
C1orf53,ENSG00000203724,388722
C1orf54,ENSG00000118292,79630
C1orf56,ENSG00000143443,54964
C1orf74,ENSG00000162757,148304
C2,ENSG00000166278,717
C2-AS1,ENSG00000281756,102060414
C20orf144,ENSG00000149609,128864
C20orf202,ENSG00000215595,400831
C20orf204,ENSG00000196421,284739
C20orf96,ENSG00000196476,140680
C21orf58,ENSG00000160298,54058
C21orf91,ENSG00000154642,54149
C22orf15,ENSG00000169314,150248
C22orf23,ENSG00000128346,84645
C22orf31,ENSG00000100249,25770
C22orf39,ENSG00000242259,128977
C2CD2,ENSG00000157617,25966
C2CD2L,ENSG00000172375,9854
C2CD3,ENSG00000168014,26005
C2CD4A,ENSG00000198535,145741
C2CD4B,ENSG00000205502,388125
C2CD4C,ENSG00000183186,126567
C2CD4D,ENSG00000225556,100191040
C2CD5,ENSG00000111731,9847
C2CD6,ENSG00000155754,151254
C2orf15,ENSG00000273045,150590
C2orf42,ENSG00000115998,54980
C2orf49,ENSG00000135974,79074
C2orf66,ENSG00000187944,401027
C2orf68,ENSG00000168887,388969
C2orf69,ENSG00000178074,205327
C2orf72,ENSG00000204128,257407
C2orf74,ENSG00000237651,339804
C2orf74-AS1,ENSG00000271889,105374758
C2orf74-DT,ENSG00000212978,339803
C2orf76,ENSG00000186132,130355
C2orf81,ENSG00000284308,388963
C2orf88,ENSG00000187699,84281
C2orf92,ENSG00000228486,728537
C3,ENSG00000125730,718
C3AR1,ENSG00000171860,719
C3orf18,ENSG00000088543,51161
C3orf20,ENSG00000131379,84077
C3orf33,ENSG00000174928,285315
C3orf36,ENSG00000288547,80111
C3orf38,ENSG00000179021,285237
C3orf49,ENSG00000163632,132200
C3orf52,ENSG00000114529,79669
C3orf62,ENSG00000188315,375341
C3orf70,ENSG00000187068,285382
C3orf80,ENSG00000180044,401097
C4A,ENSG00000244731,720
C4B,ENSG00000224389,721
C4BPA,ENSG00000123838,722
C4BPB,ENSG00000123843,725
C4orf19,ENSG00000154274,55286
C4orf3,ENSG00000164096,401152
C4orf33,ENSG00000151470,132321
C4orf36,ENSG00000285458,132989
C4orf46,ENSG00000205208,201725
C4orf50,ENSG00000181215,389197
C4orf54,ENSG00000248713,285556
C5,ENSG00000106804,727
C5AR1,ENSG00000197405,728
C5AR2,ENSG00000134830,27202
C5orf15,ENSG00000113583,56951
C5orf22,ENSG00000082213,55322
C5orf24,ENSG00000181904,134553
C5orf34,ENSG00000172244,375444
C5orf46,ENSG00000178776,389336
C5orf58,ENSG00000234511,133874
C5orf63,ENSG00000164241,401207
C6,ENSG00000039537,729
C6orf118,ENSG00000112539,168090
C6orf120,ENSG00000185127,387263
C6orf132,ENSG00000188112,647024
C6orf136,ENSG00000204564,221545
C6orf141,ENSG00000197261,135398
C6orf15,ENSG00000204542,29113
C6orf163,ENSG00000203872,206412
C6orf226,ENSG00000221821,441150
C6orf47,ENSG00000204439,57827
C6orf52,ENSG00000137434,347744
C6orf58,ENSG00000184530,352999
C6orf62,ENSG00000112308,81688
C6orf89,ENSG00000198663,221477
C7,ENSG00000112936,730
C7orf25,ENSG00000136197,79020
C7orf50,ENSG00000146540,84310
C7orf57,ENSG00000164746,136288
C7orf78,ENSG00000226690,102725191
C8G,ENSG00000176919,733
C8orf33,ENSG00000182307,65265
C8orf34,ENSG00000165084,116328
C8orf34-AS1,ENSG00000248801,286189
C8orf44,ENSG00000288596,56260
C8orf48,ENSG00000164743,157773
C8orf58,ENSG00000241852,541565
C8orf76,ENSG00000189376,84933
C8orf82,ENSG00000213563,414919
C8orf88,ENSG00000253250,100127983
C8orf89,ENSG00000274443,100130301
C9orf152,ENSG00000188959,401546
C9orf153,ENSG00000187753,389766
C9orf163,ENSG00000196366,158055
C9orf40,ENSG00000135045,55071
C9orf43,ENSG00000157653,257169
C9orf50,ENSG00000179058,375759
C9orf72,ENSG00000147894,203228
C9orf78,ENSG00000136819,51759
C9orf85,ENSG00000155621,138241
CA11,ENSG00000063180,770
CA12,ENSG00000074410,771
CA13,ENSG00000185015,377677
CA14,ENSG00000118298,23632
CA2,ENSG00000104267,760
CA3,ENSG00000164879,761
CA4,ENSG00000167434,762
CA5B,ENSG00000169239,11238
CA6,ENSG00000131686,765
CA8,ENSG00000178538,767
CA9,ENSG00000107159,768
CAAP1,ENSG00000120159,79886
CAB39,ENSG00000135932,51719
CAB39L,ENSG00000102547,81617
CABCOCO1,ENSG00000183346,219621
CABIN1,ENSG00000099991,23523
CABLES1,ENSG00000134508,91768
CABLES2,ENSG00000149679,81928
CABP1,ENSG00000157782,9478
CABP4,ENSG00000175544,57010
CABP7,ENSG00000100314,164633
CABYR,ENSG00000154040,26256
CACFD1,ENSG00000160325,11094
CACHD1,ENSG00000158966,57685
CACNA1A,ENSG00000141837,773
CACNA1B,ENSG00000148408,774
CACNA1C,ENSG00000151067,775
CACNA1C-AS1,ENSG00000246627,100652846
CACNA1C-AS2,ENSG00000256271,100874235
CACNA1C-IT2,ENSG00000151067,100874369
CACNA1D,ENSG00000157388,776
CACNA1E,ENSG00000198216,777
CACNA1F,ENSG00000102001,778
CACNA1G,ENSG00000006283,8913
CACNA1G-AS1,ENSG00000250107,253962
CACNA1H,ENSG00000196557,8912
CACNA1I,ENSG00000100346,8911
CACNA2D1,ENSG00000153956,781
CACNA2D2,ENSG00000007402,9254
CACNA2D3,ENSG00000157445,55799
CACNA2D4,ENSG00000151062,93589
CACNB1,ENSG00000067191,782
CACNB2,ENSG00000165995,783
CACNB3,ENSG00000167535,784
CACNB4,ENSG00000182389,785
CACNG1,ENSG00000108878,786
CACNG4,ENSG00000075461,27092
CACNG5,ENSG00000075429,27091
CACNG6,ENSG00000130433,59285
CACNG8,ENSG00000142408,59283
CACTIN,ENSG00000105298,58509
CACTIN-AS1,ENSG00000226800,404665
CACUL1,ENSG00000151893,143384
CACYBP,ENSG00000116161,27101
CAD,ENSG00000084774,790
CADM1,ENSG00000182985,23705
CADM2,ENSG00000175161,253559
CADM3,ENSG00000162706,57863
CADM4,ENSG00000105767,199731
CADPS,ENSG00000163618,8618
CADPS2,ENSG00000081803,93664
CAGE1,ENSG00000164304,285782
CAHM,ENSG00000270419,100526820
CALB1,ENSG00000104327,793
CALB2,ENSG00000172137,794
CALCB,ENSG00000175868,797
CALCOCO1,ENSG00000012822,57658
CALCOCO2,ENSG00000136436,10241
CALCR,ENSG00000004948,799
CALCRL,ENSG00000064989,10203
CALD1,ENSG00000122786,800
CALHM1,ENSG00000185933,255022
CALHM2,ENSG00000138172,51063
CALHM3,ENSG00000183128,119395
CALHM5,ENSG00000178033,254228
CALHM6,ENSG00000188820,441168
CALM1,ENSG00000198668,801
CALM2,ENSG00000143933,805
CALM3,ENSG00000160014,808
CALML3,ENSG00000178363,810
CALML4,ENSG00000129007,91860
CALML5,ENSG00000178372,51806
CALML6,ENSG00000169885,163688
CALN1,ENSG00000183166,83698
CALR,ENSG00000179218,811
CALU,ENSG00000128595,813
CALY,ENSG00000130643,50632
CAMK1,ENSG00000134072,8536
CAMK1D,ENSG00000183049,57118
CAMK1G,ENSG00000008118,57172
CAMK2A,ENSG00000070808,815
CAMK2B,ENSG00000058404,816
CAMK2D,ENSG00000145349,817
CAMK2G,ENSG00000148660,818
CAMK2N1,ENSG00000162545,55450
CAMK2N2,ENSG00000163888,94032
CAMK4,ENSG00000152495,814
CAMKK1,ENSG00000004660,84254
CAMKK2,ENSG00000110931,10645
CAMKMT,ENSG00000143919,79823
CAMKV,ENSG00000164076,79012
CAMLG,ENSG00000164615,819
CAMP,ENSG00000164047,820
CAMSAP1,ENSG00000130559,157922
CAMSAP2,ENSG00000118200,23271
CAMSAP3,ENSG00000076826,57662
CAMTA1,ENSG00000171735,23261
CAMTA2,ENSG00000108509,23125
CAND1,ENSG00000111530,55832
CAND2,ENSG00000144712,23066
CANT1,ENSG00000171302,124583
CANX,ENSG00000127022,821
CAP1,ENSG00000131236,10487
CAP1P1,ENSG00000240809,401076
CAP1P2,ENSG00000232004,399748
CAP2,ENSG00000112186,10486
CAPG,ENSG00000042493,822
CAPN1,ENSG00000014216,823
CAPN1-AS1,ENSG00000254614,728975
CAPN10,ENSG00000142330,11132
CAPN10-DT,ENSG00000260942,101752400
CAPN11,ENSG00000137225,11131
CAPN12,ENSG00000182472,147968
CAPN13,ENSG00000162949,92291
CAPN14,ENSG00000214711,440854
CAPN15,ENSG00000103326,6650
CAPN2,ENSG00000162909,824
CAPN3,ENSG00000092529,825
CAPN5,ENSG00000149260,726
CAPN6,ENSG00000077274,827
CAPN7,ENSG00000131375,23473
CAPN8,ENSG00000203697,388743
CAPN9,ENSG00000135773,10753
CAPNS1,ENSG00000126247,826
CAPRIN1,ENSG00000135387,4076
CAPRIN2,ENSG00000110888,65981
CAPS,ENSG00000105519,828
CAPS2,ENSG00000180881,84698
CAPSL,ENSG00000152611,133690
CAPZA1,ENSG00000116489,829
CAPZA2,ENSG00000198898,830
CAPZB,ENSG00000077549,832
CARD10,ENSG00000100065,29775
CARD11,ENSG00000198286,84433
CARD14,ENSG00000141527,79092
CARD16,ENSG00000204397,114769
CARD19,ENSG00000165233,84270
CARD6,ENSG00000132357,84674
CARD8,ENSG00000105483,22900
CARD8-AS1,ENSG00000268001,100505812
CARD9,ENSG00000187796,64170
CARF,ENSG00000138380,79800
CARHSP1,ENSG00000153048,23589
CARM1,ENSG00000142453,10498
CARMIL1,ENSG00000079691,55604
CARMIL2,ENSG00000159753,146206
CARMIL3,ENSG00000186648,90668
CARNMT1,ENSG00000156017,138199
CARNS1,ENSG00000172508,57571
CARS1,ENSG00000110619,833
CARS2,ENSG00000134905,79587
CARTPT,ENSG00000164326,9607
CASC11,ENSG00000249375,100270680
CASC16,ENSG00000249231,643714
CASC18,ENSG00000257859,101929110
CASC2,ENSG00000177640,255082
CASC3,ENSG00000108349,22794
CASC8,ENSG00000246228,727677
CASC9,ENSG00000249395,101805492
CASD1,ENSG00000127995,64921
CASK,ENSG00000147044,8573
CASKIN1,ENSG00000167971,57524
CASKIN2,ENSG00000177303,57513
CASP1,ENSG00000137752,834
CASP10,ENSG00000003400,843
CASP12,ENSG00000204403,100506742
CASP14,ENSG00000105141,23581
CASP2,ENSG00000106144,835
CASP3,ENSG00000164305,836
CASP4,ENSG00000196954,837
CASP5,ENSG00000137757,838
CASP6,ENSG00000138794,839
CASP7,ENSG00000165806,840
CASP8,ENSG00000064012,841
CASP8AP2,ENSG00000118412,9994
CASP9,ENSG00000132906,842
CASQ1,ENSG00000143318,844
CASQ2,ENSG00000118729,845
CASS4,ENSG00000087589,57091
CAST,ENSG00000153113,831
CASTOR1,ENSG00000239282,652968
CASTOR2,ENSG00000274070,729438
CASZ1,ENSG00000130940,54897
CAT,ENSG00000121691,847
CATIP,ENSG00000158428,375307
CATSPER1,ENSG00000175294,117144
CATSPER2,ENSG00000166762,117155
CATSPER3,ENSG00000152705,347732
CATSPERB,ENSG00000133962,79820
CATSPERE,ENSG00000179397,257044
CATSPERG,ENSG00000099338,57828
CAV1,ENSG00000105974,857
CAV2,ENSG00000105971,858
CAVIN1,ENSG00000177469,284119
CAVIN2,ENSG00000168497,8436
CAVIN3,ENSG00000170955,112464
CAVIN4,ENSG00000170681,347273
CBARP,ENSG00000099625,255057
CBFA2T2,ENSG00000078699,9139
CBFA2T3,ENSG00000129993,863
CBFB,ENSG00000067955,865
CBL,ENSG00000110395,867
CBLB,ENSG00000114423,868
CBLC,ENSG00000142273,23624
CBLL1,ENSG00000105879,79872
CBLL1-AS1,ENSG00000241764,101927974
CBLN1,ENSG00000102924,869
CBLN2,ENSG00000141668,147381
CBLN3,ENSG00000139899,643866
CBLN4,ENSG00000054803,140689
CBR1,ENSG00000159228,873
CBR1-AS1,ENSG00000230212,100133286
CBR3,ENSG00000159231,874
CBR3-AS1,ENSG00000236830,100506428
CBR4,ENSG00000145439,84869
CBS,ENSG00000160200,875
CBX1,ENSG00000108468,10951
CBX2,ENSG00000173894,84733
CBX3,ENSG00000122565,11335
CBX4,ENSG00000141582,8535
CBX5,ENSG00000094916,23468
CBX6,ENSG00000183741,23466
CBX7,ENSG00000100307,23492
CBX8,ENSG00000141570,57332
CBY1,ENSG00000100211,25776
CBY2,ENSG00000174015,220082
CBY3,ENSG00000204659,646019
CC2D1A,ENSG00000132024,54862
CC2D1B,ENSG00000154222,200014
CC2D2A,ENSG00000048342,57545
CC2D2B,ENSG00000188649,387707
CCAR1,ENSG00000060339,55749
CCAR2,ENSG00000158941,57805
CCBE1,ENSG00000183287,147372
CCDC102A,ENSG00000135736,92922
CCDC102B,ENSG00000150636,79839
CCDC106,ENSG00000173581,29903
CCDC107,ENSG00000159884,203260
CCDC110,ENSG00000168491,256309
CCDC112,ENSG00000164221,153733
CCDC115,ENSG00000136710,84317
CCDC116,ENSG00000161180,164592
CCDC117,ENSG00000159873,150275
CCDC12,ENSG00000160799,151903
CCDC120,ENSG00000147144,90060
CCDC121,ENSG00000176714,79635
CCDC122,ENSG00000151773,160857
CCDC124,ENSG00000007080,115098
CCDC125,ENSG00000183323,202243
CCDC126,ENSG00000169193,90693
CCDC127,ENSG00000164366,133957
CCDC13,ENSG00000244607,152206
CCDC13-AS1,ENSG00000173811,100874114
CCDC134,ENSG00000100147,79879
CCDC136,ENSG00000128596,64753
CCDC137,ENSG00000185298,339230
CCDC138,ENSG00000163006,165055
CCDC14,ENSG00000175455,64770
CCDC141,ENSG00000163492,285025
CCDC142,ENSG00000135637,84865
CCDC144A,ENSG00000170160,9720
CCDC144NL-AS1,ENSG00000233098,440416
CCDC146,ENSG00000135205,57639
CCDC148,ENSG00000153237,130940
CCDC149,ENSG00000181982,91050
CCDC15,ENSG00000149548,80071
CCDC15-DT,ENSG00000285825,105369547
CCDC150,ENSG00000144395,284992
CCDC152,ENSG00000198865,100129792
CCDC154,ENSG00000197599,645811
CCDC157,ENSG00000187860,550631
CCDC158,ENSG00000163749,339965
CCDC159,ENSG00000183401,126075
CCDC160,ENSG00000203952,347475
CCDC162P,ENSG00000203799,221262
CCDC163,ENSG00000280670,126661
CCDC167,ENSG00000198937,154467
CCDC168,ENSG00000175820,643677
CCDC169,ENSG00000242715,728591
CCDC17,ENSG00000159588,149483
CCDC170,ENSG00000120262,80129
CCDC171,ENSG00000164989,203238
CCDC174,ENSG00000154781,51244
CCDC175,ENSG00000151838,729665
CCDC177,ENSG00000267909,56936
CCDC178,ENSG00000166960,374864
CCDC18,ENSG00000122483,343099
CCDC180,ENSG00000197816,100499483
CCDC181,ENSG00000117477,57821
CCDC183,ENSG00000213213,84960
CCDC183-AS1,ENSG00000228544,100131193
CCDC184,ENSG00000177875,387856
CCDC185,ENSG00000178395,164127
CCDC186,ENSG00000165813,55088
CCDC187,ENSG00000260220,399693
CCDC188,ENSG00000234409,388849
CCDC191,ENSG00000163617,57577
CCDC192,ENSG00000230561,728586
CCDC194,ENSG00000269720,110806280
CCDC196,ENSG00000196553,440184
CCDC200,ENSG00000236383,100874261
CCDC22,ENSG00000101997,28952
CCDC24,ENSG00000159214,149473
CCDC25,ENSG00000147419,55246
CCDC26,ENSG00000229140,137196
CCDC27,ENSG00000162592,148870
CCDC28A,ENSG00000024862,25901
CCDC28A-AS1,ENSG00000279968,100507462
CCDC28B,ENSG00000160050,79140
CCDC3,ENSG00000151468,83643
CCDC30,ENSG00000186409,728621
CCDC32,ENSG00000128891,90416
CCDC33,ENSG00000140481,80125
CCDC34,ENSG00000109881,91057
CCDC38,ENSG00000165972,120935
CCDC39,ENSG00000284862,339829
CCDC40,ENSG00000141519,55036
CCDC43,ENSG00000180329,124808
CCDC47,ENSG00000108588,57003
CCDC50,ENSG00000152492,152137
CCDC51,ENSG00000164051,79714
CCDC57,ENSG00000176155,284001
CCDC59,ENSG00000133773,29080
CCDC6,ENSG00000108091,8030
CCDC60,ENSG00000183273,160777
CCDC61,ENSG00000104983,729440
CCDC62,ENSG00000130783,84660
CCDC65,ENSG00000139537,85478
CCDC66,ENSG00000180376,285331
CCDC68,ENSG00000166510,80323
CCDC69,ENSG00000198624,26112
CCDC7,ENSG00000216937,79741
CCDC71,ENSG00000177352,64925
CCDC71L,ENSG00000253276,168455
CCDC73,ENSG00000186714,493860
CCDC74A,ENSG00000163040,90557
CCDC74B,ENSG00000152076,91409
CCDC77,ENSG00000120647,84318
CCDC78,ENSG00000162004,124093
CCDC8,ENSG00000169515,83987
CCDC80,ENSG00000091986,151887
CCDC81,ENSG00000149201,60494
CCDC82,ENSG00000149231,79780
CCDC83,ENSG00000150676,220047
CCDC85A,ENSG00000055813,114800
CCDC85B,ENSG00000175602,11007
CCDC85C,ENSG00000205476,317762
CCDC86,ENSG00000110104,79080
CCDC87,ENSG00000182791,55231
CCDC88A,ENSG00000115355,55704
CCDC88B,ENSG00000168071,283234
CCDC88C,ENSG00000015133,440193
CCDC89,ENSG00000179071,220388
CCDC9,ENSG00000105321,26093
CCDC90B,ENSG00000137500,60492
CCDC91,ENSG00000123106,55297
CCDC92,ENSG00000119242,80212
CCDC92B,ENSG00000277200,101928991
CCDC93,ENSG00000125633,54520
CCDC97,ENSG00000142039,90324
CCDC9B,ENSG00000188549,388115
CCER2,ENSG00000262484,643669
CCHCR1,ENSG00000204536,54535
CCIN,ENSG00000185972,881
CCK,ENSG00000187094,885
CCKAR,ENSG00000163394,886
CCKBR,ENSG00000110148,887
CCL11,ENSG00000172156,6356
CCL13,ENSG00000181374,6357
CCL14,ENSG00000276409,6358
CCL16,ENSG00000275152,6360
CCL17,ENSG00000102970,6361
CCL18,ENSG00000275385,6362
CCL19,ENSG00000172724,6363
CCL2,ENSG00000108691,6347
CCL20,ENSG00000115009,6364
CCL21,ENSG00000137077,6366
CCL22,ENSG00000102962,6367
CCL23,ENSG00000274736,6368
CCL24,ENSG00000106178,6369
CCL25,ENSG00000131142,6370
CCL26,ENSG00000006606,10344
CCL28,ENSG00000151882,56477
CCL3,ENSG00000277632,6348
CCL3L1,ENSG00000276085,6349
CCL3L3,ENSG00000276085,414062
CCL4,ENSG00000275302,6351
CCL4L1,ENSG00000276070,388372
CCL4L2,ENSG00000276070,9560
CCL5,ENSG00000271503,6352
CCL7,ENSG00000108688,6354
CCL8,ENSG00000108700,6355
CCM2,ENSG00000136280,83605
CCM2L,ENSG00000101331,140706
CCN1,ENSG00000142871,3491
CCN2,ENSG00000118523,1490
CCN3,ENSG00000136999,4856
CCN4,ENSG00000104415,8840
CCN5,ENSG00000064205,8839
CCN6,ENSG00000112761,8838
CCNA1,ENSG00000133101,8900
CCNA2,ENSG00000145386,890
CCNB1,ENSG00000134057,891
CCNB1IP1,ENSG00000100814,57820
CCNB2,ENSG00000157456,9133
CCNB3,ENSG00000147082,85417
CCNC,ENSG00000112237,892
CCND1,ENSG00000110092,595
CCND2,ENSG00000118971,894
CCND2-AS1,ENSG00000255920,103752584
CCND3,ENSG00000112576,896
CCNDBP1,ENSG00000166946,23582
CCNE1,ENSG00000105173,898
CCNE2,ENSG00000175305,9134
CCNF,ENSG00000162063,899
CCNG1,ENSG00000113328,900
CCNG2,ENSG00000138764,901
CCNH,ENSG00000134480,902
CCNI,ENSG00000118816,10983
CCNI2,ENSG00000205089,645121
CCNJ,ENSG00000107443,54619
CCNJL,ENSG00000135083,79616
CCNK,ENSG00000090061,8812
CCNL1,ENSG00000163660,57018
CCNL2,ENSG00000221978,81669
CCNO,ENSG00000152669,10309
CCNO-DT,ENSG00000251307,121009647
CCNP,ENSG00000105219,79935
CCNQ,ENSG00000262919,92002
CCNT1,ENSG00000129315,904
CCNT2,ENSG00000082258,905
CCNY,ENSG00000108100,219771
CCNYL1,ENSG00000163249,151195
CCP110,ENSG00000103540,9738
CCPG1,ENSG00000260916,9236
CCR1,ENSG00000163823,1230
CCR10,ENSG00000184451,2826
CCR2,ENSG00000121807,729230
CCR3,ENSG00000183625,1232
CCR4,ENSG00000183813,1233
CCR5,ENSG00000160791,1234
CCR5AS,ENSG00000223552,102724297
CCR6,ENSG00000112486,1235
CCR7,ENSG00000126353,1236
CCR8,ENSG00000179934,1237
CCRL2,ENSG00000121797,9034
CCS,ENSG00000173992,9973
CCSAP,ENSG00000154429,126731
CCSER1,ENSG00000184305,401145
CCSER2,ENSG00000107771,54462
CCT2,ENSG00000166226,10576
CCT3,ENSG00000163468,7203
CCT4,ENSG00000115484,10575
CCT5,ENSG00000150753,22948
CCT6A,ENSG00000146731,908
CCT6B,ENSG00000132141,10693
CCT7,ENSG00000135624,10574
CCT8,ENSG00000156261,10694
CCT8P1,ENSG00000226015,644131
CCZ1,ENSG00000122674,51622
CCZ1B,ENSG00000146574,221960
CCZ1P1,ENSG00000243554,110440226
CD101,ENSG00000134256,9398
CD101-AS1,ENSG00000236137,101929099
CD109,ENSG00000156535,135228
CD109-AS1,ENSG00000231652,101928489
CD14,ENSG00000170458,929
CD151,ENSG00000177697,977
CD160,ENSG00000117281,11126
CD163,ENSG00000177575,9332
CD163L1,ENSG00000177675,283316
CD164,ENSG00000135535,8763
CD164L2,ENSG00000174950,388611
CD177,ENSG00000204936,57126
CD180,ENSG00000134061,4064
CD19,ENSG00000177455,930
CD1A,ENSG00000158477,909
CD1B,ENSG00000158485,910
CD1C,ENSG00000158481,911
CD1D,ENSG00000158473,912
CD1E,ENSG00000158488,913
CD2,ENSG00000116824,914
CD200,ENSG00000091972,4345
CD200R1,ENSG00000163606,131450
CD207,ENSG00000116031,50489
CD209,ENSG00000090659,30835
CD22,ENSG00000012124,933
CD226,ENSG00000150637,10666
CD24,ENSG00000272398,100133941
CD244,ENSG00000122223,51744
CD247,ENSG00000198821,919
CD248,ENSG00000174807,57124
CD27,ENSG00000139193,939
CD27-AS1,ENSG00000215039,678655
CD274,ENSG00000120217,29126
CD276,ENSG00000103855,80381
CD28,ENSG00000178562,940
CD2AP,ENSG00000198087,23607
CD2AP-DT,ENSG00000270761,118732299
CD2BP2,ENSG00000169217,10421
CD300A,ENSG00000167851,11314
CD300C,ENSG00000167850,10871
CD300E,ENSG00000186407,342510
CD300H,ENSG00000284690,100130520
CD300LB,ENSG00000178789,124599
CD300LD-AS1,ENSG00000182352,146723
CD300LF,ENSG00000186074,146722
CD300LG,ENSG00000161649,146894
CD302,ENSG00000241399,9936
CD320,ENSG00000167775,51293
CD33,ENSG00000105383,945
CD34,ENSG00000174059,947
CD36,ENSG00000135218,948
CD37,ENSG00000104894,951
CD38,ENSG00000004468,952
CD3D,ENSG00000167286,915
CD3E,ENSG00000198851,916
CD3G,ENSG00000160654,917
CD4,ENSG00000010610,920
CD40,ENSG00000101017,958
CD40LG,ENSG00000102245,959
CD44,ENSG00000026508,960
CD44-DT,ENSG00000255521,100507144
CD46,ENSG00000117335,4179
CD47,ENSG00000196776,961
CD48,ENSG00000117091,962
CD5,ENSG00000110448,921
CD52,ENSG00000169442,1043
CD53,ENSG00000143119,963
CD55,ENSG00000196352,1604
CD58,ENSG00000116815,965
CD59,ENSG00000085063,966
CD6,ENSG00000013725,923
CD63,ENSG00000135404,967
CD63-AS1,ENSG00000258056,105369779
CD69,ENSG00000110848,969
CD7,ENSG00000173762,924
CD70,ENSG00000125726,970
CD72,ENSG00000137101,971
CD74,ENSG00000019582,972
CD79A,ENSG00000105369,973
CD79B,ENSG00000007312,974
CD80,ENSG00000121594,941
CD81,ENSG00000110651,975
CD81-AS1,ENSG00000238184,101927682
CD82,ENSG00000085117,3732
CD83,ENSG00000112149,9308
CD84,ENSG00000066294,8832
CD86,ENSG00000114013,942
CD8A,ENSG00000153563,925
CD8B,ENSG00000172116,926
CD8B2,ENSG00000254126,927
CD9,ENSG00000010278,928
CD93,ENSG00000125810,22918
CD96,ENSG00000153283,10225
CD99,ENSG00000002586,4267
CD99L2,ENSG00000102181,83692
CDA,ENSG00000158825,978
CDADC1,ENSG00000102543,81602
CDAN1,ENSG00000140326,146059
CDC123,ENSG00000151465,8872
CDC14A,ENSG00000079335,8556
CDC14B,ENSG00000081377,8555
CDC16,ENSG00000130177,8881
CDC20,ENSG00000117399,991
CDC20-DT,ENSG00000234694,105378687
CDC20B,ENSG00000164287,166979
CDC20P1,ENSG00000231007,157956
CDC23,ENSG00000094880,8697
CDC25A,ENSG00000164045,993
CDC25B,ENSG00000101224,994
CDC25C,ENSG00000158402,995
CDC26,ENSG00000176386,246184
CDC27,ENSG00000004897,996
CDC34,ENSG00000099804,997
CDC37,ENSG00000105401,11140
CDC37L1,ENSG00000106993,55664
CDC37L1-DT,ENSG00000273061,101929351
CDC40,ENSG00000168438,51362
CDC42,ENSG00000070831,998
CDC42BPA,ENSG00000143776,8476
CDC42BPB,ENSG00000198752,9578
CDC42BPG,ENSG00000171219,55561
CDC42EP1,ENSG00000128283,11135
CDC42EP3,ENSG00000163171,10602
CDC42EP4,ENSG00000179604,23580
CDC42EP5,ENSG00000167617,148170
CDC42SE1,ENSG00000197622,56882
CDC42SE2,ENSG00000158985,56990
CDC45,ENSG00000093009,8318
CDC5L,ENSG00000096401,988
CDC6,ENSG00000094804,990
CDC7,ENSG00000097046,8317
CDC73,ENSG00000134371,79577
CDCA2,ENSG00000184661,157313
CDCA3,ENSG00000111665,83461
CDCA4,ENSG00000170779,55038
CDCA4P1,ENSG00000229029,100420502
CDCA5,ENSG00000146670,113130
CDCA7,ENSG00000144354,83879
CDCA7L,ENSG00000164649,55536
CDCA8,ENSG00000134690,55143
CDCP1,ENSG00000163814,64866
CDH1,ENSG00000039068,999
CDH11,ENSG00000140937,1009
CDH12,ENSG00000154162,1010
CDH13,ENSG00000140945,1012
CDH13-AS2,ENSG00000260228,102724163
CDH15,ENSG00000129910,1013
CDH17,ENSG00000079112,1015
CDH18,ENSG00000145526,1016
CDH19,ENSG00000071991,28513
CDH2,ENSG00000170558,1000
CDH20,ENSG00000101542,28316
CDH22,ENSG00000149654,64405
CDH23,ENSG00000107736,64072
CDH24,ENSG00000139880,64403
CDH26,ENSG00000124215,60437
CDH3,ENSG00000062038,1001
CDH3-AS1,ENSG00000260577,123706523
CDH4,ENSG00000179242,1002
CDH5,ENSG00000179776,1003
CDH6,ENSG00000113361,1004
CDH7,ENSG00000081138,1005
CDH8,ENSG00000150394,1006
CDHR1,ENSG00000148600,92211
CDHR2,ENSG00000074276,54825
CDHR3,ENSG00000128536,222256
CDHR4,ENSG00000187492,389118
CDHR5,ENSG00000099834,53841
CDIN1,ENSG00000186073,84529
CDIP1,ENSG00000089486,29965
CDIPT,ENSG00000103502,10423
CDK1,ENSG00000170312,983
CDK10,ENSG00000185324,8558
CDK11A,ENSG00000008128,728642
CDK11B,ENSG00000248333,984
CDK12,ENSG00000167258,51755
CDK13,ENSG00000065883,8621
CDK13-DT,ENSG00000259826,112267983
CDK14,ENSG00000058091,5218
CDK15,ENSG00000138395,65061
CDK16,ENSG00000102225,5127
CDK17,ENSG00000059758,5128
CDK18,ENSG00000117266,5129
CDK19,ENSG00000155111,23097
CDK2,ENSG00000123374,1017
CDK20,ENSG00000156345,23552
CDK2AP1,ENSG00000111328,8099
CDK2AP2,ENSG00000167797,10263
CDK3,ENSG00000250506,1018
CDK4,ENSG00000135446,1019
CDK5,ENSG00000164885,1020
CDK5R1,ENSG00000176749,8851
CDK5R2,ENSG00000171450,8941
CDK5RAP1,ENSG00000101391,51654
CDK5RAP2,ENSG00000136861,55755
CDK5RAP3,ENSG00000108465,80279
CDK6,ENSG00000105810,1021
CDK7,ENSG00000134058,1022
CDK8,ENSG00000132964,1024
CDK9,ENSG00000136807,1025
CDKAL1,ENSG00000145996,54901
CDKL1,ENSG00000100490,8814
CDKL2,ENSG00000138769,8999
CDKL3,ENSG00000006837,51265
CDKL5,ENSG00000008086,6792
CDKN1A,ENSG00000124762,1026
CDKN1B,ENSG00000111276,1027
CDKN1C,ENSG00000129757,1028
CDKN2A,ENSG00000147889,1029
CDKN2AIP,ENSG00000168564,55602
CDKN2AIPNL,ENSG00000237190,91368
CDKN2B,ENSG00000147883,1030
CDKN2B-AS1,ENSG00000240498,100048912
CDKN2C,ENSG00000123080,1031
CDKN2D,ENSG00000129355,1032
CDKN3,ENSG00000100526,1033
CDNF,ENSG00000185267,441549
CDO1,ENSG00000129596,1036
CDON,ENSG00000064309,50937
CDPF1,ENSG00000205643,150383
CDR2,ENSG00000140743,1039
CDR2L,ENSG00000109089,30850
CDRT15,ENSG00000223510,146822
CDRT15P4,ENSG00000287071,117314529
CDRT4,ENSG00000239704,284040
CDS1,ENSG00000163624,1040
CDS2,ENSG00000101290,8760
CDT1,ENSG00000167513,81620
CDV3,ENSG00000091527,55573
CDX1,ENSG00000113722,1044
CDYL,ENSG00000153046,9425
CDYL2,ENSG00000166446,124359
CEACAM1,ENSG00000079385,634
CEACAM16,ENSG00000213892,388551
CEACAM16-AS1,ENSG00000266903,107985305
CEACAM19,ENSG00000186567,56971
CEACAM21,ENSG00000007129,90273
CEACAM3,ENSG00000170956,1084
CEACAM4,ENSG00000105352,1089
CEACAM5,ENSG00000105388,1048
CEACAM6,ENSG00000086548,4680
CEACAM7,ENSG00000007306,1087
CEBPA,ENSG00000245848,1050
CEBPA-DT,ENSG00000267296,80054
CEBPB,ENSG00000172216,1051
CEBPB-AS1,ENSG00000277449,101927559
CEBPD,ENSG00000221869,1052
CEBPE,ENSG00000092067,1053
CEBPG,ENSG00000153879,1054
CEBPZ,ENSG00000115816,10153
CEBPZOS,ENSG00000218739,100505876
CECR2,ENSG00000099954,27443
CEDORA,ENSG00000260788,124903732
CEL,ENSG00000170835,1056
CELA2B,ENSG00000215704,51032
CELF1,ENSG00000149187,10658
CELF2,ENSG00000048740,10659
CELF2-AS1,ENSG00000181800,414196
CELF3,ENSG00000159409,11189
CELF4,ENSG00000101489,56853
CELF5,ENSG00000161082,60680
CELSR1,ENSG00000075275,9620
CELSR2,ENSG00000143126,1952
CELSR3,ENSG00000008300,1951
CEMIP,ENSG00000103888,57214
CEMIP2,ENSG00000135048,23670
CENATAC,ENSG00000186166,338657
CEND1,ENSG00000184524,51286
CENPA,ENSG00000115163,1058
CENPB,ENSG00000125817,1059
CENPC,ENSG00000145241,1060
CENPE,ENSG00000138778,1062
CENPF,ENSG00000117724,1063
CENPH,ENSG00000153044,64946
CENPI,ENSG00000102384,2491
CENPJ,ENSG00000151849,55835
CENPK,ENSG00000123219,64105
CENPL,ENSG00000120334,91687
CENPM,ENSG00000100162,79019
CENPN,ENSG00000166451,55839
CENPO,ENSG00000138092,79172
CENPP,ENSG00000188312,401541
CENPQ,ENSG00000031691,55166
CENPS,ENSG00000175279,378708
CENPT,ENSG00000102901,80152
CENPU,ENSG00000151725,79682
CENPV,ENSG00000166582,201161
CENPW,ENSG00000203760,387103
CENPX,ENSG00000169689,201254
CEP104,ENSG00000116198,9731
CEP112,ENSG00000154240,201134
CEP120,ENSG00000168944,153241
CEP126,ENSG00000110318,57562
CEP128,ENSG00000100629,145508
CEP131,ENSG00000141577,22994
CEP135,ENSG00000174799,9662
CEP15,ENSG00000114405,57415
CEP152,ENSG00000103995,22995
CEP162,ENSG00000135315,22832
CEP164,ENSG00000110274,22897
CEP170,ENSG00000143702,9859
CEP170B,ENSG00000099814,283638
CEP170P1,ENSG00000143702,645455
CEP19,ENSG00000174007,84984
CEP192,ENSG00000101639,55125
CEP20,ENSG00000133393,123811
CEP250,ENSG00000126001,11190
CEP290,ENSG00000198707,80184
CEP295,ENSG00000166004,85459
CEP295NL,ENSG00000178404,100653515
CEP350,ENSG00000135837,9857
CEP41,ENSG00000106477,95681
CEP43,ENSG00000213066,11116
CEP44,ENSG00000164118,80817
CEP55,ENSG00000138180,55165
CEP57,ENSG00000166037,9702
CEP57L1,ENSG00000183137,285753
CEP63,ENSG00000182923,80254
CEP68,ENSG00000011523,23177
CEP70,ENSG00000114107,80321
CEP72,ENSG00000112877,55722
CEP76,ENSG00000101624,79959
CEP78,ENSG00000148019,84131
CEP83,ENSG00000173588,51134
CEP83-DT,ENSG00000278916,144486
CEP85,ENSG00000130695,64793
CEP85L,ENSG00000111860,387119
CEP89,ENSG00000121289,84902
CEP95,ENSG00000258890,90799
CEP97,ENSG00000182504,79598
CEPT1,ENSG00000134255,10390
CERCAM,ENSG00000167123,51148
CERK,ENSG00000100422,64781
CERKL,ENSG00000188452,375298
CEROX1,ENSG00000260807,115804232
CERS1,ENSG00000223802,10715
CERS2,ENSG00000143418,29956
CERS3,ENSG00000154227,204219
CERS4,ENSG00000090661,79603
CERS5,ENSG00000139624,91012
CERS6,ENSG00000172292,253782
CERS6-AS1,ENSG00000227617,100861402
CERT1,ENSG00000113163,10087
CES1,ENSG00000198848,1066
CES2,ENSG00000172831,8824
CES3,ENSG00000172828,23491
CES4A,ENSG00000172824,283848
CETN2,ENSG00000147400,1069
CETN3,ENSG00000153140,1070
CETP,ENSG00000087237,1071
CFAP100,ENSG00000163885,348807
CFAP107,ENSG00000157330,93190
CFAP119,ENSG00000196118,90835
CFAP126,ENSG00000188931,257177
CFAP141,ENSG00000163263,388701
CFAP144,ENSG00000186973,440585
CFAP144P1,ENSG00000164556,340286
CFAP157,ENSG00000160401,286207
CFAP161,ENSG00000156206,161502
CFAP184,ENSG00000173013,257236
CFAP20,ENSG00000070761,29105
CFAP20DC,ENSG00000163689,200844
CFAP210,ENSG00000154479,129881
CFAP221,ENSG00000163075,200373
CFAP251,ENSG00000158023,144406
CFAP263,ENSG00000103021,29070
CFAP276,ENSG00000179902,127003
CFAP298,ENSG00000159079,56683
CFAP298-TCP10L,ENSG00000265590,110091775
CFAP299,ENSG00000197826,255119
CFAP300,ENSG00000137691,85016
CFAP36,ENSG00000163001,112942
CFAP410,ENSG00000160226,755
CFAP418,ENSG00000156172,157657
CFAP418-AS1,ENSG00000253773,100616530
CFAP43,ENSG00000197748,80217
CFAP44,ENSG00000206530,55779
CFAP45,ENSG00000213085,25790
CFAP46,ENSG00000171811,54777
CFAP47,ENSG00000165164,286464
CFAP52,ENSG00000166596,146845
CFAP53,ENSG00000172361,220136
CFAP54,ENSG00000188596,144535
CFAP57,ENSG00000243710,149465
CFAP58,ENSG00000120051,159686
CFAP58-DT,ENSG00000231233,100505869
CFAP61,ENSG00000089101,26074
CFAP65,ENSG00000181378,255101
CFAP68,ENSG00000137720,64776
CFAP69,ENSG00000105792,79846
CFAP70,ENSG00000156042,118491
CFAP73,ENSG00000186710,387885
CFAP74,ENSG00000142609,85452
CFAP77,ENSG00000188523,389799
CFAP90,ENSG00000215217,134121
CFAP91,ENSG00000183833,89876
CFAP92,ENSG00000114656,57501
CFAP95,ENSG00000204711,138255
CFAP96,ENSG00000205129,441054
CFAP97,ENSG00000164323,57587
CFAP99,ENSG00000206113,402160
CFB,ENSG00000243649,629
CFD,ENSG00000197766,1675
CFDP1,ENSG00000153774,10428
CFH,ENSG00000000971,3075
CFHR3,ENSG00000116785,10878
CFI,ENSG00000205403,3426
CFL1,ENSG00000172757,1072
CFL2,ENSG00000165410,1073
CFLAR,ENSG00000003402,8837
CFLAR-AS1,ENSG00000226312,65072
CFP,ENSG00000126759,5199
CFTR,ENSG00000001626,1080
CGA,ENSG00000135346,1081
CGAS,ENSG00000164430,115004
CGGBP1,ENSG00000163320,8545
CGN,ENSG00000143375,57530
CGNL1,ENSG00000128849,84952
CGREF1,ENSG00000138028,10669
CGRRF1,ENSG00000100532,10668
CH25H,ENSG00000138135,9023
CHAC1,ENSG00000128965,79094
CHAC2,ENSG00000143942,494143
CHAD,ENSG00000136457,1101
CHADL,ENSG00000100399,150356
CHAF1A,ENSG00000167670,10036
CHAF1B,ENSG00000159259,8208
CHAMP1,ENSG00000198824,283489
CHCHD1,ENSG00000172586,118487
CHCHD10,ENSG00000250479,400916
CHCHD2,ENSG00000106153,51142
CHCHD3,ENSG00000106554,54927
CHCHD4,ENSG00000163528,131474
CHCHD5,ENSG00000125611,84269
CHCHD6,ENSG00000159685,84303
CHCHD7,ENSG00000170791,79145
CHD1,ENSG00000153922,1105
CHD1-DT,ENSG00000248489,102724810
CHD1L,ENSG00000131778,9557
CHD2,ENSG00000173575,1106
CHD3,ENSG00000170004,1107
CHD4,ENSG00000111642,1108
CHD5,ENSG00000116254,26038
CHD6,ENSG00000124177,84181
CHD7,ENSG00000171316,55636
CHD8,ENSG00000100888,57680
CHD9,ENSG00000177200,80205
CHD9NB,ENSG00000277639,105371267
CHDH,ENSG00000016391,55349
CHEK1,ENSG00000149554,1111
CHEK2,ENSG00000183765,11200
CHERP,ENSG00000085872,10523
CHFR,ENSG00000072609,55743
CHFR-DT,ENSG00000236617,101928530
CHGA,ENSG00000100604,1113
CHGB,ENSG00000089199,1114
CHI3L1,ENSG00000133048,1116
CHI3L2,ENSG00000064886,1117
CHIC1,ENSG00000204116,53344
CHIC2,ENSG00000109220,26511
CHID1,ENSG00000177830,66005
CHIT1,ENSG00000133063,1118
CHKA,ENSG00000110721,1119
CHKB,ENSG00000100288,1120
CHKB-CPT1B,ENSG00000254413,386593
CHKB-DT,ENSG00000205559,100144603
CHL1,ENSG00000134121,10752
CHM,ENSG00000188419,1121
CHML,ENSG00000203668,1122
CHMP1A,ENSG00000131165,5119
CHMP1B,ENSG00000255112,57132
CHMP2A,ENSG00000130724,27243
CHMP2B,ENSG00000083937,25978
CHMP3,ENSG00000115561,51652
CHMP3-AS1,ENSG00000228363,105374845
CHMP4A,ENSG00000254505,29082
CHMP4B,ENSG00000101421,128866
CHMP4C,ENSG00000164695,92421
CHMP5,ENSG00000086065,51510
CHMP6,ENSG00000176108,79643
CHMP7,ENSG00000147457,91782
CHN1,ENSG00000128656,1123
CHN2,ENSG00000106069,1124
CHODL,ENSG00000154645,140578
CHORDC1,ENSG00000110172,26973
CHP1,ENSG00000187446,11261
CHP2,ENSG00000166869,63928
CHPF,ENSG00000123989,79586
CHPF2,ENSG00000033100,54480
CHPT1,ENSG00000111666,56994
CHRAC1,ENSG00000104472,54108
CHRD,ENSG00000090539,8646
CHRDL1,ENSG00000101938,91851
CHRDL2,ENSG00000054938,25884
CHRFAM7A,ENSG00000166664,89832
CHRM1,ENSG00000168539,1128
CHRM3,ENSG00000133019,1131
CHRM3-AS2,ENSG00000233355,100506915
CHRM4,ENSG00000180720,1132
CHRM5,ENSG00000184984,1133
CHRNA1,ENSG00000138435,1134
CHRNA10,ENSG00000129749,57053
CHRNA2,ENSG00000120903,1135
CHRNA3,ENSG00000080644,1136
CHRNA4,ENSG00000101204,1137
CHRNA5,ENSG00000169684,1138
CHRNA6,ENSG00000147434,8973
CHRNA7,ENSG00000175344,1139
CHRNA9,ENSG00000174343,55584
CHRNB1,ENSG00000170175,1140
CHRNB2,ENSG00000160716,1141
CHRNB4,ENSG00000117971,1143
CHRNE,ENSG00000108556,1145
CHROMR,ENSG00000223960,101927027
CHST1,ENSG00000175264,8534
CHST10,ENSG00000115526,9486
CHST11,ENSG00000171310,50515
CHST12,ENSG00000136213,55501
CHST13,ENSG00000180767,166012
CHST14,ENSG00000169105,113189
CHST15,ENSG00000182022,51363
CHST2,ENSG00000175040,9435
CHST3,ENSG00000122863,9469
CHST4,ENSG00000140835,10164
CHST6,ENSG00000183196,4166
CHST7,ENSG00000147119,56548
CHST8,ENSG00000124302,64377
CHST9,ENSG00000154080,83539
CHSY1,ENSG00000131873,22856
CHSY3,ENSG00000198108,337876
CHTF18,ENSG00000127586,63922
CHTF8,ENSG00000168802,54921
CHTOP,ENSG00000160679,26097
CHUK,ENSG00000213341,1147
CHURC1,ENSG00000258289,91612
CHURC1-FNTB,ENSG00000257365,100529261
CIAO1,ENSG00000144021,9391
CIAO2A,ENSG00000166797,84191
CIAO2B,ENSG00000166595,51647
CIAO3,ENSG00000103245,64428
CIAPIN1,ENSG00000005194,57019
CIART,ENSG00000159208,148523
CIB1,ENSG00000185043,10519
CIB2,ENSG00000136425,10518
CIB3,ENSG00000141977,117286
CIBAR1,ENSG00000188343,137392
CIBAR1-DT,ENSG00000246662,642924
CIBAR2,ENSG00000153789,339145
CIC,ENSG00000079432,23152
CICP27,ENSG00000233750,100420257
CIDEA,ENSG00000176194,1149
CIDEC,ENSG00000187288,63924
CIDECP1,ENSG00000186162,152302
CIITA,ENSG00000179583,4261
CILK1,ENSG00000112144,22858
CILP,ENSG00000138615,8483
CILP2,ENSG00000160161,148113
CIMAP1B,ENSG00000177989,440836
CIMAP1C,ENSG00000182950,161753
CIMAP1D,ENSG00000181781,284451
CIMAP2,ENSG00000162398,163747
CIMAP3,ENSG00000173947,128344
CIMIP1,ENSG00000124237,128602
CIMIP2A,ENSG00000188163,401565
CIMIP2B,ENSG00000215187,730112
CIMIP2C,ENSG00000173557,339778
CIMIP5,ENSG00000150873,130813
CIMIP6,ENSG00000177994,129852
CINP,ENSG00000100865,51550
CIP2A,ENSG00000163507,57650
CIPC,ENSG00000198894,85457
CIR1,ENSG00000138433,9541
CIRBP,ENSG00000099622,1153
CIRBP-AS1,ENSG00000267493,148046
CISD1,ENSG00000122873,55847
CISD2,ENSG00000145354,493856
CISD3,ENSG00000277972,284106
CISH,ENSG00000114737,1154
CIT,ENSG00000122966,11113
CITED1,ENSG00000125931,4435
CITED2,ENSG00000164442,10370
CITED4,ENSG00000179862,163732
CIZ1,ENSG00000148337,25792
CKAP2,ENSG00000136108,26586
CKAP2-DT,ENSG00000278238,123706541
CKAP2L,ENSG00000169607,150468
CKAP4,ENSG00000136026,10970
CKAP5,ENSG00000175216,9793
CKB,ENSG00000166165,1152
CKLF,ENSG00000217555,51192
CKM,ENSG00000104879,1158
CKMT1A,ENSG00000237289,548596
CKMT1B,ENSG00000237289,1159
CKMT2,ENSG00000131730,1160
CKMT2-AS1,ENSG00000247572,100131067
CKS1B,ENSG00000173207,1163
CKS2,ENSG00000123975,1164
CLASP1,ENSG00000074054,23332
CLASP2,ENSG00000163539,23122
CLASRP,ENSG00000104859,11129
CLBA1,ENSG00000140104,122616
CLCA2,ENSG00000137975,9635
CLCA4,ENSG00000016602,22802
CLCC1,ENSG00000121940,23155
CLCF1,ENSG00000175505,23529
CLCN1,ENSG00000188037,1180
CLCN2,ENSG00000114859,1181
CLCN3,ENSG00000109572,1182
CLCN3P1,ENSG00000232000,100419056
CLCN4,ENSG00000073464,1183
CLCN5,ENSG00000171365,1184
CLCN6,ENSG00000011021,1185
CLCN7,ENSG00000103249,1186
CLCNKA,ENSG00000186510,1187
CLCNKB,ENSG00000184908,1188
CLDN1,ENSG00000163347,9076
CLDN10,ENSG00000134873,9071
CLDN11,ENSG00000013297,5010
CLDN12,ENSG00000157224,9069
CLDN14,ENSG00000159261,23562
CLDN15,ENSG00000106404,24146
CLDN16,ENSG00000113946,10686
CLDN18,ENSG00000066405,51208
CLDN19,ENSG00000164007,149461
CLDN2,ENSG00000165376,9075
CLDN20,ENSG00000171217,49861
CLDN23,ENSG00000253958,137075
CLDN25,ENSG00000228607,644672
CLDN3,ENSG00000165215,1365
CLDN4,ENSG00000189143,1364
CLDN5,ENSG00000184113,7122
CLDN6,ENSG00000184697,9074
CLDN7,ENSG00000181885,1366
CLDN8,ENSG00000156284,9073
CLDN9,ENSG00000213937,9080
CLDND1,ENSG00000080822,56650
CLDND2,ENSG00000160318,125875
CLEC10A,ENSG00000132514,10462
CLEC11A,ENSG00000105472,6320
CLEC12A,ENSG00000172322,160364
CLEC14A,ENSG00000176435,161198
CLEC16A,ENSG00000038532,23274
CLEC17A,ENSG00000187912,388512
CLEC18A,ENSG00000157322,348174
CLEC18B,ENSG00000140839,497190
CLEC19A,ENSG00000261210,728276
CLEC1A,ENSG00000150048,51267
CLEC1B,ENSG00000165682,51266
CLEC2B,ENSG00000110852,9976
CLEC2D,ENSG00000069493,29121
CLEC2L,ENSG00000236279,154790
CLEC3A,ENSG00000166509,10143
CLEC3B,ENSG00000163815,7123
CLEC4A,ENSG00000111729,50856
CLEC4C,ENSG00000198178,170482
CLEC4D,ENSG00000166527,338339
CLEC4E,ENSG00000166523,26253
CLEC4F,ENSG00000152672,165530
CLEC5A,ENSG00000258227,23601
CLEC6A,ENSG00000205846,93978
CLEC7A,ENSG00000172243,64581
CLEC9A,ENSG00000197992,283420
CLGN,ENSG00000153132,1047
CLHC1,ENSG00000162994,130162
CLIC1,ENSG00000213719,1192
CLIC2,ENSG00000155962,1193
CLIC3,ENSG00000169583,9022
CLIC4,ENSG00000169504,25932
CLIC5,ENSG00000112782,53405
CLIC6,ENSG00000159212,54102
CLINT1,ENSG00000113282,9685
CLIP1,ENSG00000130779,6249
CLIP2,ENSG00000106665,7461
CLIP3,ENSG00000105270,25999
CLIP4,ENSG00000115295,79745
CLK1,ENSG00000013441,1195
CLK2,ENSG00000176444,1196
CLK3,ENSG00000179335,1198
CLK4,ENSG00000113240,57396
CLLU1-AS1,ENSG00000205057,574016
CLMAT3,ENSG00000249035,101927096
CLMN,ENSG00000165959,79789
CLMP,ENSG00000166250,79827
CLN3,ENSG00000188603,1201
CLN5,ENSG00000102805,1203
CLN6,ENSG00000128973,54982
CLN8,ENSG00000182372,2055
CLN8-AS1,ENSG00000253982,101927752
CLNK,ENSG00000109684,116449
CLNS1A,ENSG00000074201,1207
CLOCK,ENSG00000134852,9575
CLP1,ENSG00000172409,10978
CLPB,ENSG00000162129,81570
CLPP,ENSG00000125656,8192
CLPS,ENSG00000137392,1208
CLPSL1,ENSG00000204140,340204
CLPSL2,ENSG00000196748,389383
CLPTM1,ENSG00000104853,1209
CLPTM1L,ENSG00000049656,81037
CLPX,ENSG00000166855,10845
CLRN3,ENSG00000180745,119467
CLSPN,ENSG00000092853,63967
CLSTN1,ENSG00000171603,22883
CLSTN2,ENSG00000158258,64084
CLSTN3,ENSG00000139182,9746
CLTA,ENSG00000122705,1211
CLTB,ENSG00000175416,1212
CLTC,ENSG00000141367,1213
CLTCL1,ENSG00000070371,8218
CLTRN,ENSG00000147003,57393
CLU,ENSG00000120885,1191
CLUAP1,ENSG00000103351,23059
CLUH,ENSG00000132361,23277
CLUL1,ENSG00000079101,27098
CLVS1,ENSG00000177182,157807
CLVS2,ENSG00000146352,134829
CLXN,ENSG00000034239,79645
CLYBL,ENSG00000125246,171425
CMA1,ENSG00000092009,1215
CMAS,ENSG00000111726,55907
CMBL,ENSG00000164237,134147
CMC1,ENSG00000187118,152100
CMC2,ENSG00000103121,56942
CMIP,ENSG00000153815,80790
CMKLR1,ENSG00000174600,1240
CMKLR2,ENSG00000183671,2825
CMPK1,ENSG00000162368,51727
CMPK2,ENSG00000134326,129607
CMSS1,ENSG00000184220,84319
CMTM1,ENSG00000089505,113540
CMTM2,ENSG00000140932,146225
CMTM3,ENSG00000140931,123920
CMTM4,ENSG00000183723,146223
CMTM5,ENSG00000166091,116173
CMTM6,ENSG00000091317,54918
CMTM7,ENSG00000153551,112616
CMTM8,ENSG00000170293,152189
CMTR1,ENSG00000137200,23070
CMTR2,ENSG00000180917,55783
CMYA5,ENSG00000164309,202333
CNBD2,ENSG00000149646,140894
CNBP,ENSG00000169714,7555
CNDP1,ENSG00000150656,84735
CNDP2,ENSG00000133313,55748
CNEP1R1,ENSG00000205423,255919
CNFN,ENSG00000105427,84518
CNGA1,ENSG00000198515,1259
CNGA2,ENSG00000183862,1260
CNGA3,ENSG00000144191,1261
CNGA4,ENSG00000132259,1262
CNGB1,ENSG00000070729,1258
CNGB3,ENSG00000170289,54714
CNIH1,ENSG00000100528,10175
CNIH2,ENSG00000174871,254263
CNIH3,ENSG00000143786,149111
CNIH3-AS2,ENSG00000233384,102723817
CNIH4,ENSG00000143771,29097
CNKSR1,ENSG00000142675,10256
CNKSR2,ENSG00000149970,22866
CNKSR3,ENSG00000153721,154043
CNN1,ENSG00000130176,1264
CNN2,ENSG00000064666,1265
CNN3,ENSG00000117519,1266
CNNM1,ENSG00000119946,26507
CNNM2,ENSG00000148842,54805
CNNM3,ENSG00000168763,26505
CNNM3-DT,ENSG00000273265,100506036
CNNM4,ENSG00000158158,26504
CNOT1,ENSG00000125107,23019
CNOT10,ENSG00000182973,25904
CNOT11,ENSG00000158435,55571
CNOT2,ENSG00000111596,4848
CNOT3,ENSG00000088038,4849
CNOT4,ENSG00000080802,4850
CNOT6,ENSG00000113300,57472
CNOT6L,ENSG00000138767,246175
CNOT7,ENSG00000198791,29883
CNOT8,ENSG00000155508,9337
CNOT9,ENSG00000144580,9125
CNP,ENSG00000173786,1267
CNPPD1,ENSG00000115649,27013
CNPY2,ENSG00000257727,10330
CNPY3,ENSG00000137161,10695
CNPY3-GNMT,ENSG00000124713,107080644
CNPY4,ENSG00000166997,245812
CNR1,ENSG00000118432,1268
CNR2,ENSG00000188822,1269
CNRIP1,ENSG00000119865,25927
CNST,ENSG00000162852,163882
CNTD1,ENSG00000176563,124817
CNTF,ENSG00000242689,1270
CNTFR,ENSG00000122756,1271
CNTLN,ENSG00000044459,54875
CNTN1,ENSG00000018236,1272
CNTN2,ENSG00000184144,6900
CNTN3,ENSG00000113805,5067
CNTN4,ENSG00000144619,152330
CNTN5,ENSG00000149972,53942
CNTN6,ENSG00000134115,27255
CNTNAP1,ENSG00000108797,8506
CNTNAP2,ENSG00000174469,26047
CNTNAP3,ENSG00000106714,79937
CNTNAP3B,ENSG00000154529,728577
CNTRL,ENSG00000119397,11064
CNTROB,ENSG00000170037,116840
COA1,ENSG00000106603,55744
COA3,ENSG00000183978,28958
COA4,ENSG00000181924,51287
COA5,ENSG00000183513,493753
COA6,ENSG00000168275,388753
COA6-AS1,ENSG00000231663,101927765
COA7,ENSG00000162377,65260
COA8,ENSG00000256053,84334
COASY,ENSG00000068120,80347
COBL,ENSG00000106078,23242
COBLL1,ENSG00000082438,22837
COCH,ENSG00000100473,1690
COG1,ENSG00000166685,9382
COG2,ENSG00000135775,22796
COG3,ENSG00000136152,83548
COG4,ENSG00000103051,25839
COG5,ENSG00000164597,10466
COG6,ENSG00000133103,57511
COG7,ENSG00000168434,91949
COG8,ENSG00000213380,84342
COIL,ENSG00000121058,8161
COL10A1,ENSG00000123500,1300
COL11A1,ENSG00000060718,1301
COL11A2,ENSG00000204248,1302
COL12A1,ENSG00000111799,1303
COL13A1,ENSG00000197467,1305
COL14A1,ENSG00000187955,7373
COL15A1,ENSG00000204291,1306
COL16A1,ENSG00000084636,1307
COL17A1,ENSG00000065618,1308
COL18A1,ENSG00000182871,80781
COL19A1,ENSG00000082293,1310
COL1A1,ENSG00000108821,1277
COL1A2,ENSG00000164692,1278
COL20A1,ENSG00000101203,57642
COL21A1,ENSG00000124749,81578
COL22A1,ENSG00000169436,169044
COL23A1,ENSG00000050767,91522
COL24A1,ENSG00000171502,255631
COL25A1,ENSG00000188517,84570
COL26A1,ENSG00000160963,136227
COL27A1,ENSG00000196739,85301
COL28A1,ENSG00000215018,340267
COL2A1,ENSG00000139219,1280
COL3A1,ENSG00000168542,1281
COL4A1,ENSG00000187498,1282
COL4A2,ENSG00000134871,1284
COL4A3,ENSG00000169031,1285
COL4A4,ENSG00000081052,1286
COL4A5,ENSG00000188153,1287
COL4A6,ENSG00000197565,1288
COL5A1,ENSG00000130635,1289
COL5A2,ENSG00000204262,1290
COL5A3,ENSG00000080573,50509
COL6A1,ENSG00000142156,1291
COL6A2,ENSG00000142173,1292
COL6A3,ENSG00000163359,1293
COL6A5,ENSG00000172752,256076
COL6A6,ENSG00000206384,131873
COL7A1,ENSG00000114270,1294
COL8A1,ENSG00000144810,1295
COL8A2,ENSG00000171812,1296
COL9A1,ENSG00000112280,1297
COL9A2,ENSG00000049089,1298
COL9A3,ENSG00000092758,1299
COLCA1,ENSG00000196167,399948
COLEC10,ENSG00000184374,10584
COLEC11,ENSG00000118004,78989
COLEC12,ENSG00000158270,81035
COLGALT1,ENSG00000130309,79709
COLGALT2,ENSG00000198756,23127
COLQ,ENSG00000206561,8292
COMMD1,ENSG00000173163,150684
COMMD10,ENSG00000145781,51397
COMMD2,ENSG00000114744,51122
COMMD3,ENSG00000148444,23412
COMMD4,ENSG00000140365,54939
COMMD5,ENSG00000170619,28991
COMMD6,ENSG00000188243,170622
COMMD7,ENSG00000149600,149951
COMMD8,ENSG00000169019,54951
COMMD9,ENSG00000110442,29099
COMP,ENSG00000105664,1311
COMT,ENSG00000093010,1312
COMTD1,ENSG00000165644,118881
COP1,ENSG00000143207,64326
COPA,ENSG00000122218,1314
COPB1,ENSG00000129083,1315
COPB2,ENSG00000184432,9276
COPB2-DT,ENSG00000248932,100507291
COPE,ENSG00000105669,11316
COPG1,ENSG00000181789,22820
COPG2,ENSG00000158623,26958
COPRS,ENSG00000172301,55352
COPS2,ENSG00000166200,9318
COPS3,ENSG00000141030,8533
COPS4,ENSG00000138663,51138
COPS5,ENSG00000121022,10987
COPS6,ENSG00000168090,10980
COPS7A,ENSG00000111652,50813
COPS7B,ENSG00000144524,64708
COPS8,ENSG00000198612,10920
COPS8-DT,ENSG00000227252,105373951
COPS9,ENSG00000172428,150678
COPZ1,ENSG00000111481,22818
COPZ2,ENSG00000005243,51226
COQ10A,ENSG00000135469,93058
COQ10B,ENSG00000115520,80219
COQ2,ENSG00000173085,27235
COQ3,ENSG00000132423,51805
COQ4,ENSG00000167113,51117
COQ5,ENSG00000110871,84274
COQ6,ENSG00000119723,51004
COQ7,ENSG00000167186,10229
COQ8A,ENSG00000163050,56997
COQ8B,ENSG00000123815,79934
COQ9,ENSG00000088682,57017
CORIN,ENSG00000145244,10699
CORO1A,ENSG00000102879,11151
CORO1B,ENSG00000172725,57175
CORO1C,ENSG00000110880,23603
CORO2A,ENSG00000106789,7464
CORO2B,ENSG00000103647,10391
CORO6,ENSG00000167549,84940
CORO7,ENSG00000262246,79585
CORT,ENSG00000241563,1325
COSMOC,ENSG00000260552,101927809
COTL1,ENSG00000103187,23406
COX1,ENSG00000198804,4512
COX10,ENSG00000006695,1352
COX10-DT,ENSG00000236088,100874058
COX11,ENSG00000166260,1353
COX14,ENSG00000178449,84987
COX15,ENSG00000014919,1355
COX16,ENSG00000133983,51241
COX16P1,ENSG00000268747,107985265
COX17,ENSG00000138495,10063
COX18,ENSG00000163626,285521
COX19,ENSG00000240230,90639
COX2,ENSG00000198712,4513
COX20,ENSG00000203667,116228
COX3,ENSG00000198938,4514
COX4I1,ENSG00000131143,1327
COX4I2,ENSG00000131055,84701
COX5A,ENSG00000178741,9377
COX5B,ENSG00000135940,1329
COX6A1,ENSG00000111775,1337
COX6B1,ENSG00000126267,1340
COX6B2,ENSG00000160471,125965
COX6C,ENSG00000164919,1345
COX7A1,ENSG00000161281,1346
COX7A2,ENSG00000112695,1347
COX7A2L,ENSG00000115944,9167
COX7B,ENSG00000131174,1349
COX7C,ENSG00000127184,1350
COX8A,ENSG00000176340,1351
CP,ENSG00000047457,1356
CPA1,ENSG00000091704,1357
CPA2,ENSG00000158516,1358
CPA3,ENSG00000163751,1359
CPA4,ENSG00000128510,51200
CPA5,ENSG00000158525,93979
CPA6,ENSG00000165078,57094
CPAMD8,ENSG00000160111,27151
CPAMD8P1,ENSG00000197320,340268
CPB1,ENSG00000153002,1360
CPB2,ENSG00000080618,1361
CPB2-AS1,ENSG00000235903,100509894
CPD,ENSG00000108582,1362
CPE,ENSG00000109472,1363
CPEB1,ENSG00000214575,64506
CPEB2,ENSG00000137449,132864
CPEB2-DT,ENSG00000247624,441009
CPEB3,ENSG00000107864,22849
CPEB4,ENSG00000113742,80315
CPED1,ENSG00000106034,79974
CPLANE1,ENSG00000197603,65250
CPLANE1-AS1,ENSG00000286193,105374727
CPLANE2,ENSG00000132881,79363
CPLX1,ENSG00000168993,10815
CPLX2,ENSG00000145920,10814
CPM,ENSG00000135678,1368
CPN2,ENSG00000178772,1370
CPNE1,ENSG00000214078,8904
CPNE2,ENSG00000140848,221184
CPNE3,ENSG00000085719,8895
CPNE4,ENSG00000196353,131034
CPNE5,ENSG00000124772,57699
CPNE7,ENSG00000178773,27132
CPNE8,ENSG00000139117,144402
CPNE8-AS1,ENSG00000257718,107984504
CPNE9,ENSG00000144550,151835
CPO,ENSG00000144410,130749
CPOX,ENSG00000080819,1371
CPPED1,ENSG00000103381,55313
CPQ,ENSG00000104324,10404
CPS1,ENSG00000021826,1373
CPSF1,ENSG00000071894,29894
CPSF2,ENSG00000165934,53981
CPSF3,ENSG00000119203,51692
CPSF4,ENSG00000160917,10898
CPSF4L,ENSG00000187959,642843
CPSF6,ENSG00000111605,11052
CPSF7,ENSG00000149532,79869
CPT1A,ENSG00000110090,1374
CPT1B,ENSG00000205560,1375
CPT1C,ENSG00000169169,126129
CPT2,ENSG00000157184,1376
CPTP,ENSG00000224051,80772
CPVL,ENSG00000106066,54504
CPVL-AS2,ENSG00000272568,100506497
CPXM1,ENSG00000088882,56265
CPXM2,ENSG00000121898,119587
CPZ,ENSG00000109625,8532
CR1,ENSG00000203710,1378
CR1L,ENSG00000197721,1379
CR2,ENSG00000117322,1380
CRABP1,ENSG00000166426,1381
CRABP2,ENSG00000143320,1382
CRACD,ENSG00000109265,57482
CRACDL,ENSG00000196872,343990
CRACR2A,ENSG00000130038,84766
CRACR2B,ENSG00000177685,283229
CRADD,ENSG00000169372,8738
CRAMP1,ENSG00000007545,57585
CRAT,ENSG00000095321,1384
CRAT37,ENSG00000258551,101926928
CRB1,ENSG00000134376,23418
CRB2,ENSG00000148204,286204
CRB3,ENSG00000130545,92359
CRBN,ENSG00000113851,51185
CRCP,ENSG00000241258,27297
CREB1,ENSG00000118260,1385
CREB3,ENSG00000107175,10488
CREB3L1,ENSG00000157613,90993
CREB3L2,ENSG00000182158,64764
CREB3L4,ENSG00000143578,148327
CREB5,ENSG00000146592,9586
CREBBP,ENSG00000005339,1387
CREBL2,ENSG00000111269,1389
CREBRF,ENSG00000164463,153222
CREBZF,ENSG00000137504,58487
CREG1,ENSG00000143162,8804
CREG2,ENSG00000175874,200407
CRELD1,ENSG00000163703,78987
CRELD2,ENSG00000184164,79174
CREM,ENSG00000095794,1390
CRHBP,ENSG00000145708,1393
CRHR2,ENSG00000106113,1395
CRIM1,ENSG00000150938,51232
CRIP1,ENSG00000213145,1396
CRIP2,ENSG00000182809,1397
CRIP3,ENSG00000146215,401262
CRIPT,ENSG00000119878,9419
CRIPTO,ENSG00000241186,6997
CRISP2,ENSG00000124490,7180
CRISP3,ENSG00000096006,10321
CRISPLD1,ENSG00000121005,83690
CRISPLD2,ENSG00000103196,83716
CRK,ENSG00000167193,1398
CRKL,ENSG00000099942,1399
CRLF1,ENSG00000006016,9244
CRLF2,ENSG00000205755,64109
CRLF3,ENSG00000176390,51379
CRLS1,ENSG00000088766,54675
CRMP1,ENSG00000072832,1400
CRNDE,ENSG00000245694,643911
CRNKL1,ENSG00000101343,51340
CROCC,ENSG00000058453,9696
CROCC2,ENSG00000226321,728763
CROCCP3,ENSG00000080947,114819
CROT,ENSG00000005469,54677
CRPPA,ENSG00000214960,729920
CRTAC1,ENSG00000095713,55118
CRTAM,ENSG00000109943,56253
CRTAP,ENSG00000170275,10491
CRTC1,ENSG00000105662,23373
CRTC2,ENSG00000160741,200186
CRTC3,ENSG00000140577,64784
CRTC3-AS1,ENSG00000259736,101926895
CRY1,ENSG00000008405,1407
CRY2,ENSG00000121671,1408
CRYAB,ENSG00000109846,1410
CRYBA2,ENSG00000163499,1412
CRYBB1,ENSG00000100122,1414
CRYBB2,ENSG00000244752,1415
CRYBB3,ENSG00000100053,1417
CRYBG1,ENSG00000112297,202
CRYBG2,ENSG00000176092,55057
CRYBG3,ENSG00000080200,131544
CRYGN,ENSG00000127377,155051
CRYGS,ENSG00000213139,1427
CRYL1,ENSG00000165475,51084
CRYM,ENSG00000103316,1428
CRYZ,ENSG00000116791,1429
CRYZL1,ENSG00000205758,9946
CRYZL2P-SEC16B,ENSG00000120341,111240474
CS,ENSG00000062485,1431
CSAD,ENSG00000139631,51380
CSAG1,ENSG00000198930,158511
CSAG2,ENSG00000268916,102723547
CSAG3,ENSG00000268916,389903
CSDC2,ENSG00000172346,27254
CSDE1,ENSG00000009307,7812
CSE1L,ENSG00000124207,1434
CSF1,ENSG00000184371,1435
CSF1R,ENSG00000182578,1436
CSF2RA,ENSG00000198223,1438
CSF2RB,ENSG00000100368,1439
CSF3,ENSG00000108342,1440
CSF3R,ENSG00000119535,1441
CSGALNACT1,ENSG00000147408,55790
CSGALNACT2,ENSG00000169826,55454
CSGALNACT2-DT,ENSG00000273008,118568825
CSK,ENSG00000103653,1445
CSKMT,ENSG00000214756,751071
CSMD1,ENSG00000183117,64478
CSMD2,ENSG00000121904,114784
CSMD3,ENSG00000164796,114788
CSN1S1,ENSG00000126545,1446
CSN3,ENSG00000171209,1448
CSNK1A1,ENSG00000113712,1452
CSNK1D,ENSG00000141551,1453
CSNK1E,ENSG00000213923,1454
CSNK1G1,ENSG00000169118,53944
CSNK1G2,ENSG00000133275,1455
CSNK1G3,ENSG00000151292,1456
CSNK2A1,ENSG00000101266,1457
CSNK2A2,ENSG00000070770,1459
CSNK2A3,ENSG00000254598,283106
CSNK2B,ENSG00000204435,1460
CSP2,ENSG00000241218,649024
CSPG4,ENSG00000173546,1464
CSPG4P10,ENSG00000276710,390627
CSPG4P12,ENSG00000259295,728121
CSPG4P13,ENSG00000260139,100302666
CSPG5,ENSG00000114646,10675
CSPP1,ENSG00000104218,79848
CSRNP1,ENSG00000144655,64651
CSRNP2,ENSG00000110925,81566
CSRNP3,ENSG00000178662,80034
CSRP1,ENSG00000159176,1465
CSRP1-AS1,ENSG00000224536,107985246
CSRP2,ENSG00000175183,1466
CST1,ENSG00000170373,1469
CST2,ENSG00000170369,1470
CST3,ENSG00000101439,1471
CST4,ENSG00000101441,1472
CST5,ENSG00000170367,1473
CST6,ENSG00000175315,1474
CST7,ENSG00000077984,8530
CST9,ENSG00000173335,128822
CST9L,ENSG00000101435,128821
CSTA,ENSG00000121552,1475
CSTB,ENSG00000160213,1476
CSTF1,ENSG00000101138,1477
CSTF2,ENSG00000101811,1478
CSTF2T,ENSG00000177613,23283
CSTF3,ENSG00000176102,1479
CSTF3-DT,ENSG00000247151,338739
CSTL1,ENSG00000125823,128817
CSTPP1,ENSG00000149179,79096
CT62,ENSG00000225362,196993
CT66,ENSG00000234215,100507468
CT83,ENSG00000204019,203413
CTAGE15,ENSG00000271079,441294
CTAGE3P,ENSG00000232872,220112
CTAGE7P,ENSG00000233122,119437
CTAGE9,ENSG00000236761,643854
CTB-30L5.1,ENSG00000267052,102724339
CTBP1,ENSG00000159692,1487
CTBP1-AS,ENSG00000280927,285463
CTBP1-DT,ENSG00000196810,92070
CTBP2,ENSG00000175029,1488
CTBS,ENSG00000117151,1486
CTC-338M12.4,ENSG00000248275,101928649
CTC1,ENSG00000178971,80169
CTCF,ENSG00000102974,10664
CTCF-DT,ENSG00000259804,107984813
CTDNEP1,ENSG00000175826,23399
CTDP1,ENSG00000060069,9150
CTDSP1,ENSG00000144579,58190
CTDSP2,ENSG00000175215,10106
CTDSPL,ENSG00000144677,10217
CTDSPL2,ENSG00000137770,51496
CTF1,ENSG00000150281,1489
CTH,ENSG00000116761,1491
CTHRC1,ENSG00000164932,115908
CTIF,ENSG00000134030,9811
CTLA4,ENSG00000163599,1493
CTNNA1,ENSG00000044115,1495
CTNNA1-AS1,ENSG00000253404,105379194
CTNNA2,ENSG00000066032,1496
CTNNA3,ENSG00000183230,29119
CTNNAL1,ENSG00000119326,8727
CTNNB1,ENSG00000168036,1499
CTNNBIP1,ENSG00000178585,56998
CTNNBL1,ENSG00000132792,56259
CTNND1,ENSG00000198561,1500
CTNND2,ENSG00000169862,1501
CTNS,ENSG00000040531,1497
CTPS1,ENSG00000171793,1503
CTPS2,ENSG00000047230,56474
CTR9,ENSG00000198730,9646
CTSA,ENSG00000064601,5476
CTSB,ENSG00000164733,1508
CTSC,ENSG00000109861,1075
CTSD,ENSG00000117984,1509
CTSE,ENSG00000196188,1510
CTSF,ENSG00000174080,8722
CTSG,ENSG00000100448,1511
CTSH,ENSG00000103811,1512
CTSK,ENSG00000143387,1513
CTSL,ENSG00000135047,1514
CTSLP3,ENSG00000280913,644021
CTSO,ENSG00000256043,1519
CTSS,ENSG00000163131,1520
CTSV,ENSG00000136943,1515
CTSW,ENSG00000172543,1521
CTSZ,ENSG00000101160,1522
CTTN,ENSG00000085733,2017
CTTNBP2,ENSG00000077063,83992
CTTNBP2NL,ENSG00000143079,55917
CTU1,ENSG00000142544,90353
CTU2,ENSG00000174177,348180
CTXN1,ENSG00000178531,404217
CTXND1,ENSG00000259417,100996492
CUBN,ENSG00000107611,8029
CUEDC1,ENSG00000180891,404093
CUEDC2,ENSG00000107874,79004
CUL1,ENSG00000055130,8454
CUL2,ENSG00000108094,8453
CUL3,ENSG00000036257,8452
CUL4A,ENSG00000139842,8451
CUL4B,ENSG00000158290,8450
CUL5,ENSG00000166266,8065
CUL7,ENSG00000044090,9820
CUL9,ENSG00000112659,23113
CUTA,ENSG00000112514,51596
CUTC,ENSG00000119929,51076
CUX1,ENSG00000257923,1523
CUX2,ENSG00000111249,23316
CWC15,ENSG00000150316,51503
CWC22,ENSG00000163510,57703
CWC25,ENSG00000273559,54883
CWC27,ENSG00000153015,10283
CWF19L1,ENSG00000095485,55280
CWF19L2,ENSG00000152404,143884
CWH43,ENSG00000109182,80157
CX3CL1,ENSG00000006210,6376
CX3CR1,ENSG00000168329,1524
CXADR,ENSG00000154639,1525
CXADRP1,ENSG00000214319,653108
CXCL1,ENSG00000163739,2919
CXCL10,ENSG00000169245,3627
CXCL11,ENSG00000169248,6373
CXCL12,ENSG00000107562,6387
CXCL13,ENSG00000156234,10563
CXCL14,ENSG00000145824,9547
CXCL16,ENSG00000161921,58191
CXCL17,ENSG00000189377,284340
CXCL2,ENSG00000081041,2920
CXCL3,ENSG00000163734,2921
CXCL5,ENSG00000163735,6374
CXCL6,ENSG00000124875,6372
CXCL8,ENSG00000169429,3576
CXCL9,ENSG00000138755,4283
CXCR1,ENSG00000163464,3577
CXCR2,ENSG00000180871,3579
CXCR3,ENSG00000186810,2833
CXCR4,ENSG00000121966,7852
CXCR5,ENSG00000160683,643
CXCR6,ENSG00000172215,10663
CXXC1,ENSG00000154832,30827
CXXC4,ENSG00000168772,80319
CXXC4-AS1,ENSG00000245384,101929468
CXXC5,ENSG00000171604,51523
CXorf38,ENSG00000185753,159013
CXorf58,ENSG00000165182,254158
CYB561,ENSG00000008283,1534
CYB561A3,ENSG00000162144,220002
CYB561D1,ENSG00000174151,284613
CYB561D2,ENSG00000114395,11068
CYB5A,ENSG00000166347,1528
CYB5B,ENSG00000103018,80777
CYB5D2,ENSG00000167740,124936
CYB5R1,ENSG00000159348,51706
CYB5R2,ENSG00000166394,51700
CYB5R3,ENSG00000100243,1727
CYB5R4,ENSG00000065615,51167
CYB5RL,ENSG00000215883,606495
CYBA,ENSG00000051523,1535
CYBB,ENSG00000165168,1536
CYBC1,ENSG00000178927,79415
CYBRD1,ENSG00000071967,79901
CYC1,ENSG00000179091,1537
CYCS,ENSG00000172115,54205
CYFIP1,ENSG00000273749,23191
CYFIP2,ENSG00000055163,26999
CYGB,ENSG00000161544,114757
CYLD,ENSG00000083799,1540
CYLD-AS1,ENSG00000261644,102724907
CYP11A1,ENSG00000140459,1583
CYP17A1-AS1,ENSG00000166272,102724307
CYP19A1,ENSG00000137869,1588
CYP1A1,ENSG00000140465,1543
CYP1B1,ENSG00000138061,1545
CYP1B1-AS1,ENSG00000232973,285154
CYP20A1,ENSG00000119004,57404
CYP21A2,ENSG00000231852,1589
CYP24A1,ENSG00000019186,1591
CYP26A1,ENSG00000095596,1592
CYP26B1,ENSG00000003137,56603
CYP27A1,ENSG00000135929,1593
CYP27B1,ENSG00000111012,1594
CYP27C1,ENSG00000186684,339761
CYP2A13,ENSG00000197838,1553
CYP2A6,ENSG00000255974,1548
CYP2A7,ENSG00000198077,1549
CYP2B6,ENSG00000197408,1555
CYP2C8,ENSG00000138115,1558
CYP2D6,ENSG00000100197,1565
CYP2D8P,ENSG00000226450,1568
CYP2E1,ENSG00000130649,1571
CYP2J2,ENSG00000134716,1573
CYP2R1,ENSG00000186104,120227
CYP2S1,ENSG00000167600,29785
CYP2T3P,ENSG00000268529,163007
CYP2U1,ENSG00000155016,113612
CYP2U1-AS1,ENSG00000245293,101929595
CYP2W1,ENSG00000073067,54905
CYP39A1,ENSG00000146233,51302
CYP3A4,ENSG00000160868,1576
CYP3A5,ENSG00000106258,1577
CYP46A1,ENSG00000036530,10858
CYP4A11,ENSG00000187048,1579
CYP4A22,ENSG00000162365,284541
CYP4B1,ENSG00000142973,1580
CYP4F11,ENSG00000171903,57834
CYP4F12,ENSG00000186204,66002
CYP4F2,ENSG00000186115,8529
CYP4F22,ENSG00000171954,126410
CYP4F3,ENSG00000186529,4051
CYP4F32P,ENSG00000223564,107133497
CYP4F8,ENSG00000186526,11283
CYP4V2,ENSG00000145476,285440
CYP4X1,ENSG00000186377,260293
CYP4Z1,ENSG00000186160,199974
CYP51A1,ENSG00000001630,1595
CYP51A1-AS1,ENSG00000188693,613126
CYP7B1,ENSG00000172817,9420
CYP8B1,ENSG00000180432,1582
CYREN,ENSG00000122783,78996
CYRIA,ENSG00000197872,81553
CYRIB,ENSG00000153310,51571
CYS1,ENSG00000205795,192668
CYSLTR1,ENSG00000173198,10800
CYSLTR2,ENSG00000152207,57105
CYSRT1,ENSG00000197191,375791
CYSTM1,ENSG00000120306,84418
CYTB,ENSG00000198727,4519
CYTH1,ENSG00000108669,9267
CYTH2,ENSG00000105443,9266
CYTH3,ENSG00000008256,9265
CYTH4,ENSG00000100055,27128
CYTIP,ENSG00000115165,9595
CYTL1,ENSG00000170891,54360
CYTOR,ENSG00000222041,112597
CYYR1,ENSG00000166265,116159
CYYR1-AS1,ENSG00000197934,100996571
CZIB,ENSG00000162384,54987
D2HGDH,ENSG00000180902,728294
DAAM1,ENSG00000100592,23002
DAAM2,ENSG00000146122,23500
DAAM2-AS1,ENSG00000235033,100505635
DAB1,ENSG00000173406,1600
DAB2,ENSG00000153071,1601
DAB2IP,ENSG00000136848,153090
DACH1,ENSG00000276644,1602
DACH2,ENSG00000126733,117154
DACT1,ENSG00000165617,51339
DACT2,ENSG00000164488,168002
DACT3,ENSG00000197380,147906
DACT3-AS1,ENSG00000245598,100506068
DAD1,ENSG00000129562,1603
DAG1,ENSG00000173402,1605
DAGLA,ENSG00000134780,747
DAGLB,ENSG00000164535,221955
DALRD3,ENSG00000178149,55152
DANCR,ENSG00000226950,57291
DAND5,ENSG00000179284,199699
DANT2,ENSG00000235244,642776
DAP,ENSG00000112977,1611
DAP3,ENSG00000132676,7818
DAPK1,ENSG00000196730,1612
DAPK2,ENSG00000035664,23604
DAPK3,ENSG00000167657,1613
DAPL1,ENSG00000163331,92196
DAPP1,ENSG00000070190,27071
DARS1,ENSG00000115866,1615
DARS2,ENSG00000117593,55157
DAXX,ENSG00000204209,1616
DAZAP1,ENSG00000071626,26528
DAZAP2,ENSG00000183283,9802
DAZL,ENSG00000092345,1618
DBF4,ENSG00000006634,10926
DBF4B,ENSG00000161692,80174
DBH,ENSG00000123454,1621
DBH-AS1,ENSG00000225756,138948
DBI,ENSG00000155368,1622
DBN1,ENSG00000113758,1627
DBNDD1,ENSG00000003249,79007
DBNDD2,ENSG00000244274,55861
DBNL,ENSG00000136279,28988
DBP,ENSG00000105516,1628
DBR1,ENSG00000138231,51163
DBT,ENSG00000137992,1629
DBX2,ENSG00000185610,440097
DCAF1,ENSG00000145041,9730
DCAF10,ENSG00000122741,79269
DCAF11,ENSG00000100897,80344
DCAF12,ENSG00000198876,25853
DCAF12L2,ENSG00000198354,340578
DCAF13,ENSG00000164934,25879
DCAF15,ENSG00000132017,90379
DCAF16,ENSG00000163257,54876
DCAF17,ENSG00000115827,80067
DCAF4,ENSG00000119599,26094
DCAF4L1,ENSG00000182308,285429
DCAF5,ENSG00000139990,8816
DCAF6,ENSG00000143164,55827
DCAF7,ENSG00000136485,10238
DCAF8,ENSG00000132716,50717
DCAF8-DT,ENSG00000228606,100287049
DCAKD,ENSG00000172992,79877
DCBLD1,ENSG00000164465,285761
DCBLD2,ENSG00000057019,131566
DCC,ENSG00000187323,1630
DCD,ENSG00000161634,117159
DCDC1,ENSG00000170959,341019
DCDC2,ENSG00000146038,51473
DCDC2B,ENSG00000222046,149069
DCHS1,ENSG00000166341,8642
DCHS2,ENSG00000197410,54798
DCK,ENSG00000156136,1633
DCLK1,ENSG00000133083,9201
DCLK2,ENSG00000170390,166614
DCLK3,ENSG00000163673,85443
DCLRE1A,ENSG00000198924,9937
DCLRE1B,ENSG00000118655,64858
DCLRE1C,ENSG00000152457,64421
DCN,ENSG00000011465,1634
DCP1A,ENSG00000272886,55802
DCP1B,ENSG00000151065,196513
DCP2,ENSG00000172795,167227
DCPS,ENSG00000110063,28960
DCST1,ENSG00000163357,149095
DCST2,ENSG00000163354,127579
DCSTAMP,ENSG00000164935,81501
DCT,ENSG00000080166,1638
DCTD,ENSG00000129187,1635
DCTN1,ENSG00000204843,1639
DCTN1-AS1,ENSG00000237737,100189589
DCTN2,ENSG00000175203,10540
DCTN3,ENSG00000137100,11258
DCTN4,ENSG00000132912,51164
DCTN5,ENSG00000166847,84516
DCTN6,ENSG00000104671,10671
DCTN6-DT,ENSG00000271869,118597835
DCTPP1,ENSG00000179958,79077
DCUN1D1,ENSG00000043093,54165
DCUN1D2,ENSG00000150401,55208
DCUN1D3,ENSG00000188215,123879
DCUN1D4,ENSG00000109184,23142
DCUN1D5,ENSG00000137692,84259
DCX,ENSG00000077279,1641
DCXR,ENSG00000169738,51181
DCXR-DT,ENSG00000264569,113523640
DDA1,ENSG00000130311,79016
DDAH1,ENSG00000153904,23576
DDAH2,ENSG00000213722,23564
DDB1,ENSG00000167986,1642
DDB2,ENSG00000134574,1643
DDC,ENSG00000132437,1644
DDHD1,ENSG00000100523,80821
DDHD2,ENSG00000085788,23259
DDI2,ENSG00000197312,84301
DDIAS,ENSG00000165490,220042
DDIT3,ENSG00000175197,1649
DDIT4,ENSG00000168209,54541
DDIT4L,ENSG00000145358,115265
DDN,ENSG00000181418,23109
DDN-AS1,ENSG00000257913,105369758
DDO,ENSG00000203797,8528
DDOST,ENSG00000244038,1650
DDR1,ENSG00000204580,780
DDR2,ENSG00000162733,4921
DDRGK1,ENSG00000198171,65992
DDTL,ENSG00000099974,100037417
DDX1,ENSG00000079785,1653
DDX10,ENSG00000178105,1662
DDX11,ENSG00000013573,1663
DDX11-AS1,ENSG00000245614,100506660
DDX17,ENSG00000100201,10521
DDX18,ENSG00000088205,8886
DDX18P1,ENSG00000259165,319099
DDX19A,ENSG00000168872,55308
DDX19A-DT,ENSG00000261777,100506083
DDX19B,ENSG00000157349,11269
DDX20,ENSG00000064703,11218
DDX20P1,ENSG00000276662,100421369
DDX21,ENSG00000165732,9188
DDX23,ENSG00000174243,9416
DDX24,ENSG00000089737,57062
DDX25,ENSG00000109832,29118
DDX27,ENSG00000124228,55661
DDX28,ENSG00000182810,55794
DDX31,ENSG00000125485,64794
DDX39A,ENSG00000123136,10212
DDX39B,ENSG00000198563,7919
DDX3X,ENSG00000215301,1654
DDX41,ENSG00000183258,51428
DDX42,ENSG00000198231,11325
DDX43,ENSG00000080007,55510
DDX46,ENSG00000145833,9879
DDX47,ENSG00000213782,51202
DDX49,ENSG00000105671,54555
DDX5,ENSG00000108654,1655
DDX50,ENSG00000107625,79009
DDX51,ENSG00000185163,317781
DDX52,ENSG00000278053,11056
DDX54,ENSG00000123064,79039
DDX55,ENSG00000111364,57696
DDX56,ENSG00000136271,54606
DDX59,ENSG00000118197,83479
DDX59-AS1,ENSG00000260088,101929224
DDX6,ENSG00000110367,1656
DDX60,ENSG00000137628,55601
DDX60L,ENSG00000181381,91351
DEAF1,ENSG00000177030,10522
DECR1,ENSG00000104325,1666
DECR2,ENSG00000242612,26063
DEDD,ENSG00000158796,9191
DEDD2,ENSG00000160570,162989
DEF6,ENSG00000023892,50619
DEF8,ENSG00000140995,54849
DEFB1,ENSG00000164825,1672
DEFB109D,ENSG00000254866,503838
DEFB131B,ENSG00000225805,100129216
DEFB132,ENSG00000186458,400830
DEGS1,ENSG00000143753,8560
DEGS2,ENSG00000168350,123099
DEK,ENSG00000124795,7913
DELE1,ENSG00000081791,9812
DELEC1,ENSG00000173077,50514
DENND10,ENSG00000119979,404636
DENND11,ENSG00000257093,57189
DENND1A,ENSG00000119522,57706
DENND1B,ENSG00000213047,163486
DENND1C,ENSG00000205744,79958
DENND2A,ENSG00000146966,27147
DENND2B,ENSG00000166444,6764
DENND2C,ENSG00000175984,163259
DENND2D,ENSG00000162777,79961
DENND3,ENSG00000105339,22898
DENND3-AS1,ENSG00000253210,101927963
DENND4A,ENSG00000174485,10260
DENND4B,ENSG00000198837,9909
DENND4C,ENSG00000137145,55667
DENND5A,ENSG00000184014,23258
DENND5B,ENSG00000170456,160518
DENND5B-AS1,ENSG00000255867,100874249
DENND6A,ENSG00000174839,201627
DENND6B,ENSG00000205593,414918
DENR,ENSG00000139726,8562
DEPDC1,ENSG00000024526,55635
DEPDC1-AS1,ENSG00000234264,101927220
DEPDC1B,ENSG00000035499,55789
DEPDC4,ENSG00000166153,120863
DEPDC5,ENSG00000100150,9681
DEPDC7,ENSG00000121690,91614
DEPP1,ENSG00000165507,11067
DEPTOR,ENSG00000155792,64798
DERA,ENSG00000023697,51071
DERL1,ENSG00000136986,79139
DERL2,ENSG00000072849,51009
DERL3,ENSG00000099958,91319
DES,ENSG00000175084,1674
DESI1,ENSG00000100418,27351
DESI2,ENSG00000121644,51029
DET1,ENSG00000140543,55070
DEUP1,ENSG00000165325,159989
DEXI,ENSG00000182108,28955
DFFA,ENSG00000160049,1676
DFFB,ENSG00000169598,1677
DGAT1,ENSG00000185000,8694
DGAT2,ENSG00000062282,84649
DGCR11,ENSG00000273311,25786
DGCR2,ENSG00000070413,9993
DGCR5,ENSG00000273032,26220
DGCR6,ENSG00000183628,8214
DGCR6L,ENSG00000128185,85359
DGCR8,ENSG00000128191,54487
DGKA,ENSG00000065357,1606
DGKB,ENSG00000136267,1607
DGKD,ENSG00000077044,8527
DGKE,ENSG00000153933,8526
DGKG,ENSG00000058866,1608
DGKH,ENSG00000102780,160851
DGKI,ENSG00000157680,9162
DGKQ,ENSG00000145214,1609
DGKZ,ENSG00000149091,8525
DGKZP1,ENSG00000179611,400126
DGLUCY,ENSG00000133943,80017
DGUOK,ENSG00000114956,1716
DHCR24,ENSG00000116133,1718
DHCR7,ENSG00000172893,1717
DHCR7-DT,ENSG00000254682,129810502
DHDDS,ENSG00000117682,79947
DHDH,ENSG00000104808,27294
DHFR,ENSG00000228716,1719
DHFR2,ENSG00000178700,200895
DHH,ENSG00000139549,50846
DHODH,ENSG00000102967,1723
DHPS,ENSG00000095059,1725
DHRS1,ENSG00000157379,115817
DHRS11,ENSG00000278535,79154
DHRS12,ENSG00000102796,79758
DHRS13,ENSG00000167536,147015
DHRS2,ENSG00000100867,10202
DHRS3,ENSG00000162496,9249
DHRS4,ENSG00000157326,10901
DHRS4-AS1,ENSG00000215256,55449
DHRS4L1,ENSG00000285467,728635
DHRS4L2,ENSG00000187630,317749
DHRS7,ENSG00000100612,51635
DHRS7B,ENSG00000109016,25979
DHRS9,ENSG00000073737,10170
DHRSX,ENSG00000169084,207063
DHTKD1,ENSG00000181192,55526
DHX15,ENSG00000109606,1665
DHX16,ENSG00000204560,8449
DHX29,ENSG00000067248,54505
DHX30,ENSG00000132153,22907
DHX32,ENSG00000089876,55760
DHX33,ENSG00000005100,56919
DHX34,ENSG00000134815,9704
DHX35,ENSG00000101452,60625
DHX36,ENSG00000174953,170506
DHX37,ENSG00000150990,57647
DHX38,ENSG00000140829,9785
DHX40,ENSG00000108406,79665
DHX57,ENSG00000163214,90957
DHX58,ENSG00000108771,79132
DHX8,ENSG00000067596,1659
DHX9,ENSG00000135829,1660
DIABLO,ENSG00000184047,56616
DIAPH1,ENSG00000131504,1729
DIAPH2,ENSG00000147202,1730
DIAPH3,ENSG00000139734,81624
DICER1,ENSG00000100697,23405
DICER1-AS1,ENSG00000235706,400242
DIDO1,ENSG00000101191,11083
DIMT1,ENSG00000086189,27292
DIO1,ENSG00000211452,1733
DIO2,ENSG00000211448,1734
DIO3,ENSG00000197406,1735
DIO3OS,ENSG00000258498,64150
DIP2A,ENSG00000160305,23181
DIP2B,ENSG00000066084,57609
DIP2C,ENSG00000151240,22982
DIP2C-AS1,ENSG00000180525,414235
DIPK1A,ENSG00000154511,388650
DIPK1B,ENSG00000165716,138311
DIPK1C,ENSG00000187773,125704
DIPK2A,ENSG00000181744,205428
DIPK2B,ENSG00000147113,79742
DIRAS1,ENSG00000176490,148252
DIRAS2,ENSG00000165023,54769
DIRAS3,ENSG00000162595,9077
DIRC3,ENSG00000231672,729582
DIS3,ENSG00000083520,22894
DIS3L,ENSG00000166938,115752
DIS3L2,ENSG00000144535,129563
DISC1,ENSG00000162946,27185
DISP1,ENSG00000154309,84976
DISP2,ENSG00000140323,85455
DISP3,ENSG00000204624,57540
DIXDC1,ENSG00000150764,85458
DKC1,ENSG00000130826,1736
DKK1,ENSG00000107984,22943
DKK2,ENSG00000155011,27123
DKK3,ENSG00000050165,27122
DKK4,ENSG00000104371,27121
DKKL1,ENSG00000104901,27120
DLAT,ENSG00000150768,1737
DLC1,ENSG00000164741,10395
DLD,ENSG00000091140,1738
DLEC1,ENSG00000008226,9940
DLEU1,ENSG00000176124,10301
DLEU1-AS1,ENSG00000186047,103689915
DLEU2,ENSG00000231607,8847
DLEU7,ENSG00000186047,220107
DLEU7-AS1,ENSG00000176124,100874074
DLG1,ENSG00000075711,1739
DLG1-AS1,ENSG00000227375,100507086
DLG2,ENSG00000150672,1740
DLG3,ENSG00000082458,1741
DLG3-AS1,ENSG00000231651,100873930
DLG4,ENSG00000132535,1742
DLG5,ENSG00000151208,9231
DLGAP1,ENSG00000170579,9229
DLGAP1-AS5,ENSG00000261520,284215
DLGAP2,ENSG00000198010,9228
DLGAP3,ENSG00000116544,58512
DLGAP4,ENSG00000080845,22839
DLGAP4-AS1,ENSG00000232907,101926987
DLGAP5,ENSG00000126787,9787
DLK1,ENSG00000185559,8788
DLK2,ENSG00000171462,65989
DLL1,ENSG00000198719,28514
DLL3,ENSG00000090932,10683
DLL4,ENSG00000128917,54567
DLST,ENSG00000119689,1743
DLX1,ENSG00000144355,1745
DLX2,ENSG00000115844,1746
DLX2-DT,ENSG00000236651,104326193
DLX3,ENSG00000064195,1747
DLX4,ENSG00000108813,1748
DLX5,ENSG00000105880,1749
DLX6,ENSG00000006377,1750
DM1-AS,ENSG00000267395,109729182
DMAC1,ENSG00000137038,90871
DMAC2,ENSG00000105341,55101
DMAC2L,ENSG00000125375,27109
DMAP1,ENSG00000178028,55929
DMBT1,ENSG00000187908,1755
DMBX1,ENSG00000197587,127343
DMC1,ENSG00000100206,11144
DMD,ENSG00000198947,1756
DMGDH,ENSG00000132837,29958
DMKN,ENSG00000161249,93099
DMP1,ENSG00000152592,1758
DMPK,ENSG00000104936,1760
DMRT1,ENSG00000137090,1761
DMRT2,ENSG00000173253,10655
DMRT3,ENSG00000064218,58524
DMRTA1,ENSG00000176399,63951
DMRTA2,ENSG00000142700,63950
DMRTC2,ENSG00000142025,63946
DMTF1,ENSG00000135164,9988
DMTF1-AS1,ENSG00000224046,101927420
DMTN,ENSG00000158856,2039
DMWD,ENSG00000185800,1762
DMXL1,ENSG00000172869,1657
DMXL2,ENSG00000104093,23312
DNA2,ENSG00000138346,1763
DNAAF1,ENSG00000154099,123872
DNAAF10,ENSG00000243667,116143
DNAAF11,ENSG00000129295,23639
DNAAF2,ENSG00000165506,55172
DNAAF3,ENSG00000167646,352909
DNAAF4,ENSG00000256061,161582
DNAAF5,ENSG00000164818,54919
DNAAF8,ENSG00000166246,146562
DNAAF9,ENSG00000088854,25943
DNAH1,ENSG00000114841,25981
DNAH10,ENSG00000197653,196385
DNAH10OS,ENSG00000250091,642797
DNAH11,ENSG00000105877,8701
DNAH12,ENSG00000174844,201625
DNAH14,ENSG00000185842,127602
DNAH17,ENSG00000187775,8632
DNAH2,ENSG00000183914,146754
DNAH3,ENSG00000158486,55567
DNAH5,ENSG00000039139,1767
DNAH6,ENSG00000115423,1768
DNAH7,ENSG00000118997,56171
DNAH8,ENSG00000124721,1769
DNAH9,ENSG00000007174,1770
DNAI1,ENSG00000122735,27019
DNAI3,ENSG00000162643,126820
DNAI4,ENSG00000152763,79819
DNAI7,ENSG00000118307,55259
DNAJA1,ENSG00000086061,3301
DNAJA2,ENSG00000069345,10294
DNAJA2-DT,ENSG00000261173,119545626
DNAJA3,ENSG00000103423,9093
DNAJA4,ENSG00000140403,55466
DNAJB1,ENSG00000132002,3337
DNAJB11,ENSG00000090520,51726
DNAJB12,ENSG00000148719,54788
DNAJB13,ENSG00000187726,374407
DNAJB14,ENSG00000164031,79982
DNAJB2,ENSG00000135924,3300
DNAJB4,ENSG00000162616,11080
DNAJB5,ENSG00000137094,25822
DNAJB6,ENSG00000105993,10049
DNAJB6P1,ENSG00000254612,387820
DNAJB7,ENSG00000172404,150353
DNAJB9,ENSG00000128590,4189
DNAJC1,ENSG00000136770,64215
DNAJC10,ENSG00000077232,54431
DNAJC11,ENSG00000007923,55735
DNAJC12,ENSG00000108176,56521
DNAJC13,ENSG00000138246,23317
DNAJC14,ENSG00000135392,85406
DNAJC15,ENSG00000120675,29103
DNAJC16,ENSG00000116138,23341
DNAJC17,ENSG00000104129,55192
DNAJC18,ENSG00000170464,202052
DNAJC19,ENSG00000205981,131118
DNAJC2,ENSG00000105821,27000
DNAJC21,ENSG00000168724,134218
DNAJC22,ENSG00000178401,79962
DNAJC24,ENSG00000170946,120526
DNAJC25,ENSG00000059769,548645
DNAJC27,ENSG00000115137,51277
DNAJC27-AS1,ENSG00000224165,729723
DNAJC28,ENSG00000177692,54943
DNAJC3,ENSG00000102580,5611
DNAJC3-DT,ENSG00000247400,100289274
DNAJC30,ENSG00000176410,84277
DNAJC4,ENSG00000110011,3338
DNAJC5,ENSG00000101152,80331
DNAJC5B,ENSG00000147570,85479
DNAJC6,ENSG00000116675,9829
DNAJC7,ENSG00000168259,7266
DNAJC8,ENSG00000126698,22826
DNAJC9,ENSG00000213551,23234
DNAJC9-AS1,ENSG00000236756,414245
DNAL1,ENSG00000119661,83544
DNAL4,ENSG00000100246,10126
DNALI1,ENSG00000163879,7802
DNASE1,ENSG00000213918,1773
DNASE1L1,ENSG00000013563,1774
DNASE1L2,ENSG00000167968,1775
DNASE1L3,ENSG00000163687,1776
DNASE2,ENSG00000105612,1777
DNASE2B,ENSG00000137976,58511
DNER,ENSG00000187957,92737
DNHD1,ENSG00000179532,144132
DNLZ,ENSG00000213221,728489
DNM1,ENSG00000106976,1759
DNM1L,ENSG00000087470,10059
DNM2,ENSG00000079805,1785
DNM3,ENSG00000197959,26052
DNMBP,ENSG00000107554,23268
DNMBP-AS1,ENSG00000227695,100188954
DNMT1,ENSG00000130816,1786
DNMT3A,ENSG00000119772,1788
DNMT3B,ENSG00000088305,1789
DNPEP,ENSG00000123992,23549
DNPH1,ENSG00000112667,10591
DNTTIP1,ENSG00000101457,116092
DNTTIP2,ENSG00000067334,30836
DOC2A,ENSG00000149927,8448
DOC2B,ENSG00000272636,8447
DOCK1,ENSG00000150760,1793
DOCK10,ENSG00000135905,55619
DOCK11,ENSG00000147251,139818
DOCK2,ENSG00000134516,1794
DOCK3,ENSG00000088538,1795
DOCK4,ENSG00000128512,9732
DOCK5,ENSG00000147459,80005
DOCK6,ENSG00000130158,57572
DOCK7,ENSG00000116641,85440
DOCK7-DT,ENSG00000235545,121832810
DOCK8,ENSG00000107099,81704
DOCK8-AS1,ENSG00000183784,157983
DOCK9,ENSG00000088387,23348
DOHH,ENSG00000129932,83475
DOK1,ENSG00000115325,1796
DOK2,ENSG00000147443,9046
DOK3,ENSG00000146094,79930
DOK4,ENSG00000125170,55715
DOK5,ENSG00000101134,55816
DOK6,ENSG00000206052,220164
DOK7,ENSG00000175920,285489
DOLK,ENSG00000175283,22845
DOLPP1,ENSG00000167130,57171
DONSON,ENSG00000159147,29980
DOP1A,ENSG00000083097,23033
DOP1B,ENSG00000142197,9980
DOT1L,ENSG00000104885,84444
DPAGT1,ENSG00000172269,1798
DPCD,ENSG00000166171,25911
DPEP1,ENSG00000015413,1800
DPEP2,ENSG00000167261,64174
DPEP3,ENSG00000141096,64180
DPF1,ENSG00000011332,8193
DPF2,ENSG00000133884,5977
DPF3,ENSG00000205683,8110
DPH1,ENSG00000108963,1801
DPH2,ENSG00000132768,1802
DPH3,ENSG00000154813,285381
DPH5,ENSG00000117543,51611
DPH5-DT,ENSG00000233184,102606465
DPH6,ENSG00000134146,89978
DPH7,ENSG00000148399,92715
DPM1,ENSG00000000419,8813
DPM2,ENSG00000136908,8818
DPM3,ENSG00000179085,54344
DPP10,ENSG00000175497,57628
DPP10-AS1,ENSG00000235026,389023
DPP3,ENSG00000254986,10072
DPP3-DT,ENSG00000255517,101928069
DPP4,ENSG00000197635,1803
DPP6,ENSG00000130226,1804
DPP7,ENSG00000176978,29952
DPP8,ENSG00000074603,54878
DPP9,ENSG00000142002,91039
DPP9-AS1,ENSG00000205790,100131094
DPPA4,ENSG00000121570,55211
DPRXP4,ENSG00000264743,503645
DPT,ENSG00000143196,1805
DPY19L1,ENSG00000173852,23333
DPY19L2,ENSG00000177990,283417
DPY19L3,ENSG00000178904,147991
DPY19L3-DT,ENSG00000267213,400684
DPY19L4,ENSG00000156162,286148
DPY30,ENSG00000162961,84661
DPYD,ENSG00000188641,1806
DPYS,ENSG00000147647,1807
DPYSL2,ENSG00000092964,1808
DPYSL3,ENSG00000113657,1809
DPYSL4,ENSG00000151640,10570
DPYSL5,ENSG00000157851,56896
DQX1,ENSG00000144045,165545
DR1,ENSG00000117505,1810
DRAIC,ENSG00000245750,145837
DRAM1,ENSG00000136048,55332
DRAM2,ENSG00000156171,128338
DRAP1,ENSG00000175550,10589
DRAXIN,ENSG00000162490,374946
DRC1,ENSG00000157856,92749
DRC12,ENSG00000248712,283152
DRC3,ENSG00000171962,83450
DRC7,ENSG00000159625,84229
DRD1,ENSG00000184845,1812
DRD2,ENSG00000149295,1813
DRD4,ENSG00000069696,1815
DRG1,ENSG00000185721,4733
DRG2,ENSG00000108591,1819
DRICH1,ENSG00000189269,51233
DROSHA,ENSG00000113360,29102
DRP2,ENSG00000102385,1821
DSC1,ENSG00000134765,1823
DSC2,ENSG00000134755,1824
DSC3,ENSG00000134762,1825
DSCAM,ENSG00000171587,1826
DSCAM-AS1,ENSG00000235123,100506492
DSCAML1,ENSG00000177103,57453
DSCC1,ENSG00000136982,79075
DSCR9,ENSG00000230366,257203
DSE,ENSG00000111817,29940
DSEL,ENSG00000171451,92126
DSG1,ENSG00000134760,1828
DSG2,ENSG00000046604,1829
DSG2-AS1,ENSG00000264859,100652770
DSG3,ENSG00000134757,1830
DSN1,ENSG00000149636,79980
DSP,ENSG00000096696,1832
DSP-AS1,ENSG00000261189,101928076
DST,ENSG00000151914,667
DSTN,ENSG00000125868,11034
DSTNP3,ENSG00000253833,100287016
DSTYK,ENSG00000133059,25778
DTD1,ENSG00000125821,92675
DTD2,ENSG00000129480,112487
DTHD1,ENSG00000197057,401124
DTL,ENSG00000143476,51514
DTNA,ENSG00000134769,1837
DTNB,ENSG00000138101,1838
DTNBP1,ENSG00000047579,84062
DTWD1,ENSG00000104047,56986
DTWD2,ENSG00000169570,285605
DTX1,ENSG00000135144,1840
DTX2,ENSG00000091073,113878
DTX2P1-UPK3BP1-PMS2P11,ENSG00000265479,441263
DTX3,ENSG00000178498,196403
DTX3L,ENSG00000163840,151636
DTX4,ENSG00000110042,23220
DTYMK,ENSG00000168393,1841
DUBR,ENSG00000243701,344595
DUOX1,ENSG00000137857,53905
DUOX2,ENSG00000140279,50506
DUOXA1,ENSG00000140254,90527
DUOXA2,ENSG00000140274,405753
DUS1L,ENSG00000169718,64118
DUS2,ENSG00000167264,54920
DUS3L,ENSG00000141994,56931
DUS4L,ENSG00000105865,11062
DUS4L-BCAP29,ENSG00000288558,115253422
DUSP1,ENSG00000120129,1843
DUSP10,ENSG00000143507,11221
DUSP11,ENSG00000144048,8446
DUSP12,ENSG00000081721,11266
DUSP13B,ENSG00000079393,51207
DUSP14,ENSG00000276023,11072
DUSP15,ENSG00000149599,128853
DUSP16,ENSG00000111266,80824
DUSP18,ENSG00000167065,150290
DUSP19,ENSG00000162999,142679
DUSP2,ENSG00000158050,1844
DUSP22,ENSG00000112679,56940
DUSP23,ENSG00000158716,54935
DUSP26,ENSG00000133878,78986
DUSP28,ENSG00000188542,285193
DUSP3,ENSG00000108861,1845
DUSP4,ENSG00000120875,1846
DUSP5,ENSG00000138166,1847
DUSP6,ENSG00000139318,1848
DUSP7,ENSG00000164086,1849
DUSP8,ENSG00000184545,1850
DUSP9,ENSG00000130829,1852
DUT,ENSG00000128951,1854
DUT-AS1,ENSG00000259488,107984757
DUTP6,ENSG00000225171,100873912
DUX4L27,ENSG00000258794,100131369
DUX4L37,ENSG00000283020,107080108
DUXAP8,ENSG00000206195,503637
DUXB,ENSG00000282757,100033411
DVL1,ENSG00000107404,1855
DVL2,ENSG00000004975,1856
DVL3,ENSG00000161202,1857
DXO,ENSG00000204348,1797
DYDC2,ENSG00000133665,84332
DYM,ENSG00000141627,54808
DYM-AS1,ENSG00000264269,100129878
DYNC1H1,ENSG00000197102,1778
DYNC1I1,ENSG00000158560,1780
DYNC1I2,ENSG00000077380,1781
DYNC1I2P1,ENSG00000225137,728532
DYNC1LI1,ENSG00000144635,51143
DYNC1LI2,ENSG00000135720,1783
DYNC1LI2-DT,ENSG00000246777,106699570
DYNC2H1,ENSG00000187240,79659
DYNC2I1,ENSG00000126870,55112
DYNC2I2,ENSG00000119333,89891
DYNC2LI1,ENSG00000138036,51626
DYNLL1,ENSG00000088986,8655
DYNLL2,ENSG00000264364,140735
DYNLRB1,ENSG00000125971,83658
DYNLRB2,ENSG00000168589,83657
DYNLT1,ENSG00000146425,6993
DYNLT2,ENSG00000184786,6991
DYNLT2B,ENSG00000213123,255758
DYNLT3,ENSG00000165169,6990
DYNLT4,ENSG00000188396,343521
DYNLT5,ENSG00000152760,200132
DYRK1A,ENSG00000157540,1859
DYRK1B,ENSG00000105204,9149
DYRK2,ENSG00000127334,8445
DYRK3,ENSG00000143479,8444
DYRK3-AS1,ENSG00000237605,105372876
DYRK4,ENSG00000010219,8798
DYSF,ENSG00000135636,8291
DZANK1,ENSG00000089091,55184
DZIP1,ENSG00000134874,22873
DZIP1L,ENSG00000158163,199221
DZIP3,ENSG00000198919,9666
E2F1,ENSG00000101412,1869
E2F2,ENSG00000007968,1870
E2F3,ENSG00000112242,1871
E2F4,ENSG00000205250,1874
E2F5,ENSG00000133740,1875
E2F5-DT,ENSG00000260493,102723322
E2F6,ENSG00000169016,1876
E2F7,ENSG00000165891,144455
E2F8,ENSG00000129173,79733
E4F1,ENSG00000167967,1877
EAF1,ENSG00000144597,85403
EAF2,ENSG00000145088,55840
EAPP,ENSG00000129518,55837
EARS2,ENSG00000103356,124454
EBAG9,ENSG00000147654,9166
EBAG9P1,ENSG00000233690,100422254
EBF1,ENSG00000164330,1879
EBF2,ENSG00000221818,64641
EBF3,ENSG00000108001,253738
EBF4,ENSG00000088881,57593
EBI3,ENSG00000105246,10148
EBLN2,ENSG00000255423,55096
EBLN3P,ENSG00000281649,100506710
EBNA1BP2,ENSG00000117395,10969
EBP,ENSG00000147155,10682
EBPL,ENSG00000123179,84650
ECD,ENSG00000122882,11319
ECE1,ENSG00000117298,1889
ECE1-AS1,ENSG00000231105,100506801
ECEL1,ENSG00000171551,9427
ECH1,ENSG00000104823,1891
ECHDC1,ENSG00000093144,55862
ECHDC2,ENSG00000121310,55268
ECHDC3,ENSG00000134463,79746
ECHS1,ENSG00000127884,1892
ECI1,ENSG00000167969,1632
ECI1-AS1,ENSG00000261663,123706507
ECI2,ENSG00000198721,10455
ECI2-DT,ENSG00000234817,100507506
ECM1,ENSG00000143369,1893
ECM2,ENSG00000106823,1842
ECPAS,ENSG00000136813,23392
ECRG4,ENSG00000119147,84417
ECSCR,ENSG00000249751,641700
ECSIT,ENSG00000130159,51295
ECT2,ENSG00000114346,1894
ECT2L,ENSG00000203734,345930
EDA,ENSG00000158813,1896
EDA2R,ENSG00000131080,60401
EDAR,ENSG00000135960,10913
EDARADD,ENSG00000186197,128178
EDC3,ENSG00000179151,80153
EDC4,ENSG00000038358,23644
EDDM13,ENSG00000267710,100506374
EDDM3B,ENSG00000181552,64184
EDEM1,ENSG00000134109,9695
EDEM2,ENSG00000088298,55741
EDEM3,ENSG00000116406,80267
EDF1,ENSG00000107223,8721
EDIL3,ENSG00000164176,10085
EDIL3-DT,ENSG00000250320,105379057
EDN1,ENSG00000078401,1906
EDN2,ENSG00000127129,1907
EDN3,ENSG00000124205,1908
EDNRA,ENSG00000151617,1909
EDNRB,ENSG00000136160,1910
EDRF1,ENSG00000107938,26098
EDRF1-AS1,ENSG00000236991,101927983
EDRF1-DT,ENSG00000224023,399821
EEA1,ENSG00000102189,8411
EED,ENSG00000074266,8726
EEF1A1,ENSG00000156508,1915
EEF1A1P10,ENSG00000243746,100421829
EEF1A1P14,ENSG00000233057,647167
EEF1A1P16,ENSG00000213235,387845
EEF1A1P17,ENSG00000257907,401717
EEF1A1P19,ENSG00000249855,100421796
EEF1A1P22,ENSG00000259612,645693
EEF1A1P23,ENSG00000236297,100421815
EEF1A1P24,ENSG00000223668,645715
EEF1A1P25,ENSG00000241429,646612
EEF1A1P28,ENSG00000237709,442709
EEF1A1P3,ENSG00000232587,100421865
EEF1A1P35,ENSG00000250144,389223
EEF1A1P4,ENSG00000245205,100421854
EEF1A1P46,ENSG00000215899,441880
EEF1A1P8,ENSG00000223529,389179
EEF1A2,ENSG00000101210,1917
EEF1AKMT1,ENSG00000150456,221143
EEF1AKMT2,ENSG00000203791,399818
EEF1AKMT3,ENSG00000123427,25895
EEF1AKMT4,ENSG00000284753,110599564
EEF1B2,ENSG00000114942,1933
EEF1B2P2,ENSG00000213864,1934
EEF1B2P3,ENSG00000232472,644820
EEF1B2P6,ENSG00000213261,647030
EEF1D,ENSG00000104529,1936
EEF1DP1,ENSG00000228887,126037
EEF1DP4,ENSG00000213640,442325
EEF1DP5,ENSG00000213130,442258
EEF1E1,ENSG00000124802,9521
EEF1GP5,ENSG00000234785,642357
EEF2,ENSG00000167658,1938
EEF2K,ENSG00000103319,29904
EEF2KMT,ENSG00000118894,196483
EEFSEC,ENSG00000132394,60678
EEIG1,ENSG00000167106,399665
EEIG2,ENSG00000162636,284611
EEPD1,ENSG00000122547,80820
EFCAB10,ENSG00000185055,100130771
EFCAB10-AS1,ENSG00000272604,127138863
EFCAB11,ENSG00000140025,90141
EFCAB12,ENSG00000172771,90288
EFCAB13,ENSG00000178852,124989
EFCAB13-DT,ENSG00000263293,102724508
EFCAB14,ENSG00000159658,9813
EFCAB2,ENSG00000203666,84288
EFCAB5,ENSG00000176927,374786
EFCAB6,ENSG00000186976,64800
EFCAB7,ENSG00000203965,84455
EFCAB8,ENSG00000215529,388795
EFCC1,ENSG00000114654,79825
EFEMP1,ENSG00000115380,2202
EFEMP2,ENSG00000172638,30008
EFHB,ENSG00000163576,151651
EFHC1,ENSG00000096093,114327
EFHC2,ENSG00000183690,80258
EFHD1,ENSG00000115468,80303
EFHD2,ENSG00000142634,79180
EFHD2-AS1,ENSG00000228140,101927441
EFL1,ENSG00000140598,79631
EFNA1,ENSG00000169242,1942
EFNA2,ENSG00000099617,1943
EFNA3,ENSG00000143590,1944
EFNA4,ENSG00000243364,1945
EFNA5,ENSG00000184349,1946
EFNB1,ENSG00000090776,1947
EFNB2,ENSG00000125266,1948
EFNB3,ENSG00000108947,1949
EFR3A,ENSG00000132294,23167
EFR3B,ENSG00000084710,22979
EFS,ENSG00000100842,10278
EFTUD2,ENSG00000108883,9343
EGF,ENSG00000138798,1950
EGFL6,ENSG00000198759,25975
EGFL7,ENSG00000172889,51162
EGFL8,ENSG00000241404,80864
EGFLAM,ENSG00000164318,133584
EGFR,ENSG00000146648,1956
EGLN1,ENSG00000135766,54583
EGLN2,ENSG00000269858,112398
EGLN3,ENSG00000129521,112399
EGOT,ENSG00000235947,100126791
EGR1,ENSG00000120738,1958
EGR2,ENSG00000122877,1959
EGR3,ENSG00000179388,1960
EGR4,ENSG00000135625,1961
EHBP1,ENSG00000115504,23301
EHBP1-AS1,ENSG00000231609,100132215
EHBP1L1,ENSG00000173442,254102
EHD1,ENSG00000110047,10938
EHD2,ENSG00000024422,30846
EHD3,ENSG00000013016,30845
EHD4,ENSG00000103966,30844
EHD4-AS1,ENSG00000259883,101928363
EHF,ENSG00000135373,26298
EHHADH,ENSG00000113790,1962
EHMT1,ENSG00000181090,79813
EHMT2,ENSG00000204371,10919
EHMT2-AS1,ENSG00000237080,107986588
EI24,ENSG00000149547,9538
EID1,ENSG00000255302,23741
EID2,ENSG00000176396,163126
EID2B,ENSG00000176401,126272
EID3,ENSG00000255150,493861
EIF1,ENSG00000173812,10209
EIF1AD,ENSG00000175376,84285
EIF1AX,ENSG00000173674,1964
EIF1B,ENSG00000114784,10289
EIF1B-AS1,ENSG00000280739,440952
EIF2A,ENSG00000144895,83939
EIF2AK1,ENSG00000086232,27102
EIF2AK2,ENSG00000055332,5610
EIF2AK3,ENSG00000172071,9451
EIF2AK3-DT,ENSG00000234028,101928403
EIF2AK4,ENSG00000128829,440275
EIF2B1,ENSG00000111361,1967
EIF2B2,ENSG00000119718,8892
EIF2B3,ENSG00000070785,8891
EIF2B4,ENSG00000115211,8890
EIF2B5,ENSG00000145191,8893
EIF2D,ENSG00000143486,1939
EIF2S1,ENSG00000134001,1965
EIF2S2,ENSG00000125977,8894
EIF2S3,ENSG00000130741,1968
EIF2S3B,ENSG00000180574,255308
EIF3A,ENSG00000107581,8661
EIF3B,ENSG00000106263,8662
EIF3C,ENSG00000184110,8663
EIF3CL,ENSG00000184110,728689
EIF3D,ENSG00000100353,8664
EIF3E,ENSG00000104408,3646
EIF3EP3,ENSG00000277998,100462836
EIF3F,ENSG00000175390,8665
EIF3FP3,ENSG00000233426,339799
EIF3G,ENSG00000130811,8666
EIF3H,ENSG00000147677,8667
EIF3I,ENSG00000084623,8668
EIF3J,ENSG00000104131,8669
EIF3J-DT,ENSG00000179523,645212
EIF3K,ENSG00000178982,27335
EIF3L,ENSG00000100129,51386
EIF3LP2,ENSG00000233837,143341
EIF3M,ENSG00000149100,10480
EIF4A1,ENSG00000161960,1973
EIF4A1P10,ENSG00000229132,100421533
EIF4A1P2,ENSG00000235001,359792
EIF4A1P4,ENSG00000257790,728698
EIF4A2,ENSG00000156976,1974
EIF4A3,ENSG00000141543,9775
EIF4B,ENSG00000063046,1975
EIF4BP3,ENSG00000224546,100128771
EIF4E,ENSG00000151247,1977
EIF4E1B,ENSG00000175766,253314
EIF4E2,ENSG00000135930,9470
EIF4E3,ENSG00000163412,317649
EIF4EBP1,ENSG00000187840,1978
EIF4EBP2,ENSG00000148730,1979
EIF4EBP3,ENSG00000243056,8637
EIF4ENIF1,ENSG00000184708,56478
EIF4G1,ENSG00000114867,1981
EIF4G2,ENSG00000110321,1982
EIF4G3,ENSG00000075151,8672
EIF4H,ENSG00000106682,7458
EIF5,ENSG00000100664,1983
EIF5A,ENSG00000132507,1984
EIF5A2,ENSG00000163577,56648
EIF5AL1,ENSG00000253626,143244
EIF5B,ENSG00000158417,9669
EIF6,ENSG00000242372,3692
EIPR1,ENSG00000032389,7260
ELAC1,ENSG00000141642,55520
ELAC2,ENSG00000006744,60528
ELANE,ENSG00000197561,1991
ELAPOR1,ENSG00000116299,57535
ELAPOR2,ENSG00000164659,222223
ELAVL1,ENSG00000066044,1994
ELAVL2,ENSG00000107105,1993
ELAVL3,ENSG00000196361,1995
ELAVL4,ENSG00000162374,1996
ELF1,ENSG00000120690,1997
ELF2,ENSG00000109381,1998
ELF3,ENSG00000163435,1999
ELF4,ENSG00000102034,2000
ELF5,ENSG00000135374,2001
ELFN1,ENSG00000225968,392617
ELFN1-AS1,ENSG00000236081,101927125
ELFN2,ENSG00000166897,114794
ELK1,ENSG00000126767,2002
ELK3,ENSG00000111145,2004
ELK4,ENSG00000158711,2005
ELL,ENSG00000105656,8178
ELL2,ENSG00000118985,22936
ELL3,ENSG00000128886,80237
ELMO1,ENSG00000155849,9844
ELMO2,ENSG00000062598,63916
ELMO3,ENSG00000102890,79767
ELMOD1,ENSG00000110675,55531
ELMOD2,ENSG00000179387,255520
ELMOD3,ENSG00000115459,84173
ELN,ENSG00000049540,2006
ELN-AS1,ENSG00000232415,107986809
ELOA,ENSG00000011007,6924
ELOA-AS1,ENSG00000236810,100506963
ELOB,ENSG00000103363,6923
ELOC,ENSG00000154582,6921
ELOF1,ENSG00000130165,84337
ELOVL1,ENSG00000066322,64834
ELOVL2,ENSG00000197977,54898
ELOVL2-AS1,ENSG00000230314,100506409
ELOVL3,ENSG00000119915,83401
ELOVL4,ENSG00000118402,6785
ELOVL5,ENSG00000012660,60481
ELOVL6,ENSG00000170522,79071
ELOVL7,ENSG00000164181,79993
ELP1,ENSG00000070061,8518
ELP2,ENSG00000134759,55250
ELP3,ENSG00000134014,55140
ELP4,ENSG00000109911,26610
ELP5,ENSG00000170291,23587
ELP6,ENSG00000163832,54859
EMB,ENSG00000170571,133418
EMC1,ENSG00000127463,23065
EMC1-AS1,ENSG00000230424,101927895
EMC10,ENSG00000161671,284361
EMC2,ENSG00000104412,9694
EMC3,ENSG00000125037,55831
EMC4,ENSG00000128463,51234
EMC6,ENSG00000127774,83460
EMC7,ENSG00000134153,56851
EMC8,ENSG00000131148,10328
EMC9,ENSG00000100908,51016
EMCN,ENSG00000164035,51705
EMD,ENSG00000102119,2010
EME1,ENSG00000154920,146956
EME2,ENSG00000197774,197342
EMG1,ENSG00000126749,10436
EMID1,ENSG00000186998,129080
EMILIN1,ENSG00000138080,11117
EMILIN2,ENSG00000132205,84034
EMILIN3,ENSG00000183798,90187
EML1,ENSG00000066629,2009
EML2,ENSG00000125746,24139
EML3,ENSG00000149499,256364
EML4,ENSG00000143924,27436
EML5,ENSG00000165521,161436
EML6,ENSG00000214595,400954
EMP1,ENSG00000134531,2012
EMP2,ENSG00000213853,2013
EMP3,ENSG00000142227,2014
EMSY,ENSG00000158636,56946
EMSY-DT,ENSG00000255135,124902718
EMX1,ENSG00000135638,2016
EMX2,ENSG00000170370,2018
EMX2OS,ENSG00000229847,196047
EN1,ENSG00000163064,2019
EN2,ENSG00000164778,2020
ENAH,ENSG00000154380,55740
ENC1,ENSG00000171617,8507
ENDOD1,ENSG00000149218,23052
ENDOG,ENSG00000167136,2021
ENDOU,ENSG00000111405,8909
ENDOV,ENSG00000173818,284131
ENG,ENSG00000106991,2022
ENGASE,ENSG00000167280,64772
ENHO,ENSG00000168913,375704
ENKD1,ENSG00000124074,84080
ENKUR,ENSG00000151023,219670
ENO1,ENSG00000074800,2023
ENO1-AS1,ENSG00000230679,100505975
ENO2,ENSG00000111674,2026
ENO3,ENSG00000108515,2027
ENO4,ENSG00000188316,387712
ENOPH1,ENSG00000145293,58478
ENOSF1,ENSG00000132199,55556
ENOX1,ENSG00000120658,55068
ENOX2,ENSG00000165675,10495
ENPEP,ENSG00000138792,2028
ENPP1,ENSG00000197594,5167
ENPP2,ENSG00000136960,5168
ENPP3,ENSG00000154269,5169
ENPP4,ENSG00000001561,22875
ENPP5,ENSG00000112796,59084
ENPP6,ENSG00000164303,133121
ENPP7P10,ENSG00000249767,100421805
ENPP7P11,ENSG00000250942,100421806
ENPP7P15,ENSG00000284605,121832813
ENPP7P4,ENSG00000241278,100421816
ENSA,ENSG00000143420,2029
ENTHD1,ENSG00000176177,150350
ENTPD1,ENSG00000138185,953
ENTPD1-AS1,ENSG00000226688,728558
ENTPD2,ENSG00000054179,954
ENTPD3,ENSG00000168032,956
ENTPD3-AS1,ENSG00000280739,285266
ENTPD4,ENSG00000197217,9583
ENTPD5,ENSG00000187097,957
ENTPD6,ENSG00000197586,955
ENTPD7,ENSG00000198018,57089
ENTPD8,ENSG00000188833,377841
ENTR1,ENSG00000165689,10807
ENTREP1,ENSG00000135063,9413
ENTREP2,ENSG00000104059,23359
ENTREP3,ENSG00000160767,10712
ENY2,ENSG00000120533,56943
EOGT,ENSG00000163378,285203
EOLA1,ENSG00000197620,91966
EOLA1-DT,ENSG00000241769,100131434
EOLA2,ENSG00000197021,541578
EOLA2-DT,ENSG00000235703,100272228
EOMES,ENSG00000163508,8320
EP300,ENSG00000100393,2033
EP400,ENSG00000183495,57634
EPAS1,ENSG00000116016,2034
EPB41,ENSG00000159023,2035
EPB41L1,ENSG00000088367,2036
EPB41L2,ENSG00000079819,2037
EPB41L3,ENSG00000082397,23136
EPB41L4A,ENSG00000129595,64097
EPB41L4A-DT,ENSG00000278921,54508
EPB41L4B,ENSG00000095203,54566
EPB41L5,ENSG00000115109,57669
EPC1,ENSG00000120616,80314
EPC2,ENSG00000135999,26122
EPCAM,ENSG00000119888,4072
EPCAM-DT,ENSG00000234690,101927043
EPCIP,ENSG00000205929,56245
EPDR1,ENSG00000086289,54749
EPG5,ENSG00000152223,57724
EPGN,ENSG00000182585,255324
EPHA1,ENSG00000146904,2041
EPHA1-AS1,ENSG00000229153,285965
EPHA10,ENSG00000183317,284656
EPHA2,ENSG00000142627,1969
EPHA3,ENSG00000044524,2042
EPHA4,ENSG00000116106,2043
EPHA5,ENSG00000145242,2044
EPHA6,ENSG00000080224,285220
EPHA7,ENSG00000135333,2045
EPHA8,ENSG00000070886,2046
EPHB1,ENSG00000154928,2047
EPHB2,ENSG00000133216,2048
EPHB3,ENSG00000182580,2049
EPHB4,ENSG00000196411,2050
EPHB6,ENSG00000106123,2051
EPHX1,ENSG00000143819,2052
EPHX2,ENSG00000120915,2053
EPHX3,ENSG00000105131,79852
EPHX4,ENSG00000172031,253152
EPIC1,ENSG00000224271,284930
EPIST,ENSG00000249082,101927953
EPM2A,ENSG00000112425,7957
EPM2A-DT,ENSG00000235652,100507557
EPM2AIP1,ENSG00000178567,9852
EPN1,ENSG00000063245,29924
EPN2,ENSG00000072134,22905
EPN2-AS1,ENSG00000235397,100874018
EPN3,ENSG00000049283,55040
EPO,ENSG00000130427,2056
EPOP,ENSG00000273604,100170841
EPOR,ENSG00000187266,2057
EPPK1,ENSG00000261150,83481
EPRS1,ENSG00000136628,2058
EPS15,ENSG00000085832,2060
EPS15-AS1,ENSG00000227070,105378720
EPS15L1,ENSG00000127527,58513
EPS8,ENSG00000151491,2059
EPS8L1,ENSG00000131037,54869
EPS8L2,ENSG00000177106,64787
EPS8L3,ENSG00000198758,79574
EPSTI1,ENSG00000133106,94240
EPX,ENSG00000121053,8288
EPYC,ENSG00000083782,1833
ERAL1,ENSG00000132591,26284
ERAP1,ENSG00000164307,51752
ERAP2,ENSG00000164308,64167
ERBB2,ENSG00000141736,2064
ERBB3,ENSG00000065361,2065
ERBB4,ENSG00000178568,2066
ERBIN,ENSG00000112851,55914
ERC1,ENSG00000082805,23085
ERC2,ENSG00000187672,26059
ERCC1,ENSG00000012061,2067
ERCC2,ENSG00000104884,2068
ERCC3,ENSG00000163161,2071
ERCC4,ENSG00000175595,2072
ERCC5,ENSG00000134899,2073
ERCC6,ENSG00000225830,2074
ERCC6L,ENSG00000186871,54821
ERCC6L2,ENSG00000182150,375748
ERCC6L2-AS1,ENSG00000175611,100128782
ERCC8,ENSG00000049167,1161
EREG,ENSG00000124882,2069
ERF,ENSG00000105722,2077
ERFE,ENSG00000178752,151176
ERFL,ENSG00000268041,390937
ERG,ENSG00000157554,2078
ERG28,ENSG00000133935,11161
ERGIC1,ENSG00000113719,57222
ERGIC2,ENSG00000087502,51290
ERGIC3,ENSG00000125991,51614
ERH,ENSG00000100632,2079
ERI1,ENSG00000104626,90459
ERI2,ENSG00000196678,112479
ERI3,ENSG00000117419,79033
ERI3-IT1,ENSG00000233602,100874278
ERICH1,ENSG00000104714,157697
ERICH2,ENSG00000204334,285141
ERICH2-DT,ENSG00000234350,101926913
ERICH3,ENSG00000178965,127254
ERICH5,ENSG00000177459,203111
ERICH6,ENSG00000163645,131831
ERICH6-AS1,ENSG00000240137,101928085
ERICH6B,ENSG00000165837,220081
ERLEC1,ENSG00000068912,27248
ERLIN1,ENSG00000107566,10613
ERLIN2,ENSG00000147475,11160
ERLNC1,ENSG00000230550,101929441
ERMAP,ENSG00000164010,114625
ERMARD,ENSG00000130023,55780
ERMN,ENSG00000136541,57471
ERMP1,ENSG00000099219,79956
ERN1,ENSG00000178607,2081
ERN2,ENSG00000134398,10595
ERO1A,ENSG00000197930,30001
ERO1B,ENSG00000086619,56605
ERP27,ENSG00000139055,121506
ERP29,ENSG00000089248,10961
ERP44,ENSG00000023318,23071
ERRFI1,ENSG00000116285,54206
ERV3-1,ENSG00000213462,2086
ERV3-1-ZNF117,ENSG00000152926,109504726
ERVFRD-1,ENSG00000244476,405754
ERVH48-1,ENSG00000233056,90625
ERVK3-1,ENSG00000142396,105372481
ERVMER34-1,ENSG00000226887,100288413
ERVV-1,ENSG00000269526,147664
ERVV-2,ENSG00000268964,100271846
ERVW-1,ENSG00000242950,30816
ESAM,ENSG00000149564,90952
ESAM-AS1,ENSG00000250073,101929340
ESCO1,ENSG00000141446,114799
ESCO2,ENSG00000171320,157570
ESD,ENSG00000139684,2098
ESF1,ENSG00000089048,51575
ESM1,ENSG00000164283,11082
ESPL1,ENSG00000135476,9700
ESPN,ENSG00000187017,83715
ESPNL,ENSG00000144488,339768
ESR1,ENSG00000091831,2099
ESR2,ENSG00000140009,2100
ESRP1,ENSG00000104413,54845
ESRP2,ENSG00000103067,80004
ESRRA,ENSG00000173153,2101
ESRRB,ENSG00000119715,2103
ESRRG,ENSG00000196482,2104
ESS2,ENSG00000100056,8220
ESYT1,ENSG00000139641,23344
ESYT2,ENSG00000117868,57488
ESYT3,ENSG00000158220,83850
ETAA1,ENSG00000143971,54465
ETF1,ENSG00000120705,2107
ETFA,ENSG00000140374,2108
ETFB,ENSG00000105379,2109
ETFBKMT,ENSG00000139160,254013
ETFDH,ENSG00000171503,2110
ETFRF1,ENSG00000205707,144363
ETHE1,ENSG00000105755,23474
ETNK1,ENSG00000139163,55500
ETNK2,ENSG00000143845,55224
ETNPPL,ENSG00000164089,64850
ETS1,ENSG00000134954,2113
ETS2,ENSG00000157557,2114
ETV1,ENSG00000006468,2115
ETV2,ENSG00000105672,2116
ETV3,ENSG00000117036,2117
ETV3L,ENSG00000253831,440695
ETV4,ENSG00000175832,2118
ETV5,ENSG00000244405,2119
ETV6,ENSG00000139083,2120
ETV7,ENSG00000010030,51513
EVA1A,ENSG00000115363,84141
EVA1C,ENSG00000166979,59271
EVA1CP5,ENSG00000244699,122149298
EVC,ENSG00000072840,2121
EVC2,ENSG00000173040,132884
EVI2A,ENSG00000126860,2123
EVI2B,ENSG00000185862,2124
EVI5,ENSG00000067208,7813
EVI5L,ENSG00000142459,115704
EVL,ENSG00000196405,51466
EVPL,ENSG00000167880,2125
EVX1,ENSG00000106038,2128
EWSAT1,ENSG00000212766,283673
EWSR1,ENSG00000182944,2130
EXD1,ENSG00000178997,161829
EXD2,ENSG00000081177,55218
EXD3,ENSG00000187609,54932
EXO1,ENSG00000174371,9156
EXO5,ENSG00000164002,64789
EXOC1,ENSG00000090989,55763
EXOC2,ENSG00000112685,55770
EXOC3,ENSG00000180104,11336
EXOC3L1,ENSG00000179044,283849
EXOC3L2,ENSG00000283632,90332
EXOC3L4,ENSG00000205436,91828
EXOC4,ENSG00000131558,60412
EXOC5,ENSG00000070367,10640
EXOC6,ENSG00000138190,54536
EXOC6B,ENSG00000144036,23233
EXOC7,ENSG00000182473,23265
EXOC8,ENSG00000116903,149371
EXOG,ENSG00000157036,9941
EXOSC1,ENSG00000171311,51013
EXOSC10,ENSG00000171824,5394
EXOSC10-AS1,ENSG00000230337,105376736
EXOSC2,ENSG00000130713,23404
EXOSC3,ENSG00000107371,51010
EXOSC4,ENSG00000178896,54512
EXOSC5,ENSG00000077348,56915
EXOSC6,ENSG00000223496,118460
EXOSC7,ENSG00000075914,23016
EXOSC8,ENSG00000120699,11340
EXOSC9,ENSG00000123737,5393
EXPH5,ENSG00000110723,23086
EXT1,ENSG00000182197,2131
EXT2,ENSG00000151348,2132
EXTL1,ENSG00000158008,2134
EXTL2,ENSG00000162694,2135
EXTL3,ENSG00000012232,2137
EXTL3-AS1,ENSG00000246339,101929402
EYA1,ENSG00000104313,2138
EYA2,ENSG00000064655,2139
EYA3,ENSG00000158161,2140
EYA4,ENSG00000112319,2070
EYS,ENSG00000188107,346007
EZH1,ENSG00000108799,2145
EZH2,ENSG00000106462,2146
EZR,ENSG00000092820,7430
F10,ENSG00000126218,2159
F11R,ENSG00000158769,50848
F12,ENSG00000131187,2161
F13A1,ENSG00000124491,2162
F2R,ENSG00000181104,2149
F2RL1,ENSG00000164251,2150
F2RL2,ENSG00000164220,2151
F2RL3,ENSG00000127533,9002
F3,ENSG00000117525,2152
F5,ENSG00000198734,2153
F7,ENSG00000057593,2155
F8,ENSG00000185010,2157
FA2H,ENSG00000103089,79152
FAAH,ENSG00000117480,2166
FAAH2,ENSG00000165591,158584
FAAP100,ENSG00000185504,80233
FAAP20,ENSG00000162585,199990
FAAP24,ENSG00000131944,91442
FABP3,ENSG00000121769,2170
FABP4,ENSG00000170323,2167
FABP5,ENSG00000164687,2171
FABP6,ENSG00000170231,2172
FABP7,ENSG00000164434,2173
FADD,ENSG00000168040,8772
FADS1,ENSG00000149485,3992
FADS2,ENSG00000134824,9415
FADS3,ENSG00000221968,3995
FADS6,ENSG00000172782,283985
FAF1,ENSG00000185104,11124
FAF2,ENSG00000113194,23197
FAH,ENSG00000103876,2184
FAHD1,ENSG00000180185,81889
FAHD2A,ENSG00000115042,51011
FAHD2B,ENSG00000144199,151313
FAIM,ENSG00000158234,55179
FAIM2,ENSG00000135472,23017
FAM106A,ENSG00000273018,80039
FAM106C,ENSG00000288235,100129396
FAM107A,ENSG00000168309,11170
FAM107B,ENSG00000065809,83641
FAM110A,ENSG00000125898,83541
FAM110B,ENSG00000169122,90362
FAM110C,ENSG00000184731,642273
FAM110D,ENSG00000197245,79927
FAM111A,ENSG00000166801,63901
FAM111A-DT,ENSG00000245571,101927204
FAM111B,ENSG00000189057,374393
FAM114A1,ENSG00000197712,92689
FAM114A2,ENSG00000055147,10827
FAM117A,ENSG00000121104,81558
FAM117B,ENSG00000138439,150864
FAM118A,ENSG00000100376,55007
FAM118B,ENSG00000197798,79607
FAM120A,ENSG00000048828,23196
FAM120AOS,ENSG00000188938,158293
FAM120B,ENSG00000112584,84498
FAM120C,ENSG00000184083,54954
FAM124A,ENSG00000150510,220108
FAM124B,ENSG00000124019,79843
FAM131A,ENSG00000175182,131408
FAM131B,ENSG00000159784,9715
FAM131C,ENSG00000185519,348487
FAM133A,ENSG00000179083,286499
FAM133B,ENSG00000234545,257415
FAM135A,ENSG00000082269,57579
FAM135B,ENSG00000147724,51059
FAM136A,ENSG00000035141,84908
FAM13A,ENSG00000138640,10144
FAM13A-AS1,ENSG00000248019,285512
FAM13B,ENSG00000031003,51306
FAM13C,ENSG00000148541,220965
FAM149A,ENSG00000109794,25854
FAM149B1,ENSG00000138286,317662
FAM151A,ENSG00000162391,338094
FAM151B,ENSG00000152380,167555
FAM153A,ENSG00000170074,285596
FAM153CP,ENSG00000204677,653316
FAM156A,ENSG00000268350,29057
FAM156B,ENSG00000268350,727866
FAM161A,ENSG00000170264,84140
FAM161B,ENSG00000156050,145483
FAM162A,ENSG00000114023,26355
FAM162B,ENSG00000183807,221303
FAM163A,ENSG00000143340,148753
FAM167A,ENSG00000154319,83648
FAM167B,ENSG00000183615,84734
FAM168A,ENSG00000054965,23201
FAM168B,ENSG00000152102,130074
FAM169A,ENSG00000198780,26049
FAM171A1,ENSG00000148468,221061
FAM171A2,ENSG00000161682,284069
FAM171B,ENSG00000144369,165215
FAM174A,ENSG00000174132,345757
FAM174A-DT,ENSG00000247877,121232371
FAM174B,ENSG00000185442,400451
FAM174C,ENSG00000228300,55009
FAM177A1,ENSG00000151327,283635
FAM177B,ENSG00000197520,400823
FAM178B,ENSG00000168754,51252
FAM180A,ENSG00000189320,389558
FAM180B,ENSG00000196666,399888
FAM181B,ENSG00000182103,220382
FAM182A,ENSG00000125804,284800
FAM184A,ENSG00000111879,79632
FAM184B,ENSG00000047662,27146
FAM185A,ENSG00000222011,222234
FAM186A,ENSG00000185958,121006
FAM186B,ENSG00000135436,84070
FAM187B2P,ENSG00000262497,100421621
FAM193A,ENSG00000125386,8603
FAM193B,ENSG00000146067,54540
FAM199X,ENSG00000123575,139231
FAM200A,ENSG00000221909,221786
FAM200B,ENSG00000237765,285550
FAM200C,ENSG00000221886,63920
FAM204A,ENSG00000165669,63877
FAM209B,ENSG00000213714,388799
FAM20A,ENSG00000108950,54757
FAM20B,ENSG00000116199,9917
FAM20C,ENSG00000177706,56975
FAM210A,ENSG00000177150,125228
FAM210B,ENSG00000124098,116151
FAM216A,ENSG00000204856,29902
FAM216B,ENSG00000179813,144809
FAM217A,ENSG00000145975,222826
FAM217B,ENSG00000196227,63939
FAM218A,ENSG00000250486,152756
FAM219A,ENSG00000164970,203259
FAM219B,ENSG00000178761,57184
FAM21FP,ENSG00000237840,100288690
FAM220A,ENSG00000178397,84792
FAM220CP,ENSG00000213612,124902222
FAM221A,ENSG00000188732,340277
FAM221B,ENSG00000204930,392307
FAM222A,ENSG00000139438,84915
FAM222A-AS1,ENSG00000255650,84983
FAM222B,ENSG00000173065,55731
FAM225A,ENSG00000231528,286333
FAM225B,ENSG00000225684,100128385
FAM227A,ENSG00000184949,646851
FAM227B,ENSG00000166262,196951
FAM228A,ENSG00000186453,653140
FAM228B,ENSG00000219626,375190
FAM229A,ENSG00000225828,100128071
FAM229B,ENSG00000203778,619208
FAM230I,ENSG00000178248,388882
FAM234A,ENSG00000167930,83986
FAM234B,ENSG00000084444,57613
FAM237B,ENSG00000283267,107986818
FAM239C,ENSG00000285756,107987330
FAM240C,ENSG00000216921,285095
FAM241A,ENSG00000174749,132720
FAM241B,ENSG00000171224,219738
FAM24B,ENSG00000213185,196792
FAM27C,ENSG00000231527,100132948
FAM27E3,ENSG00000274026,100131997
FAM30A,ENSG00000226777,9834
FAM32A,ENSG00000105058,26017
FAM3A,ENSG00000071889,60343
FAM3B,ENSG00000183844,54097
FAM3C,ENSG00000196937,10447
FAM3D,ENSG00000198643,131177
FAM3D-AS1,ENSG00000244383,105377108
FAM43A,ENSG00000185112,131583
FAM43B,ENSG00000183114,163933
FAM47E,ENSG00000189157,100129583
FAM50A,ENSG00000071859,9130
FAM50B,ENSG00000145945,26240
FAM53A,ENSG00000174137,152877
FAM53B,ENSG00000189319,9679
FAM53C,ENSG00000120709,51307
FAM66B,ENSG00000215374,100128890
FAM66C,ENSG00000226711,440078
FAM66E,ENSG00000215374,100132103
FAM72A,ENSG00000196550,729533
FAM72B,ENSG00000188610,653820
FAM72C,ENSG00000263513,554282
FAM72D,ENSG00000215784,728833
FAM76A,ENSG00000009780,199870
FAM76B,ENSG00000077458,143684
FAM78A,ENSG00000126882,286336
FAM78B,ENSG00000188859,149297
FAM81A,ENSG00000157470,145773
FAM81B,ENSG00000153347,153643
FAM83A,ENSG00000147689,84985
FAM83A-AS1,ENSG00000204949,100131726
FAM83B,ENSG00000168143,222584
FAM83D,ENSG00000101447,81610
FAM83E,ENSG00000105523,54854
FAM83F,ENSG00000133477,113828
FAM83G,ENSG00000188522,644815
FAM83H,ENSG00000180921,286077
FAM86B1,ENSG00000186523,85002
FAM86B2,ENSG00000145002,653333
FAM86B3P,ENSG00000173295,286042
FAM86C1P,ENSG00000158483,55199
FAM86DP,ENSG00000244026,692099
FAM86GP,ENSG00000166492,387745
FAM86KP,ENSG00000163612,100287013
FAM86MP,ENSG00000186234,644517
FAM87A,ENSG00000182366,157693
FAM87B,ENSG00000177757,400728
FAM88B,ENSG00000170161,728673
FAM89A,ENSG00000182118,375061
FAM89B,ENSG00000176973,23625
FAM8A1,ENSG00000137414,51439
FAM90A1,ENSG00000171847,55138
FAM91A1,ENSG00000176853,157769
FAM95C,ENSG00000180071,100289137
FAM98A,ENSG00000119812,25940
FAM98B,ENSG00000171262,283742
FAM98C,ENSG00000130244,147965
FAN1,ENSG00000198690,22909
FANCA,ENSG00000187741,2175
FANCB,ENSG00000181544,2187
FANCC,ENSG00000158169,2176
FANCD2,ENSG00000144554,2177
FANCE,ENSG00000112039,2178
FANCF,ENSG00000183161,2188
FANCG,ENSG00000221829,2189
FANCI,ENSG00000140525,55215
FANCL,ENSG00000115392,55120
FANCM,ENSG00000187790,57697
FANK1,ENSG00000203780,92565
FAP,ENSG00000078098,2191
FAR1,ENSG00000197601,84188
FAR2,ENSG00000064763,55711
FAR2P1,ENSG00000286058,440905
FAR2P3,ENSG00000240253,100288897
FAR2P4,ENSG00000231431,100420005
FARP1,ENSG00000152767,10160
FARP2,ENSG00000006607,9855
FARS2,ENSG00000145982,10667
FARS2-AS1,ENSG00000269985,101927972
FARSA,ENSG00000179115,2193
FARSB,ENSG00000116120,10056
FAS,ENSG00000026103,355
FASLG,ENSG00000117560,356
FASN,ENSG00000169710,2194
FASTK,ENSG00000164896,10922
FASTKD1,ENSG00000138399,79675
FASTKD2,ENSG00000118246,22868
FASTKD3,ENSG00000124279,79072
FASTKD5,ENSG00000215251,60493
FAT1,ENSG00000083857,2195
FAT2,ENSG00000086570,2196
FAT3,ENSG00000165323,120114
FAT4,ENSG00000196159,79633
FATE1,ENSG00000147378,89885
FAU,ENSG00000149806,2197
FAXC,ENSG00000146267,84553
FAXDC2,ENSG00000170271,10826
FBF1,ENSG00000188878,85302
FBH1,ENSG00000134452,84893
FBL,ENSG00000105202,2091
FBLIM1,ENSG00000162458,54751
FBLL1,ENSG00000188573,345630
FBLN1,ENSG00000077942,2192
FBLN2,ENSG00000163520,2199
FBLN5,ENSG00000140092,10516
FBLN7,ENSG00000144152,129804
FBN1,ENSG00000166147,2200
FBN1-DT,ENSG00000259705,105370809
FBN2,ENSG00000138829,2201
FBN3,ENSG00000142449,84467
FBP1,ENSG00000165140,2203
FBP2,ENSG00000130957,8789
FBRS,ENSG00000156860,64319
FBRSL1,ENSG00000112787,57666
FBXL12,ENSG00000127452,54850
FBXL13,ENSG00000161040,222235
FBXL14,ENSG00000171823,144699
FBXL15,ENSG00000107872,79176
FBXL16,ENSG00000127585,146330
FBXL17,ENSG00000145743,64839
FBXL18,ENSG00000155034,80028
FBXL19,ENSG00000099364,54620
FBXL19-AS1,ENSG00000260852,283932
FBXL2,ENSG00000153558,25827
FBXL20,ENSG00000108306,84961
FBXL22,ENSG00000197361,283807
FBXL3,ENSG00000005812,26224
FBXL4,ENSG00000112234,26235
FBXL5,ENSG00000118564,26234
FBXL6,ENSG00000182325,26233
FBXL7,ENSG00000183580,23194
FBXL8,ENSG00000135722,55336
FBXO10,ENSG00000147912,26267
FBXO11,ENSG00000138081,80204
FBXO15,ENSG00000141665,201456
FBXO16,ENSG00000214050,157574
FBXO17,ENSG00000269190,115290
FBXO2,ENSG00000116661,26232
FBXO21,ENSG00000135108,23014
FBXO22,ENSG00000167196,26263
FBXO24,ENSG00000106336,26261
FBXO25,ENSG00000147364,26260
FBXO27,ENSG00000161243,126433
FBXO28,ENSG00000143756,23219
FBXO3,ENSG00000110429,26273
FBXO30,ENSG00000118496,84085
FBXO31,ENSG00000103264,79791
FBXO32,ENSG00000156804,114907
FBXO33,ENSG00000165355,254170
FBXO34,ENSG00000178974,55030
FBXO36,ENSG00000153832,130888
FBXO38,ENSG00000145868,81545
FBXO38-DT,ENSG00000247199,102546294
FBXO39,ENSG00000177294,162517
FBXO4,ENSG00000151876,26272
FBXO41,ENSG00000163013,150726
FBXO42,ENSG00000037637,54455
FBXO43,ENSG00000156509,286151
FBXO44,ENSG00000132879,93611
FBXO45,ENSG00000174013,200933
FBXO46,ENSG00000177051,23403
FBXO48,ENSG00000204923,554251
FBXO5,ENSG00000112029,26271
FBXO6,ENSG00000116663,26270
FBXO7,ENSG00000100225,25793
FBXO8,ENSG00000164117,26269
FBXO9,ENSG00000112146,26268
FBXW10,ENSG00000171931,10517
FBXW10B,ENSG00000241322,374286
FBXW11,ENSG00000072803,23291
FBXW11P1,ENSG00000230870,54099
FBXW12,ENSG00000164049,285231
FBXW2,ENSG00000119402,26190
FBXW4,ENSG00000107829,6468
FBXW4P1,ENSG00000230701,26226
FBXW5,ENSG00000159069,54461
FBXW7,ENSG00000109670,55294
FBXW8,ENSG00000174989,26259
FBXW9,ENSG00000132004,84261
FCAMR,ENSG00000162897,83953
FCAR,ENSG00000186431,2204
FCER1A,ENSG00000179639,2205
FCER1G,ENSG00000158869,2207
FCER2,ENSG00000104921,2208
FCF1,ENSG00000119616,51077
FCGBP,ENSG00000275395,8857
FCGR1A,ENSG00000150337,2209
FCGR1CP,ENSG00000265531,100132417
FCGR2A,ENSG00000143226,2212
FCGR2B,ENSG00000072694,2213
FCGR3A,ENSG00000203747,2214
FCGR3B,ENSG00000162747,2215
FCGRT,ENSG00000104870,2217
FCHO1,ENSG00000130475,23149
FCHO2,ENSG00000157107,115548
FCHSD1,ENSG00000197948,89848
FCHSD2,ENSG00000137478,9873
FCMR,ENSG00000162894,9214
FCN1,ENSG00000085265,2219
FCN2,ENSG00000160339,2220
FCN3,ENSG00000142748,8547
FCRL1,ENSG00000163534,115350
FCRL2,ENSG00000132704,79368
FCRL3,ENSG00000160856,115352
FCRL4,ENSG00000163518,83417
FCRL5,ENSG00000143297,83416
FCRL6,ENSG00000181036,343413
FCRLA,ENSG00000132185,84824
FCRLB,ENSG00000162746,127943
FCSK,ENSG00000157353,197258
FDCSP,ENSG00000181617,260436
FDFT1,ENSG00000079459,2222
FDPS,ENSG00000160752,2224
FDX1,ENSG00000137714,2230
FDXACB1,ENSG00000255561,91893
FDXR,ENSG00000161513,2232
FECH,ENSG00000066926,2235
FEM1A,ENSG00000141965,55527
FEM1AP2,ENSG00000265296,390834
FEM1B,ENSG00000169018,10116
FEM1C,ENSG00000145780,56929
FEN1,ENSG00000168496,2237
FENDRR,ENSG00000268388,400550
FER,ENSG00000151422,2241
FER1L4,ENSG00000088340,80307
FER1L5,ENSG00000249715,90342
FER1L6,ENSG00000214814,654463
FERMT1,ENSG00000101311,55612
FERMT2,ENSG00000073712,10979
FERMT3,ENSG00000149781,83706
FERRY3,ENSG00000047621,57102
FES,ENSG00000182511,2242
FEZ1,ENSG00000149557,9638
FEZ2,ENSG00000171055,9637
FEZF1-AS1,ENSG00000230316,154860
FFAR2,ENSG00000126262,2867
FFAR4,ENSG00000186188,338557
FGA,ENSG00000171560,2243
FGB,ENSG00000171564,2244
FGD1,ENSG00000102302,2245
FGD2,ENSG00000146192,221472
FGD3,ENSG00000127084,89846
FGD4,ENSG00000139132,121512
FGD5,ENSG00000154783,152273
FGD5-AS1,ENSG00000225733,100505641
FGD6,ENSG00000180263,55785
FGF1,ENSG00000113578,2246
FGF10,ENSG00000070193,2255
FGF10-AS1,ENSG00000248464,101927075
FGF11,ENSG00000161958,2256
FGF12,ENSG00000114279,2257
FGF13,ENSG00000129682,2258
FGF13-AS1,ENSG00000226031,100129662
FGF14,ENSG00000102466,2259
FGF14-AS2,ENSG00000272143,283481
FGF16,ENSG00000196468,8823
FGF17,ENSG00000158815,8822
FGF18,ENSG00000156427,8817
FGF19,ENSG00000162344,9965
FGF2,ENSG00000138685,2247
FGF20,ENSG00000078579,26281
FGF22,ENSG00000070388,27006
FGF5,ENSG00000138675,2250
FGF7,ENSG00000140285,2252
FGF9,ENSG00000102678,2254
FGFBP1,ENSG00000137440,9982
FGFBP2,ENSG00000137441,83888
FGFBP3,ENSG00000174721,143282
FGFR1,ENSG00000077782,2260
FGFR1OP2,ENSG00000111790,26127
FGFR2,ENSG00000066468,2263
FGFR3,ENSG00000068078,2261
FGFR3P4,ENSG00000277241,100420833
FGFR4,ENSG00000160867,2264
FGFRL1,ENSG00000127418,53834
FGG,ENSG00000171557,2266
FGGY,ENSG00000172456,55277
FGL1,ENSG00000104760,2267
FGL2,ENSG00000127951,10875
FGR,ENSG00000000938,2268
FH,ENSG00000091483,2271
FHAD1,ENSG00000142621,114827
FHDC1,ENSG00000137460,85462
FHIP1A,ENSG00000164142,729830
FHIP1B,ENSG00000051009,84067
FHIP2A,ENSG00000151553,57700
FHIP2B,ENSG00000158863,64760
FHIT,ENSG00000189283,2272
FHL1,ENSG00000022267,2273
FHL2,ENSG00000115641,2274
FHL3,ENSG00000183386,2275
FHL5,ENSG00000112214,9457
FHOD1,ENSG00000135723,29109
FHOD3,ENSG00000134775,80206
FIBCD1,ENSG00000130720,84929
FIBIN,ENSG00000176971,387758
FIBP,ENSG00000172500,9158
FICD,ENSG00000198855,11153
FIG4,ENSG00000112367,9896
FIGN,ENSG00000182263,55137
FIGNL1,ENSG00000132436,63979
FIGNL2,ENSG00000261308,401720
FILIP1,ENSG00000118407,27145
FILIP1L,ENSG00000168386,11259
FIP1L1,ENSG00000145216,81608
FIRRE,ENSG00000213468,286467
FIRRM,ENSG00000000460,55732
FIS1,ENSG00000214253,51024
FITM1,ENSG00000139914,161247
FITM2,ENSG00000197296,128486
FIZ1,ENSG00000179943,84922
FJX1,ENSG00000179431,24147
FKBP10,ENSG00000141756,60681
FKBP11,ENSG00000134285,51303
FKBP14,ENSG00000106080,55033
FKBP15,ENSG00000119321,23307
FKBP1A,ENSG00000088832,2280
FKBP1B,ENSG00000119782,2281
FKBP1C,ENSG00000198225,642489
FKBP2,ENSG00000173486,2286
FKBP3,ENSG00000100442,2287
FKBP4,ENSG00000004478,2288
FKBP5,ENSG00000096060,2289
FKBP7,ENSG00000079150,51661
FKBP8,ENSG00000105701,23770
FKBP9,ENSG00000122642,11328
FKBPL,ENSG00000204315,63943
FKRP,ENSG00000181027,79147
FKTN,ENSG00000106692,2218
FLACC1,ENSG00000155749,130540
FLAD1,ENSG00000160688,80308
FLCN,ENSG00000154803,201163
FLG,ENSG00000143631,2312
FLI1,ENSG00000151702,2313
FLII,ENSG00000177731,2314
FLJ12825,ENSG00000248265,440101
FLJ16779,ENSG00000275620,100192386
FLJ20021,ENSG00000254531,90024
FLJ32255,ENSG00000287263,643977
FLJ33534,ENSG00000145063,285150
FLJ38576,ENSG00000279943,651430
FLJ40194,ENSG00000177369,124871
FLJ42393,ENSG00000279891,401105
FLJ46284,ENSG00000248858,441369
FLNA,ENSG00000196924,2316
FLNB,ENSG00000136068,2317
FLNB-AS1,ENSG00000244161,105377105
FLNC,ENSG00000128591,2318
FLOT1,ENSG00000137312,10211
FLOT2,ENSG00000132589,2319
FLRT1,ENSG00000126500,23769
FLRT2,ENSG00000185070,23768
FLRT2-AS1,ENSG00000205562,100506731
FLRT3,ENSG00000125848,23767
FLT1,ENSG00000102755,2321
FLT3,ENSG00000122025,2322
FLT3LG,ENSG00000090554,2323
FLT4,ENSG00000037280,2324
FLVCR1,ENSG00000162769,28982
FLVCR1-DT,ENSG00000198468,642946
FLVCR2,ENSG00000119686,55640
FLYWCH1,ENSG00000059122,84256
FLYWCH2,ENSG00000162076,114984
FMC1,ENSG00000164898,154791
FMN1,ENSG00000248905,342184
FMN2,ENSG00000155816,56776
FMNL1,ENSG00000184922,752
FMNL1-AS1,ENSG00000233175,107985040
FMNL1-DT,ENSG00000267121,339192
FMNL2,ENSG00000157827,114793
FMNL3,ENSG00000161791,91010
FMO1,ENSG00000010932,2326
FMO2,ENSG00000094963,2327
FMO3,ENSG00000007933,2328
FMO4,ENSG00000076258,2329
FMO5,ENSG00000131781,2330
FMOD,ENSG00000122176,2331
FMR1,ENSG00000102081,2332
FMR1-AS1,ENSG00000268066,100126270
FN1,ENSG00000115414,2335
FN3K,ENSG00000167363,64122
FN3KRP,ENSG00000141560,79672
FNBP1,ENSG00000187239,23048
FNBP1L,ENSG00000137942,54874
FNBP4,ENSG00000109920,23360
FNDC1,ENSG00000164694,84624
FNDC1-IT1,ENSG00000235086,100874312
FNDC10,ENSG00000228594,643988
FNDC11,ENSG00000125531,79025
FNDC3A,ENSG00000102531,22862
FNDC3B,ENSG00000075420,64778
FNDC4,ENSG00000115226,64838
FNDC5,ENSG00000160097,252995
FNIP1,ENSG00000217128,96459
FNIP2,ENSG00000052795,57600
FNTA,ENSG00000168522,2339
FNTB,ENSG00000257365,2342
FOCAD,ENSG00000188352,54914
FOLH1,ENSG00000086205,2346
FOLR1,ENSG00000110195,2348
FOLR2,ENSG00000165457,2350
FOS,ENSG00000170345,2353
FOSB,ENSG00000125740,2354
FOSL1,ENSG00000175592,8061
FOSL2,ENSG00000075426,2355
FOSL2-AS1,ENSG00000229951,403150
FOXA1,ENSG00000129514,3169
FOXA3,ENSG00000170608,3171
FOXC1,ENSG00000054598,2296
FOXC2,ENSG00000176692,2303
FOXD1,ENSG00000251493,2297
FOXD2,ENSG00000186564,2306
FOXD2-AS1,ENSG00000237424,84793
FOXD3,ENSG00000187140,27022
FOXD3-AS1,ENSG00000230798,100996301
FOXD4,ENSG00000170122,2298
FOXD4L1,ENSG00000184492,200350
FOXF1,ENSG00000103241,2294
FOXF2,ENSG00000137273,2295
FOXH1,ENSG00000160973,8928
FOXI1,ENSG00000168269,2299
FOXI2,ENSG00000186766,399823
FOXI3,ENSG00000214336,344167
FOXJ1,ENSG00000129654,2302
FOXJ2,ENSG00000065970,55810
FOXJ3,ENSG00000198815,22887
FOXK1,ENSG00000164916,221937
FOXK2,ENSG00000141568,3607
FOXL1,ENSG00000176678,2300
FOXL2,ENSG00000183770,668
FOXL2NB,ENSG00000206262,401089
FOXM1,ENSG00000111206,2305
FOXN1,ENSG00000109101,8456
FOXN2,ENSG00000170802,3344
FOXN3,ENSG00000053254,1112
FOXN3-AS1,ENSG00000258920,400236
FOXN4,ENSG00000139445,121643
FOXO1,ENSG00000150907,2308
FOXO3,ENSG00000118689,2309
FOXO3B,ENSG00000240445,2310
FOXO4,ENSG00000184481,4303
FOXO6,ENSG00000204060,100132074
FOXO6-AS1,ENSG00000229901,101929901
FOXP1,ENSG00000114861,27086
FOXP1-DT,ENSG00000270562,126568846
FOXP2,ENSG00000128573,93986
FOXP3,ENSG00000049768,50943
FOXP4,ENSG00000137166,116113
FOXP4-AS1,ENSG00000234753,101060264
FOXQ1,ENSG00000164379,94234
FOXRED1,ENSG00000110074,55572
FOXRED2,ENSG00000100350,80020
FOXS1,ENSG00000179772,2307
FPGS,ENSG00000136877,2356
FPGT,ENSG00000254685,8790
FPGT-TNNI3K,ENSG00000259030,100526835
FPR1,ENSG00000171051,2357
FPR2,ENSG00000171049,2358
FPR3,ENSG00000187474,2359
FRA10AC1,ENSG00000148690,118924
FRAS1,ENSG00000138759,80144
FRAT1,ENSG00000165879,10023
FRAT2,ENSG00000181274,23401
FREM1,ENSG00000164946,158326
FREM2,ENSG00000150893,341640
FREY1,ENSG00000234776,143678
FRG1,ENSG00000109536,2483
FRG1-DT,ENSG00000245685,728339
FRG1CP,ENSG00000282826,100289097
FRK,ENSG00000111816,2444
FRMD1,ENSG00000153303,79981
FRMD3,ENSG00000172159,257019
FRMD4A,ENSG00000151474,55691
FRMD4B,ENSG00000114541,23150
FRMD5,ENSG00000171877,84978
FRMD6,ENSG00000139926,122786
FRMD7,ENSG00000165694,90167
FRMD8,ENSG00000126391,83786
FRMPD1,ENSG00000070601,22844
FRMPD2,ENSG00000170324,143162
FRMPD3,ENSG00000147234,84443
FRMPD4,ENSG00000169933,9758
FRRS1,ENSG00000156869,391059
FRRS1L,ENSG00000260230,23732
FRS2,ENSG00000166225,10818
FRS3,ENSG00000137218,10817
FRY,ENSG00000073910,10129
FRYL,ENSG00000075539,285527
FRZB,ENSG00000162998,2487
FSBP,ENSG00000265817,100861412
FSCN1,ENSG00000075618,6624
FSCN2,ENSG00000186765,25794
FSD1,ENSG00000105255,79187
FSD1L,ENSG00000106701,83856
FSD2,ENSG00000186628,123722
FSIP1,ENSG00000150667,161835
FSIP2,ENSG00000188738,401024
FSIP2-AS1,ENSG00000231646,107985781
FSIP2-AS2,ENSG00000231646,101927196
FST,ENSG00000134363,10468
FSTL1,ENSG00000163430,11167
FSTL3,ENSG00000070404,10272
FSTL4,ENSG00000053108,23105
FTCD,ENSG00000160282,10841
FTCDNL1,ENSG00000226124,348751
FTH1,ENSG00000167996,2495
FTH1P2,ENSG00000234975,2497
FTH1P22,ENSG00000225079,100462772
FTL,ENSG00000087086,2512
FTO,ENSG00000140718,79068
FTSJ1,ENSG00000068438,24140
FTSJ3,ENSG00000108592,117246
FTX,ENSG00000230590,100302692
FUBP1,ENSG00000162613,8880
FUBP3,ENSG00000107164,8939
FUCA1,ENSG00000179163,2517
FUCA2,ENSG00000001036,2519
FUNDC1,ENSG00000069509,139341
FUNDC2,ENSG00000165775,65991
FUOM,ENSG00000148803,282969
FURIN,ENSG00000140564,5045
FUS,ENSG00000089280,2521
FUT1,ENSG00000174951,2523
FUT10,ENSG00000172728,84750
FUT11,ENSG00000196968,170384
FUT2,ENSG00000176920,2524
FUT3,ENSG00000171124,2525
FUT4,ENSG00000196371,2526
FUT6,ENSG00000156413,2528
FUT7,ENSG00000180549,2529
FUT8,ENSG00000033170,2530
FUT9,ENSG00000172461,10690
FUZ,ENSG00000010361,80199
FXN,ENSG00000165060,2395
FXR1,ENSG00000114416,8087
FXR2,ENSG00000129245,9513
FXYD2,ENSG00000137731,486
FXYD3,ENSG00000089356,5349
FXYD5,ENSG00000089327,53827
FXYD6,ENSG00000137726,53826
FXYD7,ENSG00000221946,53822
FYB1,ENSG00000082074,2533
FYB2,ENSG00000187889,199920
FYCO1,ENSG00000163820,79443
FYN,ENSG00000010810,2534
FYTTD1,ENSG00000122068,84248
FZD1,ENSG00000157240,8321
FZD10,ENSG00000111432,11211
FZD10-AS1,ENSG00000250208,440119
FZD2,ENSG00000180340,2535
FZD3,ENSG00000104290,7976
FZD4,ENSG00000174804,8322
FZD4-DT,ENSG00000246523,100506368
FZD5,ENSG00000163251,7855
FZD6,ENSG00000164930,8323
FZD7,ENSG00000155760,8324
FZD8,ENSG00000177283,8325
FZD9,ENSG00000188763,8326
FZR1,ENSG00000105325,51343
G0S2,ENSG00000123689,50486
G2E3,ENSG00000092140,55632
G3BP1,ENSG00000145907,10146
G3BP1P1,ENSG00000235651,100422338
G3BP2,ENSG00000138757,9908
G6PC3,ENSG00000141349,92579
G6PD,ENSG00000160211,2539
GAA,ENSG00000171298,2548
GAB1,ENSG00000109458,2549
GAB2,ENSG00000033327,9846
GAB3,ENSG00000160219,139716
GABARAP,ENSG00000170296,11337
GABARAPL1,ENSG00000139112,23710
GABARAPL2,ENSG00000034713,11345
GABBR1,ENSG00000204681,2550
GABBR2,ENSG00000136928,9568
GABPA,ENSG00000154727,2551
GABPB1,ENSG00000104064,2553
GABPB1-IT1,ENSG00000285410,55056
GABPB2,ENSG00000143458,126626
GABRA2,ENSG00000151834,2555
GABRA3,ENSG00000011677,2556
GABRA5,ENSG00000186297,2558
GABRB2,ENSG00000145864,2561
GABRB3,ENSG00000166206,2562
GABRD,ENSG00000187730,2563
GABRE,ENSG00000102287,2564
GABRG3,ENSG00000182256,2567
GABRP,ENSG00000094755,2568
GABRQ,ENSG00000268089,55879
GABRR1,ENSG00000146276,2569
GABRR2,ENSG00000111886,2570
GACAT2,ENSG00000265962,100287082
GACAT3,ENSG00000236289,104797537
GAD1,ENSG00000128683,2571
GADD45A,ENSG00000116717,1647
GADD45B,ENSG00000099860,4616
GADD45G,ENSG00000130222,10912
GADD45GIP1,ENSG00000179271,90480
GAK,ENSG00000178950,2580
GAL,ENSG00000069482,51083
GAL3ST1,ENSG00000128242,9514
GAL3ST2,ENSG00000154252,64090
GAL3ST4,ENSG00000197093,79690
GALC,ENSG00000054983,2581
GALE,ENSG00000117308,2582
GALK1,ENSG00000108479,2584
GALK2,ENSG00000156958,2585
GALM,ENSG00000143891,130589
GALNS,ENSG00000141012,2588
GALNT1,ENSG00000141429,2589
GALNT10,ENSG00000164574,55568
GALNT11,ENSG00000178234,63917
GALNT12,ENSG00000119514,79695
GALNT13,ENSG00000144278,114805
GALNT14,ENSG00000158089,79623
GALNT15,ENSG00000131386,117248
GALNT16,ENSG00000100626,57452
GALNT17,ENSG00000185274,64409
GALNT18,ENSG00000110328,374378
GALNT2,ENSG00000143641,2590
GALNT3,ENSG00000115339,2591
GALNT4,ENSG00000257594,8693
GALNT5,ENSG00000136542,11227
GALNT6,ENSG00000139629,11226
GALNT7,ENSG00000109586,51809
GALNT7-DT,ENSG00000245213,101930370
GALNT8,ENSG00000130035,26290
GALNT9,ENSG00000182870,50614
GALNTL6,ENSG00000174473,442117
GALR2,ENSG00000182687,8811
GALT,ENSG00000213930,2592
GAMT,ENSG00000130005,2593
GAN,ENSG00000261609,8139
GANAB,ENSG00000089597,23193
GANC,ENSG00000214013,2595
GAP43,ENSG00000172020,2596
GAPDH,ENSG00000111640,2597
GAPDHP52,ENSG00000235076,100421313
GAPLINC,ENSG00000266835,100505592
GAPT,ENSG00000175857,202309
GAPVD1,ENSG00000165219,26130
GAR1,ENSG00000109534,54433
GAR1-DT,ENSG00000272795,124900758
GAREM1,ENSG00000141441,64762
GAREM2,ENSG00000157833,150946
GARIN1A,ENSG00000205085,346653
GARIN1B,ENSG00000135248,84691
GARIN2,ENSG00000172717,161142
GARIN5A,ENSG00000142530,112703
GARNL3,ENSG00000136895,84253
GARRE1,ENSG00000166398,9710
GARS1,ENSG00000106105,2617
GART,ENSG00000159131,2618
GAS1,ENSG00000180447,2619
GAS1RR,ENSG00000226237,100506834
GAS2,ENSG00000148935,2620
GAS2L1,ENSG00000185340,10634
GAS2L2,ENSG00000270765,246176
GAS2L3,ENSG00000139354,283431
GAS5,ENSG00000234741,60674
GAS6,ENSG00000183087,2621
GAS6-DT,ENSG00000272695,100506394
GAS7,ENSG00000007237,8522
GAS8,ENSG00000141013,2622
GAS8-AS1,ENSG00000221819,750
GASK1A,ENSG00000144649,729085
GASK1B,ENSG00000164125,51313
GASK1B-AS1,ENSG00000248429,285505
GATA1,ENSG00000102145,2623
GATA2,ENSG00000179348,2624
GATA3,ENSG00000107485,2625
GATA3-AS1,ENSG00000197308,399717
GATA4,ENSG00000136574,2626
GATA5,ENSG00000130700,140628
GATA6,ENSG00000141448,2627
GATA6-AS1,ENSG00000266010,100128893
GATAD1,ENSG00000157259,57798
GATAD2A,ENSG00000167491,54815
GATAD2B,ENSG00000143614,57459
GATB,ENSG00000059691,5188
GATC,ENSG00000257218,283459
GATD1,ENSG00000177225,347862
GATD1-DT,ENSG00000255284,171391
GATD3,ENSG00000160221,8209
GATM,ENSG00000171766,2628
GBA1,ENSG00000177628,2629
GBA2,ENSG00000070610,57704
GBA3,ENSG00000249948,57733
GBE1,ENSG00000114480,2632
GBF1,ENSG00000107862,8729
GBGT1,ENSG00000148288,26301
GBP1,ENSG00000117228,2633
GBP2,ENSG00000162645,2634
GBP3,ENSG00000117226,2635
GBP4,ENSG00000162654,115361
GBP5,ENSG00000154451,115362
GBP6,ENSG00000183347,163351
GBP7,ENSG00000213512,388646
GBX2,ENSG00000168505,2637
GCA,ENSG00000115271,25801
GCAT,ENSG00000100116,23464
GCATP1,ENSG00000270878,319140
GCAWKR,ENSG00000272808,105369201
GCC1,ENSG00000179562,79571
GCC2,ENSG00000135968,9648
GCC2-AS1,ENSG00000214184,644903
GCDH,ENSG00000105607,2639
GCFC2,ENSG00000005436,6936
GCGR,ENSG00000215644,2642
GCH1,ENSG00000131979,2643
GCHFR,ENSG00000137880,2644
GCK,ENSG00000106633,2645
GCKR,ENSG00000084734,2646
GCLC,ENSG00000001084,2729
GCLM,ENSG00000023909,2730
GCM1,ENSG00000137270,8521
GCN1,ENSG00000089154,10985
GCNA,ENSG00000147174,93953
GCNT1,ENSG00000187210,2650
GCNT2,ENSG00000111846,2651
GCNT3,ENSG00000140297,9245
GCNT4,ENSG00000176928,51301
GCNT7,ENSG00000124091,140687
GCOM1,ENSG00000137878,145781
GCSAM,ENSG00000174500,257144
GCSAML,ENSG00000169224,148823
GCSH,ENSG00000140905,2653
GDA,ENSG00000119125,9615
GDAP1,ENSG00000104381,54332
GDAP1L1,ENSG00000124194,78997
GDAP2,ENSG00000196505,54834
GDE1,ENSG00000006007,51573
GDF10,ENSG00000266524,2662
GDF11,ENSG00000135414,10220
GDF15,ENSG00000130513,9518
GDF3,ENSG00000184344,9573
GDF5,ENSG00000125965,8200
GDF6,ENSG00000156466,392255
GDF7,ENSG00000143869,151449
GDF9,ENSG00000164404,2661
GDI1,ENSG00000203879,2664
GDI2,ENSG00000057608,2665
GDNF,ENSG00000168621,2668
GDPD1,ENSG00000153982,284161
GDPD2,ENSG00000130055,54857
GDPD3,ENSG00000102886,79153
GDPD4,ENSG00000178795,220032
GDPD5,ENSG00000158555,81544
GDPGP1,ENSG00000183208,390637
GEM,ENSG00000164949,2669
GEMIN2,ENSG00000092208,8487
GEMIN4,ENSG00000179409,50628
GEMIN5,ENSG00000082516,25929
GEMIN6,ENSG00000152147,79833
GEMIN7,ENSG00000142252,79760
GEMIN7-AS1,ENSG00000267348,105372419
GEMIN8,ENSG00000046647,54960
GEN1,ENSG00000178295,348654
GET1,ENSG00000182093,7485
GET3,ENSG00000198356,439
GET4,ENSG00000239857,51608
GFAP,ENSG00000131095,2670
GFER,ENSG00000127554,2671
GFI1,ENSG00000162676,2672
GFI1B,ENSG00000165702,8328
GFM1,ENSG00000168827,85476
GFM2,ENSG00000164347,84340
GFOD1,ENSG00000145990,54438
GFOD2,ENSG00000141098,81577
GFPT1,ENSG00000198380,2673
GFPT2,ENSG00000131459,9945
GFRA1,ENSG00000151892,2674
GFRA2,ENSG00000168546,2675
GFRA3,ENSG00000146013,2676
GFUS,ENSG00000104522,7264
GGA1,ENSG00000100083,26088
GGA2,ENSG00000103365,23062
GGA3,ENSG00000125447,23163
GGACT,ENSG00000134864,87769
GGCT,ENSG00000006625,79017
GGCX,ENSG00000115486,2677
GGH,ENSG00000137563,8836
GGN,ENSG00000179168,199720
GGNBP2,ENSG00000278311,79893
GGPS1,ENSG00000152904,9453
GGT1,ENSG00000100031,2678
GGT5,ENSG00000099998,2687
GGT6,ENSG00000167741,124975
GGT7,ENSG00000131067,2686
GGTA1,ENSG00000204136,2681
GGTA2P,ENSG00000237766,121328
GGTLC4P,ENSG00000230712,729838
GHDC,ENSG00000167925,84514
GHET1,ENSG00000281189,102723099
GHITM,ENSG00000165678,27069
GHR,ENSG00000112964,2690
GHRH,ENSG00000118702,2691
GHRL,ENSG00000157017,51738
GHRLOS,ENSG00000240288,100126793
GID4,ENSG00000141034,79018
GID8,ENSG00000101193,54994
GIGYF1,ENSG00000146830,64599
GIGYF2,ENSG00000204120,26058
GIHCG,ENSG00000257698,100506844
GIMAP1,ENSG00000213203,170575
GIMAP2,ENSG00000106560,26157
GIMAP4,ENSG00000133574,55303
GIMAP5,ENSG00000196329,55340
GIMAP6,ENSG00000133561,474344
GIMAP7,ENSG00000179144,168537
GIMAP8,ENSG00000171115,155038
GIN1,ENSG00000145723,54826
GINM1,ENSG00000055211,116254
GINS1,ENSG00000101003,9837
GINS2,ENSG00000131153,51659
GINS3,ENSG00000181938,64785
GINS4,ENSG00000147536,84296
GIPC1,ENSG00000123159,10755
GIPC2,ENSG00000137960,54810
GIPC3,ENSG00000179855,126326
GIPR,ENSG00000010310,2696
GIRGL,ENSG00000233834,100506098
GIT1,ENSG00000108262,28964
GIT2,ENSG00000139436,9815
GJA1,ENSG00000152661,2697
GJA3,ENSG00000121743,2700
GJA4,ENSG00000187513,2701
GJA5,ENSG00000265107,2702
GJB1,ENSG00000169562,2705
GJB2,ENSG00000165474,2706
GJB3,ENSG00000188910,2707
GJB4,ENSG00000189433,127534
GJB5,ENSG00000189280,2709
GJB6,ENSG00000121742,10804
GJB7,ENSG00000164411,375519
GJC1,ENSG00000182963,10052
GJC2,ENSG00000198835,57165
GJC3,ENSG00000176402,349149
GJD3,ENSG00000183153,125111
GK,ENSG00000198814,2710
GK5,ENSG00000175066,256356
GKAP1,ENSG00000165113,80318
GLA,ENSG00000102393,2717
GLB1,ENSG00000170266,2720
GLB1L,ENSG00000163521,79411
GLB1L2,ENSG00000149328,89944
GLB1L3,ENSG00000166105,112937
GLCCI1,ENSG00000106415,113263
GLCE,ENSG00000138604,26035
GLDC,ENSG00000178445,2731
GLDN,ENSG00000186417,342035
GLE1,ENSG00000119392,2733
GLG1,ENSG00000090863,2734
GLI1,ENSG00000111087,2735
GLI2,ENSG00000074047,2736
GLI3,ENSG00000106571,2737
GLI4,ENSG00000250571,2738
GLIDR,ENSG00000278175,389741
GLIPR1,ENSG00000139278,11010
GLIPR1L1,ENSG00000173401,256710
GLIPR1L2,ENSG00000180481,144321
GLIPR2,ENSG00000122694,152007
GLIS1,ENSG00000174332,148979
GLIS2,ENSG00000126603,84662
GLIS2-AS1,ENSG00000262686,101926896
GLIS3,ENSG00000107249,169792
GLMN,ENSG00000174842,11146
GLMP,ENSG00000198715,112770
GLO1,ENSG00000124767,2739
GLOD4,ENSG00000167699,51031
GLOD5,ENSG00000171433,392465
GLP1R,ENSG00000112164,2740
GLP2R,ENSG00000065325,9340
GLRA3,ENSG00000145451,8001
GLRB,ENSG00000109738,2743
GLRX,ENSG00000173221,2745
GLRX2,ENSG00000023572,51022
GLRX3,ENSG00000108010,10539
GLRX5,ENSG00000182512,51218
GLRX5P2,ENSG00000232879,118568821
GLRX5P3,ENSG00000271424,118568802
GLS,ENSG00000115419,2744
GLS2,ENSG00000135423,27165
GLT1D1,ENSG00000151948,144423
GLT8D1,ENSG00000016864,55830
GLT8D2,ENSG00000120820,83468
GLTP,ENSG00000139433,51228
GLTPD2,ENSG00000182327,388323
GLUD1,ENSG00000148672,2746
GLUD2,ENSG00000182890,2747
GLUL,ENSG00000135821,2752
GLULP4,ENSG00000178723,392305
GLYAT,ENSG00000149124,10249
GLYATL1,ENSG00000166840,92292
GLYATL1B,ENSG00000255151,100287520
GLYATL1P1,ENSG00000255189,100129032
GLYATL1P2,ENSG00000254717,100129933
GLYATL2,ENSG00000156689,219970
GLYCTK,ENSG00000168237,132158
GLYR1,ENSG00000140632,84656
GLYR1P1,ENSG00000237788,100421569
GM2A,ENSG00000196743,2760
GMCL1,ENSG00000087338,64395
GMDS,ENSG00000112699,2762
GMDS-DT,ENSG00000250903,100508120
GMEB1,ENSG00000162419,10691
GMEB2,ENSG00000101216,26205
GMFB,ENSG00000197045,2764
GMFG,ENSG00000130755,9535
GMIP,ENSG00000089639,51291
GMNN,ENSG00000112312,51053
GMPPA,ENSG00000144591,29926
GMPPB,ENSG00000173540,29925
GMPR,ENSG00000137198,2766
GMPR2,ENSG00000100938,51292
GMPS,ENSG00000163655,8833
GMPSP1,ENSG00000250471,728564
GNA11,ENSG00000088256,2767
GNA12,ENSG00000146535,2768
GNA13,ENSG00000120063,10672
GNA14,ENSG00000156049,9630
GNA15,ENSG00000060558,2769
GNAI1,ENSG00000127955,2770
GNAI2,ENSG00000114353,2771
GNAI3,ENSG00000065135,2773
GNAL,ENSG00000141404,2774
GNAO1,ENSG00000087258,2775
GNAO1-DT,ENSG00000246379,283856
GNAQ,ENSG00000156052,2776
GNAS,ENSG00000087460,2778
GNAS-AS1,ENSG00000235590,149775
GNAT2,ENSG00000134183,2780
GNAZ,ENSG00000128266,2781
GNB1,ENSG00000078369,2782
GNB1-DT,ENSG00000231050,105378949
GNB1L,ENSG00000185838,54584
GNB2,ENSG00000172354,2783
GNB3,ENSG00000111664,2784
GNB4,ENSG00000114450,59345
GNB5,ENSG00000069966,10681
GNE,ENSG00000159921,10020
GNG11,ENSG00000127920,2791
GNG12,ENSG00000172380,55970
GNG12-AS1,ENSG00000232284,100289178
GNG13,ENSG00000127588,51764
GNG2,ENSG00000186469,54331
GNG3,ENSG00000162188,2785
GNG4,ENSG00000168243,2786
GNG5,ENSG00000174021,2787
GNG7,ENSG00000176533,2788
GNG8,ENSG00000167414,94235
GNGT1,ENSG00000127928,2792
GNGT2,ENSG00000167083,2793
GNL1,ENSG00000204590,2794
GNL2,ENSG00000134697,29889
GNL3,ENSG00000163938,26354
GNL3L,ENSG00000130119,54552
GNLY,ENSG00000115523,10578
GNMT,ENSG00000124713,27232
GNPAT,ENSG00000116906,8443
GNPDA1,ENSG00000113552,10007
GNPDA2,ENSG00000163281,132789
GNPNAT1,ENSG00000100522,64841
GNPTAB,ENSG00000111670,79158
GNPTG,ENSG00000090581,84572
GNRH1,ENSG00000147437,2796
GNRH2,ENSG00000125787,2797
GNRHR,ENSG00000109163,2798
GNS,ENSG00000135677,2799
GOLGA1,ENSG00000136935,2800
GOLGA2,ENSG00000167110,2801
GOLGA3,ENSG00000090615,2802
GOLGA4,ENSG00000144674,2803
GOLGA4-AS1,ENSG00000270194,152048
GOLGA5,ENSG00000066455,9950
GOLGA6L10,ENSG00000278662,647042
GOLGA6L17P,ENSG00000230373,642402
GOLGA6L3P,ENSG00000230373,100133220
GOLGA6L4,ENSG00000278662,643707
GOLGA6L9,ENSG00000197978,440295
GOLGA7,ENSG00000147533,51125
GOLGA7B,ENSG00000155265,401647
GOLGA8A,ENSG00000175265,23015
GOLGA8B,ENSG00000215252,440270
GOLGA8H,ENSG00000261794,728498
GOLGA8M,ENSG00000188626,653720
GOLGA8N,ENSG00000232653,643699
GOLGA8R,ENSG00000186399,101059918
GOLGB1,ENSG00000173230,2804
GOLIM4,ENSG00000173905,27333
GOLM1,ENSG00000135052,51280
GOLM2,ENSG00000166734,113201
GOLPH3,ENSG00000113384,64083
GOLPH3L,ENSG00000143457,55204
GOLT1A,ENSG00000174567,127845
GOLT1B,ENSG00000111711,51026
GON4L,ENSG00000116580,54856
GON7,ENSG00000170270,84520
GOPC,ENSG00000047932,57120
GORAB,ENSG00000120370,92344
GORASP1,ENSG00000114745,64689
GORASP2,ENSG00000115806,26003
GOSR1,ENSG00000108587,9527
GOSR2,ENSG00000108433,9570
GOT1,ENSG00000120053,2805
GOT1-DT,ENSG00000224934,101927300
GOT2,ENSG00000125166,2806
GOT2P3,ENSG00000233719,644138
GP1BA,ENSG00000185245,2811
GP2,ENSG00000169347,2813
GP5,ENSG00000178732,2814
GP6,ENSG00000088053,51206
GPA33,ENSG00000143167,10223
GPAA1,ENSG00000197858,8733
GPALPP1,ENSG00000133114,55425
GPAM,ENSG00000119927,57678
GPANK1,ENSG00000204438,7918
GPAT2,ENSG00000186281,150763
GPAT3,ENSG00000138678,84803
GPAT4,ENSG00000158669,137964
GPATCH1,ENSG00000076650,55094
GPATCH11,ENSG00000152133,253635
GPATCH2,ENSG00000092978,55105
GPATCH2L,ENSG00000089916,55668
GPATCH3,ENSG00000198746,63906
GPATCH4,ENSG00000160818,54865
GPATCH8,ENSG00000186566,23131
GPBAR1,ENSG00000179921,151306
GPBP1,ENSG00000062194,65056
GPBP1L1,ENSG00000159592,60313
GPC1,ENSG00000063660,2817
GPC1-AS1,ENSG00000218416,100130449
GPC2,ENSG00000213420,221914
GPC3,ENSG00000147257,2719
GPC4,ENSG00000076716,2239
GPC5,ENSG00000179399,2262
GPC6,ENSG00000183098,10082
GPCPD1,ENSG00000125772,56261
GPD1,ENSG00000167588,2819
GPD1L,ENSG00000152642,23171
GPD2,ENSG00000115159,2820
GPER1,ENSG00000164850,2852
GPHN,ENSG00000171723,10243
GPI,ENSG00000105220,2821
GPIHBP1,ENSG00000277494,338328
GPKOW,ENSG00000068394,27238
GPLD1,ENSG00000112293,2822
GPM6A,ENSG00000150625,2823
GPM6B,ENSG00000046653,2824
GPN1,ENSG00000198522,11321
GPN2,ENSG00000142751,54707
GPN3,ENSG00000111231,51184
GPNMB,ENSG00000136235,10457
GPR107,ENSG00000148358,57720
GPR108,ENSG00000125734,56927
GPR12,ENSG00000132975,2835
GPR132,ENSG00000183484,29933
GPR135,ENSG00000181619,64582
GPR137,ENSG00000173264,56834
GPR137B,ENSG00000077585,7107
GPR137C,ENSG00000180998,283554
GPR139,ENSG00000180269,124274
GPR141,ENSG00000187037,353345
GPR143,ENSG00000101850,4935
GPR146,ENSG00000164849,115330
GPR15,ENSG00000154165,2838
GPR150,ENSG00000178015,285601
GPR153,ENSG00000158292,387509
GPR155,ENSG00000163328,151556
GPR156,ENSG00000175697,165829
GPR157,ENSG00000180758,80045
GPR158,ENSG00000151025,57512
GPR160,ENSG00000173890,26996
GPR161,ENSG00000143147,23432
GPR162,ENSG00000250510,27239
GPR17,ENSG00000144230,2840
GPR171,ENSG00000174946,29909
GPR173,ENSG00000184194,54328
GPR174,ENSG00000147138,84636
GPR176,ENSG00000166073,11245
GPR179,ENSG00000277399,440435
GPR18,ENSG00000125245,2841
GPR180,ENSG00000152749,160897
GPR182,ENSG00000166856,11318
GPR183,ENSG00000169508,1880
GPR19,ENSG00000183150,2842
GPR20,ENSG00000204882,2843
GPR21,ENSG00000188394,2844
GPR25,ENSG00000170128,2848
GPR26,ENSG00000154478,2849
GPR27,ENSG00000170837,2850
GPR3,ENSG00000181773,2827
GPR31,ENSG00000120436,2853
GPR34,ENSG00000171659,2857
GPR35,ENSG00000178623,2859
GPR37,ENSG00000170775,2861
GPR37L1,ENSG00000170075,9283
GPR39,ENSG00000183840,2863
GPR4,ENSG00000177464,2828
GPR45,ENSG00000135973,11250
GPR55,ENSG00000135898,9290
GPR61,ENSG00000156097,83873
GPR62,ENSG00000180929,118442
GPR63,ENSG00000112218,81491
GPR65,ENSG00000140030,8477
GPR68,ENSG00000119714,8111
GPR75,ENSG00000119737,10936
GPR75-ASB3,ENSG00000115239,100302652
GPR78,ENSG00000155269,27201
GPR82,ENSG00000171657,27197
GPR83,ENSG00000123901,10888
GPR84,ENSG00000139572,53831
GPR85,ENSG00000164604,54329
GPR88,ENSG00000181656,54112
GPR89A,ENSG00000188092,653519
GPR89B,ENSG00000188092,51463
GPRASP1,ENSG00000198932,9737
GPRASP2,ENSG00000158301,114928
GPRC5A,ENSG00000013588,9052
GPRC5B,ENSG00000167191,51704
GPRC5C,ENSG00000170412,55890
GPRC5D,ENSG00000111291,55507
GPRC5D-AS1,ENSG00000247498,100506314
GPRIN1,ENSG00000169258,114787
GPRIN2,ENSG00000204175,9721
GPRIN3,ENSG00000185477,285513
GPS1,ENSG00000169727,2873
GPS2,ENSG00000132522,2874
GPS2P1,ENSG00000236496,392281
GPSM1,ENSG00000160360,26086
GPSM2,ENSG00000121957,29899
GPSM3,ENSG00000213654,63940
GPT,ENSG00000167701,2875
GPT2,ENSG00000166123,84706
GPX1,ENSG00000233276,2876
GPX2,ENSG00000176153,2877
GPX3,ENSG00000211445,2878
GPX4,ENSG00000167468,2879
GPX7,ENSG00000116157,2882
GPX8,ENSG00000164294,493869
GRAMD1A,ENSG00000089351,57655
GRAMD1B,ENSG00000023171,57476
GRAMD1C,ENSG00000178075,54762
GRAMD2A,ENSG00000175318,196996
GRAMD2B,ENSG00000155324,65983
GRAMD4,ENSG00000075240,23151
GRAMD4P1,ENSG00000227874,100631252
GRAMD4P7,ENSG00000266242,100631251
GRAMD4P8,ENSG00000270930,100631247
GRAP,ENSG00000154016,10750
GRAP2,ENSG00000100351,9402
GRAPL,ENSG00000154016,400581
GRASLND,ENSG00000228203,386597
GRB10,ENSG00000106070,2887
GRB14,ENSG00000115290,2888
GRB2,ENSG00000177885,2885
GRB7,ENSG00000141738,2886
GREB1,ENSG00000196208,9687
GREB1L,ENSG00000141449,80000
GREM1,ENSG00000166923,26585
GREM2,ENSG00000180875,64388
GREP1,ENSG00000262152,283875
GRHL1,ENSG00000134317,29841
GRHL2,ENSG00000083307,79977
GRHL3,ENSG00000158055,57822
GRHPR,ENSG00000137106,9380
GRIA1,ENSG00000155511,2890
GRIA2,ENSG00000120251,2891
GRIA3,ENSG00000125675,2892
GRIA4,ENSG00000152578,2893
GRID1,ENSG00000182771,2894
GRID2IP,ENSG00000215045,392862
GRIK1,ENSG00000171189,2897
GRIK1-AS2,ENSG00000156273,100379661
GRIK2,ENSG00000164418,2898
GRIK3,ENSG00000163873,2899
GRIK4,ENSG00000149403,2900
GRIK5,ENSG00000105737,2901
GRIN1,ENSG00000176884,2902
GRIN2A,ENSG00000183454,2903
GRIN2B,ENSG00000273079,2904
GRIN2C,ENSG00000161509,2905
GRIN2D,ENSG00000105464,2906
GRIN3A,ENSG00000198785,116443
GRIN3B,ENSG00000116032,116444
GRINA,ENSG00000178719,2907
GRIP1,ENSG00000155974,23426
GRIP2,ENSG00000144596,80852
GRIPAP1,ENSG00000068400,56850
GRK1,ENSG00000185974,6011
GRK2,ENSG00000173020,156
GRK3,ENSG00000100077,157
GRK4,ENSG00000125388,2868
GRK5,ENSG00000198873,2869
GRK6,ENSG00000198055,2870
GRM1,ENSG00000152822,2911
GRM2,ENSG00000164082,2912
GRM3,ENSG00000198822,2913
GRM4,ENSG00000124493,2914
GRM6,ENSG00000113262,2916
GRM7,ENSG00000196277,2917
GRM8,ENSG00000179603,2918
GRN,ENSG00000030582,2896
GRP,ENSG00000134443,2922
GRPEL1,ENSG00000109519,80273
GRPEL2,ENSG00000164284,134266
GRPR,ENSG00000126010,2925
GRSF1,ENSG00000132463,2926
GRTP1,ENSG00000139835,79774
GRWD1,ENSG00000105447,83743
GS1-24F4.2,ENSG00000245857,100652791
GSAP,ENSG00000186088,54103
GSC,ENSG00000133937,145258
GSDMA,ENSG00000167914,284110
GSDMB,ENSG00000073605,55876
GSDMC,ENSG00000147697,56169
GSDMD,ENSG00000104518,79792
GSDME,ENSG00000105928,1687
GSE1,ENSG00000131149,23199
GSG1,ENSG00000111305,83445
GSG1L,ENSG00000169181,146395
GSK3A,ENSG00000105723,2931
GSK3B,ENSG00000082701,2932
GSKIP,ENSG00000100744,51527
GSN,ENSG00000148180,2934
GSN-AS1,ENSG00000235865,57000
GSPT1,ENSG00000103342,2935
GSPT2,ENSG00000189369,23708
GSR,ENSG00000104687,2936
GSS,ENSG00000100983,2937
GSTA1,ENSG00000243955,2938
GSTA2,ENSG00000244067,2939
GSTA3,ENSG00000174156,2940
GSTA4,ENSG00000170899,2941
GSTCD,ENSG00000138780,79807
GSTCD-AS1,ENSG00000251175,101929529
GSTK1,ENSG00000197448,373156
GSTM1,ENSG00000134184,2944
GSTM2,ENSG00000213366,2946
GSTM3,ENSG00000134202,2947
GSTM4,ENSG00000168765,2948
GSTM5,ENSG00000134201,2949
GSTO1,ENSG00000148834,9446
GSTO2,ENSG00000065621,119391
GSTP1,ENSG00000084207,2950
GSTT2,ENSG00000099984,2953
GSTT2B,ENSG00000133433,653689
GSTZ1,ENSG00000100577,2954
GTDC1,ENSG00000121964,79712
GTF2A1,ENSG00000165417,2957
GTF2A2,ENSG00000140307,2958
GTF2B,ENSG00000137947,2959
GTF2E1,ENSG00000153767,2960
GTF2E2,ENSG00000197265,2961
GTF2F1,ENSG00000125651,2962
GTF2F2,ENSG00000188342,2963
GTF2H1,ENSG00000110768,2965
GTF2H2,ENSG00000145736,2966
GTF2H2C,ENSG00000145736,728340
GTF2H3,ENSG00000111358,2967
GTF2H4,ENSG00000213780,2968
GTF2H5,ENSG00000272047,404672
GTF2I,ENSG00000263001,2969
GTF2I-AS1,ENSG00000232729,101926943
GTF2IP14,ENSG00000226002,106481735
GTF2IP5,ENSG00000224316,100420546
GTF2IRD1,ENSG00000006704,9569
GTF2IRD2,ENSG00000196275,84163
GTF2IRD2B,ENSG00000174428,389524
GTF2IRD2P1,ENSG00000214544,401375
GTF3A,ENSG00000122034,2971
GTF3C1,ENSG00000077235,2975
GTF3C2,ENSG00000115207,2976
GTF3C2-AS1,ENSG00000234945,100505624
GTF3C3,ENSG00000119041,9330
GTF3C4,ENSG00000125484,9329
GTF3C5,ENSG00000148308,9328
GTF3C6,ENSG00000155115,112495
GTPBP1,ENSG00000100226,9567
GTPBP10,ENSG00000105793,85865
GTPBP2,ENSG00000172432,54676
GTPBP3,ENSG00000130299,84705
GTPBP4,ENSG00000107937,23560
GTPBP6,ENSG00000178605,8225
GTPBP8,ENSG00000163607,29083
GTSE1,ENSG00000075218,51512
GTSE1-DT,ENSG00000277232,150384
GTSF1,ENSG00000170627,121355
GUCA1B,ENSG00000112599,2979
GUCD1,ENSG00000138867,83606
GUCY1A1,ENSG00000164116,2982
GUCY1A2,ENSG00000152402,2977
GUCY1B1,ENSG00000061918,2983
GUCY2C,ENSG00000070019,2984
GUCY2D,ENSG00000132518,3000
GUF1,ENSG00000151806,60558
GUK1,ENSG00000143774,2987
GULP1,ENSG00000144366,51454
GUSB,ENSG00000169919,2990
GUSBP11,ENSG00000228315,91316
GUSBP5,ENSG00000251600,441046
GUSBP9,ENSG00000215630,118126072
GVINP1,ENSG00000254838,387751
GVQW3,ENSG00000179240,100506127
GXYLT1,ENSG00000151233,283464
GXYLT2,ENSG00000172986,727936
GYG1,ENSG00000163754,2992
GYG2,ENSG00000056998,8908
GYG2P2,ENSG00000271580,100418892
GYPC,ENSG00000136732,2995
GYPE,ENSG00000197465,2996
GYS1,ENSG00000104812,2997
GZF1,ENSG00000125812,64412
GZMA,ENSG00000145649,3001
GZMB,ENSG00000100453,3002
GZMH,ENSG00000100450,2999
GZMK,ENSG00000113088,3003
GZMM,ENSG00000197540,3004
H1-0,ENSG00000189060,3005
H1-10,ENSG00000184897,8971
H1-2,ENSG00000187837,3006
H1-3,ENSG00000124575,3007
H1-4,ENSG00000168298,3008
H1-5,ENSG00000184357,3009
H1-6,ENSG00000187475,3010
H19,ENSG00000130600,283120
H2AC10P,ENSG00000218690,8333
H2AC11,ENSG00000196787,8969
H2AC12,ENSG00000274997,85235
H2AC13,ENSG00000196747,8329
H2AC14,ENSG00000276368,8331
H2AC16,ENSG00000276903,8332
H2AC17,ENSG00000278677,8336
H2AC20,ENSG00000184260,8338
H2AC25,ENSG00000181218,92815
H2AC6,ENSG00000180573,8334
H2AC8,ENSG00000277075,3012
H2AC9P,ENSG00000218281,387323
H2AJ,ENSG00000246705,55766
H2AX,ENSG00000188486,3014
H2AZ1,ENSG00000164032,3015
H2AZ2,ENSG00000105968,94239
H2BC11,ENSG00000124635,8970
H2BC12,ENSG00000197903,85236
H2BC13,ENSG00000185130,8340
H2BC15,ENSG00000233822,8341
H2BC17,ENSG00000274641,8348
H2BC18,ENSG00000203814,440689
H2BC19P,ENSG00000220323,337874
H2BC20P,ENSG00000261716,337873
H2BC21,ENSG00000184678,8349
H2BC26,ENSG00000196890,128312
H2BC4,ENSG00000180596,8347
H2BC5,ENSG00000158373,3017
H2BC6,ENSG00000274290,8344
H2BC7,ENSG00000277224,8343
H2BC8,ENSG00000273802,8339
H2BC9,ENSG00000275713,8345
H3-3A,ENSG00000163041,3020
H3-3B,ENSG00000132475,3021
H3-5,ENSG00000188375,440093
H3-7,ENSG00000273213,440686
H3C1,ENSG00000275714,8350
H3C10,ENSG00000278828,8357
H3C12,ENSG00000197153,8356
H3C13,ENSG00000183598,653604
H3C2,ENSG00000286522,8358
H3C3,ENSG00000287080,8352
H3C6,ENSG00000274750,8353
H3C7,ENSG00000277775,8968
H3C8,ENSG00000273983,8355
H3C9P,ENSG00000220875,100289545
H3P36,ENSG00000236534,100287087
H4C11,ENSG00000197238,8363
H4C12,ENSG00000273542,8362
H4C14,ENSG00000270882,8370
H4C16,ENSG00000197837,121504
H4C3,ENSG00000197061,8364
H4C4,ENSG00000277157,8360
H4C5,ENSG00000276966,8367
H4C8,ENSG00000158406,8365
H4C9,ENSG00000276180,8294
H6PD,ENSG00000049239,9563
HAAO,ENSG00000162882,23498
HABP2,ENSG00000148702,3026
HABP4,ENSG00000130956,22927
HACD1,ENSG00000165996,9200
HACD2,ENSG00000206527,201562
HACD3,ENSG00000074696,51495
HACD4,ENSG00000188921,401494
HACE1,ENSG00000085382,57531
HACL1,ENSG00000131373,26061
HADH,ENSG00000138796,3033
HADHA,ENSG00000084754,3030
HADHB,ENSG00000138029,3032
HAGH,ENSG00000063854,3029
HAGHL,ENSG00000103253,84264
HAGLR,ENSG00000224189,401022
HAL,ENSG00000084110,3034
HAMP,ENSG00000105697,57817
HAND2,ENSG00000164107,9464
HAND2-AS1,ENSG00000237125,79804
HAO2,ENSG00000116882,51179
HAP1,ENSG00000173805,9001
HAPLN1,ENSG00000145681,1404
HAPLN2,ENSG00000132702,60484
HAPLN3,ENSG00000140511,145864
HAPSTR1,ENSG00000182831,29035
HAR1B,ENSG00000231133,768097
HARBI1,ENSG00000180423,283254
HARS1,ENSG00000170445,3035
HARS2,ENSG00000112855,23438
HAS1,ENSG00000105509,3036
HAS2,ENSG00000170961,3037
HAS3,ENSG00000103044,3038
HASPIN,ENSG00000177602,83903
HAT1,ENSG00000128708,8520
HAUS1,ENSG00000152240,115106
HAUS2,ENSG00000137814,55142
HAUS3,ENSG00000214367,79441
HAUS4,ENSG00000092036,54930
HAUS5,ENSG00000249115,23354
HAUS6,ENSG00000147874,54801
HAUS7,ENSG00000213397,55559
HAUS8,ENSG00000131351,93323
HAVCR1,ENSG00000113249,26762
HAVCR1P1,ENSG00000268442,100101266
HAVCR2,ENSG00000135077,84868
HAX1,ENSG00000143575,10456
HBA2,ENSG00000188536,3040
HBB,ENSG00000244734,3043
HBEGF,ENSG00000113070,1839
HBP1,ENSG00000105856,26959
HBS1L,ENSG00000112339,10767
HCAR1,ENSG00000196917,27198
HCAR2,ENSG00000182782,338442
HCAR3,ENSG00000255398,8843
HCCS,ENSG00000004961,3052
HCCS-DT,ENSG00000234129,121847985
HCFC1,ENSG00000172534,3054
HCFC1R1,ENSG00000103145,54985
HCFC2,ENSG00000111727,29915
HCG11,ENSG00000228223,493812
HCG17,ENSG00000270604,414778
HCG18,ENSG00000231074,414777
HCG20,ENSG00000228022,105375013
HCG22,ENSG00000228789,285834
HCG23,ENSG00000225914,414764
HCG25,ENSG00000232940,414765
HCG27,ENSG00000206344,253018
HCK,ENSG00000101336,3055
HCLS1,ENSG00000180353,3059
HCN1,ENSG00000164588,348980
HCN2,ENSG00000099822,610
HCN3,ENSG00000143630,57657
HCN4,ENSG00000138622,10021
HCP5,ENSG00000206337,10866
HCP5B,ENSG00000281831,352990
HCST,ENSG00000126264,10870
HDAC1,ENSG00000116478,3065
HDAC10,ENSG00000100429,83933
HDAC11,ENSG00000163517,79885
HDAC2,ENSG00000196591,3066
HDAC2-AS2,ENSG00000228624,101927768
HDAC3,ENSG00000171720,8841
HDAC4,ENSG00000068024,9759
HDAC4-AS1,ENSG00000222020,101928111
HDAC5,ENSG00000108840,10014
HDAC6,ENSG00000094631,10013
HDAC7,ENSG00000061273,51564
HDAC8,ENSG00000147099,55869
HDAC9,ENSG00000048052,9734
HDC,ENSG00000140287,3067
HDDC2,ENSG00000111906,51020
HDDC3,ENSG00000184508,374659
HDGF,ENSG00000143321,3068
HDGFL2,ENSG00000167674,84717
HDGFL3,ENSG00000166503,50810
HDHD2,ENSG00000167220,84064
HDHD3,ENSG00000119431,81932
HDHD5,ENSG00000069998,27440
HDHD5-AS1,ENSG00000185837,100130717
HDLBP,ENSG00000115677,3069
HDX,ENSG00000165259,139324
HEATR1,ENSG00000119285,55127
HEATR3,ENSG00000155393,55027
HEATR4,ENSG00000187105,399671
HEATR5A,ENSG00000129493,25938
HEATR5A-DT,ENSG00000250365,101927124
HEATR5B,ENSG00000008869,54497
HEATR6,ENSG00000068097,63897
HEATR6-DT,ENSG00000267416,105371849
HEATR9,ENSG00000270379,256957
HEBP1,ENSG00000013583,50865
HEBP2,ENSG00000051620,23593
HECA,ENSG00000112406,51696
HECTD1,ENSG00000092148,25831
HECTD2,ENSG00000165338,143279
HECTD3,ENSG00000126107,79654
HECTD4,ENSG00000173064,283450
HECW1,ENSG00000002746,23072
HECW2,ENSG00000138411,57520
HECW2-AS1,ENSG00000229056,101927482
HEG1,ENSG00000173706,57493
HEIH,ENSG00000278970,100859930
HELB,ENSG00000127311,92797
HELLS,ENSG00000119969,3070
HELQ,ENSG00000163312,113510
HELZ,ENSG00000198265,9931
HELZ2,ENSG00000130589,85441
HEMK1,ENSG00000114735,51409
HENMT1,ENSG00000162639,113802
HEPACAM,ENSG00000165478,220296
HEPACAM2,ENSG00000188175,253012
HEPH,ENSG00000089472,9843
HEPHL1,ENSG00000181333,341208
HERC1,ENSG00000103657,8925
HERC2,ENSG00000128731,8924
HERC3,ENSG00000138641,8916
HERC4,ENSG00000148634,26091
HERC5,ENSG00000138646,51191
HERC6,ENSG00000138642,55008
HERPUD1,ENSG00000051108,9709
HERPUD2,ENSG00000122557,64224
HERPUD2-AS1,ENSG00000271122,101930085
HES1,ENSG00000114315,3280
HES2,ENSG00000069812,54626
HES4,ENSG00000188290,57801
HES5,ENSG00000197921,388585
HES6,ENSG00000144485,55502
HES7,ENSG00000179111,84667
HESX1,ENSG00000163666,8820
HEXA,ENSG00000213614,3073
HEXA-AS1,ENSG00000260339,80072
HEXB,ENSG00000049860,3074
HEXD,ENSG00000169660,284004
HEXIM1,ENSG00000186834,10614
HEXIM2,ENSG00000168517,124790
HEY1,ENSG00000164683,23462
HEY2,ENSG00000135547,23493
HEY2-AS1,ENSG00000237742,105377986
HEYL,ENSG00000163909,26508
HFE,ENSG00000010704,3077
HFM1,ENSG00000162669,164045
HGD,ENSG00000113924,3081
HGF,ENSG00000019991,3082
HGFAC,ENSG00000109758,3083
HGH1,ENSG00000235173,51236
HGS,ENSG00000185359,9146
HGSNAT,ENSG00000165102,138050
HHAT,ENSG00000054392,55733
HHEX,ENSG00000152804,3087
HHIP,ENSG00000164161,64399
HHIP-AS1,ENSG00000248890,646576
HHIPL1,ENSG00000182218,84439
HHIPL2,ENSG00000143512,79802
HIBADH,ENSG00000106049,11112
HIBCH,ENSG00000198130,26275
HIC1,ENSG00000177374,3090
HIC2,ENSG00000169635,23119
HID1,ENSG00000167861,283987
HID1-AS1,ENSG00000263586,102723641
HIF1A,ENSG00000100644,3091
HIF1A-AS3,ENSG00000258667,105370526
HIF1AN,ENSG00000166135,55662
HIF3A,ENSG00000124440,64344
HIGD1A,ENSG00000181061,25994
HIGD1B,ENSG00000131097,51751
HIGD2A,ENSG00000146066,192286
HIKESHI,ENSG00000149196,51501
HIKESHIP2,ENSG00000267544,117751740
HILPDA,ENSG00000135245,29923
HINFP,ENSG00000172273,25988
HINT1,ENSG00000169567,3094
HINT2,ENSG00000137133,84681
HINT3,ENSG00000111911,135114
HIP1,ENSG00000127946,3092
HIP1R,ENSG00000130787,9026
HIPK1,ENSG00000163349,204851
HIPK1-AS1,ENSG00000235527,101928846
HIPK2,ENSG00000064393,28996
HIPK3,ENSG00000110422,10114
HIPK4,ENSG00000160396,147746
HIRA,ENSG00000100084,7290
HIRIP3,ENSG00000149929,8479
HISLA,ENSG00000258867,283587
HIVEP1,ENSG00000095951,3096
HIVEP2,ENSG00000010818,3097
HIVEP3,ENSG00000127124,59269
HJURP,ENSG00000123485,55355
HK1,ENSG00000156515,3098
HK2,ENSG00000159399,3099
HK2-DT,ENSG00000272711,118568819
HK3,ENSG00000160883,3101
HKDC1,ENSG00000156510,80201
HLA-A,ENSG00000206503,3105
HLA-B,ENSG00000234745,3106
HLA-C,ENSG00000204525,3107
HLA-DMA,ENSG00000204257,3108
HLA-DMB,ENSG00000242574,3109
HLA-DOA,ENSG00000204252,3111
HLA-DOB,ENSG00000241106,3112
HLA-DPA1,ENSG00000231389,3113
HLA-DPB1,ENSG00000223865,3115
HLA-DPB2,ENSG00000224557,3116
HLA-DQA1,ENSG00000237541,3117
HLA-DQA2,ENSG00000237541,3118
HLA-DQB1,ENSG00000179344,3119
HLA-DQB1-AS1,ENSG00000223534,106480429
HLA-DQB2,ENSG00000232629,3120
HLA-DRA,ENSG00000204287,3122
HLA-DRB1,ENSG00000196126,3123
HLA-DRB5,ENSG00000198502,3127
HLA-E,ENSG00000204592,3133
HLA-F,ENSG00000204642,3134
HLA-F-AS1,ENSG00000214922,285830
HLA-G,ENSG00000204632,3135
HLA-K,ENSG00000230795,3138
HLCS,ENSG00000159267,3141
HLCS-AS1,ENSG00000224790,122455337
HLF,ENSG00000108924,3131
HLTF,ENSG00000071794,6596
HLX,ENSG00000136630,3142
HM13,ENSG00000101294,81502
HMBOX1,ENSG00000147421,79618
HMBS,ENSG00000256269,3145
HMCES,ENSG00000183624,56941
HMCN1,ENSG00000143341,83872
HMCN2,ENSG00000148357,256158
HMG20A,ENSG00000140382,10363
HMG20B,ENSG00000064961,10362
HMGA1,ENSG00000137309,3159
HMGA2,ENSG00000149948,8091
HMGA2-AS1,ENSG00000197301,100129940
HMGB1,ENSG00000189403,3146
HMGB1P31,ENSG00000233266,100873894
HMGB2,ENSG00000164104,3148
HMGB3,ENSG00000029993,3149
HMGB3P10,ENSG00000223656,100129320
HMGB3P22,ENSG00000225051,729595
HMGB3P29,ENSG00000254503,100420015
HMGCL,ENSG00000117305,3155
HMGCLL1,ENSG00000146151,54511
HMGCR,ENSG00000113161,3156
HMGCS1,ENSG00000112972,3157
HMGCS2,ENSG00000134240,3158
HMGN1,ENSG00000205581,3150
HMGN1P8,ENSG00000241120,100874431
HMGN2,ENSG00000198830,3151
HMGN3,ENSG00000118418,9324
HMGN3-AS1,ENSG00000270362,100288198
HMGN4,ENSG00000182952,10473
HMGN5,ENSG00000198157,79366
HMGXB3,ENSG00000113716,22993
HMGXB4,ENSG00000100281,10042
HMMR,ENSG00000072571,3161
HMOX1,ENSG00000100292,3162
HMOX2,ENSG00000103415,3163
HMSD,ENSG00000221887,284293
HMX1,ENSG00000215612,3166
HMX2,ENSG00000188816,3167
HMX3,ENSG00000188620,340784
HNF1A,ENSG00000135100,6927
HNF4G,ENSG00000164749,3174
HNMT,ENSG00000150540,3176
HNRNPA0,ENSG00000177733,10949
HNRNPA1,ENSG00000135486,3178
HNRNPA1L2,ENSG00000139675,144983
HNRNPA1L3,ENSG00000224578,642659
HNRNPA1P21,ENSG00000228168,344697
HNRNPA1P27,ENSG00000233680,664721
HNRNPA1P33,ENSG00000213412,728643
HNRNPA1P49,ENSG00000233231,106481663
HNRNPA1P57,ENSG00000237442,101060039
HNRNPA2B1,ENSG00000122566,3181
HNRNPA3,ENSG00000170144,220988
HNRNPA3P10,ENSG00000257851,100421413
HNRNPA3P12,ENSG00000219102,100421395
HNRNPA3P3,ENSG00000214653,643689
HNRNPA3P5,ENSG00000236565,387933
HNRNPA3P9,ENSG00000270903,100421415
HNRNPAB,ENSG00000197451,3182
HNRNPC,ENSG00000092199,3183
HNRNPCP7,ENSG00000228653,100127907
HNRNPD,ENSG00000138668,3184
HNRNPD-DT,ENSG00000272677,101928963
HNRNPDL,ENSG00000152795,9987
HNRNPF,ENSG00000169813,3185
HNRNPH1,ENSG00000169045,3187
HNRNPH1P1,ENSG00000220305,100132803
HNRNPH2,ENSG00000126945,3188
HNRNPH3,ENSG00000096746,3189
HNRNPK,ENSG00000165119,3190
HNRNPKP1,ENSG00000250859,389322
HNRNPKP2,ENSG00000227347,389053
HNRNPKP4,ENSG00000243547,644063
HNRNPL,ENSG00000104824,3191
HNRNPLL,ENSG00000143889,92906
HNRNPM,ENSG00000099783,4670
HNRNPR,ENSG00000125944,10236
HNRNPU,ENSG00000153187,3192
HNRNPUL1,ENSG00000105323,11100
HNRNPUL2,ENSG00000214753,221092
HOATZ,ENSG00000183644,399949
HOGA1,ENSG00000241935,112817
HOMER1,ENSG00000152413,9456
HOMER2,ENSG00000103942,9455
HOMER3,ENSG00000051128,9454
HOOK1,ENSG00000134709,51361
HOOK2,ENSG00000095066,29911
HOOK3,ENSG00000168172,84376
HOPX,ENSG00000171476,84525
HORMAD1,ENSG00000143452,84072
HOTAIR,ENSG00000228630,100124700
HOTAIRM1,ENSG00000233429,100506311
HOXA-AS3,ENSG00000254369,100133311
HOXA1,ENSG00000105991,3198
HOXA10,ENSG00000253293,3206
HOXA10-AS,ENSG00000253187,100874323
HOXA11,ENSG00000005073,3207
HOXA11-AS,ENSG00000240990,221883
HOXA13,ENSG00000106031,3209
HOXA2,ENSG00000105996,3199
HOXA3,ENSG00000105997,3200
HOXA4,ENSG00000197576,3201
HOXA5,ENSG00000106004,3202
HOXA6,ENSG00000106006,3203
HOXA7,ENSG00000122592,3204
HOXA9,ENSG00000078399,3205
HOXB-AS1,ENSG00000230148,100874362
HOXB-AS3,ENSG00000233101,404266
HOXB1,ENSG00000120094,3211
HOXB13,ENSG00000159184,10481
HOXB2,ENSG00000173917,3212
HOXB3,ENSG00000120093,3213
HOXB4,ENSG00000182742,3214
HOXB5,ENSG00000120075,3215
HOXB6,ENSG00000108511,3216
HOXB7,ENSG00000260027,3217
HOXB8,ENSG00000120068,3218
HOXB9,ENSG00000170689,3219
HOXC-AS1,ENSG00000250451,100874363
HOXC-AS2,ENSG00000250133,100874364
HOXC-AS3,ENSG00000251151,100874365
HOXC10,ENSG00000180818,3226
HOXC11,ENSG00000123388,3227
HOXC12,ENSG00000123407,3228
HOXC13,ENSG00000123364,3229
HOXC13-AS,ENSG00000249641,100874366
HOXC4,ENSG00000198353,3221
HOXC5,ENSG00000172789,3222
HOXC6,ENSG00000197757,3223
HOXC8,ENSG00000037965,3224
HOXC9,ENSG00000180806,3225
HOXD1,ENSG00000128645,3231
HOXD10,ENSG00000128710,3236
HOXD13,ENSG00000128714,3239
HOXD3,ENSG00000128652,3232
HOXD4,ENSG00000170166,3233
HOXD8,ENSG00000175879,3234
HOXD9,ENSG00000128709,3235
HP,ENSG00000257017,3240
HP1BP3,ENSG00000127483,50809
HPCA,ENSG00000121905,3208
HPCAL1,ENSG00000115756,3241
HPCAL4,ENSG00000116983,51440
HPD,ENSG00000158104,3242
HPDL,ENSG00000186603,84842
HPF1,ENSG00000056050,54969
HPGD,ENSG00000164120,3248
HPGDS,ENSG00000163106,27306
HPN,ENSG00000105707,3249
HPN-AS1,ENSG00000227392,100128675
HPRT1,ENSG00000165704,3251
HPS1,ENSG00000107521,3257
HPS1-AS1,ENSG00000287261,101927278
HPS3,ENSG00000163755,84343
HPS4,ENSG00000100099,89781
HPS5,ENSG00000110756,11234
HPS6,ENSG00000166189,79803
HPSE,ENSG00000173083,10855
HPSE2,ENSG00000172987,60495
HPX,ENSG00000110169,3263
HPYR1,ENSG00000253521,93668
HR,ENSG00000168453,55806
HRAS,ENSG00000174775,3265
HRC,ENSG00000130528,3270
HRCT1,ENSG00000196196,646962
HRH1,ENSG00000196639,3269
HRH2,ENSG00000113749,3274
HRH3,ENSG00000101180,11255
HRH4,ENSG00000134489,59340
HRK,ENSG00000135116,8739
HRNR,ENSG00000197915,388697
HROB,ENSG00000125319,78995
HS1BP3,ENSG00000118960,64342
HS2ST1,ENSG00000153936,9653
HS3ST1,ENSG00000002587,9957
HS3ST2,ENSG00000122254,9956
HS3ST3A1,ENSG00000153976,9955
HS3ST3B1,ENSG00000125430,9953
HS3ST4,ENSG00000182601,9951
HS3ST5,ENSG00000249853,222537
HS3ST6,ENSG00000162040,64711
HS6ST1,ENSG00000136720,9394
HS6ST2,ENSG00000171004,90161
HS6ST3,ENSG00000185352,266722
HSBP1,ENSG00000230989,3281
HSBP1L1,ENSG00000226742,440498
HSCB,ENSG00000100209,150274
HSD11B1,ENSG00000117594,3290
HSD11B1-AS1,ENSG00000227591,101930114
HSD11B1L,ENSG00000167733,374875
HSD11B2,ENSG00000176387,3291
HSD17B1,ENSG00000108786,3292
HSD17B1-AS1,ENSG00000266962,108783654
HSD17B10,ENSG00000072506,3028
HSD17B11,ENSG00000198189,51170
HSD17B12,ENSG00000149084,51144
HSD17B13,ENSG00000170509,345275
HSD17B14,ENSG00000087076,51171
HSD17B2,ENSG00000086696,3294
HSD17B4,ENSG00000133835,3295
HSD17B6,ENSG00000025423,8630
HSD17B7,ENSG00000132196,51478
HSD17B8,ENSG00000204228,7923
HSD3B7,ENSG00000099377,80270
HSD52,ENSG00000224609,729467
HSDL1,ENSG00000103160,83693
HSDL2,ENSG00000119471,84263
HSF1,ENSG00000185122,3297
HSF2,ENSG00000025156,3298
HSF2BP,ENSG00000160207,11077
HSF4,ENSG00000102878,3299
HSF5,ENSG00000176160,124535
HSFX1,ENSG00000171116,100506164
HSH2D,ENSG00000196684,84941
HSP90AA1,ENSG00000080824,3320
HSP90AA6P,ENSG00000181359,441051
HSP90AB1,ENSG00000096384,3326
HSP90AB2P,ENSG00000205940,391634
HSP90AB3P,ENSG00000183199,3327
HSP90B1,ENSG00000166598,7184
HSP90B2P,ENSG00000259706,7190
HSPA12A,ENSG00000165868,259217
HSPA12B,ENSG00000132622,116835
HSPA13,ENSG00000155304,6782
HSPA14,ENSG00000187522,51182
HSPA1A,ENSG00000204389,3303
HSPA1B,ENSG00000204388,3304
HSPA1L,ENSG00000204390,3305
HSPA2,ENSG00000126803,3306
HSPA2-AS1,ENSG00000259116,102723809
HSPA4,ENSG00000170606,3308
HSPA4L,ENSG00000164070,22824
HSPA5,ENSG00000044574,3309
HSPA5P1,ENSG00000215895,400750
HSPA6,ENSG00000173110,3310
HSPA7,ENSG00000225217,3311
HSPA8,ENSG00000109971,3312
HSPA8P1,ENSG00000234176,3314
HSPA8P15,ENSG00000219395,100420051
HSPA8P4,ENSG00000248610,100420028
HSPA9,ENSG00000113013,3313
HSPB1,ENSG00000106211,3315
HSPB6,ENSG00000004776,126393
HSPB7,ENSG00000173641,27129
HSPB8,ENSG00000152137,26353
HSPB9,ENSG00000260325,94086
HSPBAP1,ENSG00000169087,79663
HSPBP1,ENSG00000133265,23640
HSPD1,ENSG00000144381,3329
HSPD1P5,ENSG00000249193,345041
HSPE1,ENSG00000115541,3336
HSPG2,ENSG00000142798,3339
HSPH1,ENSG00000120694,10808
HTATIP2,ENSG00000109854,10553
HTATSF1,ENSG00000102241,27336
HTR1B,ENSG00000135312,3351
HTR1D,ENSG00000179546,3352
HTR1E,ENSG00000168830,3354
HTR1F,ENSG00000179097,3355
HTR2A,ENSG00000102468,3356
HTR2B,ENSG00000135914,3357
HTR3A,ENSG00000166736,3359
HTR6,ENSG00000158748,3362
HTR7,ENSG00000148680,3363
HTRA1,ENSG00000166033,5654
HTRA2,ENSG00000115317,27429
HTRA3,ENSG00000170801,94031
HTRA4,ENSG00000169495,203100
HTT,ENSG00000197386,3064
HUNK,ENSG00000142149,30811
HUS1,ENSG00000136273,3364
HUS1B,ENSG00000188996,135458
HUWE1,ENSG00000086758,10075
HVCN1,ENSG00000122986,84329
HYAL1,ENSG00000114378,3373
HYAL2,ENSG00000068001,8692
HYAL3,ENSG00000186792,8372
HYAL4,ENSG00000106302,23553
HYCC1,ENSG00000122591,84668
HYCC2,ENSG00000155744,285172
HYDIN,ENSG00000157423,54768
HYKK,ENSG00000188266,123688
HYLS1,ENSG00000198331,219844
HYOU1,ENSG00000149428,10525
HYPK,ENSG00000242028,25764
IAH1,ENSG00000134330,285148
IARS1,ENSG00000196305,3376
IARS2,ENSG00000067704,55699
IBA57,ENSG00000181873,200205
IBA57-DT,ENSG00000203684,574432
IBSP,ENSG00000029559,3381
IBTK,ENSG00000005700,25998
ICA1,ENSG00000003147,3382
ICA1L,ENSG00000163596,130026
ICAM1,ENSG00000090339,3383
ICAM2,ENSG00000108622,3384
ICAM3,ENSG00000076662,3385
ICAM5,ENSG00000105376,7087
ICE1,ENSG00000164151,23379
ICE2,ENSG00000128915,79664
ICMT,ENSG00000116237,23463
ICOS,ENSG00000163600,29851
ICOSLG,ENSG00000160223,23308
ID1,ENSG00000125968,3397
ID2,ENSG00000115738,3398
ID3,ENSG00000117318,3399
ID4,ENSG00000172201,3400
IDE,ENSG00000119912,3416
IDH1,ENSG00000138413,3417
IDH1-AS1,ENSG00000231908,100507475
IDH2,ENSG00000182054,3418
IDH3A,ENSG00000166411,3419
IDH3B,ENSG00000101365,3420
IDH3G,ENSG00000067829,3421
IDI1,ENSG00000067064,3422
IDI2-AS1,ENSG00000232656,55853
IDNK,ENSG00000148057,414328
IDO1,ENSG00000131203,3620
IDO2,ENSG00000188676,169355
IDS,ENSG00000010404,3423
IDUA,ENSG00000127415,3425
IER2,ENSG00000160888,9592
IER3,ENSG00000137331,8870
IER3IP1,ENSG00000134049,51124
IER5,ENSG00000162783,51278
IER5L,ENSG00000188483,389792
IFFO1,ENSG00000010295,25900
IFFO2,ENSG00000169991,126917
IFI16,ENSG00000163565,3428
IFI27,ENSG00000165949,3429
IFI27L1,ENSG00000165948,122509
IFI27L2,ENSG00000119632,83982
IFI30,ENSG00000216490,10437
IFI35,ENSG00000068079,3430
IFI44,ENSG00000137965,10561
IFI44L,ENSG00000137959,10964
IFI6,ENSG00000126709,2537
IFIH1,ENSG00000115267,64135
IFIT1,ENSG00000185745,3434
IFIT2,ENSG00000119922,3433
IFIT3,ENSG00000119917,3437
IFIT5,ENSG00000152778,24138
IFITM1,ENSG00000185885,8519
IFITM10,ENSG00000244242,402778
IFITM2,ENSG00000185201,10581
IFITM3,ENSG00000142089,10410
IFITM5,ENSG00000206013,387733
IFNA20P,ENSG00000226393,3463
IFNAR1,ENSG00000142166,3454
IFNAR2,ENSG00000159110,3455
IFNE,ENSG00000184995,338376
IFNG,ENSG00000111537,3458
IFNGR1,ENSG00000027697,3459
IFNGR2,ENSG00000159128,3460
IFNL1,ENSG00000182393,282618
IFNL2,ENSG00000183709,282616
IFNL3,ENSG00000197110,282617
IFNLR1,ENSG00000185436,163702
IFRD1,ENSG00000006652,3475
IFRD2,ENSG00000214706,7866
IFT122,ENSG00000163913,55764
IFT140,ENSG00000187535,9742
IFT172,ENSG00000138002,26160
IFT20,ENSG00000109083,90410
IFT22,ENSG00000128581,64792
IFT25,ENSG00000081870,51668
IFT27,ENSG00000100360,11020
IFT43,ENSG00000119650,112752
IFT46,ENSG00000118096,56912
IFT52,ENSG00000101052,51098
IFT56,ENSG00000105948,79989
IFT57,ENSG00000114446,55081
IFT70A,ENSG00000197557,92104
IFT70B,ENSG00000196659,150737
IFT74,ENSG00000096872,80173
IFT80,ENSG00000068885,57560
IFT81,ENSG00000122970,28981
IFT88,ENSG00000032742,8100
IFTAP,ENSG00000166352,119710
IGBP1,ENSG00000089289,3476
IGDCC3,ENSG00000174498,9543
IGDCC4,ENSG00000103742,57722
IGF1,ENSG00000017427,3479
IGF1R,ENSG00000140443,3480
IGF2,ENSG00000167244,3481
IGF2-AS,ENSG00000099869,51214
IGF2BP1,ENSG00000159217,10642
IGF2BP2,ENSG00000073792,10644
IGF2BP3,ENSG00000136231,10643
IGF2R,ENSG00000197081,3482
IGFALS,ENSG00000099769,3483
IGFBP1,ENSG00000146678,3484
IGFBP2,ENSG00000115457,3485
IGFBP3,ENSG00000146674,3486
IGFBP4,ENSG00000141753,3487
IGFBP5,ENSG00000115461,3488
IGFBP6,ENSG00000167779,3489
IGFBP7,ENSG00000163453,3490
IGFBPL1,ENSG00000137142,347252
IGFL1,ENSG00000188293,374918
IGFL2,ENSG00000204866,147920
IGFL2-AS1,ENSG00000268621,645553
IGFL3,ENSG00000188624,388555
IGFL4,ENSG00000204869,444882
IGFLR1,ENSG00000126246,79713
IGFN1,ENSG00000163395,91156
IGHA1,ENSG00000211895,3493
IGHA2,ENSG00000211890,3494
IGHD,ENSG00000211898,3495
IGHE,ENSG00000211891,3497
IGHEP1,ENSG00000253692,3498
IGHG1,ENSG00000211896,3500
IGHG2,ENSG00000211893,3501
IGHG3,ENSG00000211897,3502
IGHG4,ENSG00000211892,3503
IGHJ1,ENSG00000211905,28483
IGHJ2,ENSG00000211904,28481
IGHJ3,ENSG00000242887,28479
IGHJ3P,ENSG00000237111,28478
IGHJ4,ENSG00000240041,28477
IGHJ5,ENSG00000242472,28476
IGHJ6,ENSG00000211900,28475
IGHM,ENSG00000211899,3507
IGHMBP2,ENSG00000132740,3508
IGHV1-12,ENSG00000254174,28471
IGHV1-14,ENSG00000253709,28470
IGHV1-18,ENSG00000211945,28468
IGHV1-2,ENSG00000211934,28474
IGHV1-24,ENSG00000211950,28467
IGHV1-3,ENSG00000211935,28473
IGHV1-45,ENSG00000211961,28466
IGHV1-46,ENSG00000211962,28465
IGHV1-58,ENSG00000211968,28464
IGHV1-67,ENSG00000253274,28463
IGHV1-69,ENSG00000211973,28461
IGHV1-69-2,ENSG00000281990,28458
IGHV1-69D,ENSG00000280411,102723169
IGHV1OR15-9,ENSG00000188403,390531
IGHV1OR21-1,ENSG00000277282,390530
IGHV2-26,ENSG00000211951,28455
IGHV2-5,ENSG00000211937,28457
IGHV2-70,ENSG00000274576,28454
IGHV2-70D,ENSG00000211974,102723168
IGHV3-11,ENSG00000211941,28450
IGHV3-13,ENSG00000211942,28449
IGHV3-15,ENSG00000211943,28448
IGHV3-19,ENSG00000253883,28446
IGHV3-20,ENSG00000211946,28445
IGHV3-21,ENSG00000211947,28444
IGHV3-22,ENSG00000253957,28443
IGHV3-23,ENSG00000211949,28442
IGHV3-30,ENSG00000270550,28439
IGHV3-33,ENSG00000211955,28434
IGHV3-35,ENSG00000211957,28432
IGHV3-38,ENSG00000211958,28429
IGHV3-41,ENSG00000278473,28428
IGHV3-43,ENSG00000232216,28426
IGHV3-48,ENSG00000211964,28424
IGHV3-49,ENSG00000211965,28423
IGHV3-52,ENSG00000253545,28421
IGHV3-53,ENSG00000211967,28420
IGHV3-6,ENSG00000253763,28453
IGHV3-60,ENSG00000253742,28417
IGHV3-62,ENSG00000253132,28416
IGHV3-63,ENSG00000253936,28415
IGHV3-64,ENSG00000223648,28414
IGHV3-64D,ENSG00000282639,102723170
IGHV3-66,ENSG00000211972,28412
IGHV3-69-1,ENSG00000282600,28402
IGHV3-7,ENSG00000211938,28452
IGHV3-71,ENSG00000254056,28411
IGHV3-72,ENSG00000225698,28410
IGHV3-73,ENSG00000211976,28409
IGHV3-74,ENSG00000224650,28408
IGHV3OR16-17,ENSG00000259680,390714
IGHV3OR16-8,ENSG00000271130,388255
IGHV3OR16-9,ENSG00000270472,28307
IGHV4-28,ENSG00000211952,28400
IGHV4-30-2,ENSG00000231475,28398
IGHV4-34,ENSG00000211956,28395
IGHV4-39,ENSG00000211959,28394
IGHV4-4,ENSG00000276775,28401
IGHV4-55,ENSG00000254395,28393
IGHV4-59,ENSG00000224373,28392
IGHV4-61,ENSG00000211970,28391
IGHV4-80,ENSG00000283906,28390
IGHV5-51,ENSG00000211966,28388
IGHV5-78,ENSG00000211978,28387
IGHV6-1,ENSG00000211933,28385
IGHV7-4-1,ENSG00000282122,57289
IGHV7-56,ENSG00000253131,28380
IGHV7-81,ENSG00000211979,28378
IGIP,ENSG00000182700,492311
IGKC,ENSG00000211592,3514
IGKJ1,ENSG00000211597,28950
IGKJ3,ENSG00000211595,28948
IGKJ4,ENSG00000211594,28947
IGKJ5,ENSG00000211593,28946
IGKV1-12,ENSG00000243290,28940
IGKV1-13,ENSG00000253497,28939
IGKV1-16,ENSG00000240864,28938
IGKV1-17,ENSG00000240382,28937
IGKV1-27,ENSG00000244575,28935
IGKV1-33,ENSG00000242076,28933
IGKV1-39,ENSG00000242371,28930
IGKV1-5,ENSG00000243466,28299
IGKV1-6,ENSG00000239855,28943
IGKV1-8,ENSG00000240671,28942
IGKV1-9,ENSG00000241755,28941
IGKV1D-12,ENSG00000278857,28903
IGKV1D-13,ENSG00000276566,28902
IGKV1D-16,ENSG00000241244,28901
IGKV1D-17,ENSG00000242766,28900
IGKV1D-33,ENSG00000239975,28896
IGKV1D-39,ENSG00000251546,28893
IGKV1D-42,ENSG00000211633,28892
IGKV1D-43,ENSG00000242580,28891
IGKV1D-8,ENSG00000239819,28904
IGKV1ORY-1,ENSG00000271375,439957
IGKV2-24,ENSG00000241294,28923
IGKV2-26,ENSG00000254098,28922
IGKV2-28,ENSG00000244116,28921
IGKV2-29,ENSG00000253998,28920
IGKV2-30,ENSG00000243238,28919
IGKV2D-24,ENSG00000241566,28885
IGKV2D-28,ENSG00000242534,28883
IGKV2D-29,ENSG00000243264,28882
IGKV2D-30,ENSG00000239571,28881
IGKV2D-40,ENSG00000251039,28878
IGKV3-11,ENSG00000241351,28914
IGKV3-15,ENSG00000244437,28913
IGKV3-20,ENSG00000239951,28912
IGKV3-7,ENSG00000243063,28915
IGKV3D-11,ENSG00000211632,28876
IGKV3D-15,ENSG00000224041,28875
IGKV3D-20,ENSG00000211625,28874
IGKV4-1,ENSG00000211598,28908
IGKV5-2,ENSG00000211599,28907
IGKV6-21,ENSG00000211611,28906
IGKV6D-21,ENSG00000225523,28870
IGLC2,ENSG00000211677,3538
IGLC3,ENSG00000211679,3539
IGLC6,ENSG00000222037,3542
IGLC7,ENSG00000211685,28834
IGLL5,ENSG00000254709,100423062
IGLON5,ENSG00000142549,402665
IGLV1-36,ENSG00000211655,28826
IGLV1-40,ENSG00000211653,28825
IGLV1-41,ENSG00000253818,28824
IGLV1-44,ENSG00000211651,28823
IGLV1-47,ENSG00000211648,28822
IGLV1-50,ENSG00000211645,28821
IGLV1-51,ENSG00000211644,28820
IGLV10-54,ENSG00000211642,28772
IGLV2-11,ENSG00000211668,28816
IGLV2-14,ENSG00000211666,28815
IGLV2-18,ENSG00000211664,28814
IGLV2-23,ENSG00000211660,28813
IGLV2-28,ENSG00000253451,28812
IGLV2-33,ENSG00000211656,28811
IGLV2-8,ENSG00000278196,28817
IGLV3-10,ENSG00000211669,28803
IGLV3-12,ENSG00000211667,28802
IGLV3-16,ENSG00000211665,28799
IGLV3-19,ENSG00000211663,28797
IGLV3-21,ENSG00000211662,28796
IGLV3-25,ENSG00000211659,28793
IGLV3-27,ENSG00000211658,28791
IGLV3-9,ENSG00000211670,28804
IGLV4-3,ENSG00000211672,28786
IGLV4-60,ENSG00000211639,28785
IGLV4-69,ENSG00000211637,28784
IGLV5-37,ENSG00000211654,28783
IGLV5-45,ENSG00000211650,28781
IGLV5-48,ENSG00000211647,28780
IGLV6-57,ENSG00000211640,28778
IGLV7-43,ENSG00000211652,28776
IGLV7-46,ENSG00000211649,28775
IGLV8-61,ENSG00000211638,28774
IGLV9-49,ENSG00000223350,28773
IGLVI-70,ENSG00000253239,28763
IGSF1,ENSG00000147255,3547
IGSF10,ENSG00000152580,285313
IGSF11,ENSG00000144847,152404
IGSF21,ENSG00000117154,84966
IGSF22,ENSG00000179057,283284
IGSF23,ENSG00000216588,147710
IGSF3,ENSG00000143061,3321
IGSF5,ENSG00000183067,150084
IGSF6,ENSG00000140749,10261
IGSF8,ENSG00000162729,93185
IGSF9,ENSG00000085552,57549
IGSF9B,ENSG00000080854,22997
IHO1,ENSG00000173421,339834
IK,ENSG00000113141,3550
IKBIP,ENSG00000166130,121457
IKBKB,ENSG00000104365,3551
IKBKE,ENSG00000263528,9641
IKBKE-AS1,ENSG00000162888,574431
IKBKG,ENSG00000269335,8517
IKZF1,ENSG00000185811,10320
IKZF2,ENSG00000030419,22807
IKZF3,ENSG00000161405,22806
IKZF4,ENSG00000123411,64375
IKZF5,ENSG00000095574,64376
IL10,ENSG00000136634,3586
IL10RA,ENSG00000110324,3587
IL10RB,ENSG00000243646,3588
IL11,ENSG00000095752,3589
IL11RA,ENSG00000137070,3590
IL12A,ENSG00000168811,3592
IL12A-AS1,ENSG00000244040,101928376
IL12B,ENSG00000113302,3593
IL12RB1,ENSG00000096996,3594
IL12RB2,ENSG00000081985,3595
IL13RA1,ENSG00000131724,3597
IL13RA2,ENSG00000123496,3598
IL15,ENSG00000164136,3600
IL15RA,ENSG00000134470,3601
IL16,ENSG00000172349,3603
IL17B,ENSG00000127743,27190
IL17C,ENSG00000124391,27189
IL17D,ENSG00000172458,53342
IL17RA,ENSG00000177663,23765
IL17RB,ENSG00000056736,55540
IL17RC,ENSG00000163702,84818
IL17RD,ENSG00000144730,54756
IL17RE,ENSG00000163701,132014
IL17REL,ENSG00000188263,400935
IL18,ENSG00000150782,3606
IL18BP,ENSG00000137496,10068
IL18R1,ENSG00000115604,8809
IL18RAP,ENSG00000115607,8807
IL19,ENSG00000142224,29949
IL1A,ENSG00000115008,3552
IL1B,ENSG00000125538,3553
IL1R1,ENSG00000115594,3554
IL1R2,ENSG00000115590,7850
IL1RAP,ENSG00000196083,3556
IL1RAPL1,ENSG00000169306,11141
IL1RAPL2,ENSG00000189108,26280
IL1RL1,ENSG00000115602,9173
IL1RL2,ENSG00000115598,8808
IL1RN,ENSG00000136689,3557
IL20,ENSG00000162891,50604
IL20RA,ENSG00000016402,53832
IL20RB,ENSG00000174564,53833
IL21,ENSG00000138684,59067
IL21-AS1,ENSG00000227145,100996941
IL21R,ENSG00000103522,50615
IL21R-AS1,ENSG00000259954,283888
IL22RA1,ENSG00000142677,58985
IL22RA2,ENSG00000164485,116379
IL23A,ENSG00000110944,51561
IL24,ENSG00000162892,11009
IL27,ENSG00000197272,246778
IL27RA,ENSG00000104998,9466
IL2RA,ENSG00000134460,3559
IL2RB,ENSG00000100385,3560
IL2RG,ENSG00000147168,3561
IL31RA,ENSG00000164509,133396
IL32,ENSG00000008517,9235
IL33,ENSG00000137033,90865
IL34,ENSG00000157368,146433
IL36RN,ENSG00000136695,26525
IL3RA,ENSG00000185291,3563
IL4I1,ENSG00000104951,259307
IL4R,ENSG00000077238,3566
IL5RA,ENSG00000091181,3568
IL6,ENSG00000136244,3569
IL6-AS1,ENSG00000179428,541472
IL6R,ENSG00000160712,3570
IL6R-AS1,ENSG00000228013,101928101
IL6ST,ENSG00000134352,3572
IL6ST-DT,ENSG00000227908,441072
IL7,ENSG00000104432,3574
IL7R,ENSG00000168685,3575
IL9R,ENSG00000124334,3581
ILDR1,ENSG00000145103,286676
ILDR2,ENSG00000143195,387597
ILF2,ENSG00000143621,3608
ILF3,ENSG00000129351,3609
ILF3-DT,ENSG00000267100,147727
ILK,ENSG00000166333,3611
ILKAP,ENSG00000132323,80895
ILRUN,ENSG00000196821,64771
ILRUN-AS1,ENSG00000272288,101929243
ILVBL,ENSG00000105135,10994
ILVBL-AS1,ENSG00000268564,118827806
IMMP1L,ENSG00000148950,196294
IMMP2L,ENSG00000184903,83943
IMMT,ENSG00000132305,10989
IMP3,ENSG00000177971,55272
IMP4,ENSG00000136718,92856
IMPA1,ENSG00000133731,3612
IMPA2,ENSG00000141401,3613
IMPACT,ENSG00000154059,55364
IMPDH1,ENSG00000106348,3614
IMPDH2,ENSG00000178035,3615
IMPG1,ENSG00000112706,3617
IMPG2,ENSG00000081148,50939
INA,ENSG00000148798,9118
INAFM1,ENSG00000257704,255783
INAFM2,ENSG00000259330,100505573
INAVA,ENSG00000163362,55765
INCA1,ENSG00000196388,388324
INCENP,ENSG00000149503,3619
INE1,ENSG00000224975,8552
INF2,ENSG00000203485,64423
ING1,ENSG00000153487,3621
ING2,ENSG00000168556,3622
ING3,ENSG00000071243,54556
ING4,ENSG00000111653,51147
ING5,ENSG00000168395,84289
INHA,ENSG00000123999,3623
INHBA,ENSG00000122641,3624
INHBA-AS1,ENSG00000224116,285954
INHBB,ENSG00000163083,3625
INHBC,ENSG00000175189,3626
INHBE,ENSG00000139269,83729
INIP,ENSG00000148153,58493
INKA1,ENSG00000185614,389119
INKA2,ENSG00000197852,55924
INMT,ENSG00000241644,11185
INO80,ENSG00000128908,54617
INO80B,ENSG00000115274,83444
INO80C,ENSG00000153391,125476
INO80D,ENSG00000114933,54891
INO80E,ENSG00000169592,283899
INPP1,ENSG00000151689,3628
INPP4A,ENSG00000040933,3631
INPP4B,ENSG00000109452,8821
INPP5A,ENSG00000068383,3632
INPP5B,ENSG00000204084,3633
INPP5D,ENSG00000168918,3635
INPP5E,ENSG00000148384,56623
INPP5F,ENSG00000198825,22876
INPP5J,ENSG00000185133,27124
INPP5K,ENSG00000132376,51763
INPPL1,ENSG00000165458,3636
INSC,ENSG00000188487,387755
INSIG1,ENSG00000186480,3638
INSIG2,ENSG00000125629,51141
INSL3,ENSG00000248099,3640
INSL6,ENSG00000120210,11172
INSM1,ENSG00000173404,3642
INSR,ENSG00000171105,3643
INSRR,ENSG00000027644,3645
INSYN1,ENSG00000205363,388135
INSYN2A,ENSG00000188916,642938
INSYN2B,ENSG00000204767,100131897
INTS1,ENSG00000164880,26173
INTS10,ENSG00000104613,55174
INTS11,ENSG00000127054,54973
INTS12,ENSG00000138785,57117
INTS13,ENSG00000064102,55726
INTS14,ENSG00000138614,81556
INTS15,ENSG00000146576,79034
INTS2,ENSG00000108506,57508
INTS3,ENSG00000143624,65123
INTS4,ENSG00000149262,92105
INTS4P2,ENSG00000273024,644619
INTS5,ENSG00000185085,80789
INTS6,ENSG00000102786,26512
INTS6-AS1,ENSG00000236778,100507398
INTS6L,ENSG00000165359,203522
INTS7,ENSG00000143493,25896
INTS8,ENSG00000164941,55656
INTS9,ENSG00000104299,55756
INTU,ENSG00000164066,27152
INVS,ENSG00000119509,27130
IP6K1,ENSG00000176095,9807
IP6K2,ENSG00000068745,51447
IP6K3,ENSG00000161896,117283
IPCEF1,ENSG00000074706,26034
IPMK,ENSG00000151151,253430
IPO11,ENSG00000086200,51194
IPO11-LRRC70,ENSG00000086200,101180901
IPO13,ENSG00000117408,9670
IPO4,ENSG00000196497,79711
IPO5,ENSG00000065150,3843
IPO7,ENSG00000205339,10527
IPO8,ENSG00000133704,10526
IPO9,ENSG00000198700,55705
IPO9-AS1,ENSG00000231871,100873949
IPP,ENSG00000197429,3652
IPPK,ENSG00000127080,64768
IQANK1,ENSG00000203499,642574
IQCA1,ENSG00000132321,79781
IQCB1,ENSG00000173226,9657
IQCC,ENSG00000160051,55721
IQCD,ENSG00000166578,115811
IQCE,ENSG00000106012,23288
IQCG,ENSG00000114473,84223
IQCH,ENSG00000103599,64799
IQCH-AS1,ENSG00000259673,100506686
IQCJ,ENSG00000214216,654502
IQCJ-SCHIP1,ENSG00000283154,100505385
IQCK,ENSG00000174628,124152
IQCN,ENSG00000130518,80726
IQGAP1,ENSG00000140575,8826
IQGAP2,ENSG00000145703,10788
IQGAP3,ENSG00000183856,128239
IQSEC1,ENSG00000144711,9922
IQSEC2,ENSG00000124313,23096
IQSEC3,ENSG00000120645,440073
IQSEC3-AS2,ENSG00000256948,105369593
IQUB,ENSG00000164675,154865
IRAG1,ENSG00000072952,10335
IRAG1-AS1,ENSG00000177112,100129827
IRAG2,ENSG00000118308,4033
IRAK1,ENSG00000184216,3654
IRAK1BP1,ENSG00000146243,134728
IRAK2,ENSG00000134070,3656
IRAK3,ENSG00000090376,11213
IRAK4,ENSG00000198001,51135
IREB2,ENSG00000136381,3658
IRF1,ENSG00000125347,3659
IRF2,ENSG00000168310,3660
IRF2-DT,ENSG00000271646,117134601
IRF2BP1,ENSG00000170604,26145
IRF2BP2,ENSG00000168264,359948
IRF2BPL,ENSG00000119669,64207
IRF3,ENSG00000126456,3661
IRF4,ENSG00000137265,3662
IRF5,ENSG00000128604,3663
IRF6,ENSG00000117595,3664
IRF7,ENSG00000185507,3665
IRF8,ENSG00000140968,3394
IRF9,ENSG00000213928,10379
IRGQ,ENSG00000167378,126298
IRS1,ENSG00000169047,3667
IRS2,ENSG00000185950,8660
IRX1,ENSG00000170549,79192
IRX2,ENSG00000170561,153572
IRX3,ENSG00000177508,79191
IRX4,ENSG00000113430,50805
IRX5,ENSG00000176842,10265
IRX6,ENSG00000159387,79190
ISCA1,ENSG00000135070,81689
ISCA2,ENSG00000165898,122961
ISCU,ENSG00000136003,23479
ISG15,ENSG00000187608,9636
ISG20,ENSG00000172183,3669
ISG20L2,ENSG00000143319,81875
ISL1,ENSG00000016082,3670
ISL1-DT,ENSG00000259663,642366
ISL2,ENSG00000159556,64843
ISLR,ENSG00000129009,3671
ISLR2,ENSG00000167178,57611
ISM1,ENSG00000101230,140862
ISM2,ENSG00000100593,145501
ISOC1,ENSG00000066583,51015
ISOC2,ENSG00000063241,79763
IST1,ENSG00000182149,9798
ISY1,ENSG00000240682,57461
ISYNA1,ENSG00000105655,51477
ITCH,ENSG00000078747,83737
ITFG1,ENSG00000129636,81533
ITFG2,ENSG00000111203,55846
ITGA1,ENSG00000213949,3672
ITGA10,ENSG00000143127,8515
ITGA11,ENSG00000137809,22801
ITGA2,ENSG00000164171,3673
ITGA2B,ENSG00000005961,3674
ITGA3,ENSG00000005884,3675
ITGA4,ENSG00000115232,3676
ITGA5,ENSG00000161638,3678
ITGA6,ENSG00000091409,3655
ITGA6-AS1,ENSG00000232788,101929947
ITGA7,ENSG00000135424,3679
ITGA8,ENSG00000077943,8516
ITGA9,ENSG00000144668,3680
ITGA9-AS1,ENSG00000235257,101928153
ITGAD,ENSG00000156886,3681
ITGAE,ENSG00000083457,3682
ITGAL,ENSG00000005844,3683
ITGAM,ENSG00000169896,3684
ITGAV,ENSG00000138448,3685
ITGAX,ENSG00000140678,3687
ITGB1,ENSG00000150093,3688
ITGB1-DT,ENSG00000229656,101929475
ITGB1BP1,ENSG00000119185,9270
ITGB1BP2,ENSG00000147166,26548
ITGB2,ENSG00000160255,3689
ITGB2-AS1,ENSG00000227039,100505746
ITGB3,ENSG00000259207,3690
ITGB3BP,ENSG00000142856,23421
ITGB4,ENSG00000132470,3691
ITGB5,ENSG00000082781,3693
ITGB6,ENSG00000115221,3694
ITGB7,ENSG00000139626,3695
ITGB8,ENSG00000105855,3696
ITGB8-AS1,ENSG00000271133,101927811
ITGBL1,ENSG00000198542,9358
ITIH1,ENSG00000055957,3697
ITIH2,ENSG00000151655,3698
ITIH3,ENSG00000162267,3699
ITIH4,ENSG00000055955,3700
ITIH5,ENSG00000123243,80760
ITIH6,ENSG00000102313,347365
ITK,ENSG00000113263,3702
ITM2A,ENSG00000078596,9452
ITM2B,ENSG00000136156,9445
ITM2C,ENSG00000135916,81618
ITPA,ENSG00000125877,3704
ITPK1,ENSG00000100605,3705
ITPKA,ENSG00000137825,3706
ITPKB,ENSG00000143772,3707
ITPKC,ENSG00000086544,80271
ITPR1,ENSG00000150995,3708
ITPR1-DT,ENSG00000231249,100996539
ITPR2,ENSG00000123104,3709
ITPR3,ENSG00000096433,3710
ITPRID1,ENSG00000180347,223075
ITPRID2,ENSG00000138434,6744
ITPRIP,ENSG00000148841,85450
ITPRIPL1,ENSG00000198885,150771
ITPRIPL2,ENSG00000205730,162073
ITSN1,ENSG00000205726,6453
ITSN2,ENSG00000198399,50618
IVD,ENSG00000128928,3712
IVL,ENSG00000163207,3713
IVNS1ABP,ENSG00000116679,10625
IWS1,ENSG00000163166,55677
IYD,ENSG00000009765,389434
IZUMO1,ENSG00000182264,284359
IZUMO4,ENSG00000099840,113177
JADE1,ENSG00000077684,79960
JADE2,ENSG00000043143,23338
JADE3,ENSG00000102221,9767
JAG1,ENSG00000101384,182
JAG2,ENSG00000184916,3714
JAGN1,ENSG00000171135,84522
JAK1,ENSG00000162434,3716
JAK2,ENSG00000096968,3717
JAK3,ENSG00000105639,3718
JAKMIP1,ENSG00000152969,152789
JAKMIP2,ENSG00000176049,9832
JAKMIP3,ENSG00000188385,282973
JAM2,ENSG00000154721,58494
JAM3,ENSG00000166086,83700
JAML,ENSG00000160593,120425
JARID2,ENSG00000008083,3720
JARID2-AS1,ENSG00000235488,100506681
JAZF1,ENSG00000153814,221895
JCAD,ENSG00000165757,57608
JCHAIN,ENSG00000132465,3512
JDP2,ENSG00000140044,122953
JHY,ENSG00000109944,79864
JKAMP,ENSG00000050130,51528
JMJD1C,ENSG00000171988,221037
JMJD1C-AS1,ENSG00000272767,84989
JMJD4,ENSG00000081692,65094
JMJD6,ENSG00000070495,23210
JMJD7,ENSG00000243789,100137047
JMJD7-PLA2G4B,ENSG00000168970,8681
JMJD8,ENSG00000161999,339123
JMY,ENSG00000152409,133746
JOSD1,ENSG00000100221,9929
JOSD2,ENSG00000161677,126119
JPH1,ENSG00000104369,56704
JPH2,ENSG00000149596,57158
JPH3,ENSG00000154118,57338
JPH4,ENSG00000092051,84502
JPT1,ENSG00000189159,51155
JPT2,ENSG00000206053,90861
JPX,ENSG00000225470,554203
JRK,ENSG00000234616,8629
JRKL,ENSG00000183340,8690
JSRP1,ENSG00000167476,126306
JTB,ENSG00000143543,10899
JTB-DT,ENSG00000272654,123706540
JUN,ENSG00000177606,3725
JUNB,ENSG00000171223,3726
JUND,ENSG00000130522,3727
JUP,ENSG00000173801,3728
KALRN,ENSG00000160145,8997
KANK1,ENSG00000107104,23189
KANK2,ENSG00000197256,25959
KANK3,ENSG00000186994,256949
KANK4,ENSG00000132854,163782
KANSL1,ENSG00000120071,284058
KANSL1-AS1,ENSG00000214401,644246
KANSL1L,ENSG00000144445,151050
KANSL2,ENSG00000139620,54934
KANSL3,ENSG00000114982,55683
KANTR,ENSG00000232593,102723508
KARS1,ENSG00000065427,3735
KASH5,ENSG00000161609,147872
KAT14,ENSG00000149474,57325
KAT2A,ENSG00000108773,2648
KAT2B,ENSG00000114166,8850
KAT5,ENSG00000172977,10524
KAT6A,ENSG00000083168,7994
KAT6B,ENSG00000156650,23522
KAT7,ENSG00000136504,11143
KAT7P1,ENSG00000232842,648927
KAT8,ENSG00000103510,84148
KATNA1,ENSG00000186625,11104
KATNAL1,ENSG00000102781,84056
KATNAL2,ENSG00000167216,83473
KATNB1,ENSG00000140854,10300
KATNBL1,ENSG00000134152,79768
KATNIP,ENSG00000047578,23247
KAZALD1,ENSG00000107821,81621
KAZN,ENSG00000189337,23254
KAZN-AS1,ENSG00000234593,105376762
KBTBD11,ENSG00000176595,9920
KBTBD11-AS1,ENSG00000253764,101928058
KBTBD12,ENSG00000187715,166348
KBTBD2,ENSG00000170852,25948
KBTBD3,ENSG00000182359,143879
KBTBD4,ENSG00000123444,55709
KBTBD6,ENSG00000165572,89890
KBTBD6-DT,ENSG00000278390,101929140
KBTBD7,ENSG00000120696,84078
KBTBD8,ENSG00000163376,84541
KC6,ENSG00000267313,641516
KCMF1,ENSG00000176407,56888
KCNA1,ENSG00000111262,3736
KCNA2,ENSG00000177301,3737
KCNA3,ENSG00000177272,3738
KCNA5,ENSG00000130037,3741
KCNA6,ENSG00000151079,3742
KCNAB1,ENSG00000169282,7881
KCNAB2,ENSG00000069424,8514
KCNAB3,ENSG00000170049,9196
KCNB1,ENSG00000158445,3745
KCNB2,ENSG00000182674,9312
KCNC1,ENSG00000129159,3746
KCNC2,ENSG00000166006,3747
KCNC3,ENSG00000131398,3748
KCNC4,ENSG00000116396,3749
KCND1,ENSG00000102057,3750
KCND2,ENSG00000184408,3751
KCND3,ENSG00000171385,3752
KCNE1,ENSG00000180509,3753
KCNE3,ENSG00000175538,10008
KCNE4,ENSG00000152049,23704
KCNE5,ENSG00000176076,23630
KCNF1,ENSG00000162975,3754
KCNG1,ENSG00000026559,3755
KCNG2,ENSG00000178342,26251
KCNG3,ENSG00000171126,170850
KCNH1,ENSG00000143473,3756
KCNH2,ENSG00000055118,3757
KCNH3,ENSG00000135519,23416
KCNH4,ENSG00000089558,23415
KCNH6,ENSG00000173826,81033
KCNH8,ENSG00000183960,131096
KCNIP1,ENSG00000182132,30820
KCNIP2,ENSG00000120049,30819
KCNIP3,ENSG00000115041,30818
KCNIP4,ENSG00000185774,80333
KCNJ1,ENSG00000151704,3758
KCNJ10,ENSG00000177807,3766
KCNJ11,ENSG00000187486,3767
KCNJ12,ENSG00000184185,3768
KCNJ13,ENSG00000115474,3769
KCNJ14,ENSG00000182324,3770
KCNJ15,ENSG00000157551,3772
KCNJ16,ENSG00000153822,3773
KCNJ2,ENSG00000123700,3759
KCNJ2-AS1,ENSG00000267365,400617
KCNJ3,ENSG00000162989,3760
KCNJ5,ENSG00000120457,3762
KCNJ5-AS1,ENSG00000174370,219833
KCNJ6,ENSG00000157542,3763
KCNJ8,ENSG00000121361,3764
KCNJ9,ENSG00000162728,3765
KCNK1,ENSG00000135750,3775
KCNK10,ENSG00000100433,54207
KCNK12,ENSG00000184261,56660
KCNK13,ENSG00000152315,56659
KCNK15,ENSG00000124249,60598
KCNK17,ENSG00000124780,89822
KCNK2,ENSG00000082482,3776
KCNK3,ENSG00000171303,3777
KCNK5,ENSG00000164626,8645
KCNK6,ENSG00000099337,9424
KCNK7,ENSG00000173338,10089
KCNK9,ENSG00000169427,51305
KCNMA1,ENSG00000156113,3778
KCNMA1-AS1,ENSG00000236467,101929328
KCNMB1,ENSG00000145936,3779
KCNMB2,ENSG00000197584,10242
KCNMB3,ENSG00000171121,27094
KCNMB4,ENSG00000135643,27345
KCNN1,ENSG00000105642,3780
KCNN2,ENSG00000080709,3781
KCNN3,ENSG00000143603,3782
KCNN4,ENSG00000104783,3783
KCNQ1,ENSG00000053918,3784
KCNQ1OT1,ENSG00000269821,10984
KCNQ2,ENSG00000075043,3785
KCNQ3,ENSG00000184156,3786
KCNQ4,ENSG00000117013,9132
KCNQ5,ENSG00000185760,56479
KCNRG,ENSG00000198553,283518
KCNS1,ENSG00000124134,3787
KCNS2,ENSG00000156486,3788
KCNS3,ENSG00000170745,3790
KCNT1,ENSG00000107147,57582
KCNT2,ENSG00000162687,343450
KCNU1,ENSG00000215262,157855
KCP,ENSG00000135253,375616
KCTD1,ENSG00000134504,284252
KCTD10,ENSG00000110906,83892
KCTD11,ENSG00000213859,147040
KCTD12,ENSG00000178695,115207
KCTD13,ENSG00000174943,253980
KCTD14,ENSG00000151364,65987
KCTD15,ENSG00000153885,79047
KCTD16,ENSG00000183775,57528
KCTD17,ENSG00000100379,79734
KCTD18,ENSG00000155729,130535
KCTD19,ENSG00000168676,146212
KCTD2,ENSG00000180901,23510
KCTD20,ENSG00000112078,222658
KCTD21,ENSG00000188997,283219
KCTD21-AS1,ENSG00000246174,100289388
KCTD3,ENSG00000136636,51133
KCTD5,ENSG00000167977,54442
KCTD6,ENSG00000168301,200845
KCTD7,ENSG00000243335,154881
KCTD9,ENSG00000104756,54793
KDELR1,ENSG00000105438,10945
KDELR2,ENSG00000136240,11014
KDELR3,ENSG00000100196,11015
KDF1,ENSG00000175707,126695
KDM1A,ENSG00000004487,23028
KDM1B,ENSG00000165097,221656
KDM2A,ENSG00000173120,22992
KDM2B,ENSG00000089094,84678
KDM3A,ENSG00000115548,55818
KDM3B,ENSG00000120733,51780
KDM4A,ENSG00000066135,9682
KDM4B,ENSG00000127663,23030
KDM4C,ENSG00000107077,23081
KDM4D,ENSG00000186280,55693
KDM5A,ENSG00000073614,5927
KDM5B,ENSG00000117139,10765
KDM5C,ENSG00000126012,8242
KDM6A,ENSG00000147050,7403
KDM6B,ENSG00000132510,23135
KDM7A,ENSG00000006459,80853
KDM7A-DT,ENSG00000260231,100134229
KDM8,ENSG00000155666,79831
KDR,ENSG00000128052,3791
KDSR,ENSG00000119537,2531
KDSR-DT,ENSG00000267390,118827811
KEAP1,ENSG00000079999,9817
KEL,ENSG00000197993,3792
KERA,ENSG00000139330,11081
KGD4,ENSG00000134056,92259
KHDC1,ENSG00000135314,80759
KHDC1-AS1,ENSG00000229852,122539212
KHDC4,ENSG00000132680,22889
KHDRBS1,ENSG00000121774,10657
KHDRBS2,ENSG00000112232,202559
KHDRBS3,ENSG00000131773,10656
KHK,ENSG00000138030,3795
KHNYN,ENSG00000100441,23351
KHSRP,ENSG00000088247,8570
KIAA0040,ENSG00000235750,9674
KIAA0087,ENSG00000122548,9808
KIAA0232,ENSG00000170871,9778
KIAA0319,ENSG00000137261,9856
KIAA0319L,ENSG00000142687,79932
KIAA0513,ENSG00000135709,9764
KIAA0586,ENSG00000100578,9786
KIAA0753,ENSG00000198920,9851
KIAA0825,ENSG00000185261,285600
KIAA0930,ENSG00000100364,23313
KIAA1143,ENSG00000163807,57456
KIAA1191,ENSG00000122203,57179
KIAA1191P2,ENSG00000254506,100127938
KIAA1210,ENSG00000250423,57481
KIAA1217,ENSG00000120549,56243
KIAA1328,ENSG00000150477,57536
KIAA1549,ENSG00000122778,57670
KIAA1549L,ENSG00000110427,25758
KIAA1586,ENSG00000168116,57691
KIAA1614,ENSG00000135835,57710
KIAA1671,ENSG00000197077,85379
KIAA1671-AS1,ENSG00000203280,100128531
KIAA1755,ENSG00000149633,85449
KIAA1958,ENSG00000165185,158405
KIAA2012,ENSG00000182329,100652824
KIAA2012-AS1,ENSG00000222035,729224
KIAA2013,ENSG00000116685,90231
KICS2,ENSG00000174206,144577
KIDINS220,ENSG00000134313,57498
KIF11,ENSG00000138160,3832
KIF12,ENSG00000136883,113220
KIF13A,ENSG00000137177,63971
KIF13B,ENSG00000197892,23303
KIF14,ENSG00000118193,9928
KIF15,ENSG00000163808,56992
KIF16B,ENSG00000089177,55614
KIF17,ENSG00000117245,57576
KIF18A,ENSG00000121621,81930
KIF18B,ENSG00000186185,146909
KIF19,ENSG00000196169,124602
KIF1A,ENSG00000130294,547
KIF1B,ENSG00000054523,23095
KIF1C,ENSG00000129250,10749
KIF1C-AS1,ENSG00000227495,102724009
KIF20A,ENSG00000112984,10112
KIF20B,ENSG00000138182,9585
KIF21A,ENSG00000139116,55605
KIF21B,ENSG00000116852,23046
KIF22,ENSG00000079616,3835
KIF23,ENSG00000137807,9493
KIF23-AS1,ENSG00000259426,145694
KIF24,ENSG00000186638,347240
KIF25,ENSG00000125337,3834
KIF25-AS1,ENSG00000229921,100505879
KIF26A,ENSG00000066735,26153
KIF26B,ENSG00000162849,55083
KIF27,ENSG00000165115,55582
KIF2A,ENSG00000068796,3796
KIF2C,ENSG00000142945,11004
KIF3A,ENSG00000131437,11127
KIF3B,ENSG00000101350,9371
KIF3C,ENSG00000084731,3797
KIF4A,ENSG00000090889,24137
KIF5A,ENSG00000155980,3798
KIF5B,ENSG00000170759,3799
KIF5C,ENSG00000168280,3800
KIF6,ENSG00000164627,221458
KIF7,ENSG00000166813,374654
KIF9,ENSG00000088727,64147
KIFAP3,ENSG00000075945,22920
KIFBP,ENSG00000198954,26128
KIFC1,ENSG00000237649,3833
KIFC2,ENSG00000167702,90990
KIFC3,ENSG00000140859,3801
KIN,ENSG00000151657,22944
KIR2DL3,ENSG00000243772,3804
KIR2DL4,ENSG00000189013,3805
KIR2DS4,ENSG00000221957,3809
KIR3DL1,ENSG00000167633,3811
KIR3DL2,ENSG00000240403,3812
KIRREL1,ENSG00000183853,55243
KIRREL2,ENSG00000126259,84063
KIRREL3,ENSG00000149571,84623
KISS1,ENSG00000170498,3814
KISS1R,ENSG00000116014,84634
KIT,ENSG00000157404,3815
KITLG,ENSG00000049130,4254
KIZ,ENSG00000088970,55857
KIZ-AS1,ENSG00000232712,101929591
KL,ENSG00000133116,9365
KLB,ENSG00000134962,152831
KLC1,ENSG00000126214,3831
KLC2,ENSG00000174996,64837
KLC3,ENSG00000104892,147700
KLC4,ENSG00000137171,89953
KLF1,ENSG00000105610,10661
KLF10,ENSG00000155090,7071
KLF11,ENSG00000172059,8462
KLF12,ENSG00000118922,11278
KLF13,ENSG00000169926,51621
KLF14,ENSG00000266265,136259
KLF15,ENSG00000163884,28999
KLF16,ENSG00000129911,83855
KLF17,ENSG00000171872,128209
KLF17P2,ENSG00000248698,106481669
KLF2,ENSG00000127528,10365
KLF2P2,ENSG00000230646,106480678
KLF3,ENSG00000109787,51274
KLF4,ENSG00000136826,9314
KLF5,ENSG00000102554,688
KLF6,ENSG00000067082,1316
KLF7,ENSG00000118263,8609
KLF8,ENSG00000102349,11279
KLF9,ENSG00000119138,687
KLHDC1,ENSG00000197776,122773
KLHDC10,ENSG00000128607,23008
KLHDC2,ENSG00000165516,23588
KLHDC3,ENSG00000124702,116138
KLHDC4,ENSG00000104731,54758
KLHDC7A,ENSG00000179023,127707
KLHDC7B,ENSG00000130487,113730
KLHDC8A,ENSG00000162873,55220
KLHDC8B,ENSG00000185909,200942
KLHDC9,ENSG00000162755,126823
KLHL10,ENSG00000161594,317719
KLHL11,ENSG00000178502,55175
KLHL12,ENSG00000117153,59349
KLHL13,ENSG00000003096,90293
KLHL14,ENSG00000197705,57565
KLHL15,ENSG00000174010,80311
KLHL17,ENSG00000187961,339451
KLHL18,ENSG00000114648,23276
KLHL2,ENSG00000109466,11275
KLHL20,ENSG00000076321,27252
KLHL21,ENSG00000162413,9903
KLHL22,ENSG00000099910,84861
KLHL23,ENSG00000213160,151230
KLHL24,ENSG00000114796,54800
KLHL25,ENSG00000183655,64410
KLHL26,ENSG00000167487,55295
KLHL28,ENSG00000179454,54813
KLHL29,ENSG00000119771,114818
KLHL2P1,ENSG00000250412,729249
KLHL3,ENSG00000146021,26249
KLHL30,ENSG00000168427,377007
KLHL31,ENSG00000124743,401265
KLHL32,ENSG00000186231,114792
KLHL33,ENSG00000185271,123103
KLHL34,ENSG00000185915,257240
KLHL35,ENSG00000149243,283212
KLHL36,ENSG00000135686,79786
KLHL38,ENSG00000175946,340359
KLHL4,ENSG00000102271,56062
KLHL41,ENSG00000239474,10324
KLHL42,ENSG00000087448,57542
KLHL5,ENSG00000109790,51088
KLHL6,ENSG00000172578,89857
KLHL7,ENSG00000122550,55975
KLHL8,ENSG00000145332,57563
KLHL9,ENSG00000198642,55958
KLK1,ENSG00000167748,3816
KLK10,ENSG00000129451,5655
KLK11,ENSG00000167757,11012
KLK12,ENSG00000186474,43849
KLK13,ENSG00000167759,26085
KLK14,ENSG00000129437,43847
KLK2,ENSG00000167751,3817
KLK3,ENSG00000142515,354
KLK4,ENSG00000167749,9622
KLK5,ENSG00000167754,25818
KLK6,ENSG00000167755,5653
KLK7,ENSG00000169035,5650
KLK8,ENSG00000129455,11202
KLKB1,ENSG00000164344,3818
KLLN,ENSG00000227268,100144748
KLRB1,ENSG00000111796,3820
KLRC1,ENSG00000134545,3821
KLRC2,ENSG00000205809,3822
KLRC4-KLRK1,ENSG00000213809,100528032
KLRD1,ENSG00000134539,3824
KLRF1,ENSG00000150045,51348
KLRG1,ENSG00000139187,10219
KLRG2,ENSG00000188883,346689
KLRK1,ENSG00000213809,22914
KLRK1-AS1,ENSG00000245648,101928100
KMO,ENSG00000117009,8564
KMT2A,ENSG00000118058,4297
KMT2B,ENSG00000272333,9757
KMT2C,ENSG00000055609,58508
KMT2D,ENSG00000167548,8085
KMT2E,ENSG00000005483,55904
KMT5A,ENSG00000183955,387893
KMT5B,ENSG00000110066,51111
KMT5C,ENSG00000133247,84787
KNDC1,ENSG00000171798,85442
KNL1,ENSG00000137812,57082
KNOP1,ENSG00000103550,400506
KNSTRN,ENSG00000128944,90417
KNTC1,ENSG00000184445,9735
KPNA1,ENSG00000114030,3836
KPNA2,ENSG00000182481,3838
KPNA3,ENSG00000102753,3839
KPNA4,ENSG00000186432,3840
KPNA5,ENSG00000196911,3841
KPNA6,ENSG00000025800,23633
KPNA7,ENSG00000185467,402569
KPNB1,ENSG00000108424,3837
KPNB1-DT,ENSG00000263766,112268184
KPTN,ENSG00000118162,11133
KRAS,ENSG00000133703,3845
KRBA1,ENSG00000133619,84626
KRBA2,ENSG00000184619,124751
KRBOX1,ENSG00000240747,100506243
KRBOX4,ENSG00000147121,55634
KRBOX5,ENSG00000197302,124411
KRCC1,ENSG00000172086,51315
KREMEN1,ENSG00000183762,83999
KREMEN2,ENSG00000131650,79412
KRI1,ENSG00000129347,65095
KRIT1,ENSG00000001631,889
KRR1,ENSG00000111615,11103
KRT1,ENSG00000167768,3848
KRT10,ENSG00000186395,3858
KRT10-AS1,ENSG00000167920,147184
KRT12,ENSG00000187242,3859
KRT13,ENSG00000171401,3860
KRT14,ENSG00000186847,3861
KRT15,ENSG00000171346,3866
KRT16,ENSG00000186832,3868
KRT17,ENSG00000128422,3872
KRT17P3,ENSG00000231870,729682
KRT18,ENSG00000111057,3875
KRT18P10,ENSG00000214207,360019
KRT18P11,ENSG00000215089,3876
KRT18P13,ENSG00000214417,392371
KRT18P17,ENSG00000213943,344866
KRT18P25,ENSG00000249064,391647
KRT18P28,ENSG00000176855,343326
KRT18P34,ENSG00000244515,391589
KRT18P4,ENSG00000229222,391256
KRT18P5,ENSG00000236670,728300
KRT18P59,ENSG00000187686,399965
KRT18P63,ENSG00000235413,100288868
KRT18P7,ENSG00000258951,100418877
KRT19,ENSG00000171345,3880
KRT19P1,ENSG00000218014,441160
KRT2,ENSG00000172867,3849
KRT222,ENSG00000213424,125113
KRT223P,ENSG00000229028,643115
KRT224P,ENSG00000224244,118732296
KRT23,ENSG00000108244,25984
KRT24,ENSG00000167916,192666
KRT31,ENSG00000094796,3881
KRT32,ENSG00000108759,3882
KRT33A,ENSG00000006059,3883
KRT37,ENSG00000108417,8688
KRT4,ENSG00000170477,3851
KRT40,ENSG00000204889,125115
KRT41P,ENSG00000225438,8686
KRT5,ENSG00000186081,3852
KRT6A,ENSG00000205420,3853
KRT6B,ENSG00000185479,3854
KRT6C,ENSG00000170465,286887
KRT7,ENSG00000135480,3855
KRT7-AS,ENSG00000257671,109729127
KRT72,ENSG00000170486,140807
KRT75,ENSG00000170454,9119
KRT77,ENSG00000189182,374454
KRT78,ENSG00000170423,196374
KRT79,ENSG00000185640,338785
KRT8,ENSG00000170421,3856
KRT80,ENSG00000167767,144501
KRT81,ENSG00000205426,3887
KRT83,ENSG00000170523,3889
KRT86,ENSG00000170442,3892
KRT87P,ENSG00000135477,85349
KRT8P10,ENSG00000231203,344320
KRT8P11,ENSG00000255815,347265
KRT8P12,ENSG00000229320,90133
KRT8P3,ENSG00000254285,728638
KRT8P32,ENSG00000250221,100289133
KRT8P33,ENSG00000250539,100418737
KRT8P36,ENSG00000240668,100418748
KRT8P37,ENSG00000213771,100287325
KRT8P39,ENSG00000233560,100418781
KRT8P41,ENSG00000213538,283102
KRT8P45,ENSG00000224520,149501
KRT8P46,ENSG00000248971,100418744
KRT8P5,ENSG00000267573,342732
KRT8P7,ENSG00000230716,729131
KRT8P8,ENSG00000223940,402429
KRT8P9,ENSG00000259470,390601
KRT9,ENSG00000171403,3857
KRTAP2-3,ENSG00000212724,730755
KRTAP3-1,ENSG00000212901,83896
KRTAP5-1,ENSG00000205869,387264
KRTAP5-10,ENSG00000204572,387273
KRTAP5-8,ENSG00000241233,57830
KRTAP5-9,ENSG00000254997,3846
KRTAP5-AS1,ENSG00000233930,338651
KRTCAP2,ENSG00000163463,200185
KRTCAP3,ENSG00000157992,200634
KRTDAP,ENSG00000188508,388533
KSR1,ENSG00000141068,8844
KSR2,ENSG00000171435,283455
KTI12,ENSG00000198841,112970
KTN1,ENSG00000126777,3895
KTN1-AS1,ENSG00000186615,100129075
KU-MEL-3,ENSG00000205444,497048
KXD1,ENSG00000105700,79036
KY,ENSG00000174611,339855
KYAT1,ENSG00000171097,883
KYAT3,ENSG00000137944,56267
KYNU,ENSG00000115919,8942
L1CAM,ENSG00000198910,3897
L1TD1,ENSG00000240563,54596
L2HGDH,ENSG00000087299,79944
L3HYPDH,ENSG00000126790,112849
L3MBTL1,ENSG00000185513,26013
L3MBTL2,ENSG00000100395,83746
L3MBTL3,ENSG00000198945,84456
L3MBTL4,ENSG00000154655,91133
L3MBTL4-AS1,ENSG00000264707,101927150
LACC1,ENSG00000179630,144811
LACRT,ENSG00000135413,90070
LACTB,ENSG00000103642,114294
LACTB2,ENSG00000147592,51110
LACTB2-AS1,ENSG00000246366,286190
LAD1,ENSG00000159166,3898
LAG3,ENSG00000089692,3902
LAGE3,ENSG00000196976,8270
LAIR1,ENSG00000167613,3903
LAIR2,ENSG00000167618,3904
LAMA1,ENSG00000101680,284217
LAMA2,ENSG00000196569,3908
LAMA3,ENSG00000053747,3909
LAMA4,ENSG00000112769,3910
LAMA5,ENSG00000130702,3911
LAMA5-AS1,ENSG00000228812,101928158
LAMB1,ENSG00000091136,3912
LAMB2,ENSG00000172037,3913
LAMB3,ENSG00000196878,3914
LAMB4,ENSG00000091128,22798
LAMC1,ENSG00000135862,3915
LAMC1-AS1,ENSG00000224468,110841583
LAMC2,ENSG00000058085,3918
LAMC3,ENSG00000050555,10319
LAMP1,ENSG00000185896,3916
LAMP2,ENSG00000005893,3920
LAMP3,ENSG00000078081,27074
LAMP5,ENSG00000125869,24141
LAMTOR1,ENSG00000149357,55004
LAMTOR2,ENSG00000116586,28956
LAMTOR3,ENSG00000109270,8649
LAMTOR4,ENSG00000188186,389541
LAMTOR5,ENSG00000134248,10542
LAMTOR5-AS1,ENSG00000224699,101410535
LANCL1,ENSG00000115365,10314
LANCL2,ENSG00000132434,55915
LANCL3,ENSG00000147036,347404
LAP3,ENSG00000002549,51056
LAPTM4A,ENSG00000068697,9741
LAPTM4B,ENSG00000104341,55353
LAPTM5,ENSG00000162511,7805
LARGE1,ENSG00000133424,9215
LARGE2,ENSG00000165905,120071
LARP1,ENSG00000155506,23367
LARP1B,ENSG00000138709,55132
LARP4,ENSG00000161813,113251
LARP4B,ENSG00000107929,23185
LARP4B-DT,ENSG00000229869,101927762
LARP6,ENSG00000166173,55323
LARP7,ENSG00000174720,51574
LARS1,ENSG00000133706,51520
LARS2,ENSG00000011376,23395
LAS1L,ENSG00000001497,81887
LASP1,ENSG00000002834,3927
LASP1NB,ENSG00000263874,100505576
LASTR,ENSG00000242147,105376382
LAT,ENSG00000213658,27040
LAT2,ENSG00000086730,7462
LATS1,ENSG00000131023,9113
LATS2,ENSG00000150457,26524
LAX1,ENSG00000122188,54900
LAYN,ENSG00000204381,143903
LBH,ENSG00000213626,81606
LBHD1,ENSG00000162194,79081
LBP,ENSG00000129988,3929
LBR,ENSG00000143815,3930
LBX2,ENSG00000179528,85474
LBX2-AS1,ENSG00000257702,151534
LCA5,ENSG00000135338,167691
LCA5L,ENSG00000157578,150082
LCAL1,ENSG00000286042,80078
LCAT,ENSG00000213398,3931
LCDR,ENSG00000273148,100270804
LCIIAR,ENSG00000256802,100130111
LCK,ENSG00000182866,3932
LCLAT1,ENSG00000172954,253558
LCMT1,ENSG00000205629,51451
LCMT1-AS2,ENSG00000260034,100506655
LCMT2,ENSG00000168806,9836
LCN12,ENSG00000184925,286256
LCN2,ENSG00000148346,3934
LCNL1,ENSG00000214402,401562
LCOR,ENSG00000196233,84458
LCORL,ENSG00000178177,254251
LCP1,ENSG00000136167,3936
LCP2,ENSG00000043462,3937
LCT,ENSG00000115850,3938
LCT-AS1,ENSG00000226806,100507600
LCTL,ENSG00000188501,197021
LDAF1,ENSG00000011638,57146
LDAH,ENSG00000118961,60526
LDB1,ENSG00000198728,8861
LDB2,ENSG00000169744,9079
LDB3,ENSG00000122367,11155
LDHA,ENSG00000134333,3939
LDHAL6A,ENSG00000166800,160287
LDHB,ENSG00000111716,3945
LDHC,ENSG00000166796,3948
LDHD,ENSG00000166816,197257
LDLR,ENSG00000130164,3949
LDLRAD1,ENSG00000203985,388633
LDLRAD2,ENSG00000187942,401944
LDLRAD3,ENSG00000179241,143458
LDLRAD4,ENSG00000168675,753
LDLRAD4-AS1,ENSG00000267690,100288122
LDLRAP1,ENSG00000157978,26119
LDOC1,ENSG00000182195,23641
LEAP2,ENSG00000164406,116842
LEF1,ENSG00000138795,51176
LEF1-AS1,ENSG00000232021,641518
LEFTY1,ENSG00000243709,10637
LEFTY2,ENSG00000143768,7044
LEKR1,ENSG00000197980,389170
LEMD1,ENSG00000186007,93273
LEMD2,ENSG00000161904,221496
LEMD3,ENSG00000174106,23592
LENEP,ENSG00000163352,55891
LENG1,ENSG00000105617,79165
LENG8,ENSG00000167615,114823
LENG8-AS1,ENSG00000226696,104355426
LENG9,ENSG00000275183,94059
LEO1,ENSG00000166477,123169
LEP,ENSG00000174697,3952
LEPR,ENSG00000116678,3953
LEPROT,ENSG00000213625,54741
LEPROTL1,ENSG00000104660,23484
LETM1,ENSG00000168924,3954
LETM2,ENSG00000165046,137994
LETMD1,ENSG00000050426,25875
LETR1,ENSG00000248441,400456
LFNG,ENSG00000106003,3955
LGALS1,ENSG00000100097,3956
LGALS12,ENSG00000133317,85329
LGALS2,ENSG00000100079,3957
LGALS3,ENSG00000131981,3958
LGALS3BP,ENSG00000108679,3959
LGALS4,ENSG00000171747,3960
LGALS7,ENSG00000178934,3963
LGALS7B,ENSG00000178934,653499
LGALS8,ENSG00000116977,3964
LGALS8-AS1,ENSG00000223776,100287902
LGALS9,ENSG00000168961,3965
LGALS9B,ENSG00000170298,284194
LGALS9C,ENSG00000171916,654346
LGALSL,ENSG00000119862,29094
LGI1,ENSG00000108231,9211
LGI2,ENSG00000153012,55203
LGI3,ENSG00000168481,203190
LGI4,ENSG00000153902,163175
LGMN,ENSG00000100600,5641
LGR4,ENSG00000205213,55366
LGR4-AS1,ENSG00000254862,105376671
LGR5,ENSG00000139292,8549
LGR6,ENSG00000133067,59352
LHB,ENSG00000104826,3972
LHFPL1,ENSG00000182508,340596
LHFPL2,ENSG00000145685,10184
LHFPL3-AS2,ENSG00000225329,723809
LHFPL4,ENSG00000156959,375323
LHFPL5,ENSG00000197753,222662
LHFPL6,ENSG00000183722,10186
LHPP,ENSG00000107902,64077
LHX1,ENSG00000273706,3975
LHX1-DT,ENSG00000277268,102723471
LHX2,ENSG00000106689,9355
LHX4,ENSG00000121454,89884
LHX4-AS1,ENSG00000230124,100527964
LHX6,ENSG00000106852,26468
LHX8,ENSG00000162624,431707
LHX9,ENSG00000143355,56956
LIAS,ENSG00000121897,11019
LIAT1,ENSG00000187624,400566
LIF,ENSG00000128342,3976
LIFR,ENSG00000113594,3977
LIFR-AS1,ENSG00000244968,100506495
LIG1,ENSG00000105486,3978
LIG3,ENSG00000005156,3980
LIG4,ENSG00000174405,3981
LILRA1,ENSG00000104974,11024
LILRA2,ENSG00000239998,11027
LILRA4,ENSG00000239961,23547
LILRA5,ENSG00000187116,353514
LILRA6,ENSG00000244482,79168
LILRB1,ENSG00000104972,10859
LILRB2,ENSG00000131042,10288
LILRB3,ENSG00000204577,11025
LILRB4,ENSG00000186818,11006
LILRB5,ENSG00000105609,10990
LIMA1,ENSG00000050405,51474
LIMCH1,ENSG00000064042,22998
LIMD1,ENSG00000144791,8994
LIMD2,ENSG00000136490,80774
LIME1,ENSG00000203896,54923
LIMK1,ENSG00000106683,3984
LIMK2,ENSG00000182541,3985
LIMS1,ENSG00000169756,3987
LIMS1-AS1,ENSG00000228763,106182118
LIMS2,ENSG00000072163,55679
LIN28A,ENSG00000131914,79727
LIN37,ENSG00000267796,55957
LIN52,ENSG00000205659,91750
LIN54,ENSG00000189308,132660
LIN7A,ENSG00000111052,8825
LIN7B,ENSG00000104863,64130
LIN7C,ENSG00000148943,55327
LIN9,ENSG00000183814,286826
LINC-PINT,ENSG00000231721,378805
LINC00052,ENSG00000259527,145978
LINC00092,ENSG00000225194,100188953
LINC00106,ENSG00000236871,751580
LINC00158,ENSG00000185433,54072
LINC00160,ENSG00000230978,54064
LINC00173,ENSG00000196668,100287569
LINC00174,ENSG00000179406,285908
LINC00184,ENSG00000224939,100302691
LINC00200,ENSG00000229205,399706
LINC00205,ENSG00000223768,642852
LINC00216,ENSG00000279636,55451
LINC00239,ENSG00000258512,145200
LINC00240,ENSG00000224843,100133205
LINC00242,ENSG00000229214,401288
LINC00243,ENSG00000214894,401247
LINC00276,ENSG00000230448,100499171
LINC00294,ENSG00000280798,283267
LINC00299,ENSG00000236790,339789
LINC00303,ENSG00000176754,284573
LINC00310,ENSG00000227456,114036
LINC00323,ENSG00000226496,284835
LINC00324,ENSG00000178977,284029
LINC00327,ENSG00000232977,100506697
LINC00334,ENSG00000182586,114042
LINC00339,ENSG00000218510,29092
LINC00355,ENSG00000227674,144766
LINC00365,ENSG00000224511,100874146
LINC00398,ENSG00000237879,100874158
LINC00402,ENSG00000235532,100507612
LINC00426,ENSG00000238121,100188949
LINC00443,ENSG00000272274,100874173
LINC00449,ENSG00000280734,106478991
LINC00456,ENSG00000233124,103625683
LINC00457,ENSG00000225179,100874179
LINC00460,ENSG00000233532,728192
LINC00466,ENSG00000224209,199899
LINC00467,ENSG00000153363,84791
LINC00471,ENSG00000181798,151477
LINC00472,ENSG00000233237,79940
LINC00473,ENSG00000112541,90632
LINC00479,ENSG00000236384,150135
LINC00486,ENSG00000230876,285045
LINC00487,ENSG00000205837,400941
LINC00494,ENSG00000235621,284749
LINC00499,ENSG00000251372,100874047
LINC00504,ENSG00000248360,201853
LINC00506,ENSG00000281392,100846978
LINC00511,ENSG00000227036,400619
LINC00515,ENSG00000260583,282566
LINC00517,ENSG00000259091,400208
LINC00519,ENSG00000258955,161342
LINC00524,ENSG00000259023,338002
LINC00525,ENSG00000146666,84847
LINC00528,ENSG00000269220,200298
LINC00536,ENSG00000249917,100859921
LINC00539,ENSG00000224429,100652865
LINC00540,ENSG00000276476,100506622
LINC00545,ENSG00000237879,440132
LINC00548,ENSG00000215483,400123
LINC00552,ENSG00000279770,100130386
LINC00562,ENSG00000260388,100861549
LINC00571,ENSG00000223685,100874188
LINC00574,ENSG00000231690,80069
LINC00578,ENSG00000228221,100505566
LINC00582,ENSG00000229228,100287814
LINC00589,ENSG00000251191,619351
LINC00592,ENSG00000258279,283404
LINC00593,ENSG00000245750,414926
LINC00595,ENSG00000230417,414243
LINC00598,ENSG00000215483,646982
LINC00601,ENSG00000235180,101101772
LINC00605,ENSG00000251533,100131366
LINC00607,ENSG00000235770,646324
LINC00612,ENSG00000214851,253128
LINC00619,ENSG00000226808,414260
LINC00622,ENSG00000260941,644242
LINC00624,ENSG00000278811,100289211
LINC00628,ENSG00000280924,127841
LINC00629,ENSG00000227060,100506757
LINC00632,ENSG00000203930,286411
LINC00639,ENSG00000259070,283547
LINC00641,ENSG00000258441,283624
LINC00648,ENSG00000259129,100506433
LINC00649,ENSG00000237945,100506334
LINC00652,ENSG00000179935,29075
LINC00654,ENSG00000205181,149837
LINC00659,ENSG00000228705,100652730
LINC00662,ENSG00000261824,148189
LINC00664,ENSG00000268658,400680
LINC00665,ENSG00000232677,100506930
LINC00667,ENSG00000263753,339290
LINC00668,ENSG00000265933,400643
LINC00673,ENSG00000227036,100499467
LINC00683,ENSG00000266256,400660
LINC00689,ENSG00000231419,154822
LINC00707,ENSG00000238266,100507127
LINC00839,ENSG00000185904,84856
LINC00840,ENSG00000226808,100506835
LINC00842,ENSG00000285294,643650
LINC00847,ENSG00000245060,729678
LINC00852,ENSG00000231177,84657
LINC00853,ENSG00000224805,100874253
LINC00856,ENSG00000230417,100132987
LINC00857,ENSG00000237523,439990
LINC00858,ENSG00000229404,170425
LINC00861,ENSG00000245164,100130231
LINC00862,ENSG00000203721,554279
LINC00863,ENSG00000224914,439994
LINC00865,ENSG00000232229,643529
LINC00870,ENSG00000243083,201617
LINC00877,ENSG00000241163,285286
LINC00885,ENSG00000224652,401109
LINC00886,ENSG00000240875,730091
LINC00887,ENSG00000214145,100131551
LINC00892,ENSG00000233093,100128420
LINC00896,ENSG00000236499,150197
LINC00898,ENSG00000205634,400932
LINC00907,ENSG00000267586,284260
LINC00908,ENSG00000266256,284276
LINC00910,ENSG00000188825,100130581
LINC00921,ENSG00000281005,283876
LINC00922,ENSG00000261742,283867
LINC00923,ENSG00000251209,91948
LINC00924,ENSG00000259134,145820
LINC00926,ENSG00000247982,283663
LINC00937,ENSG00000226091,389634
LINC00939,ENSG00000249267,400084
LINC00940,ENSG00000235049,100271702
LINC00942,ENSG00000249628,100292680
LINC00943,ENSG00000189238,100507206
LINC00954,ENSG00000228784,400946
LINC00958,ENSG00000251381,100506305
LINC00960,ENSG00000242516,401074
LINC00964,ENSG00000249816,157381
LINC00968,ENSG00000246430,100507632
LINC00976,ENSG00000229140,106144608
LINC00977,ENSG00000229140,728724
LINC00987,ENSG00000237248,100499405
LINC00989,ENSG00000250334,100506035
LINC00996,ENSG00000242258,285972
LINC01003,ENSG00000261455,100128822
LINC01010,ENSG00000236700,154092
LINC01011,ENSG00000244041,401232
LINC01012,ENSG00000281706,100507173
LINC01013,ENSG00000228495,100507254
LINC01016,ENSG00000249346,100507584
LINC01018,ENSG00000250056,255167
LINC01036,ENSG00000230426,104169671
LINC01048,ENSG00000230390,103695431
LINC01060,ENSG00000249378,401164
LINC01087,ENSG00000224559,101927994
LINC01088,ENSG00000249307,100505875
LINC01089,ENSG00000212694,338799
LINC01091,ENSG00000249464,285419
LINC01093,ENSG00000249173,100506229
LINC01102,ENSG00000235597,150568
LINC01115,ENSG00000237667,339822
LINC01116,ENSG00000163364,375295
LINC01117,ENSG00000224577,102724224
LINC01118,ENSG00000222005,388948
LINC01119,ENSG00000239332,100134259
LINC01121,ENSG00000205054,400952
LINC01122,ENSG00000233723,400955
LINC01123,ENSG00000204588,440894
LINC01124,ENSG00000222033,440925
LINC01126,ENSG00000279873,100129726
LINC01128,ENSG00000228794,643837
LINC01132,ENSG00000227630,100506810
LINC01133,ENSG00000224259,100505633
LINC01134,ENSG00000236423,100133612
LINC01138,ENSG00000274020,388685
LINC01139,ENSG00000215808,339535
LINC01140,ENSG00000267272,339524
LINC01143,ENSG00000237751,104355141
LINC01144,ENSG00000281912,400752
LINC01152,ENSG00000256124,102606463
LINC01176,ENSG00000281404,100506516
LINC01191,ENSG00000234199,440900
LINC01198,ENSG00000231817,101929344
LINC01213,ENSG00000244541,101927992
LINC01215,ENSG00000271856,101929623
LINC01224,ENSG00000269416,104472717
LINC01229,ENSG00000260876,101928248
LINC01234,ENSG00000249550,100506465
LINC01235,ENSG00000270547,401492
LINC01237,ENSG00000233806,101927289
LINC01238,ENSG00000233806,102723927
LINC01239,ENSG00000234840,441389
LINC01252,ENSG00000247157,338817
LINC01257,ENSG00000204603,116437
LINC01265,ENSG00000249740,101926904
LINC01266,ENSG00000224957,101927215
LINC01269,ENSG00000258689,103695436
LINC01270,ENSG00000203999,284751
LINC01271,ENSG00000233077,101927586
LINC01273,ENSG00000231742,101927541
LINC01275,ENSG00000237595,101927512
LINC01276,ENSG00000226917,103106903
LINC01278,ENSG00000235437,92249
LINC01281,ENSG00000235304,286442
LINC01285,ENSG00000203650,101928287
LINC01287,ENSG00000234722,103724390
LINC01290,ENSG00000260468,106144584
LINC01291,ENSG00000204792,102724515
LINC01303,ENSG00000250548,101927780
LINC01305,ENSG00000231453,285084
LINC01315,ENSG00000229891,102723775
LINC01331,ENSG00000248673,104310351
LINC01342,ENSG00000223823,254099
LINC01348,ENSG00000280587,731656
LINC01352,ENSG00000238078,101929730
LINC01353,ENSG00000231507,100506775
LINC01354,ENSG00000231768,100506795
LINC01356,ENSG00000215866,100996702
LINC01359,ENSG00000226891,101927084
LINC01366,ENSG00000235172,257358
LINC01376,ENSG00000236204,400945
LINC01393,ENSG00000225535,102724386
LINC01397,ENSG00000258673,104355139
LINC01402,ENSG00000101883,104797536
LINC01409,ENSG00000237491,105378580
LINC01410,ENSG00000238113,103352539
LINC01411,ENSG00000249306,101928176
LINC01426,ENSG00000234380,100506385
LINC01429,ENSG00000227964,101927678
LINC01431,ENSG00000232645,100505683
LINC01443,ENSG00000266554,400644
LINC01446,ENSG00000205628,401337
LINC01451,ENSG00000279141,401561
LINC01456,ENSG00000225882,105373144
LINC01460,ENSG00000205334,100129995
LINC01465,ENSG00000221949,283416
LINC01480,ENSG00000270164,101927931
LINC01482,ENSG00000267659,101928104
LINC01484,ENSG00000253686,101928136
LINC01485,ENSG00000254211,101928154
LINC01503,ENSG00000233901,100506119
LINC01504,ENSG00000225434,100507540
LINC01505,ENSG00000234323,100996590
LINC01508,ENSG00000231107,101927873
LINC01511,ENSG00000250584,100506791
LINC01518,ENSG00000233515,101929397
LINC01524,ENSG00000234948,101927700
LINC01535,ENSG00000226686,101927667
LINC01537,ENSG00000227467,101928555
LINC01538,ENSG00000266952,400654
LINC01545,ENSG00000204904,724087
LINC01547,ENSG00000183250,84536
LINC01550,ENSG00000246223,388011
LINC01554,ENSG00000236882,202299
LINC01558,ENSG00000146521,26238
LINC01561,ENSG00000177234,404216
LINC01563,ENSG00000236819,101060544
LINC01572,ENSG00000261008,101927957
LINC01585,ENSG00000245479,101929765
LINC01587,ENSG00000082929,10141
LINC01588,ENSG00000214900,283551
LINC01589,ENSG00000238120,100506737
LINC01590,ENSG00000111850,63914
LINC01599,ENSG00000214900,196913
LINC01600,ENSG00000164385,154386
LINC01605,ENSG00000253414,100507420
LINC01606,ENSG00000253301,100507651
LINC01607,ENSG00000272138,101927067
LINC01611,ENSG00000231776,105377880
LINC01614,ENSG00000230838,105373869
LINC01615,ENSG00000223485,101929484
LINC01618,ENSG00000250302,152578
LINC01619,ENSG00000257242,256021
LINC01622,ENSG00000286785,285768
LINC01625,ENSG00000238099,645434
LINC01634,ENSG00000235295,100192420
LINC01637,ENSG00000237476,101928891
LINC01638,ENSG00000233521,105372978
LINC01644,ENSG00000218357,101927722
LINC01645,ENSG00000224968,102724661
LINC01649,ENSG00000228127,101928995
LINC01659,ENSG00000234928,101929374
LINC01664,ENSG00000235478,100996342
LINC01671,ENSG00000225431,101928233
LINC01679,ENSG00000237989,101928399
LINC01684,ENSG00000237484,105372751
LINC01686,ENSG00000261504,284648
LINC01694,ENSG00000233922,105372840
LINC01695,ENSG00000236532,101927973
LINC01697,ENSG00000232079,284825
LINC01711,ENSG00000268941,79160
LINC01725,ENSG00000233008,101927587
LINC01730,ENSG00000275491,101929125
LINC01736,ENSG00000228058,101927532
LINC01740,ENSG00000228067,101929565
LINC01748,ENSG00000226476,105378763
LINC01750,ENSG00000231437,643355
LINC01762,ENSG00000233154,101929023
LINC01767,ENSG00000223956,105378744
LINC01772,ENSG00000226029,107984921
LINC01775,ENSG00000267201,101928602
LINC01778,ENSG00000223382,105378622
LINC01779,ENSG00000225342,107985190
LINC01781,ENSG00000234184,101927412
LINC01783,ENSG00000233421,100132147
LINC01788,ENSG00000229051,101927244
LINC01801,ENSG00000267767,400685
LINC01806,ENSG00000227403,100996579
LINC01811,ENSG00000226320,101928114
LINC01814,ENSG00000236008,101929567
LINC01816,ENSG00000231327,100133985
LINC01819,ENSG00000231826,102723854
LINC01829,ENSG00000236780,644838
LINC01833,ENSG00000259439,107985879
LINC01841,ENSG00000266913,105372288
LINC01842,ENSG00000267147,101928845
LINC01843,ENSG00000251169,101927934
LINC01844,ENSG00000236714,101926975
LINC01852,ENSG00000236914,107984773
LINC01856,ENSG00000237574,101927924
LINC01857,ENSG00000224137,102724714
LINC01863,ENSG00000253959,107986480
LINC01876,ENSG00000226383,101929378
LINC01879,ENSG00000276397,400661
LINC01894,ENSG00000264345,105372030
LINC01907,ENSG00000226125,151475
LINC01909,ENSG00000266258,101927481
LINC01910,ENSG00000266278,101060542
LINC01914,ENSG00000234362,101929723
LINC01915,ENSG00000265485,729950
LINC01918,ENSG00000226508,105373984
LINC01924,ENSG00000267134,284294
LINC01929,ENSG00000267013,101927229
LINC01933,ENSG00000254226,101927115
LINC01943,ENSG00000280721,101928173
LINC01948,ENSG00000248727,102467147
LINC01960,ENSG00000260868,100128905
LINC01962,ENSG00000248473,102577426
LINC01963,ENSG00000260804,150967
LINC01968,ENSG00000237222,100507391
LINC01970,ENSG00000265692,101929511
LINC01978,ENSG00000262188,101928738
LINC01979,ENSG00000262585,101928766
LINC01980,ENSG00000225548,105377007
LINC01990,ENSG00000273125,101929607
LINC01993,ENSG00000204277,100996291
LINC02004,ENSG00000240006,105374119
LINC02009,ENSG00000283646,105377068
LINC02015,ENSG00000231574,102724550
LINC02018,ENSG00000272690,107986100
LINC02021,ENSG00000249846,105374104
LINC02026,ENSG00000214146,647323
LINC02028,ENSG00000230102,285389
LINC02033,ENSG00000279727,105377031
LINC02035,ENSG00000273033,100129550
LINC02037,ENSG00000238097,101929337
LINC02043,ENSG00000232233,102724699
LINC02044,ENSG00000243795,101929717
LINC02048,ENSG00000228271,105374289
LINC02054,ENSG00000224153,105374250
LINC02055,ENSG00000254101,107986980
LINC02067,ENSG00000240567,101243545
LINC02068,ENSG00000223387,105374219
LINC02072,ENSG00000267452,440446
LINC02073,ENSG00000267452,105371828
LINC02076,ENSG00000220161,400579
LINC02080,ENSG00000267065,101928514
LINC02097,ENSG00000226101,101928205
LINC02099,ENSG00000253490,101929450
LINC02102,ENSG00000248677,100505625
LINC02104,ENSG00000271334,101926940
LINC02115,ENSG00000248757,102467212
LINC02126,ENSG00000259847,101927650
LINC02128,ENSG00000261241,102724940
LINC02130,ENSG00000260009,105447648
LINC02145,ENSG00000250490,401172
LINC02154,ENSG00000235385,109729169
LINC02159,ENSG00000253417,285629
LINC02175,ENSG00000262155,283887
LINC02188,ENSG00000261175,102724344
LINC02193,ENSG00000260528,105371423
LINC02195,ENSG00000236481,105371152
LINC02201,ENSG00000251538,101927379
LINC02202,ENSG00000245812,101927740
LINC02207,ENSG00000258476,101927153
LINC02210,ENSG00000204650,147081
LINC02234,ENSG00000248202,109729164
LINC02235,ENSG00000254689,109729147
LINC02236,ENSG00000251365,109729133
LINC02240,ENSG00000260192,101927460
LINC02245,ENSG00000237638,400958
LINC02247,ENSG00000223729,105376310
LINC02254,ENSG00000251209,101927286
LINC02257,ENSG00000232679,105372950
LINC02263,ENSG00000228358,105377390
LINC02265,ENSG00000249241,101060498
LINC02266,ENSG00000272727,105377466
LINC02273,ENSG00000245954,100996286
LINC02280,ENSG00000260792,101929634
LINC02285,ENSG00000259004,101929422
LINC02288,ENSG00000246548,283575
LINC02289,ENSG00000258819,102724190
LINC02292,ENSG00000258630,101929080
LINC02301,ENSG00000258743,101928599
LINC02303,ENSG00000258616,105370479
LINC02321,ENSG00000258884,105370623
LINC02323,ENSG00000259230,105370681
LINC02325,ENSG00000246084,101929241
LINC02328,ENSG00000258733,101928767
LINC02331,ENSG00000235269,105370503
LINC02341,ENSG00000283554,105370177
LINC02343,ENSG00000271850,105370158
LINC02345,ENSG00000259225,101928227
LINC02348,ENSG00000286733,101927505
LINC02356,ENSG00000257595,105369984
LINC02361,ENSG00000256576,100996246
LINC02363,ENSG00000180712,728175
LINC02367,ENSG00000260423,101930452
LINC02371,ENSG00000274659,107984539
LINC02381,ENSG00000250742,400043
LINC02389,ENSG00000255693,400046
LINC02408,ENSG00000203585,100507175
LINC02422,ENSG00000255760,105369723
LINC02432,ENSG00000248810,100507639
LINC02433,ENSG00000234111,340017
LINC02446,ENSG00000256039,101060038
LINC02449,ENSG00000215241,101927905
LINC02450,ENSG00000257114,105369739
LINC02453,ENSG00000245017,643770
LINC02458,ENSG00000246363,728084
LINC02461,ENSG00000258331,105369740
LINC02470,ENSG00000225231,100506159
LINC02473,ENSG00000261121,107986266
LINC02475,ENSG00000251350,100506827
LINC02478,ENSG00000285373,100505984
LINC02481,ENSG00000246526,339988
LINC02482,ENSG00000251580,105374366
LINC02487,ENSG00000203688,441178
LINC02491,ENSG00000151611,105377467
LINC02492,ENSG00000250590,100506272
LINC02511,ENSG00000248869,105377441
LINC02516,ENSG00000261083,101927087
LINC02518,ENSG00000232316,105377957
LINC02519,ENSG00000226194,105378147
LINC02532,ENSG00000235142,100422737
LINC02538,ENSG00000272549,401286
LINC02541,ENSG00000230943,101927686
LINC02544,ENSG00000261039,101929504
LINC02560,ENSG00000268307,110806301
LINC02561,ENSG00000224034,110806285
LINC02571,ENSG00000256166,105375015
LINC02572,ENSG00000229536,105373615
LINC02574,ENSG00000233975,111216282
LINC02576,ENSG00000232613,102724233
LINC02577,ENSG00000228742,111216280
LINC02585,ENSG00000228350,102724368
LINC02587,ENSG00000229108,101927524
LINC02593,ENSG00000223764,100130417
LINC02601,ENSG00000223714,105373185
LINC02603,ENSG00000230262,158257
LINC02606,ENSG00000284693,100506022
LINC02607,ENSG00000228971,100996635
LINC02608,ENSG00000226251,101929541
LINC02609,ENSG00000233593,105378853
LINC02610,ENSG00000186235,151174
LINC02611,ENSG00000226791,101927070
LINC02613,ENSG00000231367,101929596
LINC02614,ENSG00000241288,101927056
LINC02615,ENSG00000251432,100507487
LINC02620,ENSG00000225768,101927523
LINC02631,ENSG00000237772,114515520
LINC02642,ENSG00000232591,105376388
LINC02649,ENSG00000215244,399715
LINC02660,ENSG00000226005,101927904
LINC02669,ENSG00000233321,101927880
LINC02677,ENSG00000242147,102723629
LINC02688,ENSG00000254872,101927503
LINC02691,ENSG00000258913,145195
LINC02693,ENSG00000212719,339263
LINC02694,ENSG00000175779,400359
LINC02696,ENSG00000254427,101928812
LINC02709,ENSG00000245522,440028
LINC02712,ENSG00000273409,101929497
LINC02714,ENSG00000251226,729305
LINC02720,ENSG00000255178,101928944
LINC02724,ENSG00000181908,100996455
LINC02725,ENSG00000273415,105369563
LINC02728,ENSG00000251323,101928865
LINC02731,ENSG00000204241,100128239
LINC02734,ENSG00000255382,105369413
LINC02739,ENSG00000255008,105369317
LINC02747,ENSG00000255774,105379407
LINC02749,ENSG00000254480,100506082
LINC02761,ENSG00000255362,107984359
LINC02762,ENSG00000250303,283140
LINC02771,ENSG00000224535,105372907
LINC02774,ENSG00000226828,339529
LINC02777,ENSG00000232453,105378753
LINC02798,ENSG00000227082,107985194
LINC02802,ENSG00000143429,100996732
LINC02803,ENSG00000227740,107985228
LINC02809,ENSG00000276255,100506571
LINC02815,ENSG00000236975,105373158
LINC02823,ENSG00000258100,105369897
LINC02826,ENSG00000275212,105370057
LINC02829,ENSG00000229274,105375009
LINC02848,ENSG00000226581,107986806
LINC02849,ENSG00000285768,105375622
LINC02851,ENSG00000225489,105375968
LINC02861,ENSG00000262185,102724927
LINC02872,ENSG00000204446,401535
LINC02875,ENSG00000187013,388407
LINC02880,ENSG00000175967,285759
LINC02882,ENSG00000251138,100507377
LINC02884,ENSG00000231246,105378909
LINC02889,ENSG00000236039,101927630
LINC02893,ENSG00000269994,440173
LINC02894,ENSG00000261437,100288748
LINC02897,ENSG00000221953,388759
LINC02898,ENSG00000205086,400950
LINC02899,ENSG00000248874,439936
LINC02901,ENSG00000203711,100130967
LINC02908,ENSG00000180539,401563
LINC02910,ENSG00000176659,284756
LINC02912,ENSG00000280055,641384
LINC02915,ENSG00000175746,400360
LINC02925,ENSG00000234869,122149302
LINC02930,ENSG00000274461,105378516
LINC02932,ENSG00000243144,105375392
LINC02936,ENSG00000227359,123464517
LINC02950,ENSG00000254153,123466212
LINC02951,ENSG00000255503,123466204
LINC02953,ENSG00000255980,102724265
LINC02963,ENSG00000255652,123706542
LINC02965,ENSG00000269086,123497957
LINC02980,ENSG00000272462,123706533
LINC02981,ENSG00000214870,441204
LINC02982,ENSG00000215246,100506688
LINC02983,ENSG00000234432,100129484
LINC02984,ENSG00000237807,100507516
LINC02985,ENSG00000256546,100506691
LINC02987,ENSG00000267575,101927151
LINC02994,ENSG00000250546,101928978
LINC02995,ENSG00000253955,285593
LINC02997,ENSG00000249364,101928858
LINC03002,ENSG00000232310,101928304
LINC03004,ENSG00000230533,102723649
LINC03007,ENSG00000223561,646588
LINC03008,ENSG00000229196,100128325
LINC03011,ENSG00000237310,100289098
LINC03012,ENSG00000226770,100506682
LINC03013,ENSG00000227544,100506725
LINC03014,ENSG00000240859,100507642
LINC03016,ENSG00000230825,101927354
LINC03021,ENSG00000254319,101927815
LINC03022,ENSG00000253641,101929191
LINC03026,ENSG00000287750,102724156
LINC03033,ENSG00000232774,400221
LINC03034,ENSG00000259772,283710
LINC03036,ENSG00000229272,125177373
LINC03040,ENSG00000181577,221416
LINC03042,ENSG00000196166,389649
LINC03047,ENSG00000253633,107986898
LINC03048,ENSG00000262223,100130370
LINC03049,ENSG00000271109,126568845
LINC03052,ENSG00000272913,127138865
LINC03053,ENSG00000223486,124905179
LINC03060,ENSG00000273297,105375519
LINC03062,ENSG00000237372,100129066
LINC03063,ENSG00000236213,105374464
LINC03064,ENSG00000260963,105371264
LINC03070,ENSG00000236120,101928228
LINC03088,ENSG00000257883,124903027
LINC03095,ENSG00000233760,100506289
LINC03098,ENSG00000230392,101928336
LINC03100,ENSG00000261186,129810495
LINC03122,ENSG00000178722,285668
LINC03124,ENSG00000287151,29798
LINC03125,ENSG00000230387,100505664
LINC03126,ENSG00000228549,112267871
LINC03129,ENSG00000236529,84214
LINC03135,ENSG00000228559,101929309
LINCADL,ENSG00000287148,107986443
LINGO1,ENSG00000169783,84894
LINGO1-AS1,ENSG00000259666,253044
LINGO2,ENSG00000174482,158038
LINGO3,ENSG00000220008,645191
LINGO4,ENSG00000213171,339398
LINS1,ENSG00000140471,55180
LIPA,ENSG00000107798,3988
LIPC,ENSG00000166035,3990
LIPE,ENSG00000079435,3991
LIPE-AS1,ENSG00000213904,100996307
LIPG,ENSG00000101670,9388
LIPH,ENSG00000163898,200879
LIPI,ENSG00000188992,149998
LIPJ,ENSG00000204022,142910
LIPK,ENSG00000204021,643414
LIPT1,ENSG00000144182,51601
LIPT2,ENSG00000175536,387787
LIPT2-AS1,ENSG00000254837,100287896
LITAF,ENSG00000189067,9516
LITATS1,ENSG00000233621,728431
LIX1,ENSG00000145721,167410
LIX1L,ENSG00000271601,128077
LIX1L-AS1,ENSG00000234222,105371260
LKAAEAR1,ENSG00000171695,198437
LL22NC03-63E9.3,ENSG00000220891,648691
LLCFC1,ENSG00000165131,135927
LLGL1,ENSG00000131899,3996
LLGL2,ENSG00000073350,3993
LLPH,ENSG00000139233,84298
LLPH-DT,ENSG00000239335,103625681
LMAN1,ENSG00000074695,3998
LMAN2,ENSG00000169223,10960
LMAN2L,ENSG00000114988,81562
LMBR1,ENSG00000105983,64327
LMBR1L,ENSG00000139636,55716
LMBRD1,ENSG00000168216,55788
LMBRD2,ENSG00000164187,92255
LMCD1,ENSG00000071282,29995
LMCD1-AS1,ENSG00000227110,100288428
LMF1,ENSG00000103227,64788
LMF1-AS1,ENSG00000260439,101929387
LMF2,ENSG00000100258,91289
LMLN,ENSG00000185621,89782
LMNA,ENSG00000160789,4000
LMNB1,ENSG00000113368,4001
LMNB2,ENSG00000176619,84823
LMNTD2,ENSG00000185522,256329
LMNTD2-AS1,ENSG00000254815,692247
LMO1,ENSG00000166407,4004
LMO2,ENSG00000135363,4005
LMO3,ENSG00000048540,55885
LMO4,ENSG00000143013,8543
LMO7,ENSG00000136153,4008
LMO7-AS1,ENSG00000261105,101927155
LMOD1,ENSG00000163431,25802
LMOD3,ENSG00000163380,56203
LMTK2,ENSG00000164715,22853
LMTK3,ENSG00000142235,114783
LMX1A,ENSG00000162761,4009
LMX1B,ENSG00000136944,4010
LNC-LBCS,ENSG00000228412,100506885
LNCAROD,ENSG00000231131,101928687
LNCATV,ENSG00000238005,101927851
LNCEGFL7OS,ENSG00000228401,101928612
LNCOC1,ENSG00000253741,100288181
LNCOG,ENSG00000257219,105369848
LNCPRESS1,ENSG00000232301,101927721
LNCRNA-IUR,ENSG00000245552,101929295
LNCSRLR,ENSG00000240032,109729161
LNCTAM34A,ENSG00000234546,102724571
LNP1,ENSG00000206535,348801
LNPEP,ENSG00000113441,4012
LNPK,ENSG00000144320,80856
LNX1,ENSG00000072201,84708
LNX2,ENSG00000139517,222484
LOC100128059,ENSG00000250274,100128059
LOC100128093,ENSG00000232862,100128093
LOC100128334,ENSG00000235713,100128334
LOC100128494,ENSG00000251143,100128494
LOC100128770,ENSG00000205890,100128770
LOC100128966,ENSG00000120709,100128966
LOC100129175,ENSG00000224090,100129175
LOC100129203,ENSG00000245552,100129203
LOC100129215,ENSG00000226180,100129215
LOC100129434,ENSG00000233251,100129434
LOC100129540,ENSG00000177699,100129540
LOC100129844,ENSG00000218565,100129844
LOC100129931,ENSG00000245748,100129931
LOC100130207,ENSG00000144455,100130207
LOC100130283,ENSG00000140650,100130283
LOC100130357,ENSG00000215022,100130357
LOC100130548,ENSG00000235138,100130548
LOC100130691,ENSG00000213963,100130691
LOC100130881,ENSG00000236114,100130881
LOC100131465,ENSG00000215795,100131465
LOC100131496,ENSG00000267882,100131496
LOC100131785,ENSG00000223886,100131785
LOC100132249,ENSG00000279561,100132249
LOC100132834,ENSG00000276127,100132834
LOC100287808,ENSG00000277182,100287808
LOC100288001,ENSG00000253223,100288001
LOC100288123,ENSG00000267244,100288123
LOC100288637,ENSG00000187951,100288637
LOC100289206,ENSG00000283178,100289206
LOC100289230,ENSG00000248489,100289230
LOC100289495,ENSG00000286760,100289495
LOC100289518,ENSG00000254783,100289518
LOC100418723,ENSG00000230638,100418723
LOC100419436,ENSG00000232344,100419436
LOC100419515,ENSG00000275318,100419515
LOC100419668,ENSG00000259502,100419668
LOC100419928,ENSG00000255836,100419928
LOC100420011,ENSG00000257752,100420011
LOC100420839,ENSG00000218631,100420839
LOC100420899,ENSG00000255566,100420899
LOC100420981,ENSG00000257511,100420981
LOC100421273,ENSG00000229635,100421273
LOC100421402,ENSG00000232499,100421402
LOC100421775,ENSG00000237115,100421775
LOC100422204,ENSG00000251468,100422204
LOC100422263,ENSG00000213065,100422263
LOC100422398,ENSG00000254877,100422398
LOC100422497,ENSG00000267293,100422497
LOC100422526,ENSG00000229808,100422526
LOC100505555,ENSG00000196605,100505555
LOC100505715,ENSG00000267058,100505715
LOC100505716,ENSG00000223522,100505716
LOC100505774,ENSG00000226833,100505774
LOC100505851,ENSG00000269289,100505851
LOC100505915,ENSG00000260735,100505915
LOC100506207,ENSG00000285219,100506207
LOC100506235,ENSG00000233230,100506235
LOC100506274,ENSG00000229727,100506274
LOC100506321,ENSG00000259118,100506321
LOC100506403,ENSG00000159216,100506403
LOC100506474,ENSG00000225649,100506474
LOC100506551,ENSG00000257279,100506551
LOC100506606,ENSG00000257176,100506606
LOC100507053,ENSG00000246090,100507053
LOC100507250,ENSG00000247363,100507250
LOC100507336,ENSG00000228793,100507336
LOC100507403,ENSG00000253123,100507403
LOC100507547,ENSG00000204314,100507547
LOC100652758,ENSG00000275765,100652758
LOC100652777,ENSG00000069764,100652777
LOC100887072,ENSG00000269794,100887072
LOC100887080,ENSG00000283399,100887080
LOC100996318,ENSG00000233029,100996318
LOC100996437,ENSG00000226824,100996437
LOC100996583,ENSG00000228037,100996583
LOC100996660,ENSG00000267248,100996660
LOC100996709,ENSG00000228696,100996709
LOC101926907,ENSG00000234807,101926907
LOC101926956,ENSG00000253177,101926956
LOC101927018,ENSG00000265845,101927018
LOC101927055,ENSG00000237298,101927055
LOC101927057,ENSG00000126861,101927057
LOC101927143,ENSG00000232628,101927143
LOC101927159,ENSG00000229042,101927159
LOC101927164,ENSG00000237101,101927164
LOC101927178,ENSG00000151327,101927178
LOC101927189,ENSG00000146147,101927189
LOC101927237,ENSG00000250075,101927237
LOC101927245,ENSG00000283959,101927245
LOC101927293,ENSG00000225096,101927293
LOC101927310,ENSG00000251209,101927310
LOC101927377,ENSG00000231119,101927377
LOC101927394,ENSG00000227110,101927394
LOC101927401,ENSG00000287315,101927401
LOC101927413,ENSG00000253796,101927413
LOC101927418,ENSG00000258949,101927418
LOC101927446,ENSG00000105793,101927446
LOC101927468,ENSG00000227733,101927468
LOC101927480,ENSG00000245694,101927480
LOC101927495,ENSG00000250230,101927495
LOC101927560,ENSG00000233008,101927560
LOC101927571,ENSG00000266850,101927571
LOC101927609,ENSG00000237773,101927609
LOC101927636,ENSG00000251600,101927636
LOC101927657,ENSG00000244791,101927657
LOC101927687,ENSG00000232732,101927687
LOC101927692,ENSG00000228484,101927692
LOC101927702,ENSG00000254718,101927702
LOC101927708,ENSG00000255367,101927708
LOC101927727,ENSG00000262003,101927727
LOC101927787,ENSG00000228044,101927787
LOC101927793,ENSG00000259881,101927793
LOC101927825,ENSG00000282556,101927825
LOC101927829,ENSG00000231304,101927829
LOC101927888,ENSG00000231811,101927888
LOC101927911,ENSG00000262884,101927911
LOC101927914,ENSG00000234210,101927914
LOC101928012,ENSG00000223646,101928012
LOC101928053,ENSG00000246308,101928053
LOC101928059,ENSG00000284738,101928059
LOC101928160,ENSG00000181135,101928160
LOC101928198,ENSG00000198948,101928198
LOC101928266,ENSG00000262966,101928266
LOC101928283,ENSG00000224897,101928283
LOC101928295,ENSG00000268686,101928295
LOC101928335,ENSG00000236064,101928335
LOC101928373,ENSG00000286313,101928373
LOC101928401,ENSG00000233288,101928401
LOC101928438,ENSG00000237461,101928438
LOC101928463,ENSG00000287359,101928463
LOC101928525,ENSG00000226706,101928525
LOC101928718,ENSG00000284830,101928718
LOC101928834,ENSG00000233968,101928834
LOC101928868,ENSG00000287260,101928868
LOC101928882,ENSG00000285336,101928882
LOC101928906,ENSG00000205611,101928906
LOC101928965,ENSG00000271858,101928965
LOC101928988,ENSG00000259351,101928988
LOC101929004,ENSG00000288009,101929004
LOC101929128,ENSG00000248538,101929128
LOC101929174,ENSG00000288018,101929174
LOC101929200,ENSG00000286753,101929200
LOC101929237,ENSG00000248738,101929237
LOC101929270,ENSG00000228395,101929270
LOC101929408,ENSG00000260288,101929408
LOC101929427,ENSG00000254607,101929427
LOC101929452,ENSG00000223884,101929452
LOC101929457,ENSG00000259362,101929457
LOC101929460,ENSG00000229720,101929460
LOC101929494,ENSG00000276170,101929494
LOC101929532,ENSG00000236841,101929532
LOC101929536,ENSG00000261798,101929536
LOC101929538,ENSG00000245008,101929538
LOC101929552,ENSG00000263063,101929552
LOC101929563,ENSG00000283982,101929563
LOC101929566,ENSG00000263280,101929566
LOC101929577,ENSG00000249635,101929577
LOC101929609,ENSG00000288573,101929609
LOC101929626,ENSG00000227857,101929626
LOC101929657,ENSG00000273523,101929657
LOC101929667,ENSG00000287255,101929667
LOC101929691,ENSG00000285872,101929691
LOC101929698,ENSG00000277301,101929698
LOC101929710,ENSG00000251314,101929710
LOC101929718,ENSG00000258471,101929718
LOC101929719,ENSG00000254363,101929719
LOC101929748,ENSG00000288062,101929748
LOC101929777,ENSG00000108379,101929777
LOC101929918,ENSG00000286626,101929918
LOC101930071,ENSG00000213904,101930071
LOC101930100,ENSG00000278932,101930100
LOC101930112,ENSG00000197912,101930112
LOC102723313,ENSG00000248896,102723313
LOC102723324,ENSG00000227355,102723324
LOC102723341,ENSG00000226409,102723341
LOC102723370,ENSG00000171714,102723370
LOC102723475,ENSG00000276289,102723475
LOC102723566,ENSG00000225032,102723566
LOC102723655,ENSG00000205456,102723655
LOC102723663,ENSG00000285906,102723663
LOC102723670,ENSG00000259868,102723670
LOC102723678,ENSG00000205611,102723678
LOC102723690,ENSG00000226571,102723690
LOC102723701,ENSG00000183154,102723701
LOC102723713,ENSG00000205456,102723713
LOC102723728,ENSG00000185164,102723728
LOC102723834,ENSG00000227496,102723834
LOC102723878,ENSG00000236935,102723878
LOC102723996,ENSG00000160223,102723996
LOC102724019,ENSG00000240086,102724019
LOC102724023,ENSG00000280071,102724023
LOC102724030,ENSG00000248576,102724030
LOC102724058,ENSG00000236107,102724058
LOC102724117,ENSG00000278662,102724117
LOC102724159,ENSG00000275464,102724159
LOC102724200,ENSG00000280433,102724200
LOC102724323,ENSG00000231964,102724323
LOC102724428,ENSG00000275993,102724428
LOC102724474,ENSG00000283828,102724474
LOC102724560,ENSG00000160200,102724560
LOC102724593,ENSG00000231187,102724593
LOC102724594,ENSG00000275895,102724594
LOC102724642,ENSG00000204745,102724642
LOC102724701,ENSG00000280145,102724701
LOC102724768,ENSG00000237949,102724768
LOC102724859,ENSG00000279249,102724859
LOC102725035,ENSG00000204577,102725035
LOC102725254,ENSG00000268650,102725254
LOC103344931,ENSG00000260917,103344931
LOC105274304,ENSG00000261335,105274304
LOC105369147,ENSG00000247081,105369147
LOC105369209,ENSG00000130703,105369209
LOC105369250,ENSG00000255052,105369250
LOC105369302,ENSG00000229425,105369302
LOC105369329,ENSG00000255931,105369329
LOC105369344,ENSG00000287917,105369344
LOC105369363,ENSG00000286369,105369363
LOC105369391,ENSG00000255326,105369391
LOC105369632,ENSG00000111671,105369632
LOC105369725,ENSG00000255760,105369725
LOC105369850,ENSG00000257526,105369850
LOC105369911,ENSG00000257283,105369911
LOC105370027,ENSG00000248636,105370027
LOC105370047,ENSG00000214650,105370047
LOC105370169,ENSG00000273507,105370169
LOC105370174,ENSG00000288598,105370174
LOC105370259,ENSG00000286330,105370259
LOC105370500,ENSG00000285664,105370500
LOC105370525,ENSG00000258926,105370525
LOC105370532,ENSG00000274015,105370532
LOC105370689,ENSG00000287346,105370689
LOC105370775,ENSG00000175779,105370775
LOC105370781,ENSG00000259278,105370781
LOC105370792,ENSG00000174171,105370792
LOC105370802,ENSG00000259200,105370802
LOC105370906,ENSG00000259420,105370906
LOC105370941,ENSG00000261136,105370941
LOC105370969,ENSG00000259704,105370969
LOC105371022,ENSG00000259219,105371022
LOC105371046,ENSG00000260989,105371046
LOC105371083,ENSG00000263080,105371083
LOC105371240,ENSG00000260086,105371240
LOC105371348,ENSG00000166848,105371348
LOC105371401,ENSG00000261327,105371401
LOC105371414,ENSG00000260279,105371414
LOC105371485,ENSG00000228133,105371485
LOC105371689,ENSG00000286383,105371689
LOC105371729,ENSG00000285677,105371729
LOC105371730,ENSG00000214708,105371730
LOC105371745,ENSG00000270240,105371745
LOC105371773,ENSG00000266088,105371773
LOC105371795,ENSG00000267288,105371795
LOC105371824,ENSG00000250286,105371824
LOC105371841,ENSG00000287337,105371841
LOC105371855,ENSG00000265702,105371855
LOC105371956,ENSG00000263745,105371956
LOC105372165,ENSG00000283667,105372165
LOC105372180,ENSG00000287646,105372180
LOC105372268,ENSG00000287960,105372268
LOC105372321,ENSG00000268119,105372321
LOC105372401,ENSG00000286177,105372401
LOC105372432,ENSG00000286024,105372432
LOC105372522,ENSG00000182621,105372522
LOC105372710,ENSG00000233017,105372710
LOC105372832,ENSG00000232124,105372832
LOC105372988,ENSG00000225676,105372988
LOC105373244,ENSG00000284391,105373244
LOC105373289,ENSG00000286389,105373289
LOC105373352,ENSG00000233633,105373352
LOC105373378,ENSG00000063587,105373378
LOC105373429,ENSG00000285569,105373429
LOC105373682,ENSG00000286081,105373682
LOC105373757,ENSG00000227098,105373757
LOC105373780,ENSG00000283839,105373780
LOC105374174,ENSG00000286585,105374174
LOC105374235,ENSG00000223930,105374235
LOC105374254,ENSG00000286086,105374254
LOC105374367,ENSG00000287331,105374367
LOC105374468,ENSG00000287313,105374468
LOC105374511,ENSG00000248515,105374511
LOC105374811,ENSG00000270571,105374811
LOC105374836,ENSG00000186854,105374836
LOC105375022,ENSG00000272217,105375022
LOC105375026,ENSG00000233183,105375026
LOC105375387,ENSG00000227863,105375387
LOC105375421,ENSG00000284523,105375421
LOC105375423,ENSG00000286923,105375423
LOC105375523,ENSG00000232053,105375523
LOC105375614,ENSG00000222012,105375614
LOC105375743,ENSG00000255491,105375743
LOC105375751,ENSG00000253438,105375751
LOC105375754,ENSG00000286010,105375754
LOC105375798,ENSG00000254812,105375798
LOC105375903,ENSG00000253983,105375903
LOC105375924,ENSG00000253214,105375924
LOC105376020,ENSG00000286322,105376020
LOC105376060,ENSG00000279561,105376060
LOC105376070,ENSG00000233178,105376070
LOC105376156,ENSG00000158169,105376156
LOC105376159,ENSG00000225194,105376159
LOC105376244,ENSG00000284977,105376244
LOC105376292,ENSG00000227619,105376292
LOC105376380,ENSG00000287566,105376380
LOC105376805,ENSG00000238142,105376805
LOC105376944,ENSG00000189229,105376944
LOC105377188,ENSG00000287158,105377188
LOC105377203,ENSG00000205702,105377203
LOC105377267,ENSG00000250696,105377267
LOC105377448,ENSG00000250195,105377448
LOC105377622,ENSG00000145391,105377622
LOC105377663,ENSG00000287382,105377663
LOC105377683,ENSG00000249738,105377683
LOC105377727,ENSG00000287814,105377727
LOC105378231,ENSG00000260581,105378231
LOC105378268,ENSG00000285884,105378268
LOC105378305,ENSG00000231131,105378305
LOC105378858,ENSG00000137962,105378858
LOC105379199,ENSG00000286615,105379199
LOC105379224,ENSG00000253130,105379224
LOC105379379,ENSG00000254111,105379379
LOC105379428,ENSG00000278932,105379428
LOC105379444,ENSG00000231527,105379444
LOC107984265,ENSG00000286575,107984265
LOC107984270,ENSG00000286289,107984270
LOC107984273,ENSG00000285587,107984273
LOC107984450,ENSG00000256001,107984450
LOC107984827,ENSG00000261170,107984827
LOC107984948,ENSG00000230615,107984948
LOC107985177,ENSG00000287281,107985177
LOC107985200,ENSG00000232527,107985200
LOC107985206,ENSG00000286391,107985206
LOC107985216,ENSG00000272668,107985216
LOC107985359,ENSG00000244137,107985359
LOC107985433,ENSG00000205611,107985433
LOC107985688,ENSG00000228427,107985688
LOC107986163,ENSG00000272970,107986163
LOC107986281,ENSG00000250302,107986281
LOC107986298,ENSG00000245293,107986298
LOC107986346,ENSG00000196683,107986346
LOC107986374,ENSG00000248648,107986374
LOC107986453,ENSG00000250378,107986453
LOC107986583,ENSG00000228223,107986583
LOC107986669,ENSG00000287189,107986669
LOC107986951,ENSG00000254337,107986951
LOC107987108,ENSG00000234323,107987108
LOC107987423,ENSG00000228695,107987423
LOC107987425,ENSG00000204577,107987425
LOC107987457,ENSG00000146112,107987457
LOC107987462,ENSG00000204577,107987462
LOC110384692,ENSG00000244731,110384692
LOC112267968,ENSG00000285492,112267968
LOC112267986,ENSG00000287672,112267986
LOC112267992,ENSG00000267259,112267992
LOC112268198,ENSG00000279801,112268198
LOC112268269,ENSG00000268858,112268269
LOC112268419,ENSG00000286244,112268419
LOC112694756,ENSG00000285043,112694756
LOC114841035,ENSG00000286264,114841035
LOC115308161,ENSG00000271551,115308161
LOC116435278,ENSG00000286710,116435278
LOC117779438,ENSG00000227066,117779438
LOC119746555,ENSG00000260257,119746555
LOC121725015,ENSG00000264449,121725015
LOC122455342,ENSG00000284526,122455342
LOC122513141,ENSG00000284976,122513141
LOC122526780,ENSG00000282936,122526780
LOC122539214,ENSG00000269825,122539214
LOC124900193,ENSG00000245146,124900193
LOC124900217,ENSG00000225177,124900217
LOC124900275,ENSG00000204054,124900275
LOC124900276,ENSG00000233016,124900276
LOC124900372,ENSG00000261971,124900372
LOC124900388,ENSG00000286190,124900388
LOC124900418,ENSG00000214049,124900418
LOC124900420,ENSG00000267710,124900420
LOC124900469,ENSG00000238390,124900469
LOC124900476,ENSG00000280623,124900476
LOC124900638,ENSG00000231616,124900638
LOC124900661,ENSG00000254866,124900661
LOC124900778,ENSG00000248187,124900778
LOC124900945,ENSG00000286377,124900945
LOC124900964,ENSG00000251257,124900964
LOC124900989,ENSG00000286647,124900989
LOC124901067,ENSG00000250244,124901067
LOC124901107,ENSG00000286657,124901107
LOC124901151,ENSG00000248367,124901151
LOC124901185,ENSG00000247199,124901185
LOC124901296,ENSG00000225173,124901296
LOC124901333,ENSG00000227885,124901333
LOC124901355,ENSG00000272008,124901355
LOC124901391,ENSG00000287258,124901391
LOC124901526,ENSG00000202343,124901526
LOC124901628,ENSG00000286315,124901628
LOC124901671,ENSG00000285886,124901671
LOC124901856,ENSG00000238832,124901856
LOC124901872,ENSG00000287747,124901872
LOC124901882,ENSG00000254340,124901882
LOC124901944,ENSG00000253844,124901944
LOC124901966,ENSG00000285758,124901966
LOC124902005,ENSG00000287826,124902005
LOC124902026,ENSG00000286535,124902026
LOC124902033,ENSG00000253196,124902033
LOC124902108,ENSG00000227155,124902108
LOC124902114,ENSG00000286162,124902114
LOC124902204,ENSG00000287769,124902204
LOC124902280,ENSG00000227218,124902280
LOC124902301,ENSG00000286502,124902301
LOC124902388,ENSG00000285852,124902388
LOC124902439,ENSG00000228566,124902439
LOC124902546,ENSG00000287016,124902546
LOC124902606,ENSG00000287935,124902606
LOC124902629,ENSG00000250041,124902629
LOC124902683,ENSG00000257002,124902683
LOC124902694,ENSG00000255320,124902694
LOC124902709,ENSG00000215841,124902709
LOC124902824,ENSG00000206913,124902824
LOC124902860,ENSG00000278356,124902860
LOC124902904,ENSG00000256625,124902904
LOC124902947,ENSG00000287200,124902947
LOC124903183,ENSG00000285572,124903183
LOC124903317,ENSG00000287156,124903317
LOC124903342,ENSG00000285518,124903342
LOC124903372,ENSG00000187621,124903372
LOC124903659,ENSG00000260592,124903659
LOC124903670,ENSG00000246465,124903670
LOC124903710,ENSG00000157429,124903710
LOC124903757,ENSG00000260279,124903757
LOC124903770,ENSG00000260573,124903770
LOC124903827,ENSG00000177133,124903827
LOC124903956,ENSG00000265246,124903956
LOC124904048,ENSG00000265055,124904048
LOC124904115,ENSG00000252274,124904115
LOC124904154,ENSG00000212195,124904154
LOC124904395,ENSG00000178104,124904395
LOC124904411,ENSG00000233030,124904411
LOC124904503,ENSG00000287354,124904503
LOC124904535,ENSG00000269934,124904535
LOC124904542,ENSG00000227006,124904542
LOC124904553,ENSG00000233332,124904553
LOC124904620,ENSG00000268536,124904620
LOC124904701,ENSG00000179066,124904701
LOC124904917,ENSG00000273828,124904917
LOC124904942,ENSG00000215440,124904942
LOC124905021,ENSG00000184012,124905021
LOC124905134,ENSG00000273145,124905134
LOC124905135,ENSG00000197182,124905135
LOC124905349,ENSG00000224272,124905349
LOC124905442,ENSG00000254866,124905442
LOC124905557,ENSG00000173674,124905557
LOC124905743,ENSG00000162747,124905743
LOC124906010,ENSG00000228590,124906010
LOC124906016,ENSG00000204929,124906016
LOC124906209,ENSG00000235978,124906209
LOC124906284,ENSG00000284731,124906284
LOC124906339,ENSG00000283418,124906339
LOC124906608,ENSG00000223969,124906608
LOC124906712,ENSG00000246792,124906712
LOC124906789,ENSG00000248690,124906789
LOC124907392,ENSG00000258636,124907392
LOC124907726,ENSG00000287126,124907726
LOC124907763,ENSG00000226087,124907763
LOC124907782,ENSG00000112679,124907782
LOC124907803,ENSG00000090857,124907803
LOC124907806,ENSG00000140839,124907806
LOC124907807,ENSG00000196436,124907807
LOC124907808,ENSG00000196436,124907808
LOC124907878,ENSG00000238207,124907878
LOC124907928,ENSG00000171916,124907928
LOC124908013,ENSG00000173213,124908013
LOC124908015,ENSG00000173213,124908015
LOC124908041,ENSG00000173213,124908041
LOC124908094,ENSG00000181404,124908094
LOC124908102,ENSG00000181404,124908102
LOC124909384,ENSG00000286952,124909384
LOC124909396,ENSG00000287595,124909396
LOC124909426,ENSG00000287232,124909426
LOC124909475,ENSG00000287005,124909475
LOC127814295,ENSG00000232995,127814295
LOC128125822,ENSG00000285976,128125822
LOC128966597,ENSG00000144063,128966597
LOC128966601,ENSG00000090857,128966601
LOC128966610,ENSG00000175711,128966610
LOC128966622,ENSG00000145002,128966622
LOC128966624,ENSG00000140839,128966624
LOC128966702,ENSG00000235961,128966702
LOC128966744,ENSG00000186281,128966744
LOC130932201,ENSG00000284719,130932201
LOC153910,ENSG00000236366,153910
LOC157273,ENSG00000248538,157273
LOC254896,ENSG00000284948,254896
LOC283038,ENSG00000228021,283038
LOC283194,ENSG00000255240,283194
LOC283299,ENSG00000254951,283299
LOC283683,ENSG00000274253,283683
LOC283731,ENSG00000248540,283731
LOC284685,ENSG00000215835,284685
LOC285097,ENSG00000280119,285097
LOC285626,ENSG00000249738,285626
LOC285638,ENSG00000249476,285638
LOC339260,ENSG00000233098,339260
LOC339666,ENSG00000230736,339666
LOC339685,ENSG00000224715,339685
LOC388248,ENSG00000260628,388248
LOC388282,ENSG00000187185,388282
LOC389906,ENSG00000285756,389906
LOC400499,ENSG00000188897,400499
LOC400553,ENSG00000205037,400553
LOC400622,ENSG00000267665,400622
LOC400627,ENSG00000261924,400627
LOC401312,ENSG00000105889,401312
LOC401913,ENSG00000270624,401913
LOC440311,ENSG00000277654,440311
LOC441179,ENSG00000269155,441179
LOC442041,ENSG00000230650,442041
LOC442497,ENSG00000249574,442497
LOC613206,ENSG00000235204,613206
LOC642361,ENSG00000272447,642361
LOC643015,ENSG00000183171,643015
LOC644169,ENSG00000254595,644169
LOC644456,ENSG00000231043,644456
LOC644584,ENSG00000257307,644584
LOC645485,ENSG00000285517,645485
LOC645853,ENSG00000251211,645853
LOC645967,ENSG00000278899,645967
LOC652549,ENSG00000235400,652549
LOC728138,ENSG00000261819,728138
LOC728392,ENSG00000286190,728392
LOC728485,ENSG00000267260,728485
LOC728488,ENSG00000250138,728488
LOC728743,ENSG00000284691,728743
LOC728877,ENSG00000204790,728877
LOC729296,ENSG00000228340,729296
LOC729654,ENSG00000267056,729654
LOC729732,ENSG00000283674,729732
LOC729867,ENSG00000227741,729867
LOC729870,ENSG00000287642,729870
LOC729998,ENSG00000283041,729998
LOC730183,ENSG00000261840,730183
LOC730668,ENSG00000280424,730668
LOC93429,ENSG00000268460,93429
LOH12CR2,ENSG00000205791,503693
LONP1,ENSG00000196365,9361
LONP2,ENSG00000102910,83752
LONRF1,ENSG00000154359,91694
LONRF2,ENSG00000170500,164832
LONRF3,ENSG00000175556,79836
LOX,ENSG00000113083,4015
LOXHD1,ENSG00000167210,125336
LOXL1,ENSG00000129038,4016
LOXL1-AS1,ENSG00000261801,100287616
LOXL2,ENSG00000134013,4017
LOXL2-AS1,ENSG00000253837,100507156
LOXL3,ENSG00000115318,84695
LOXL4,ENSG00000138131,84171
LPAR1,ENSG00000198121,1902
LPAR2,ENSG00000064547,9170
LPAR3,ENSG00000171517,23566
LPAR4,ENSG00000147145,2846
LPAR5,ENSG00000184574,57121
LPAR6,ENSG00000139679,10161
LPCAT1,ENSG00000153395,79888
LPCAT2,ENSG00000087253,54947
LPCAT3,ENSG00000111684,10162
LPCAT4,ENSG00000176454,254531
LPGAT1,ENSG00000123684,9926
LPIN1,ENSG00000134324,23175
LPIN2,ENSG00000101577,9663
LPIN3,ENSG00000132793,64900
LPL,ENSG00000175445,4023
LPO,ENSG00000167419,4025
LPP,ENSG00000145012,4026
LPP-AS2,ENSG00000270959,339929
LPXN,ENSG00000110031,9404
LRAT,ENSG00000121207,9227
LRATD1,ENSG00000162981,151354
LRATD2,ENSG00000168672,157638
LRBA,ENSG00000198589,987
LRCH1,ENSG00000136141,23143
LRCH2,ENSG00000130224,57631
LRCH3,ENSG00000186001,84859
LRCH4,ENSG00000077454,4034
LRCOL1,ENSG00000204583,100507055
LRFN1,ENSG00000128011,57622
LRFN2,ENSG00000156564,57497
LRFN3,ENSG00000126243,79414
LRFN4,ENSG00000173621,78999
LRFN5,ENSG00000165379,145581
LRG1,ENSG00000171236,116844
LRGUK,ENSG00000155530,136332
LRIF1,ENSG00000121931,55791
LRIG1,ENSG00000144749,26018
LRIG2,ENSG00000198799,9860
LRIG2-DT,ENSG00000238198,100996251
LRIG3,ENSG00000139263,121227
LRIT3,ENSG00000183423,345193
LRMDA,ENSG00000148655,83938
LRP1,ENSG00000123384,4035
LRP10,ENSG00000197324,26020
LRP11,ENSG00000120256,84918
LRP12,ENSG00000147650,29967
LRP1B,ENSG00000168702,53353
LRP2,ENSG00000081479,4036
LRP2BP,ENSG00000109771,55805
LRP3,ENSG00000130881,4037
LRP4,ENSG00000134569,4038
LRP4-AS1,ENSG00000247675,100507401
LRP5,ENSG00000162337,4041
LRP6,ENSG00000070018,4040
LRP8,ENSG00000157193,7804
LRPAP1,ENSG00000163956,4043
LRPPRC,ENSG00000138095,10128
LRR1,ENSG00000165501,122769
LRRC1,ENSG00000137269,55227
LRRC10B,ENSG00000204950,390205
LRRC14,ENSG00000160959,9684
LRRC14B,ENSG00000185028,389257
LRRC15,ENSG00000172061,131578
LRRC17,ENSG00000128606,10234
LRRC18,ENSG00000165383,474354
LRRC19,ENSG00000184434,64922
LRRC2,ENSG00000163827,79442
LRRC20,ENSG00000172731,55222
LRRC23,ENSG00000010626,10233
LRRC25,ENSG00000175489,126364
LRRC26,ENSG00000184709,389816
LRRC27,ENSG00000148814,80313
LRRC28,ENSG00000168904,123355
LRRC3,ENSG00000160233,81543
LRRC31,ENSG00000114248,79782
LRRC32,ENSG00000137507,2615
LRRC34,ENSG00000171757,151827
LRRC36,ENSG00000159708,55282
LRRC37A,ENSG00000238083,9884
LRRC37A2,ENSG00000260075,474170
LRRC37A3,ENSG00000176809,374819
LRRC37A6P,ENSG00000230445,387646
LRRC37A7P,ENSG00000265158,100421589
LRRC37B,ENSG00000185158,114659
LRRC39,ENSG00000122477,127495
LRRC3B,ENSG00000179796,116135
LRRC4,ENSG00000128594,64101
LRRC40,ENSG00000066557,55631
LRRC41,ENSG00000132128,10489
LRRC42,ENSG00000116212,115353
LRRC43,ENSG00000158113,254050
LRRC45,ENSG00000169683,201255
LRRC46,ENSG00000141294,90506
LRRC47,ENSG00000130764,57470
LRRC49,ENSG00000137821,54839
LRRC4B,ENSG00000131409,94030
LRRC4C,ENSG00000148948,57689
LRRC51,ENSG00000184154,120356739
LRRC55,ENSG00000183908,219527
LRRC56,ENSG00000161328,115399
LRRC57,ENSG00000180979,255252
LRRC58,ENSG00000163428,116064
LRRC59,ENSG00000108829,55379
LRRC61,ENSG00000127399,65999
LRRC63,ENSG00000173988,220416
LRRC66,ENSG00000188993,339977
LRRC69,ENSG00000214954,100130742
LRRC7,ENSG00000033122,57554
LRRC70,ENSG00000186105,100130733
LRRC71,ENSG00000160838,149499
LRRC73,ENSG00000204052,221424
LRRC75A,ENSG00000181350,388341
LRRC75B,ENSG00000178026,388886
LRRC8A,ENSG00000136802,56262
LRRC8B,ENSG00000197147,23507
LRRC8C,ENSG00000171488,84230
LRRC8C-DT,ENSG00000231999,400761
LRRC8D,ENSG00000171492,55144
LRRC8E,ENSG00000171017,80131
LRRC9,ENSG00000131951,341883
LRRCC1,ENSG00000133739,85444
LRRFIP1,ENSG00000124831,9208
LRRFIP2,ENSG00000093167,9209
LRRIQ1,ENSG00000133640,84125
LRRIQ3,ENSG00000162620,127255
LRRIQ4,ENSG00000188306,344657
LRRK1,ENSG00000154237,79705
LRRK2,ENSG00000188906,120892
LRRN1,ENSG00000175928,57633
LRRN2,ENSG00000170382,10446
LRRN3,ENSG00000173114,54674
LRRN4,ENSG00000125872,164312
LRRN4CL,ENSG00000177363,221091
LRRTM2,ENSG00000146006,26045
LRSAM1,ENSG00000148356,90678
LRTM2,ENSG00000166159,654429
LRTOMT,ENSG00000284922,220074
LRWD1,ENSG00000161036,222229
LSAMP,ENSG00000185565,4045
LSG1,ENSG00000041802,55341
LSINCT5,ENSG00000281560,101234261
LSM1,ENSG00000175324,27257
LSM10,ENSG00000181817,84967
LSM11,ENSG00000155858,134353
LSM12,ENSG00000161654,124801
LSM14A,ENSG00000257103,26065
LSM14B,ENSG00000149657,149986
LSM2,ENSG00000204392,57819
LSM3,ENSG00000170860,27258
LSM4,ENSG00000130520,25804
LSM5,ENSG00000106355,23658
LSM6,ENSG00000164167,11157
LSM7,ENSG00000130332,51690
LSM8,ENSG00000128534,51691
LSMEM1,ENSG00000181016,286006
LSP1,ENSG00000130592,4046
LSP1P2,ENSG00000240665,100873967
LSP1P4,ENSG00000143429,654342
LSR,ENSG00000105699,51599
LSS,ENSG00000160285,4047
LST1,ENSG00000204482,7940
LTA,ENSG00000226979,4049
LTA4H,ENSG00000111144,4048
LTB,ENSG00000227507,4050
LTB4R,ENSG00000213903,1241
LTB4R2,ENSG00000213906,56413
LTBP1,ENSG00000049323,4052
LTBP2,ENSG00000119681,4053
LTBP3,ENSG00000168056,4054
LTBP4,ENSG00000090006,8425
LTBR,ENSG00000111321,4055
LTC4S,ENSG00000213316,4056
LTF,ENSG00000012223,4057
LTK,ENSG00000062524,4058
LTN1,ENSG00000198862,26046
LTO1,ENSG00000149716,220064
LTV1,ENSG00000135521,84946
LUARIS,ENSG00000231638,100506895
LUC7L,ENSG00000007392,55692
LUC7L2,ENSG00000146963,51631
LUC7L3,ENSG00000108848,51747
LUCAT1,ENSG00000248323,100505994
LUM,ENSG00000139329,4060
LURAP1,ENSG00000171357,541468
LURAP1L,ENSG00000153714,286343
LURAP1L-AS1,ENSG00000235448,101929467
LUZP1,ENSG00000169641,7798
LUZP2,ENSG00000187398,338645
LVRN,ENSG00000172901,206338
LXN,ENSG00000079257,56925
LY6D,ENSG00000167656,8581
LY6E,ENSG00000160932,4061
LY6G5B,ENSG00000240053,58496
LY6G5C,ENSG00000204428,80741
LY6G6C,ENSG00000204421,80740
LY6H,ENSG00000176956,4062
LY6K,ENSG00000160886,54742
LY6S-AS1,ENSG00000177335,286122
LY75,ENSG00000054219,4065
LY86,ENSG00000112799,9450
LY86-AS1,ENSG00000216863,285780
LY9,ENSG00000122224,4063
LY96,ENSG00000154589,23643
LYAR,ENSG00000145220,55646
LYG1,ENSG00000144214,129530
LYG2,ENSG00000185674,254773
LYL1,ENSG00000104903,4066
LYN,ENSG00000254087,4067
LYNX1,ENSG00000180155,66004
LYNX1-SLURP2,ENSG00000284505,111188157
LYPD1,ENSG00000150551,116372
LYPD3,ENSG00000124466,27076
LYPD5,ENSG00000159871,284348
LYPD6,ENSG00000187123,130574
LYPD6B,ENSG00000150556,130576
LYPLA1,ENSG00000120992,10434
LYPLA2,ENSG00000011009,11313
LYPLAL1,ENSG00000143353,127018
LYPLAL1-DT,ENSG00000228063,643723
LYRM1,ENSG00000102897,57149
LYRM2,ENSG00000083099,57226
LYRM4,ENSG00000214113,57128
LYRM4-AS1,ENSG00000272142,100129461
LYRM7,ENSG00000186687,90624
LYRM9,ENSG00000232859,201229
LYSET,ENSG00000153485,26175
LYSMD1,ENSG00000163155,388695
LYSMD2,ENSG00000140280,256586
LYSMD3,ENSG00000176018,116068
LYSMD4,ENSG00000183060,145748
LYST,ENSG00000143669,1130
LYVE1,ENSG00000133800,10894
LYZ,ENSG00000090382,4069
LYZL2,ENSG00000151033,119180
LZIC,ENSG00000162441,84328
LZTFL1,ENSG00000163818,54585
LZTR1,ENSG00000099949,8216
LZTS1,ENSG00000061337,11178
LZTS2,ENSG00000107816,84445
LZTS3,ENSG00000088899,9762
M1AP,ENSG00000159374,130951
M6PR,ENSG00000003056,4074
MAB21L1,ENSG00000180660,4081
MAB21L3,ENSG00000173212,126868
MAB21L4,ENSG00000172478,79919
MACC1,ENSG00000183742,346389
MACF1,ENSG00000127603,23499
MACIR,ENSG00000181751,90355
MACO1,ENSG00000204178,55219
MACORIS,ENSG00000237797,101929951
MACROD1,ENSG00000133315,28992
MACROD2,ENSG00000172264,140733
MACROH2A1,ENSG00000113648,9555
MACROH2A2,ENSG00000099284,55506
MAD1L1,ENSG00000002822,8379
MAD2L1,ENSG00000164109,4085
MAD2L1BP,ENSG00000124688,9587
MAD2L2,ENSG00000116670,10459
MADCAM1,ENSG00000099866,8174
MADD,ENSG00000110514,8567
MAEA,ENSG00000090316,10296
MAEL,ENSG00000143194,84944
MAF,ENSG00000178573,4094
MAF1,ENSG00000179632,84232
MAFA,ENSG00000182759,389692
MAFB,ENSG00000204103,9935
MAFF,ENSG00000185022,23764
MAFG,ENSG00000197063,4097
MAFG-AS1,ENSG00000264769,128385369
MAFK,ENSG00000198517,7975
MAFTRR,ENSG00000261390,102467146
MAG,ENSG00000105695,4099
MAGEA1,ENSG00000198681,4100
MAGEA11,ENSG00000185247,4110
MAGEA12,ENSG00000213401,4111
MAGEA3,ENSG00000221867,4102
MAGEA4,ENSG00000147381,4103
MAGEA6,ENSG00000221867,4105
MAGEA8,ENSG00000156009,4107
MAGEB1,ENSG00000214107,4112
MAGEB17,ENSG00000182798,645864
MAGEB4,ENSG00000120289,4115
MAGEC1,ENSG00000155495,9947
MAGEC2,ENSG00000046774,51438
MAGEC3,ENSG00000165509,139081
MAGED1,ENSG00000179222,9500
MAGED2,ENSG00000102316,10916
MAGED4B,ENSG00000187243,81557
MAGEE1,ENSG00000198934,57692
MAGEE2,ENSG00000186675,139599
MAGEF1,ENSG00000177383,64110
MAGEH1,ENSG00000187601,28986
MAGEL2,ENSG00000254585,54551
MAGI1,ENSG00000151276,9223
MAGI1-IT1,ENSG00000272610,151877
MAGI2,ENSG00000187391,9863
MAGI2-AS3,ENSG00000234456,100505881
MAGI3,ENSG00000081026,260425
MAGIX,ENSG00000269313,79917
MAGOH,ENSG00000162385,4116
MAGOH-DT,ENSG00000226754,100507564
MAGOHB,ENSG00000111196,55110
MAGT1,ENSG00000102158,84061
MAIP1,ENSG00000162972,79568
MAJIN,ENSG00000168070,283129
MAK,ENSG00000111837,4117
MAK16,ENSG00000198042,84549
MAL,ENSG00000172005,4118
MAL2,ENSG00000147676,114569
MAL2-AS1,ENSG00000253972,105375726
MALAT1,ENSG00000251562,378938
MALL,ENSG00000144063,7851
MALRD1,ENSG00000204740,340895
MALSU1,ENSG00000156928,115416
MALT1,ENSG00000172175,10892
MALT1-AS1,ENSG00000267226,101927322
MAMDC2,ENSG00000165072,256691
MAMDC2-AS1,ENSG00000204706,100507244
MAMDC4,ENSG00000177943,158056
MAML1,ENSG00000161021,9794
MAML2,ENSG00000184384,84441
MAML3,ENSG00000196782,55534
MAMLD1,ENSG00000013619,10046
MAMSTR,ENSG00000176909,284358
MAN1A1,ENSG00000111885,4121
MAN1A2,ENSG00000198162,10905
MAN1B1,ENSG00000177239,11253
MAN1B1-DT,ENSG00000268996,100289341
MAN1C1,ENSG00000117643,57134
MAN2A1,ENSG00000112893,4124
MAN2A2,ENSG00000196547,4122
MAN2B1,ENSG00000104774,4125
MAN2B2,ENSG00000013288,23324
MAN2C1,ENSG00000140400,4123
MANBA,ENSG00000109323,4126
MANBAL,ENSG00000101363,63905
MANCR,ENSG00000231298,100216001
MANEA,ENSG00000172469,79694
MANEA-DT,ENSG00000261366,101927288
MANEAL,ENSG00000185090,149175
MANF,ENSG00000145050,7873
MANSC1,ENSG00000111261,54682
MANSC4,ENSG00000205693,100287284
MAOA,ENSG00000189221,4128
MAOB,ENSG00000069535,4129
MAP10,ENSG00000212916,54627
MAP1A,ENSG00000166963,4130
MAP1B,ENSG00000131711,4131
MAP1LC3A,ENSG00000101460,84557
MAP1LC3B,ENSG00000140941,81631
MAP1LC3B2,ENSG00000258102,643246
MAP1LC3C,ENSG00000197769,440738
MAP1S,ENSG00000130479,55201
MAP2,ENSG00000078018,4133
MAP2K1,ENSG00000169032,5604
MAP2K2,ENSG00000126934,5605
MAP2K3,ENSG00000034152,5606
MAP2K4,ENSG00000065559,6416
MAP2K5,ENSG00000137764,5607
MAP2K5-DT,ENSG00000270964,118732298
MAP2K6,ENSG00000108984,5608
MAP2K7,ENSG00000076984,5609
MAP3K1,ENSG00000095015,4214
MAP3K10,ENSG00000130758,4294
MAP3K11,ENSG00000173327,4296
MAP3K12,ENSG00000139625,7786
MAP3K13,ENSG00000073803,9175
MAP3K14,ENSG00000006062,9020
MAP3K15,ENSG00000180815,389840
MAP3K19,ENSG00000176601,80122
MAP3K2,ENSG00000169967,10746
MAP3K2-DT,ENSG00000236682,100506922
MAP3K20,ENSG00000091436,51776
MAP3K20-AS1,ENSG00000238133,339751
MAP3K21,ENSG00000143674,84451
MAP3K3,ENSG00000198909,4215
MAP3K4,ENSG00000085511,4216
MAP3K4-AS1,ENSG00000272841,117981787
MAP3K5,ENSG00000197442,4217
MAP3K6,ENSG00000142733,9064
MAP3K7,ENSG00000135341,6885
MAP3K7CL,ENSG00000156265,56911
MAP3K8,ENSG00000107968,1326
MAP3K9,ENSG00000006432,4293
MAP3K9-DT,ENSG00000259153,100506411
MAP4,ENSG00000047849,4134
MAP4K1,ENSG00000104814,11184
MAP4K2,ENSG00000168067,5871
MAP4K3,ENSG00000011566,8491
MAP4K3-DT,ENSG00000231312,728730
MAP4K4,ENSG00000071054,9448
MAP4K5,ENSG00000012983,11183
MAP6,ENSG00000171533,4135
MAP6D1,ENSG00000180834,79929
MAP7,ENSG00000135525,9053
MAP7-AS1,ENSG00000272189,123706512
MAP7D1,ENSG00000116871,55700
MAP7D2,ENSG00000184368,256714
MAP7D3,ENSG00000129680,79649
MAP9,ENSG00000164114,79884
MAPDA,ENSG00000168803,161823
MAPK1,ENSG00000100030,5594
MAPK10,ENSG00000109339,5602
MAPK11,ENSG00000185386,5600
MAPK12,ENSG00000188130,6300
MAPK13,ENSG00000156711,5603
MAPK14,ENSG00000112062,1432
MAPK15,ENSG00000181085,225689
MAPK1IP1L,ENSG00000168175,93487
MAPK3,ENSG00000102882,5595
MAPK4,ENSG00000141639,5596
MAPK6,ENSG00000069956,5597
MAPK7,ENSG00000166484,5598
MAPK8,ENSG00000107643,5599
MAPK8IP1,ENSG00000121653,9479
MAPK8IP2,ENSG00000008735,23542
MAPK8IP3,ENSG00000138834,23162
MAPK9,ENSG00000050748,5601
MAPKAP1,ENSG00000119487,79109
MAPKAPK2,ENSG00000162889,9261
MAPKAPK3,ENSG00000114738,7867
MAPKAPK5,ENSG00000089022,8550
MAPKAPK5-AS1,ENSG00000234608,51275
MAPKBP1,ENSG00000137802,23005
MAPRE1,ENSG00000101367,22919
MAPRE2,ENSG00000166974,10982
MAPRE3,ENSG00000084764,22924
MAPT,ENSG00000186868,4137
MAPT-IT1,ENSG00000279685,100130148
MARCHF1,ENSG00000145416,55016
MARCHF10,ENSG00000173838,162333
MARCHF11,ENSG00000183654,441061
MARCHF2,ENSG00000099785,51257
MARCHF3,ENSG00000173926,115123
MARCHF4,ENSG00000144583,57574
MARCHF5,ENSG00000198060,54708
MARCHF6,ENSG00000145495,10299
MARCHF6-DT,ENSG00000259802,101929977
MARCHF7,ENSG00000136536,64844
MARCHF8,ENSG00000165406,220972
MARCHF9,ENSG00000139266,92979
MARCKS,ENSG00000277443,4082
MARCKSL1,ENSG00000175130,65108
MARCO,ENSG00000019169,8685
MARF1,ENSG00000166783,9665
MARK1,ENSG00000116141,4139
MARK2,ENSG00000072518,2011
MARK3,ENSG00000075413,4140
MARK4,ENSG00000007047,57787
MARS1,ENSG00000166986,4141
MARS2,ENSG00000247626,92935
MARVELD1,ENSG00000155254,83742
MARVELD2,ENSG00000152939,153562
MARVELD3,ENSG00000140832,91862
MAS1L,ENSG00000204687,116511
MASP1,ENSG00000127241,5648
MASP2,ENSG00000009724,10747
MAST1,ENSG00000105613,22983
MAST2,ENSG00000086015,23139
MAST3,ENSG00000099308,23031
MAST4,ENSG00000069020,375449
MASTL,ENSG00000120539,84930
MAT1A,ENSG00000151224,4143
MAT2A,ENSG00000168906,4144
MAT2B,ENSG00000038274,27430
MATCAP1,ENSG00000196123,653319
MATCAP2,ENSG00000164542,23366
MATK,ENSG00000007264,4145
MATN1,ENSG00000162510,4146
MATN1-AS1,ENSG00000186056,100129196
MATN2,ENSG00000132561,4147
MATN3,ENSG00000132031,4148
MATN4,ENSG00000124159,8785
MATR3,ENSG00000015479,9782
MAU2,ENSG00000129933,23383
MAVS,ENSG00000088888,57506
MAX,ENSG00000125952,4149
MAZ,ENSG00000103495,4150
MB,ENSG00000198125,4151
MB21D2,ENSG00000180611,151963
MBD1,ENSG00000141644,4152
MBD2,ENSG00000134046,8932
MBD3,ENSG00000071655,53615
MBD4,ENSG00000129071,8930
MBD5,ENSG00000204406,55777
MBD6,ENSG00000166987,114785
MBIP,ENSG00000151332,51562
MBLAC1,ENSG00000214309,255374
MBLAC2,ENSG00000176055,153364
MBNL1,ENSG00000152601,4154
MBNL1-AS1,ENSG00000229619,401093
MBNL2,ENSG00000139793,10150
MBNL3,ENSG00000076770,55796
MBOAT1,ENSG00000172197,154141
MBOAT2,ENSG00000143797,129642
MBOAT4,ENSG00000177669,619373
MBOAT7,ENSG00000125505,79143
MBP,ENSG00000197971,4155
MBTD1,ENSG00000011258,54799
MBTPS1,ENSG00000140943,8720
MBTPS2,ENSG00000012174,51360
MC1R,ENSG00000258839,4157
MC5R,ENSG00000176136,4161
MCAM,ENSG00000076706,4162
MCAT,ENSG00000100294,27349
MCC,ENSG00000171444,4163
MCCC1,ENSG00000078070,56922
MCCC2,ENSG00000131844,64087
MCCD1,ENSG00000204511,401250
MCEE,ENSG00000124370,84693
MCEMP1,ENSG00000183019,199675
MCF2,ENSG00000101977,4168
MCF2L,ENSG00000126217,23263
MCF2L2,ENSG00000053524,23101
MCF2L2P1,ENSG00000231982,127525790
MCFD2,ENSG00000180398,90411
MCHR1,ENSG00000128285,2847
MCIDAS,ENSG00000234602,345643
MCL1,ENSG00000143384,4170
MCM10,ENSG00000065328,55388
MCM2,ENSG00000073111,4171
MCM3,ENSG00000112118,4172
MCM3AP,ENSG00000160294,8888
MCM3AP-AS1,ENSG00000215424,114044
MCM4,ENSG00000104738,4173
MCM5,ENSG00000100297,4174
MCM6,ENSG00000076003,4175
MCM7,ENSG00000166508,4176
MCM8,ENSG00000125885,84515
MCM9,ENSG00000111877,254394
MCMBP,ENSG00000197771,79892
MCMDC2,ENSG00000178460,157777
MCOLN1,ENSG00000090674,57192
MCOLN2,ENSG00000153898,255231
MCOLN3,ENSG00000055732,55283
MCPH1,ENSG00000147316,79648
MCPH1-DT,ENSG00000246089,100287015
MCRIP1,ENSG00000225663,348262
MCRIP2,ENSG00000172366,84331
MCRS1,ENSG00000187778,10445
MCTP1,ENSG00000175471,79772
MCTP2,ENSG00000140563,55784
MCTS1,ENSG00000232119,28985
MCU,ENSG00000156026,90550
MCUB,ENSG00000005059,55013
MCUR1,ENSG00000050393,63933
MDC1,ENSG00000137337,9656
MDFI,ENSG00000112559,4188
MDFIC,ENSG00000135272,29969
MDGA1,ENSG00000112139,266727
MDGA2,ENSG00000139915,161357
MDH1,ENSG00000014641,4190
MDH1B,ENSG00000138400,130752
MDH2,ENSG00000146701,4191
MDK,ENSG00000110492,4192
MDM1,ENSG00000111554,56890
MDM2,ENSG00000135679,4193
MDM4,ENSG00000198625,4194
MDN1,ENSG00000112159,23195
MDS2,ENSG00000197880,259283
ME1,ENSG00000065833,4199
ME2,ENSG00000082212,4200
ME3,ENSG00000151376,10873
MEA1,ENSG00000124733,4201
MEAF6,ENSG00000163875,64769
MEAK7,ENSG00000140950,57707
MECOM,ENSG00000085276,2122
MECP2,ENSG00000169057,4204
MECR,ENSG00000116353,51102
MED1,ENSG00000125686,5469
MED10,ENSG00000133398,84246
MED11,ENSG00000161920,400569
MED12,ENSG00000184634,9968
MED12L,ENSG00000144893,116931
MED13,ENSG00000108510,9969
MED13L,ENSG00000123066,23389
MED14,ENSG00000180182,9282
MED15,ENSG00000099917,51586
MED16,ENSG00000175221,10025
MED17,ENSG00000042429,9440
MED18,ENSG00000130772,54797
MED19,ENSG00000156603,219541
MED20,ENSG00000124641,9477
MED21,ENSG00000152944,9412
MED22,ENSG00000148297,6837
MED23,ENSG00000112282,9439
MED24,ENSG00000008838,9862
MED25,ENSG00000104973,81857
MED26,ENSG00000105085,9441
MED27,ENSG00000160563,9442
MED28,ENSG00000118579,80306
MED28-DT,ENSG00000249502,121232375
MED28P3,ENSG00000227692,100131051
MED29,ENSG00000063322,55588
MED30,ENSG00000164758,90390
MED31,ENSG00000108590,51003
MED4,ENSG00000136146,29079
MED6,ENSG00000133997,10001
MED7,ENSG00000155868,9443
MED8,ENSG00000159479,112950
MED9,ENSG00000141026,55090
MEDAG,ENSG00000102802,84935
MEF2A,ENSG00000068305,4205
MEF2B,ENSG00000213999,100271849
MEF2C,ENSG00000081189,4208
MEF2C-AS1,ENSG00000248309,101929423
MEF2D,ENSG00000116604,4209
MEFV,ENSG00000103313,4210
MEG3,ENSG00000214548,55384
MEG9,ENSG00000223403,100507257
MEGF10,ENSG00000145794,84466
MEGF11,ENSG00000157890,84465
MEGF6,ENSG00000162591,1953
MEGF8,ENSG00000105429,1954
MEGF9,ENSG00000106780,1955
MEI1,ENSG00000167077,150365
MEI4,ENSG00000269964,101928601
MEIG1,ENSG00000197889,644890
MEIOB,ENSG00000162039,254528
MEIOC,ENSG00000180336,284071
MEIS1,ENSG00000143995,4211
MEIS2,ENSG00000134138,4212
MEIS3,ENSG00000105419,56917
MELK,ENSG00000165304,9833
MELTF,ENSG00000163975,4241
MELTF-AS1,ENSG00000228109,100507057
MEMO1,ENSG00000162959,51072
MEN1,ENSG00000133895,4221
MEOX1,ENSG00000005102,4222
MEOX2,ENSG00000106511,4223
MEP1A,ENSG00000112818,4224
MEPCE,ENSG00000146834,56257
MEPE,ENSG00000152595,56955
MERTK,ENSG00000153208,10461
MESD,ENSG00000117899,23184
MESP1,ENSG00000166823,55897
MESP2,ENSG00000188095,145873
MEST,ENSG00000106484,4232
MESTIT1,ENSG00000272701,317751
MET,ENSG00000105976,4233
METAP1,ENSG00000164024,23173
METAP1D,ENSG00000172878,254042
METAP2,ENSG00000111142,10988
METRN,ENSG00000103260,79006
METRNL,ENSG00000176845,284207
METTL1,ENSG00000037897,4234
METTL13,ENSG00000010165,51603
METTL14,ENSG00000145388,57721
METTL14-DT,ENSG00000281731,101929741
METTL15,ENSG00000169519,196074
METTL16,ENSG00000127804,79066
METTL17,ENSG00000165792,64745
METTL18,ENSG00000171806,92342
METTL21A,ENSG00000144401,151194
METTL21EP,ENSG00000250878,121952
METTL22,ENSG00000067365,79091
METTL23,ENSG00000181038,124512
METTL24,ENSG00000053328,728464
METTL25,ENSG00000127720,84190
METTL25B,ENSG00000143303,51093
METTL26,ENSG00000130731,84326
METTL27,ENSG00000165171,155368
METTL2A,ENSG00000087995,339175
METTL2B,ENSG00000165055,55798
METTL3,ENSG00000165819,56339
METTL4,ENSG00000101574,64863
METTL5,ENSG00000138382,29081
METTL5P2,ENSG00000248557,100419878
METTL6,ENSG00000206562,131965
METTL8,ENSG00000123600,79828
METTL9,ENSG00000197006,51108
MEX3A,ENSG00000254726,92312
MEX3B,ENSG00000183496,84206
MEX3C,ENSG00000176624,51320
MEX3D,ENSG00000181588,399664
MFAP1,ENSG00000140259,4236
MFAP2,ENSG00000117122,4237
MFAP3,ENSG00000037749,4238
MFAP3L,ENSG00000198948,9848
MFAP4,ENSG00000166482,4239
MFAP5,ENSG00000197614,8076
MFF,ENSG00000168958,56947
MFF-DT,ENSG00000236432,654841
MFGE8,ENSG00000140545,4240
MFHAS1,ENSG00000147324,9258
MFN1,ENSG00000171109,55669
MFN2,ENSG00000116688,9927
MFNG,ENSG00000100060,4242
MFSD1,ENSG00000118855,64747
MFSD10,ENSG00000109736,10227
MFSD11,ENSG00000092931,79157
MFSD12,ENSG00000161091,126321
MFSD13A,ENSG00000138111,79847
MFSD14A,ENSG00000156875,64645
MFSD14B,ENSG00000148110,84641
MFSD2A,ENSG00000168389,84879
MFSD2B,ENSG00000205639,388931
MFSD3,ENSG00000167700,113655
MFSD4A,ENSG00000174514,148808
MFSD4B,ENSG00000173214,91749
MFSD5,ENSG00000182544,84975
MFSD6,ENSG00000151690,54842
MFSD6L,ENSG00000185156,162387
MFSD8,ENSG00000164073,256471
MFSD9,ENSG00000135953,84804
MGA,ENSG00000174197,23269
MGAM,ENSG00000257335,8972
MGAM2,ENSG00000257743,93432
MGARP,ENSG00000137463,84709
MGAT1,ENSG00000131446,4245
MGAT2,ENSG00000168282,4247
MGAT3,ENSG00000128268,4248
MGAT4A,ENSG00000071073,11320
MGAT4B,ENSG00000161013,11282
MGAT4C,ENSG00000182050,25834
MGAT5,ENSG00000152127,4249
MGAT5B,ENSG00000167889,146664
MGC12916,ENSG00000266709,84815
MGC16275,ENSG00000246731,85001
MGC32805,ENSG00000250328,153163
MGLL,ENSG00000074416,11343
MGME1,ENSG00000125871,92667
MGMT,ENSG00000170430,4255
MGP,ENSG00000111341,4256
MGRN1,ENSG00000102858,23295
MGST1,ENSG00000008394,4257
MGST2,ENSG00000085871,4258
MGST3,ENSG00000143198,4259
MHENCR,ENSG00000232442,100505771
MIA,ENSG00000261857,8190
MIA2,ENSG00000150527,4253
MIA2-AS1,ENSG00000258940,100288846
MIA3,ENSG00000154305,375056
MIAT,ENSG00000225783,440823
MIB1,ENSG00000101752,57534
MIB2,ENSG00000197530,142678
MICA,ENSG00000204520,100507436
MICAL1,ENSG00000135596,64780
MICAL2,ENSG00000133816,9645
MICAL3,ENSG00000243156,57553
MICALL1,ENSG00000100139,85377
MICALL2,ENSG00000164877,79778
MICB,ENSG00000204516,4277
MICB-DT,ENSG00000286940,102725068
MICOS10,ENSG00000173436,440574
MICOS10-NBL1,ENSG00000158747,100532736
MICOS13,ENSG00000174917,125988
MICU1,ENSG00000107745,10367
MICU2,ENSG00000165487,221154
MICU3,ENSG00000155970,286097
MID1,ENSG00000101871,4281
MID1IP1,ENSG00000165175,58526
MID2,ENSG00000080561,11043
MIDEAS,ENSG00000156030,91748
MIDN,ENSG00000167470,90007
MIEF1,ENSG00000100335,54471
MIEF2,ENSG00000177427,125170
MIEN1,ENSG00000141741,84299
MIER1,ENSG00000198160,57708
MIER2,ENSG00000105556,54531
MIER3,ENSG00000155545,166968
MIF4GD,ENSG00000125457,57409
MIF4GD-DT,ENSG00000263843,100287042
MIGA1,ENSG00000180488,374986
MIGA2,ENSG00000148343,84895
MIIP,ENSG00000116691,60672
MILIP,ENSG00000265688,92659
MILR1,ENSG00000271605,284021
MIMT1,ENSG00000268654,100073347
MINAR1,ENSG00000169330,23251
MINCR,ENSG00000253716,100507316
MINDY1,ENSG00000143409,55793
MINDY2,ENSG00000128923,54629
MINDY2-DT,ENSG00000245975,101928725
MINDY3,ENSG00000148481,80013
MINDY4,ENSG00000106125,84182
MINK1,ENSG00000141503,50488
MINPP1,ENSG00000107789,9562
MIOS,ENSG00000164654,54468
MIOX,ENSG00000100253,55586
MIPEP,ENSG00000027001,4285
MIPOL1,ENSG00000151338,145282
MIR100HG,ENSG00000255248,399959
MIR1244-2,ENSG00000283498,100422885
MIR1244-3,ENSG00000283429,100422872
MIR1244-4,ENSG00000283475,103504734
MIR130AHG,ENSG00000254602,123466203
MIR142HG,ENSG00000265206,123466215
MIR145,ENSG00000276365,406937
MIR155HG,ENSG00000234883,114614
MIR17HG,ENSG00000215417,407975
MIR181A2HG,ENSG00000224020,100379345
MIR186,ENSG00000207721,406962
MIR1915HG,ENSG00000204682,399726
MIR193BHG,ENSG00000262454,100129781
MIR200A,ENSG00000207607,406983
MIR200CHG,ENSG00000257084,105369635
MIR205,ENSG00000284485,406988
MIR2052HG,ENSG00000254349,441355
MIR205HG,ENSG00000230937,642587
MIR210HG,ENSG00000247095,100506211
MIR223HG,ENSG00000274536,115891964
MIR22HG,ENSG00000186594,84981
MIR25,ENSG00000207547,407014
MIR3124,ENSG00000264500,100422879
MIR3142HG,ENSG00000253522,107075116
MIR3147HG,ENSG00000260653,100653233
MIR3150BHG,ENSG00000245080,105375650
MIR3176,ENSG00000266235,100423037
MIR3189,ENSG00000264175,100422943
MIR31HG,ENSG00000171889,554202
MIR325HG,ENSG00000280870,101928469
MIR34AHG,ENSG00000228526,106614088
MIR3667HG,ENSG00000188511,348645
MIR3671,ENSG00000265996,100500854
MIR3677,ENSG00000266643,100500812
MIR3677HG,ENSG00000260778,106660606
MIR3681HG,ENSG00000224184,100506457
MIR3682,ENSG00000265452,100500850
MIR3685,ENSG00000265917,100500802
MIR381HG,ENSG00000223403,378881
MIR3936HG,ENSG00000233006,553103
MIR4263,ENSG00000265321,100422965
MIR429,ENSG00000198976,554210
MIR4292,ENSG00000265806,100422860
MIR4300HG,ENSG00000245832,101928989
MIR4432HG,ENSG00000228590,106660609
MIR4435-2HG,ENSG00000172965,541471
MIR4453HG,ENSG00000268471,54553
MIR4458HG,ENSG00000247516,100505738
MIR4477B,ENSG00000266017,100616194
MIR4500HG,ENSG00000228824,642345
MIR4635,ENSG00000263834,100616479
MIR4653,ENSG00000264425,100616117
MIR4664,ENSG00000265660,100616318
MIR4768,ENSG00000265465,100616249
MIR497HG,ENSG00000267532,100506755
MIR5581,ENSG00000263675,100847010
MIR559,ENSG00000207923,693144
MIR5685,ENSG00000264056,100847075
MIR570,ENSG00000207650,693155
MIR573,ENSG00000207697,693158
MIR590,ENSG00000207741,693175
MIR600HG,ENSG00000236901,81571
MIR635,ENSG00000207561,693220
MIR646HG,ENSG00000228340,284757
MIR647,ENSG00000207554,693232
MIR762HG,ENSG00000260083,101928736
MIR9-1HG,ENSG00000125462,10485
MIR9-2HG,ENSG00000245526,645323
MIR9-3HG,ENSG00000255571,254559
MIR924HG,ENSG00000267374,647946
MIR99AHG,ENSG00000215386,388815
MIRLET7A1HG,ENSG00000269929,112903833
MIRLET7BHG,ENSG00000197182,400931
MIRLET7IHG,ENSG00000257354,120766144
MIS12,ENSG00000167842,79003
MIS18A,ENSG00000159055,54069
MIS18BP1,ENSG00000129534,55320
MISFA,ENSG00000247595,100506540
MISP,ENSG00000099812,126353
MISP3,ENSG00000141854,113230
MITD1,ENSG00000158411,129531
MITF,ENSG00000187098,4286
MIX23,ENSG00000160124,131076
MIXL1,ENSG00000185155,83881
MKI67,ENSG00000148773,4288
MKKS,ENSG00000125863,8195
MKLN1,ENSG00000128585,4289
MKLN1-AS,ENSG00000236753,100506881
MKNK1,ENSG00000079277,8569
MKNK1-AS1,ENSG00000269956,100507423
MKNK2,ENSG00000099875,2872
MKNK2P1,ENSG00000233533,389948
MKRN1,ENSG00000133606,23608
MKRN2,ENSG00000075975,23609
MKRN2OS,ENSG00000225526,100129480
MKRN3,ENSG00000179455,7681
MKRN7P,ENSG00000225849,7686
MKS1,ENSG00000011143,54903
MKX,ENSG00000150051,283078
MLANA,ENSG00000120215,2315
MLC1,ENSG00000100427,23209
MLEC,ENSG00000110917,9761
MLF1,ENSG00000178053,4291
MLF2,ENSG00000089693,8079
MLH1,ENSG00000076242,4292
MLH3,ENSG00000119684,27030
MLIP,ENSG00000146147,90523
MLIP-IT1,ENSG00000146147,100874282
MLKL,ENSG00000168404,197259
MLLT1,ENSG00000130382,4298
MLLT10,ENSG00000078403,8028
MLLT11,ENSG00000213190,10962
MLLT3,ENSG00000171843,4300
MLLT6,ENSG00000275023,4302
MLPH,ENSG00000115648,79083
MLST8,ENSG00000167965,64223
MLX,ENSG00000108788,6945
MLXIP,ENSG00000175727,22877
MLXIPL,ENSG00000009950,51085
MLYCD,ENSG00000103150,23417
MMAA,ENSG00000151611,166785
MMAB,ENSG00000139428,326625
MMACHC,ENSG00000132763,25974
MMADHC,ENSG00000168288,27249
MMADHC-DT,ENSG00000231969,101929231
MMD,ENSG00000108960,23531
MME,ENSG00000196549,4311
MMEL1,ENSG00000142606,79258
MMGT1,ENSG00000169446,93380
MMP1,ENSG00000196611,4312
MMP10,ENSG00000166670,4319
MMP11,ENSG00000099953,4320
MMP12,ENSG00000262406,4321
MMP13,ENSG00000137745,4322
MMP14,ENSG00000157227,4323
MMP15,ENSG00000102996,4324
MMP16,ENSG00000156103,4325
MMP17,ENSG00000198598,4326
MMP19,ENSG00000123342,4327
MMP2,ENSG00000087245,4313
MMP20,ENSG00000137674,9313
MMP21,ENSG00000154485,118856
MMP23A,ENSG00000215914,8511
MMP23B,ENSG00000189409,8510
MMP24,ENSG00000125966,10893
MMP24-AS1-EDEM2,ENSG00000088298,111089941
MMP24OS,ENSG00000126005,101410538
MMP25,ENSG00000008516,64386
MMP27,ENSG00000137675,64066
MMP28,ENSG00000271447,79148
MMP3,ENSG00000149968,4314
MMP7,ENSG00000137673,4316
MMP8,ENSG00000118113,4317
MMP9,ENSG00000100985,4318
MMRN1,ENSG00000138722,22915
MMRN2,ENSG00000173269,79812
MMS19,ENSG00000155229,64210
MMS22L,ENSG00000146263,253714
MMUT,ENSG00000146085,4594
MN1,ENSG00000169184,4330
MNAT1,ENSG00000020426,4331
MNDA,ENSG00000163563,4332
MNS1,ENSG00000138587,55329
MNT,ENSG00000070444,4335
MNX1,ENSG00000130675,3110
MNX1-AS1,ENSG00000243479,645249
MNX1-AS2,ENSG00000235029,105375606
MOAP1,ENSG00000165943,64112
MOB1A,ENSG00000114978,55233
MOB1B,ENSG00000173542,92597
MOB2,ENSG00000182208,81532
MOB3A,ENSG00000172081,126308
MOB3B,ENSG00000120162,79817
MOB3C,ENSG00000142961,148932
MOB4,ENSG00000115540,25843
MOBP,ENSG00000168314,4336
MOCOS,ENSG00000075643,55034
MOCS1,ENSG00000124615,4337
MOCS2,ENSG00000164172,4338
MOCS2-DT,ENSG00000247796,257396
MOCS3,ENSG00000124217,27304
MOG,ENSG00000204655,4340
MOGAT2,ENSG00000166391,80168
MOGS,ENSG00000115275,7841
MOK,ENSG00000080823,5891
MON1A,ENSG00000164077,84315
MON1B,ENSG00000103111,22879
MON2,ENSG00000061987,23041
MORC2,ENSG00000133422,22880
MORC2-AS1,ENSG00000235989,150291
MORC3,ENSG00000159256,23515
MORC4,ENSG00000133131,79710
MORF4L1,ENSG00000185787,10933
MORF4L2,ENSG00000123562,9643
MORN1,ENSG00000116151,79906
MORN2,ENSG00000188010,729967
MORN3,ENSG00000139714,283385
MORN4,ENSG00000171160,118812
MORN5,ENSG00000185681,254956
MOSMO,ENSG00000185716,730094
MOSPD1,ENSG00000101928,56180
MOSPD2,ENSG00000130150,158747
MOSPD3,ENSG00000106330,64598
MOV10,ENSG00000155363,4343
MOV10L1,ENSG00000073146,54456
MOXD1,ENSG00000079931,26002
MPC1,ENSG00000060762,51660
MPC2,ENSG00000143158,25874
MPDU1,ENSG00000129255,9526
MPDU1-AS1,ENSG00000233223,100996842
MPDZ,ENSG00000107186,8777
MPEG1,ENSG00000197629,219972
MPG,ENSG00000103152,4350
MPHOSPH10,ENSG00000124383,10199
MPHOSPH6,ENSG00000135698,10200
MPHOSPH8,ENSG00000196199,54737
MPHOSPH9,ENSG00000051825,10198
MPI,ENSG00000178802,4351
MPIG6B,ENSG00000204420,80739
MPL,ENSG00000117400,4352
MPLKIP,ENSG00000168303,136647
MPND,ENSG00000008382,84954
MPO,ENSG00000005381,4353
MPP1,ENSG00000130830,4354
MPP2,ENSG00000108852,4355
MPP3,ENSG00000161647,4356
MPP7,ENSG00000150054,143098
MPPE1,ENSG00000154889,65258
MPPED1,ENSG00000186732,758
MPPED2,ENSG00000066382,744
MPRIP,ENSG00000133030,23164
MPST,ENSG00000128309,4357
MPV17,ENSG00000115204,4358
MPV17L,ENSG00000156968,255027
MPV17L-BMERB1,ENSG00000166780,127898555
MPV17L2,ENSG00000254858,84769
MPZ,ENSG00000158887,4359
MPZL1,ENSG00000197965,9019
MPZL2,ENSG00000149573,10205
MPZL3,ENSG00000160588,196264
MR1,ENSG00000153029,3140
MRAP2,ENSG00000135324,112609
MRAS,ENSG00000158186,22808
MRC1,ENSG00000260314,4360
MRC2,ENSG00000011028,9902
MRE11,ENSG00000020922,4361
MREG,ENSG00000118242,55686
MRFAP1,ENSG00000179010,93621
MRFAP1L1,ENSG00000178988,114932
MRFAP1L2,ENSG00000170846,93622
MRGBP,ENSG00000101189,55257
MRGPRE,ENSG00000184350,116534
MRGPRF,ENSG00000172935,116535
MRGPRX3,ENSG00000179826,117195
MRI1,ENSG00000037757,84245
MRM1,ENSG00000278619,79922
MRM3,ENSG00000171861,55178
MRNIP,ENSG00000161010,51149
MRNIP-DT,ENSG00000245317,100996419
MRO,ENSG00000134042,83876
MROCKI,ENSG00000227502,285758
MROH1,ENSG00000179832,727957
MROH2A,ENSG00000185038,339766
MROH6,ENSG00000204839,642475
MROH7,ENSG00000184313,374977
MROH8,ENSG00000101353,140699
MRPL1,ENSG00000169288,65008
MRPL10,ENSG00000159111,124995
MRPL11,ENSG00000174547,65003
MRPL12,ENSG00000262814,6182
MRPL13,ENSG00000172172,28998
MRPL14,ENSG00000180992,64928
MRPL15,ENSG00000137547,29088
MRPL16,ENSG00000166902,54948
MRPL17,ENSG00000158042,63875
MRPL18,ENSG00000112110,29074
MRPL19,ENSG00000115364,9801
MRPL2,ENSG00000112651,51069
MRPL20,ENSG00000242485,55052
MRPL20-AS1,ENSG00000224870,148413
MRPL21,ENSG00000197345,219927
MRPL22,ENSG00000082515,29093
MRPL23,ENSG00000214026,6150
MRPL24,ENSG00000143314,79590
MRPL27,ENSG00000108826,51264
MRPL28,ENSG00000086504,10573
MRPL3,ENSG00000114686,11222
MRPL30,ENSG00000185414,51263
MRPL32,ENSG00000106591,64983
MRPL33,ENSG00000243147,9553
MRPL34,ENSG00000130312,64981
MRPL35,ENSG00000132313,51318
MRPL35P2,ENSG00000232075,359743
MRPL36,ENSG00000171421,64979
MRPL37,ENSG00000116221,51253
MRPL38,ENSG00000204316,64978
MRPL39,ENSG00000154719,54148
MRPL4,ENSG00000105364,51073
MRPL40,ENSG00000185608,64976
MRPL40P1,ENSG00000256037,645328
MRPL41,ENSG00000182154,64975
MRPL42,ENSG00000198015,28977
MRPL43,ENSG00000055950,84545
MRPL44,ENSG00000135900,65080
MRPL45,ENSG00000278845,84311
MRPL46,ENSG00000259494,26589
MRPL47,ENSG00000136522,57129
MRPL48,ENSG00000175581,51642
MRPL49,ENSG00000149792,740
MRPL50,ENSG00000136897,54534
MRPL51,ENSG00000111639,51258
MRPL52,ENSG00000172590,122704
MRPL54,ENSG00000183617,116541
MRPL55,ENSG00000162910,128308
MRPL57,ENSG00000173141,78988
MRPL58,ENSG00000167862,3396
MRPL9,ENSG00000143436,65005
MRPS10,ENSG00000048544,55173
MRPS11,ENSG00000181991,64963
MRPS12,ENSG00000128626,6183
MRPS14,ENSG00000120333,63931
MRPS15,ENSG00000116898,64960
MRPS16,ENSG00000182180,51021
MRPS17,ENSG00000239789,51373
MRPS18A,ENSG00000096080,55168
MRPS18B,ENSG00000204568,28973
MRPS18C,ENSG00000163319,51023
MRPS2,ENSG00000122140,51116
MRPS21,ENSG00000266472,54460
MRPS22,ENSG00000175110,56945
MRPS23,ENSG00000181610,51649
MRPS24,ENSG00000062582,64951
MRPS25,ENSG00000131368,64432
MRPS26,ENSG00000125901,64949
MRPS27,ENSG00000113048,23107
MRPS28,ENSG00000147586,28957
MRPS30,ENSG00000112996,10884
MRPS31,ENSG00000102738,10240
MRPS33,ENSG00000090263,51650
MRPS34,ENSG00000074071,65993
MRPS35,ENSG00000061794,60488
MRPS5,ENSG00000144029,64969
MRPS6,ENSG00000243927,64968
MRPS7,ENSG00000125445,51081
MRPS9,ENSG00000135972,64965
MRPS9-AS1,ENSG00000231851,101927492
MRRF,ENSG00000148187,92399
MRS2,ENSG00000124532,57380
MRTFA,ENSG00000196588,57591
MRTFB,ENSG00000186260,57496
MRTO4,ENSG00000053372,51154
MS4A1,ENSG00000156738,931
MS4A14,ENSG00000166928,84689
MS4A15,ENSG00000166961,219995
MS4A18,ENSG00000214782,728588
MS4A2,ENSG00000149534,2206
MS4A4A,ENSG00000110079,51338
MS4A4E,ENSG00000214787,643680
MS4A6A,ENSG00000110077,64231
MS4A7,ENSG00000166927,58475
MS4A8,ENSG00000166959,83661
MSANTD1,ENSG00000188981,345222
MSANTD2,ENSG00000120458,79684
MSANTD2-AS1,ENSG00000245498,100507283
MSANTD3,ENSG00000066697,91283
MSANTD4,ENSG00000170903,84437
MSANTD7,ENSG00000284024,100421372
MSC,ENSG00000178860,9242
MSC-AS1,ENSG00000235531,100132891
MSH2,ENSG00000095002,4436
MSH2-OT1,ENSG00000235760,644093
MSH3,ENSG00000113318,4437
MSH4,ENSG00000057468,4438
MSH5,ENSG00000204410,4439
MSH5-SAPCD1,ENSG00000255152,100532732
MSH6,ENSG00000116062,2956
MSI1,ENSG00000135097,4440
MSI2,ENSG00000153944,124540
MSL1,ENSG00000188895,339287
MSL2,ENSG00000174579,55167
MSL3,ENSG00000005302,10943
MSLN,ENSG00000102854,10232
MSLNL,ENSG00000162006,401827
MSMB,ENSG00000263639,4477
MSMO1,ENSG00000052802,6307
MSN,ENSG00000147065,4478
MSR1,ENSG00000038945,4481
MSRA,ENSG00000175806,4482
MSRB1,ENSG00000198736,51734
MSRB2,ENSG00000148450,22921
MSRB3,ENSG00000174099,253827
MSS51,ENSG00000166343,118490
MST1,ENSG00000173531,4485
MST1L,ENSG00000186715,11223
MST1R,ENSG00000164078,4486
MSTN,ENSG00000138379,2660
MSTO1,ENSG00000125459,55154
MSX1,ENSG00000163132,4487
MSX2,ENSG00000120149,4488
MT1A,ENSG00000205362,4489
MT1E,ENSG00000169715,4493
MT1F,ENSG00000198417,4494
MT1G,ENSG00000125144,4495
MT1H,ENSG00000205358,4496
MT1M,ENSG00000205364,4499
MT1X,ENSG00000187193,4501
MT2A,ENSG00000125148,4502
MT3,ENSG00000087250,4504
MTA1,ENSG00000182979,9112
MTA1-DT,ENSG00000251602,100507437
MTA2,ENSG00000149480,9219
MTA3,ENSG00000057935,57504
MTAP,ENSG00000099810,4507
MTARC1,ENSG00000186205,64757
MTARC2,ENSG00000117791,54996
MTATP6P1,ENSG00000248527,106480796
MTATP8P1,ENSG00000240409,106480795
MTATP8P2,ENSG00000229604,106479042
MTBP,ENSG00000172167,27085
MTCH1,ENSG00000137409,23787
MTCH2,ENSG00000109919,23788
MTCL1,ENSG00000168502,23255
MTCL2,ENSG00000149639,140710
MTCO1P12,ENSG00000237973,107075141
MTCO1P28,ENSG00000262118,107075169
MTCO1P40,ENSG00000262902,107075172
MTCO1P53,ENSG00000230916,107075285
MTCO2P12,ENSG00000229344,107075310
MTCO2P2,ENSG00000267541,100873202
MTCO2P22,ENSG00000270225,100289404
MTCO3P12,ENSG00000198744,107075270
MTCO3P22,ENSG00000270388,100289371
MTCP1,ENSG00000214827,4515
MTCYBP18,ENSG00000244921,107075130
MTCYBP21,ENSG00000224747,107075260
MTDH,ENSG00000147649,92140
MTDHP1,ENSG00000270948,100418814
MTERF1,ENSG00000127989,7978
MTERF2,ENSG00000120832,80298
MTERF3,ENSG00000156469,51001
MTERF4,ENSG00000122085,130916
MTF1,ENSG00000188786,4520
MTF2,ENSG00000143033,22823
MTFMT,ENSG00000103707,123263
MTFP1,ENSG00000242114,51537
MTFR1,ENSG00000066855,9650
MTFR1L,ENSG00000117640,56181
MTFR2,ENSG00000146410,113115
MTG1,ENSG00000148824,92170
MTG2,ENSG00000101181,26164
MTHFD1,ENSG00000100714,4522
MTHFD1L,ENSG00000120254,25902
MTHFD1P1,ENSG00000231831,4523
MTHFD2,ENSG00000065911,10797
MTHFD2L,ENSG00000163738,441024
MTHFR,ENSG00000177000,4524
MTHFS,ENSG00000136371,10588
MTHFSD,ENSG00000103248,64779
MTIF2,ENSG00000085760,4528
MTIF3,ENSG00000122033,219402
MTLN,ENSG00000175701,205251
MTM1,ENSG00000171100,4534
MTMR1,ENSG00000063601,8776
MTMR10,ENSG00000166912,54893
MTMR11,ENSG00000014914,10903
MTMR12,ENSG00000150712,54545
MTMR14,ENSG00000163719,64419
MTMR2,ENSG00000087053,8898
MTMR3,ENSG00000100330,8897
MTMR4,ENSG00000108389,9110
MTMR6,ENSG00000139505,9107
MTMR7,ENSG00000003987,9108
MTMR8,ENSG00000102043,55613
MTMR9,ENSG00000104643,66036
MTNAP1,ENSG00000141219,55028
MTND1P23,ENSG00000225972,100887749
MTND1P8,ENSG00000263177,100287461
MTND2P28,ENSG00000225630,100652939
MTND4P12,ENSG00000247627,100293090
MTND4P24,ENSG00000232177,100873254
MTND4P35,ENSG00000270906,107075117
MTND5P1,ENSG00000227999,100873206
MTND5P11,ENSG00000248923,100506169
MTND6P4,ENSG00000249119,106478943
MTO1,ENSG00000135297,25821
MTOR,ENSG00000198793,2475
MTPAP,ENSG00000107951,55149
MTPN,ENSG00000105887,136319
MTR,ENSG00000116984,4548
MTRES1,ENSG00000130349,51250
MTREX,ENSG00000039123,23517
MTRF1,ENSG00000120662,9617
MTRF1L,ENSG00000112031,54516
MTRFR,ENSG00000130921,91574
MTRR,ENSG00000124275,4552
MTSS1,ENSG00000170873,9788
MTSS2,ENSG00000132613,92154
MTTP,ENSG00000138823,4547
MTURN,ENSG00000180354,222166
MTUS1,ENSG00000129422,57509
MTUS1-DT,ENSG00000253671,101930275
MTUS2,ENSG00000132938,23281
MTX1,ENSG00000173171,4580
MTX1LP,ENSG00000236675,4581
MTX2,ENSG00000128654,10651
MTX3,ENSG00000177034,345778
MUC1,ENSG00000185499,4582
MUC12,ENSG00000205277,10071
MUC13,ENSG00000173702,56667
MUC15,ENSG00000169550,143662
MUC16,ENSG00000181143,94025
MUC19,ENSG00000205592,283463
MUC2,ENSG00000198788,4583
MUC20,ENSG00000176945,200958
MUC21,ENSG00000204544,394263
MUC3A,ENSG00000169894,4584
MUC4,ENSG00000145113,4585
MUC5AC,ENSG00000215182,4586
MUC5B,ENSG00000117983,727897
MUC6,ENSG00000184956,4588
MUC7,ENSG00000171195,4589
MUCL1,ENSG00000172551,118430
MUL1,ENSG00000090432,79594
MUS81,ENSG00000172732,80198
MUSK,ENSG00000030304,4593
MUTYH,ENSG00000132781,4595
MVB12A,ENSG00000141971,93343
MVB12B,ENSG00000196814,89853
MVD,ENSG00000167508,4597
MVK,ENSG00000110921,4598
MVP,ENSG00000013364,9961
MX1,ENSG00000157601,4599
MX2,ENSG00000183486,4600
MXD1,ENSG00000059728,4084
MXD3,ENSG00000213347,83463
MXD4,ENSG00000123933,10608
MXI1,ENSG00000119950,4601
MXRA5,ENSG00000101825,25878
MXRA5Y,ENSG00000235649,286544
MXRA7,ENSG00000182534,439921
MXRA8,ENSG00000162576,54587
MYADM,ENSG00000179820,91663
MYADML2,ENSG00000185105,255275
MYB,ENSG00000118513,4602
MYBBP1A,ENSG00000132382,10514
MYBL1,ENSG00000185697,4603
MYBL2,ENSG00000101057,4605
MYBPC1,ENSG00000196091,4604
MYBPC2,ENSG00000086967,4606
MYBPC3,ENSG00000134571,4607
MYBPH,ENSG00000133055,4608
MYC,ENSG00000136997,4609
MYCBP,ENSG00000214114,26292
MYCBP2,ENSG00000005810,23077
MYCBPAP,ENSG00000136449,84073
MYCL,ENSG00000116990,4610
MYCN,ENSG00000134323,4613
MYCNOS,ENSG00000233718,10408
MYCT1,ENSG00000120279,80177
MYD88,ENSG00000172936,4615
MYDGF,ENSG00000074842,56005
MYEF2,ENSG00000104177,50804
MYEOV,ENSG00000172927,26579
MYG1,ENSG00000139637,60314
MYH1,ENSG00000109061,4619
MYH10,ENSG00000133026,4628
MYH11,ENSG00000133392,4629
MYH13,ENSG00000006788,8735
MYH14,ENSG00000105357,79784
MYH15,ENSG00000144821,22989
MYH16,ENSG00000002079,84176
MYH2,ENSG00000125414,4620
MYH3,ENSG00000109063,4621
MYH4,ENSG00000264424,4622
MYH6,ENSG00000197616,4624
MYH7,ENSG00000092054,4625
MYH7B,ENSG00000078814,57644
MYH8,ENSG00000133020,4626
MYH9,ENSG00000100345,4627
MYHAS,ENSG00000272975,100128560
MYL11,ENSG00000180209,29895
MYL12-AS1,ENSG00000264235,104968399
MYL12A,ENSG00000101608,10627
MYL12B,ENSG00000118680,103910
MYL3,ENSG00000160808,4634
MYL4,ENSG00000198336,4635
MYL5,ENSG00000215375,4636
MYL6,ENSG00000092841,4637
MYL6B,ENSG00000196465,140465
MYL7,ENSG00000106631,58498
MYL9,ENSG00000101335,10398
MYLIP,ENSG00000007944,29116
MYLK,ENSG00000065534,4638
MYLK-AS1,ENSG00000239523,100506826
MYLK2,ENSG00000101306,85366
MYLK3,ENSG00000140795,91807
MYLK4,ENSG00000145949,340156
MYMX,ENSG00000262179,101929726
MYNN,ENSG00000085274,55892
MYO10,ENSG00000145555,4651
MYO15A,ENSG00000091536,51168
MYO15B,ENSG00000266714,80022
MYO16,ENSG00000041515,23026
MYO18A,ENSG00000196535,399687
MYO18B,ENSG00000133454,84700
MYO19,ENSG00000278259,80179
MYO1A,ENSG00000166866,4640
MYO1B,ENSG00000128641,4430
MYO1B-AS1,ENSG00000227542,122152331
MYO1C,ENSG00000197879,4641
MYO1D,ENSG00000176658,4642
MYO1D-DT,ENSG00000236377,102724715
MYO1E,ENSG00000157483,4643
MYO1F,ENSG00000142347,4542
MYO1G,ENSG00000136286,64005
MYO1H,ENSG00000174527,283446
MYO3A,ENSG00000095777,53904
MYO3B,ENSG00000071909,140469
MYO5A,ENSG00000197535,4644
MYO5B,ENSG00000167306,4645
MYO5C,ENSG00000128833,55930
MYO6,ENSG00000196586,4646
MYO7A,ENSG00000137474,4647
MYO7B,ENSG00000169994,4648
MYO9A,ENSG00000066933,4649
MYO9B,ENSG00000099331,4650
MYOC,ENSG00000034971,4653
MYOCD,ENSG00000141052,93649
MYOF,ENSG00000138119,26509
MYOG,ENSG00000122180,4656
MYOM1,ENSG00000101605,8736
MYOM2,ENSG00000036448,9172
MYOM3,ENSG00000142661,127294
MYORG,ENSG00000164976,57462
MYOSLID,ENSG00000229647,105373853
MYOT,ENSG00000120729,9499
MYOZ1,ENSG00000177791,58529
MYOZ2,ENSG00000172399,51778
MYOZ3,ENSG00000164591,91977
MYPN,ENSG00000138347,84665
MYPOP,ENSG00000176182,339344
MYRF,ENSG00000124920,745
MYRFL,ENSG00000166268,196446
MYRIP,ENSG00000170011,25924
MYSM1,ENSG00000162601,114803
MYT1,ENSG00000196132,4661
MYT1L,ENSG00000186487,23040
MYZAP,ENSG00000263155,100820829
MZB1,ENSG00000170476,51237
MZF1,ENSG00000099326,7593
MZF1-AS1,ENSG00000267858,100131691
MZT1,ENSG00000204899,440145
MZT2A,ENSG00000173272,653784
MZT2B,ENSG00000152082,80097
N4BP1,ENSG00000102921,9683
N4BP2,ENSG00000078177,55728
N4BP2L1,ENSG00000139597,90634
N4BP2L2,ENSG00000244754,10443
N4BP2L2-IT2,ENSG00000281026,116828
N4BP3,ENSG00000145911,23138
N6AMT1,ENSG00000156239,29104
NAA10,ENSG00000102030,8260
NAA15,ENSG00000164134,80155
NAA16,ENSG00000172766,79612
NAA20,ENSG00000173418,51126
NAA25,ENSG00000111300,80018
NAA30,ENSG00000139977,122830
NAA35,ENSG00000135040,60560
NAA38,ENSG00000183011,84316
NAA40,ENSG00000110583,79829
NAA50,ENSG00000121579,80218
NAA60,ENSG00000122390,79903
NAA80,ENSG00000243477,24142
NAAA,ENSG00000138744,27163
NAALAD2,ENSG00000077616,10003
NAALADL1,ENSG00000168060,10004
NAALADL2,ENSG00000177694,254827
NAB1,ENSG00000138386,4664
NAB2,ENSG00000166886,4665
NABP1,ENSG00000173559,64859
NABP2,ENSG00000139579,79035
NACA,ENSG00000196531,4666
NACA2,ENSG00000253506,342538
NACA3P,ENSG00000121089,389240
NACA4P,ENSG00000228224,83955
NACAD,ENSG00000136274,23148
NACC1,ENSG00000160877,112939
NACC2,ENSG00000148411,138151
NADK,ENSG00000008130,65220
NADK2,ENSG00000152620,133686
NADK2-AS1,ENSG00000245711,101056700
NADSYN1,ENSG00000172890,55191
NAE1,ENSG00000159593,8883
NAF1,ENSG00000145414,92345
NAGA,ENSG00000198951,4668
NAGK,ENSG00000124357,55577
NAGLU,ENSG00000108784,4669
NAGPA,ENSG00000103174,51172
NAGS,ENSG00000161653,162417
NAIF1,ENSG00000171169,203245
NAIP,ENSG00000249437,4671
NAIPP1,ENSG00000250687,728535
NAIPP3,ENSG00000248477,643784
NALCN,ENSG00000102452,259232
NALCN-AS1,ENSG00000233009,100885778
NALF1,ENSG00000204442,728215
NALF2,ENSG00000130054,27112
NAMPT,ENSG00000105835,10135
NAMPTP1,ENSG00000229644,646309
NANOS1,ENSG00000188613,340719
NANOS3,ENSG00000187556,342977
NANP,ENSG00000170191,140838
NANS,ENSG00000095380,54187
NAP1L1,ENSG00000187109,4673
NAP1L1P1,ENSG00000254759,729561
NAP1L1P3,ENSG00000213371,100130335
NAP1L2,ENSG00000186462,4674
NAP1L3,ENSG00000186310,4675
NAP1L4,ENSG00000205531,4676
NAP1L5,ENSG00000177432,266812
NAPA,ENSG00000105402,8775
NAPB,ENSG00000125814,63908
NAPEPLD,ENSG00000161048,222236
NAPG,ENSG00000134265,8774
NAPRT,ENSG00000147813,93100
NAPSA,ENSG00000131400,9476
NARF,ENSG00000141562,26502
NARF-AS2,ENSG00000265458,105371941
NARS1,ENSG00000134440,4677
NARS2,ENSG00000137513,79731
NASP,ENSG00000132780,4678
NAT1,ENSG00000171428,9
NAT10,ENSG00000135372,55226
NAT14,ENSG00000090971,57106
NAT16,ENSG00000167011,375607
NAT2,ENSG00000156006,10
NAT8,ENSG00000144035,9027
NAT8L,ENSG00000185818,339983
NAT9,ENSG00000109065,26151
NATD1,ENSG00000274180,256302
NAV1,ENSG00000134369,89796
NAV2,ENSG00000166833,89797
NAV3,ENSG00000067798,89795
NAXD,ENSG00000213995,55739
NAXD-AS1,ENSG00000275880,127138861
NAXE,ENSG00000163382,128240
NBAS,ENSG00000151779,51594
NBDY,ENSG00000204272,550643
NBEA,ENSG00000172915,26960
NBEAL1,ENSG00000144426,65065
NBEAL2,ENSG00000160796,23218
NBEAP2,ENSG00000197927,100418881
NBL1,ENSG00000158747,4681
NBN,ENSG00000104320,4683
NBPF1,ENSG00000219481,55672
NBPF10,ENSG00000271425,100132406
NBPF11,ENSG00000263956,200030
NBPF12,ENSG00000268043,149013
NBPF14,ENSG00000270629,25832
NBPF15,ENSG00000266338,284565
NBPF19,ENSG00000271383,101060226
NBPF20,ENSG00000162825,100288142
NBPF26,ENSG00000273136,101060684
NBPF3,ENSG00000142794,84224
NBPF4,ENSG00000196427,148545
NBPF6,ENSG00000186086,653149
NBPF8,ENSG00000270231,728841
NBPF9,ENSG00000269713,400818
NBR1,ENSG00000188554,4077
NBR2,ENSG00000198496,10230
NCALD,ENSG00000104490,83988
NCAM1,ENSG00000149294,4684
NCAM2,ENSG00000154654,4685
NCAN,ENSG00000130287,1463
NCAPD2,ENSG00000010292,9918
NCAPD3,ENSG00000151503,23310
NCAPG,ENSG00000109805,64151
NCAPG2,ENSG00000146918,54892
NCAPH,ENSG00000121152,23397
NCAPH2,ENSG00000025770,29781
NCBP1,ENSG00000136937,4686
NCBP2,ENSG00000114503,22916
NCBP2-AS1,ENSG00000225578,100874001
NCBP2AS2,ENSG00000270170,152217
NCBP2L,ENSG00000170935,392517
NCBP3,ENSG00000074356,55421
NCCRP1,ENSG00000188505,342897
NCDN,ENSG00000020129,23154
NCEH1,ENSG00000144959,57552
NCF1,ENSG00000158517,653361
NCF1C,ENSG00000165178,654817
NCF2,ENSG00000116701,4688
NCF4,ENSG00000100365,4689
NCK1,ENSG00000158092,4690
NCK2,ENSG00000071051,8440
NCKAP1,ENSG00000061676,10787
NCKAP1L,ENSG00000123338,3071
NCKAP5,ENSG00000176771,344148
NCKAP5-AS2,ENSG00000226953,101928161
NCKAP5L,ENSG00000167566,57701
NCKIPSD,ENSG00000213672,51517
NCL,ENSG00000115053,4691
NCLN,ENSG00000125912,56926
NCMAP,ENSG00000184454,400746
NCOA1,ENSG00000084676,8648
NCOA2,ENSG00000140396,10499
NCOA3,ENSG00000124151,8202
NCOA4,ENSG00000266412,8031
NCOA5,ENSG00000124160,57727
NCOA6,ENSG00000198646,23054
NCOA7,ENSG00000111912,135112
NCOR1,ENSG00000141027,9611
NCOR2,ENSG00000196498,9612
NCR1,ENSG00000189430,9437
NCR3,ENSG00000204475,259197
NCR3LG1,ENSG00000188211,374383
NCS1,ENSG00000107130,23413
NCSTN,ENSG00000162736,23385
ND1,ENSG00000198888,4535
ND2,ENSG00000198763,4536
ND3,ENSG00000198840,4537
ND4,ENSG00000198886,4538
ND4L,ENSG00000212907,4539
ND5,ENSG00000198786,4540
ND6,ENSG00000198695,4541
NDC1,ENSG00000058804,55706
NDC80,ENSG00000080986,10403
NDE1,ENSG00000072864,54820
NDEL1,ENSG00000166579,81565
NDFIP1,ENSG00000131507,80762
NDFIP2,ENSG00000102471,54602
NDN,ENSG00000182636,4692
NDNF,ENSG00000173376,79625
NDOR1,ENSG00000188566,27158
NDP,ENSG00000124479,4693
NDRG1,ENSG00000104419,10397
NDRG2,ENSG00000165795,57447
NDRG3,ENSG00000101079,57446
NDRG4,ENSG00000103034,65009
NDST1,ENSG00000070614,3340
NDST1-AS1,ENSG00000254333,102546298
NDST2,ENSG00000166507,8509
NDST3,ENSG00000164100,9348
NDST4,ENSG00000138653,64579
NDUFA1,ENSG00000125356,4694
NDUFA10,ENSG00000130414,4705
NDUFA11,ENSG00000174886,126328
NDUFA12,ENSG00000184752,55967
NDUFA13,ENSG00000186010,51079
NDUFA2,ENSG00000131495,4695
NDUFA3,ENSG00000170906,4696
NDUFA4,ENSG00000189043,4697
NDUFA4L2,ENSG00000185633,56901
NDUFA5,ENSG00000128609,4698
NDUFA6,ENSG00000184983,4700
NDUFA6-DT,ENSG00000237037,100132273
NDUFA7,ENSG00000267855,4701
NDUFA8,ENSG00000119421,4702
NDUFA9,ENSG00000139180,4704
NDUFAB1,ENSG00000004779,4706
NDUFAF1,ENSG00000137806,51103
NDUFAF2,ENSG00000164182,91942
NDUFAF2P1,ENSG00000279307,727919
NDUFAF3,ENSG00000178057,25915
NDUFAF4,ENSG00000123545,29078
NDUFAF5,ENSG00000101247,79133
NDUFAF6,ENSG00000156170,137682
NDUFAF7,ENSG00000003509,55471
NDUFAF8,ENSG00000224877,284184
NDUFB1,ENSG00000183648,4707
NDUFB10,ENSG00000140990,4716
NDUFB11,ENSG00000147123,54539
NDUFB2,ENSG00000090266,4708
NDUFB2-AS1,ENSG00000240889,100134713
NDUFB3,ENSG00000119013,4709
NDUFB4,ENSG00000065518,4710
NDUFB5,ENSG00000136521,4711
NDUFB6,ENSG00000165264,4712
NDUFB7,ENSG00000099795,4713
NDUFB8,ENSG00000166136,4714
NDUFB8P2,ENSG00000270264,729565
NDUFB9,ENSG00000147684,4715
NDUFC1,ENSG00000109390,4717
NDUFC2,ENSG00000151366,4718
NDUFS1,ENSG00000023228,4719
NDUFS2,ENSG00000158864,4720
NDUFS3,ENSG00000213619,4722
NDUFS4,ENSG00000164258,4724
NDUFS5,ENSG00000168653,4725
NDUFS6,ENSG00000145494,4726
NDUFS7,ENSG00000115286,374291
NDUFS8,ENSG00000110717,4728
NDUFV1,ENSG00000167792,4723
NDUFV2,ENSG00000178127,4729
NDUFV2-AS1,ENSG00000266053,101927275
NDUFV3,ENSG00000160194,4731
NEAT1,ENSG00000245532,283131
NEB,ENSG00000183091,4703
NEBL,ENSG00000078114,10529
NEBL-AS1,ENSG00000231920,100128511
NECAB1,ENSG00000123119,64168
NECAB2,ENSG00000103154,54550
NECAB3,ENSG00000125967,63941
NECAP1,ENSG00000089818,25977
NECAP2,ENSG00000157191,55707
NECTIN1,ENSG00000110400,5818
NECTIN1-DT,ENSG00000254854,102724301
NECTIN2,ENSG00000130202,5819
NECTIN3,ENSG00000177707,25945
NECTIN4,ENSG00000143217,81607
NEDD1,ENSG00000139350,121441
NEDD4,ENSG00000069869,4734
NEDD4L,ENSG00000049759,23327
NEDD8,ENSG00000129559,4738
NEDD9,ENSG00000111859,4739
NEFH,ENSG00000100285,4744
NEFL,ENSG00000277586,4747
NEFM,ENSG00000104722,4741
NEGR1,ENSG00000172260,257194
NEIL1,ENSG00000140398,79661
NEIL2,ENSG00000154328,252969
NEIL3,ENSG00000109674,55247
NEK1,ENSG00000137601,4750
NEK10,ENSG00000163491,152110
NEK11,ENSG00000114670,79858
NEK2,ENSG00000117650,4751
NEK2-DT,ENSG00000231057,91548
NEK3,ENSG00000136098,4752
NEK4,ENSG00000114904,6787
NEK5,ENSG00000197168,341676
NEK6,ENSG00000119408,10783
NEK7,ENSG00000151414,140609
NEK8,ENSG00000160602,284086
NEK9,ENSG00000119638,91754
NELFA,ENSG00000185049,7469
NELFB,ENSG00000188986,25920
NELFCD,ENSG00000101158,51497
NELFE,ENSG00000204356,7936
NELL1,ENSG00000165973,4745
NELL2,ENSG00000184613,4753
NEMF,ENSG00000165525,9147
NEMP1,ENSG00000166881,23306
NEMP2,ENSG00000189362,100131211
NEMP2-DT,ENSG00000233654,105376748
NENF,ENSG00000117691,29937
NEO1,ENSG00000067141,4756
NEPRO,ENSG00000163608,25871
NEPRO-AS1,ENSG00000240057,102723430
NES,ENSG00000132688,10763
NET1,ENSG00000173848,10276
NETO1,ENSG00000166342,81832
NETO2,ENSG00000171208,81831
NEU1,ENSG00000204386,4758
NEU3,ENSG00000162139,10825
NEU4,ENSG00000204099,129807
NEURL1,ENSG00000107954,9148
NEURL1B,ENSG00000214357,54492
NEURL2,ENSG00000124257,140825
NEURL3,ENSG00000163121,93082
NEURL4,ENSG00000215041,84461
NEUROD2,ENSG00000171532,4761
NEUROG2,ENSG00000178403,63973
NEXMIF,ENSG00000050030,340533
NEXN,ENSG00000162614,91624
NEXN-AS1,ENSG00000235927,374987
NF1,ENSG00000196712,4763
NF2,ENSG00000186575,4771
NFAM1,ENSG00000235568,150372
NFASC,ENSG00000163531,23114
NFAT5,ENSG00000102908,10725
NFATC1,ENSG00000131196,4772
NFATC2,ENSG00000101096,4773
NFATC2IP,ENSG00000176953,84901
NFATC2IP-AS1,ENSG00000260853,123706545
NFATC3,ENSG00000072736,4775
NFATC4,ENSG00000100968,4776
NFE2,ENSG00000123405,4778
NFE2L1,ENSG00000082641,4779
NFE2L1-DT,ENSG00000263412,116435298
NFE2L2,ENSG00000116044,4780
NFE2L3,ENSG00000050344,9603
NFIA,ENSG00000162599,4774
NFIA-AS2,ENSG00000237928,100996570
NFIB,ENSG00000147862,4781
NFIB-AS1,ENSG00000225472,123706550
NFIC,ENSG00000141905,4782
NFIL3,ENSG00000165030,4783
NFIX,ENSG00000008441,4784
NFKB1,ENSG00000109320,4790
NFKB2,ENSG00000077150,4791
NFKBIA,ENSG00000100906,4792
NFKBIB,ENSG00000104825,4793
NFKBID,ENSG00000167604,84807
NFKBIE,ENSG00000146232,4794
NFKBIL1,ENSG00000204498,4795
NFKBIZ,ENSG00000144802,64332
NFRKB,ENSG00000170322,4798
NFS1,ENSG00000244005,9054
NFU1,ENSG00000169599,27247
NFX1,ENSG00000086102,4799
NFXL1,ENSG00000170448,152518
NFYA,ENSG00000001167,4800
NFYB,ENSG00000120837,4801
NFYC,ENSG00000066136,4802
NGB,ENSG00000165553,58157
NGDN,ENSG00000129460,25983
NGEF,ENSG00000066248,25791
NGF,ENSG00000134259,4803
NGFR,ENSG00000064300,4804
NGLY1,ENSG00000151092,55768
NGRN,ENSG00000182768,51335
NHEJ1,ENSG00000187736,79840
NHERF1,ENSG00000109062,9368
NHERF2,ENSG00000065054,9351
NHERF4,ENSG00000172367,79849
NHIP,ENSG00000286381,105373085
NHLH1,ENSG00000171786,4807
NHLH2,ENSG00000177551,4808
NHLRC1,ENSG00000187566,378884
NHLRC2,ENSG00000196865,374354
NHLRC3,ENSG00000188811,387921
NHLRC4,ENSG00000257108,283948
NHP2,ENSG00000145912,55651
NHS,ENSG00000188158,4810
NHSL1,ENSG00000135540,57224
NHSL2,ENSG00000204131,340527
NHSL3,ENSG00000162522,57648
NIBAN1,ENSG00000135842,116496
NIBAN2,ENSG00000136830,64855
NIBAN3,ENSG00000167483,199786
NICOL1,ENSG00000243449,401115
NID1,ENSG00000116962,4811
NID2,ENSG00000087303,22795
NIF3L1,ENSG00000196290,60491
NIFK,ENSG00000155438,84365
NIFK-AS1,ENSG00000236859,254128
NIM1K,ENSG00000177453,167359
NIN,ENSG00000100503,51199
NINJ1,ENSG00000131669,4814
NINJ2,ENSG00000171840,4815
NINJ2-AS1,ENSG00000177406,100049716
NINL,ENSG00000101004,22981
NIP7,ENSG00000132603,51388
NIPA1,ENSG00000170113,123606
NIPA2,ENSG00000140157,81614
NIPAL1,ENSG00000163293,152519
NIPAL2,ENSG00000104361,79815
NIPAL3,ENSG00000001461,57185
NIPAL4,ENSG00000172548,348938
NIPBL,ENSG00000164190,25836
NIPBL-DT,ENSG00000285967,646719
NIPSNAP1,ENSG00000184117,8508
NIPSNAP2,ENSG00000146729,2631
NIPSNAP3A,ENSG00000136783,25934
NIPSNAP3B,ENSG00000165028,55335
NISCH,ENSG00000010322,11188
NIT1,ENSG00000158793,4817
NIT2,ENSG00000114021,56954
NKAIN1,ENSG00000084628,79570
NKAIN2,ENSG00000188580,154215
NKAIN3,ENSG00000185942,286183
NKAIN4,ENSG00000101198,128414
NKAP,ENSG00000101882,79576
NKAPD1,ENSG00000150776,55216
NKAPL,ENSG00000189134,222698
NKD1,ENSG00000140807,85407
NKD2,ENSG00000145506,85409
NKG7,ENSG00000105374,4818
NKILA,ENSG00000278709,105416157
NKIRAS1,ENSG00000197885,28512
NKIRAS2,ENSG00000168256,28511
NKPD1,ENSG00000179846,284353
NKRF,ENSG00000186416,55922
NKTR,ENSG00000114857,4820
NKX1-2,ENSG00000229544,390010
NKX2-2,ENSG00000125820,4821
NKX2-3,ENSG00000119919,159296
NKX2-5,ENSG00000183072,1482
NKX2-8,ENSG00000136327,26257
NKX3-1,ENSG00000167034,4824
NKX3-2,ENSG00000109705,579
NKX6-1,ENSG00000163623,4825
NLE1,ENSG00000073536,54475
NLGN1,ENSG00000169760,22871
NLGN2,ENSG00000169992,57555
NLGN3,ENSG00000196338,54413
NLGN4X,ENSG00000146938,57502
NLK,ENSG00000087095,51701
NLN,ENSG00000123213,57486
NLRC3,ENSG00000167984,197358
NLRC4,ENSG00000091106,58484
NLRC5,ENSG00000140853,84166
NLRP1,ENSG00000091592,22861
NLRP12,ENSG00000142405,91662
NLRP13,ENSG00000173572,126204
NLRP14,ENSG00000158077,338323
NLRP2,ENSG00000022556,55655
NLRP2B,ENSG00000215174,286430
NLRP3,ENSG00000162711,114548
NLRP5,ENSG00000171487,126206
NLRP6,ENSG00000174885,171389
NLRP7,ENSG00000167634,199713
NLRP8,ENSG00000179709,126205
NLRX1,ENSG00000160703,79671
NMB,ENSG00000197696,4828
NMD3,ENSG00000169251,51068
NME1,ENSG00000239672,4830
NME2,ENSG00000243678,4831
NME3,ENSG00000103024,4832
NME4,ENSG00000103202,4833
NME5,ENSG00000112981,8382
NME6,ENSG00000172113,10201
NME7,ENSG00000143156,29922
NME8,ENSG00000086288,51314
NME9,ENSG00000181322,347736
NMI,ENSG00000123609,9111
NMNAT1,ENSG00000173614,64802
NMNAT2,ENSG00000157064,23057
NMNAT3,ENSG00000163864,349565
NMRAL1,ENSG00000153406,57407
NMRK1,ENSG00000106733,54981
NMT1,ENSG00000136448,4836
NMT2,ENSG00000152465,9397
NMU,ENSG00000109255,10874
NMUR1,ENSG00000171596,10316
NNAT,ENSG00000053438,4826
NNMT,ENSG00000166741,4837
NNT,ENSG00000112992,23530
NOA1,ENSG00000084092,84273
NOB1,ENSG00000141101,28987
NOC2L,ENSG00000188976,26155
NOC2LP1,ENSG00000213225,643276
NOC3L,ENSG00000173145,64318
NOC4L,ENSG00000184967,79050
NOCT,ENSG00000151014,25819
NOD1,ENSG00000106100,10392
NOD2,ENSG00000167207,64127
NODAL,ENSG00000156574,4838
NOG,ENSG00000183691,9241
NOL10,ENSG00000115761,79954
NOL11,ENSG00000130935,25926
NOL12,ENSG00000273899,79159
NOL3,ENSG00000140939,8996
NOL4,ENSG00000101746,8715
NOL4L,ENSG00000197183,140688
NOL6,ENSG00000165271,65083
NOL7,ENSG00000225921,51406
NOL8,ENSG00000198000,55035
NOL9,ENSG00000162408,79707
NOLC1,ENSG00000166197,9221
NOM1,ENSG00000146909,64434
NOMO1,ENSG00000103512,23420
NOMO2,ENSG00000185164,283820
NOMO3,ENSG00000103226,408050
NONO,ENSG00000147140,4841
NOP10,ENSG00000182117,55505
NOP14,ENSG00000087269,8602
NOP16,ENSG00000048162,51491
NOP2,ENSG00000111641,4839
NOP53,ENSG00000105373,29997
NOP53-AS1,ENSG00000269656,106144593
NOP56,ENSG00000101361,10528
NOP58,ENSG00000055044,51602
NOP9,ENSG00000196943,161424
NOPCHAP1,ENSG00000151131,121053
NORAD,ENSG00000260032,647979
NOS1,ENSG00000089250,4842
NOS1AP,ENSG00000198929,9722
NOS2,ENSG00000007171,4843
NOS3,ENSG00000164867,4846
NOSIP,ENSG00000142546,51070
NOSTRIN,ENSG00000163072,115677
NOTCH1,ENSG00000148400,4851
NOTCH2,ENSG00000134250,4853
NOTCH2NLA,ENSG00000264343,388677
NOTCH2NLC,ENSG00000286219,100996717
NOTCH3,ENSG00000074181,4854
NOTCH4,ENSG00000204301,4855
NOTUM,ENSG00000185269,147111
NOVA1,ENSG00000139910,4857
NOVA1-DT,ENSG00000257842,102725045
NOVA2,ENSG00000104967,4858
NOX1,ENSG00000007952,27035
NOX4,ENSG00000086991,50507
NOX5,ENSG00000255346,79400
NOXA1,ENSG00000188747,10811
NOXRED1,ENSG00000165555,122945
NPAS1,ENSG00000130751,4861
NPAS2,ENSG00000170485,4862
NPAS3,ENSG00000151322,64067
NPAS4,ENSG00000174576,266743
NPAT,ENSG00000149308,4863
NPBWR1,ENSG00000288611,2831
NPC1,ENSG00000141458,4864
NPC1L1,ENSG00000015520,29881
NPC2,ENSG00000119655,10577
NPDC1,ENSG00000107281,56654
NPEPL1,ENSG00000215440,79716
NPEPPS,ENSG00000141279,9520
NPFFR1,ENSG00000148734,64106
NPFFR2,ENSG00000056291,10886
NPHP1,ENSG00000144061,4867
NPHP3,ENSG00000113971,27031
NPHP4,ENSG00000131697,261734
NPHS1,ENSG00000161270,4868
NPIPA1,ENSG00000183426,9284
NPIPA2,ENSG00000224712,642799
NPIPA3,ENSG00000224712,642778
NPIPA5,ENSG00000183793,100288332
NPIPA6,ENSG00000183889,131675794
NPIPA9,ENSG00000183426,105376752
NPIPB11,ENSG00000254206,728888
NPIPB12,ENSG00000169203,440353
NPIPB13,ENSG00000198064,613037
NPIPB15,ENSG00000196436,440348
NPIPB2,ENSG00000234719,729978
NPIPB3,ENSG00000169246,23117
NPIPB4,ENSG00000185864,440345
NPIPB5,ENSG00000243716,100132247
NPIPB6,ENSG00000198156,728741
NPIPP1,ENSG00000188599,100874381
NPL,ENSG00000135838,80896
NPLOC4,ENSG00000182446,55666
NPM1,ENSG00000181163,4869
NPM1P39,ENSG00000225159,440577
NPM2,ENSG00000158806,10361
NPM3,ENSG00000107833,10360
NPNT,ENSG00000168743,255743
NPPA,ENSG00000175206,4878
NPPC,ENSG00000163273,4880
NPR1,ENSG00000169418,4881
NPR2,ENSG00000159899,4882
NPR3,ENSG00000113389,4883
NPRL2,ENSG00000114388,10641
NPRL3,ENSG00000103148,8131
NPTN,ENSG00000156642,27020
NPTN-IT1,ENSG00000281183,101241892
NPTX1,ENSG00000171246,4884
NPTX2,ENSG00000106236,4885
NPTXR,ENSG00000221890,23467
NPW,ENSG00000183971,283869
NPY1R,ENSG00000164128,4886
NPY2R,ENSG00000185149,4887
NPY5R,ENSG00000164129,4889
NQO1,ENSG00000181019,1728
NQO2,ENSG00000124588,4835
NR0B1,ENSG00000169297,190
NR1D1,ENSG00000126368,9572
NR1D2,ENSG00000174738,9975
NR1H2,ENSG00000131408,7376
NR1H3,ENSG00000025434,10062
NR1I2,ENSG00000144852,8856
NR1I3,ENSG00000143257,9970
NR2C1,ENSG00000120798,7181
NR2C2,ENSG00000177463,7182
NR2C2AP,ENSG00000184162,126382
NR2E1,ENSG00000112333,7101
NR2E3,ENSG00000278570,10002
NR2F1,ENSG00000175745,7025
NR2F1-AS1,ENSG00000237187,441094
NR2F2,ENSG00000185551,7026
NR2F2-AS1,ENSG00000247809,644192
NR2F6,ENSG00000160113,2063
NR3C1,ENSG00000113580,2908
NR3C2,ENSG00000151623,4306
NR4A1,ENSG00000123358,3164
NR4A1AS,ENSG00000259884,115409980
NR4A2,ENSG00000153234,4929
NR4A3,ENSG00000119508,8013
NR5A2,ENSG00000116833,2494
NR6A1,ENSG00000148200,2649
NRAD1,ENSG00000233725,121838
NRAP,ENSG00000197893,4892
NRARP,ENSG00000198435,441478
NRAS,ENSG00000213281,4893
NRAV,ENSG00000248008,100506668
NRBF2,ENSG00000148572,29982
NRBP1,ENSG00000115216,29959
NRBP2,ENSG00000185189,340371
NRCAM,ENSG00000091129,4897
NRDC,ENSG00000078618,4898
NRDE2,ENSG00000119720,55051
NREP,ENSG00000134986,9315
NRF1,ENSG00000106459,4899
NRG1,ENSG00000157168,3084
NRG2,ENSG00000158458,9542
NRG3,ENSG00000185737,10718
NRG4,ENSG00000169752,145957
NRGN,ENSG00000154146,4900
NRIP1,ENSG00000180530,8204
NRIP2,ENSG00000053702,83714
NRIP3,ENSG00000175352,56675
NRIP3-DT,ENSG00000253973,105376541
NRK,ENSG00000123572,203447
NRL,ENSG00000129535,4901
NRM,ENSG00000137404,11270
NRN1,ENSG00000124785,51299
NRP1,ENSG00000099250,8829
NRP2,ENSG00000118257,8828
NRROS,ENSG00000174004,375387
NRSN2,ENSG00000125841,80023
NRSN2-AS1,ENSG00000225377,100507459
NRTN,ENSG00000171119,4902
NRXN1,ENSG00000179915,9378
NRXN2,ENSG00000110076,9379
NRXN3,ENSG00000021645,9369
NSA2,ENSG00000164346,10412
NSD1,ENSG00000165671,64324
NSD2,ENSG00000109685,7468
NSD3,ENSG00000147548,54904
NSDHL,ENSG00000147383,50814
NSF,ENSG00000073969,4905
NSFL1C,ENSG00000088833,55968
NSG1,ENSG00000168824,27065
NSG2,ENSG00000170091,51617
NSL1,ENSG00000117697,25936
NSMAF,ENSG00000035681,8439
NSMCE1,ENSG00000169189,197370
NSMCE1-DT,ENSG00000245888,400512
NSMCE2,ENSG00000156831,286053
NSMCE3,ENSG00000185115,56160
NSMCE4A,ENSG00000107672,54780
NSMF,ENSG00000165802,26012
NSRP1,ENSG00000126653,84081
NSUN2,ENSG00000037474,54888
NSUN3,ENSG00000178694,63899
NSUN4,ENSG00000117481,387338
NSUN5,ENSG00000130305,55695
NSUN5P1,ENSG00000223705,155400
NSUN6,ENSG00000241058,221078
NSUN7,ENSG00000179299,79730
NT5C,ENSG00000125458,30833
NT5C1B,ENSG00000185013,93034
NT5C2,ENSG00000076685,22978
NT5C3A,ENSG00000122643,51251
NT5C3B,ENSG00000141698,115024
NT5DC1,ENSG00000178425,221294
NT5DC1P2,ENSG00000214961,402425
NT5DC2,ENSG00000168268,64943
NT5DC3,ENSG00000111696,51559
NT5DC4,ENSG00000144130,284958
NT5E,ENSG00000135318,4907
NT5M,ENSG00000205309,56953
NTAN1,ENSG00000157045,123803
NTAN1P2,ENSG00000250569,100420307
NTAQ1,ENSG00000156795,55093
NTF3,ENSG00000185652,4908
NTF4,ENSG00000225950,4909
NTHL1,ENSG00000065057,4913
NTM,ENSG00000182667,50863
NTMT1,ENSG00000148335,28989
NTMT2,ENSG00000203740,149281
NTN1,ENSG00000065320,9423
NTN3,ENSG00000162068,4917
NTN4,ENSG00000074527,59277
NTN5,ENSG00000142233,126147
NTNG1,ENSG00000162631,22854
NTNG2,ENSG00000196358,84628
NTPCR,ENSG00000135778,84284
NTRK1,ENSG00000198400,4914
NTRK2,ENSG00000148053,4915
NTRK3,ENSG00000140538,4916
NTS,ENSG00000133636,4922
NTSR1,ENSG00000101188,4923
NTSR2,ENSG00000169006,23620
NUAK1,ENSG00000074590,9891
NUAK2,ENSG00000163545,81788
NUB1,ENSG00000013374,51667
NUBP1,ENSG00000103274,4682
NUBP2,ENSG00000095906,10101
NUBPL,ENSG00000151413,80224
NUCB1,ENSG00000104805,4924
NUCB2,ENSG00000070081,4925
NUCKS1,ENSG00000069275,64710
NUDC,ENSG00000090273,10726
NUDCD1,ENSG00000120526,84955
NUDCD2,ENSG00000170584,134492
NUDCD3,ENSG00000015676,23386
NUDT1,ENSG00000106268,4521
NUDT10,ENSG00000122824,170685
NUDT11,ENSG00000196368,55190
NUDT12,ENSG00000112874,83594
NUDT13,ENSG00000166321,25961
NUDT14,ENSG00000183828,256281
NUDT15,ENSG00000136159,55270
NUDT16,ENSG00000198585,131870
NUDT16-DT,ENSG00000250608,339874
NUDT16L1,ENSG00000168101,84309
NUDT17,ENSG00000186364,200035
NUDT18,ENSG00000275074,79873
NUDT19,ENSG00000213965,390916
NUDT19P5,ENSG00000251073,100422445
NUDT2,ENSG00000164978,318
NUDT21,ENSG00000167005,11051
NUDT22,ENSG00000149761,84304
NUDT3,ENSG00000272325,11165
NUDT4,ENSG00000173598,11163
NUDT5,ENSG00000165609,11164
NUDT6,ENSG00000170917,11162
NUDT7,ENSG00000140876,283927
NUDT8,ENSG00000167799,254552
NUDT9,ENSG00000170502,53343
NUF2,ENSG00000143228,83540
NUFIP1,ENSG00000083635,26747
NUFIP2,ENSG00000108256,57532
NUGGC,ENSG00000189233,389643
NUMA1,ENSG00000137497,4926
NUMB,ENSG00000133961,8650
NUMBL,ENSG00000105245,9253
NUP107,ENSG00000111581,57122
NUP133,ENSG00000069248,55746
NUP153,ENSG00000124789,9972
NUP153-AS1,ENSG00000272269,105374952
NUP155,ENSG00000113569,9631
NUP160,ENSG00000030066,23279
NUP188,ENSG00000095319,23511
NUP205,ENSG00000155561,23165
NUP210,ENSG00000132182,23225
NUP210L,ENSG00000143552,91181
NUP214,ENSG00000126883,8021
NUP35,ENSG00000163002,129401
NUP37,ENSG00000075188,79023
NUP42,ENSG00000136243,11097
NUP43,ENSG00000120253,348995
NUP50,ENSG00000093000,10762
NUP50-DT,ENSG00000226328,100506714
NUP54,ENSG00000138750,53371
NUP58,ENSG00000139496,9818
NUP62,ENSG00000213024,23636
NUP62CL,ENSG00000198088,54830
NUP85,ENSG00000125450,79902
NUP88,ENSG00000108559,4927
NUP93,ENSG00000102900,9688
NUP98,ENSG00000110713,4928
NUPR1,ENSG00000176046,26471
NUPR2,ENSG00000185290,389493
NUS1,ENSG00000153989,116150
NUSAP1,ENSG00000137804,51203
NUTF2,ENSG00000102898,10204
NUTM2A,ENSG00000184923,728118
NUTM2A-AS1,ENSG00000223482,728190
NUTM2B,ENSG00000188199,729262
NUTM2B-AS1,ENSG00000225484,101060691
NUTM2D,ENSG00000214562,728130
NUTM2E,ENSG00000228570,283008
NUTM2G,ENSG00000188152,441457
NVL,ENSG00000143748,4931
NWD1,ENSG00000188039,284434
NWD2,ENSG00000174145,57495
NXF1,ENSG00000162231,10482
NXF3,ENSG00000147206,56000
NXN,ENSG00000167693,64359
NXNL2,ENSG00000130045,158046
NXPE3,ENSG00000144815,91775
NXPE4,ENSG00000137634,54827
NXPH1,ENSG00000122584,30010
NXPH2,ENSG00000144227,11249
NXPH3,ENSG00000182575,11248
NXPH4,ENSG00000182379,11247
NXT1,ENSG00000132661,29107
NXT2,ENSG00000101888,55916
NYAP1,ENSG00000166924,222950
NYNRIN,ENSG00000205978,57523
OAF,ENSG00000184232,220323
OARD1,ENSG00000124596,221443
OAS1,ENSG00000089127,4938
OAS2,ENSG00000111335,4939
OAS3,ENSG00000111331,4940
OASL,ENSG00000135114,8638
OAT,ENSG00000065154,4942
OAZ1,ENSG00000104904,4946
OAZ2,ENSG00000180304,4947
OAZ3,ENSG00000143450,51686
OBI1,ENSG00000152193,79596
OBP2A,ENSG00000122136,29991
OBP2B,ENSG00000171102,29989
OBSCN,ENSG00000154358,84033
OBSCN-AS1,ENSG00000162913,574407
OBSL1,ENSG00000124006,23363
OCA2,ENSG00000104044,4948
OCEL1,ENSG00000099330,79629
OCIAD1,ENSG00000109180,54940
OCIAD1-AS1,ENSG00000248256,100861517
OCIAD2,ENSG00000145247,132299
OCLN,ENSG00000197822,100506658
OCM,ENSG00000122543,654231
OCRL,ENSG00000122126,4952
ODAD1,ENSG00000105479,93233
ODAD2,ENSG00000169126,55130
ODAD3,ENSG00000198003,115948
ODAD4,ENSG00000204815,83538
ODAM,ENSG00000109205,54959
ODAPH,ENSG00000174792,152816
ODC1,ENSG00000115758,4953
ODF2,ENSG00000136811,4957
ODF2L,ENSG00000122417,57489
ODR4,ENSG00000157181,54953
OFD1,ENSG00000046651,8481
OGA,ENSG00000198408,10724
OGDH,ENSG00000105953,4967
OGDHL,ENSG00000197444,55753
OGFOD1,ENSG00000087263,55239
OGFOD2,ENSG00000111325,79676
OGFOD3,ENSG00000181396,79701
OGFR,ENSG00000060491,11054
OGFRL1,ENSG00000119900,79627
OGG1,ENSG00000114026,4968
OGN,ENSG00000106809,4969
OGT,ENSG00000147162,8473
OIP5,ENSG00000104147,11339
OIP5-AS1,ENSG00000247556,729082
OIT3,ENSG00000138315,170392
OLA1,ENSG00000138430,29789
OLAH,ENSG00000152463,55301
OLFM1,ENSG00000130558,10439
OLFM2,ENSG00000105088,93145
OLFM4,ENSG00000102837,10562
OLFML1,ENSG00000183801,283298
OLFML2A,ENSG00000185585,169611
OLFML2B,ENSG00000162745,25903
OLFML3,ENSG00000116774,56944
OLIG1,ENSG00000184221,116448
OLMALINC,ENSG00000235823,90271
OLR1,ENSG00000173391,4973
OMA1,ENSG00000162600,115209
OMD,ENSG00000127083,4958
OMG,ENSG00000126861,4974
ONECUT2,ENSG00000119547,9480
OOEP,ENSG00000203907,441161
OPA1,ENSG00000198836,4976
OPA3,ENSG00000125741,80207
OPCML,ENSG00000183715,4978
OPHN1,ENSG00000079482,4983
OPLAH,ENSG00000178814,26873
OPN3,ENSG00000054277,23596
OPN4,ENSG00000122375,94233
OPRD1,ENSG00000116329,4985
OPRK1,ENSG00000082556,4986
OPRL1,ENSG00000125510,4987
OPRPN,ENSG00000171199,58503
OPTN,ENSG00000123240,10133
OR10AH1P,ENSG00000272595,402246
OR10H1,ENSG00000186723,26539
OR13A1,ENSG00000256574,79290
OR13J1,ENSG00000168828,392309
OR1L8,ENSG00000171496,138881
OR2A1,ENSG00000221970,346528
OR2A20P,ENSG00000170356,401428
OR2A42,ENSG00000212807,402317
OR2A7,ENSG00000243896,401427
OR2B6,ENSG00000124657,26212
OR2C1,ENSG00000168158,4993
OR2I1P,ENSG00000237988,442197
OR2L13,ENSG00000196071,284521
OR2S1P,ENSG00000228307,392313
OR2T8,ENSG00000177462,343172
OR2W3,ENSG00000238243,343171
OR2W6P,ENSG00000168126,81406
OR3A2,ENSG00000221882,4995
OR4K11P,ENSG00000179381,81079
OR4K12P,ENSG00000218549,81078
OR51E1,ENSG00000180785,143503
OR51E2,ENSG00000167332,81285
OR52K3P,ENSG00000225101,390035
OR52N4,ENSG00000181074,390072
OR56A3,ENSG00000184478,390083
OR5BA1P,ENSG00000255303,81210
OR7A5,ENSG00000188269,26659
OR7C1,ENSG00000127530,26664
OR7D2,ENSG00000188000,162998
OR7E102P,ENSG00000168992,400984
OR7E122P,ENSG00000215160,81428
OR7E128P,ENSG00000228915,81175
OR7E12P,ENSG00000189398,10821
OR7E14P,ENSG00000184669,10819
OR7E22P,ENSG00000179799,9431
OR7E38P,ENSG00000183444,389537
OR7E7P,ENSG00000238228,392752
ORAI1,ENSG00000276045,84876
ORAI2,ENSG00000160991,80228
ORAI3,ENSG00000175938,93129
ORC1,ENSG00000085840,4998
ORC2,ENSG00000115942,4999
ORC3,ENSG00000135336,23595
ORC4,ENSG00000115947,5000
ORC5,ENSG00000164815,5001
ORC6,ENSG00000091651,23594
ORM1,ENSG00000229314,5004
ORM2,ENSG00000228278,5005
ORMDL1,ENSG00000128699,94101
ORMDL2,ENSG00000123353,29095
ORMDL3,ENSG00000172057,94103
OS9,ENSG00000135506,10956
OSBP,ENSG00000110048,5007
OSBP2,ENSG00000184792,23762
OSBPL10,ENSG00000144645,114884
OSBPL11,ENSG00000144909,114885
OSBPL1A,ENSG00000141447,114876
OSBPL2,ENSG00000130703,9885
OSBPL3,ENSG00000070882,26031
OSBPL5,ENSG00000021762,114879
OSBPL6,ENSG00000079156,114880
OSBPL7,ENSG00000006025,114881
OSBPL8,ENSG00000091039,114882
OSBPL9,ENSG00000117859,114883
OSCAR,ENSG00000170909,126014
OSCP1,ENSG00000116885,127700
OSER1,ENSG00000132823,51526
OSER1-DT,ENSG00000223891,100505783
OSGEP,ENSG00000092094,55644
OSGEPL1,ENSG00000128694,64172
OSGIN1,ENSG00000140961,29948
OSGIN2,ENSG00000164823,734
OSM,ENSG00000099985,5008
OSMR,ENSG00000145623,9180
OSR1,ENSG00000143867,130497
OSR2,ENSG00000164920,116039
OST4,ENSG00000228474,100128731
OSTC,ENSG00000198856,58505
OSTF1,ENSG00000134996,26578
OSTM1,ENSG00000081087,28962
OTOA,ENSG00000155719,146183
OTOF,ENSG00000115155,9381
OTOGL,ENSG00000165899,283310
OTOR,ENSG00000125879,56914
OTP,ENSG00000171540,23440
OTUB1,ENSG00000167770,55611
OTUB2,ENSG00000089723,78990
OTUD1,ENSG00000165312,220213
OTUD3,ENSG00000169914,23252
OTUD4,ENSG00000164164,54726
OTUD5,ENSG00000068308,55593
OTUD6B,ENSG00000155100,51633
OTUD6B-AS1,ENSG00000253738,100506365
OTUD7A,ENSG00000169918,161725
OTUD7B,ENSG00000264522,56957
OTULIN,ENSG00000154124,90268
OTULIN-DT,ENSG00000261360,728178
OTULINL,ENSG00000145569,54491
OTX1,ENSG00000115507,5013
OVCH1,ENSG00000187950,341350
OVCH1-AS1,ENSG00000257599,101055625
OVCH2,ENSG00000183378,341277
OVGP1,ENSG00000085465,5016
OVOL1,ENSG00000172818,5017
OVOL1-AS1,ENSG00000255120,101927828
OVOL2,ENSG00000125850,58495
OVOL3,ENSG00000105261,728361
OVOS2,ENSG00000177359,144203
OXA1L,ENSG00000155463,5018
OXCT1,ENSG00000083720,5019
OXCT1-AS1,ENSG00000248668,100874002
OXCT2,ENSG00000198754,64064
OXCT2P1,ENSG00000237624,192217
OXER1,ENSG00000162881,165140
OXGR1,ENSG00000165621,27199
OXLD1,ENSG00000204237,339229
OXNAD1,ENSG00000154814,92106
OXR1,ENSG00000164830,55074
OXSM,ENSG00000151093,54995
OXSR1,ENSG00000172939,9943
OXT,ENSG00000101405,5020
OXTR,ENSG00000180914,5021
P2RX1,ENSG00000108405,5023
P2RX2,ENSG00000187848,22953
P2RX4,ENSG00000135124,5025
P2RX5,ENSG00000083454,5026
P2RX5-TAX1BP3,ENSG00000257950,100533970
P2RX6,ENSG00000099957,9127
P2RX7,ENSG00000089041,5027
P2RY1,ENSG00000169860,5028
P2RY10,ENSG00000078589,27334
P2RY11,ENSG00000244165,5032
P2RY12,ENSG00000169313,64805
P2RY13,ENSG00000181631,53829
P2RY14,ENSG00000174944,9934
P2RY2,ENSG00000175591,5029
P2RY4,ENSG00000186912,5030
P2RY6,ENSG00000171631,5031
P2RY8,ENSG00000182162,286530
P3H1,ENSG00000117385,64175
P3H2,ENSG00000090530,55214
P3H3,ENSG00000110811,10536
P3H4,ENSG00000141696,10609
P4HA1,ENSG00000122884,5033
P4HA2,ENSG00000072682,8974
P4HA3,ENSG00000149380,283208
P4HB,ENSG00000185624,5034
P4HTM,ENSG00000178467,54681
PA2G4,ENSG00000170515,5036
PAAF1,ENSG00000175575,80227
PABIR1,ENSG00000187866,116224
PABIR2,ENSG00000156504,159090
PABIR3,ENSG00000156500,159091
PABPC1,ENSG00000070756,26986
PABPC1L,ENSG00000101104,80336
PABPC3,ENSG00000151846,5042
PABPC4,ENSG00000090621,8761
PABPC4L,ENSG00000254535,132430
PABPC5,ENSG00000174740,140886
PABPN1,ENSG00000100836,8106
PACC1,ENSG00000065600,55248
PACRG,ENSG00000112530,135138
PACRG-AS1,ENSG00000281692,285796
PACRGL,ENSG00000163138,133015
PACS1,ENSG00000175115,55690
PACS2,ENSG00000179364,23241
PACSIN1,ENSG00000124507,29993
PACSIN2,ENSG00000100266,11252
PACSIN3,ENSG00000165912,29763
PADI1,ENSG00000142623,29943
PADI2,ENSG00000117115,11240
PADI3,ENSG00000142619,51702
PADI4,ENSG00000159339,23569
PAEP,ENSG00000122133,5047
PAF1,ENSG00000006712,54623
PAFAH1B1,ENSG00000007168,5048
PAFAH1B2,ENSG00000168092,5049
PAFAH1B3,ENSG00000079462,5050
PAFAH2,ENSG00000158006,5051
PAG1,ENSG00000076641,55824
PAGR1,ENSG00000280789,79447
PAH,ENSG00000171759,5053
PAICS,ENSG00000128050,10606
PAIP1,ENSG00000172239,10605
PAIP1P1,ENSG00000233892,100421582
PAIP2,ENSG00000120727,51247
PAIP2B,ENSG00000124374,400961
PAK1,ENSG00000149269,5058
PAK1IP1,ENSG00000111845,55003
PAK2,ENSG00000180370,5062
PAK3,ENSG00000077264,5063
PAK4,ENSG00000130669,10298
PAK5,ENSG00000101349,57144
PAK6,ENSG00000137843,56924
PAK6-AS1,ENSG00000176753,644809
PALB2,ENSG00000083093,79728
PALD1,ENSG00000107719,27143
PALLD,ENSG00000129116,23022
PALM,ENSG00000099864,5064
PALM2AKAP2,ENSG00000157654,445815
PALM3,ENSG00000187867,342979
PALMD,ENSG00000099260,54873
PALS1,ENSG00000072415,64398
PALS2,ENSG00000105926,51678
PAM,ENSG00000145730,5066
PAM16,ENSG00000217930,51025
PAMR1,ENSG00000149090,25891
PAN2,ENSG00000135473,9924
PAN3,ENSG00000152520,255967
PANK1,ENSG00000152782,53354
PANK2,ENSG00000125779,80025
PANK3,ENSG00000120137,79646
PANK4,ENSG00000157881,55229
PANO1,ENSG00000288675,101927423
PANX1,ENSG00000110218,24145
PANX2,ENSG00000073150,56666
PAOX,ENSG00000148832,196743
PAPLN,ENSG00000100767,89932
PAPOLA,ENSG00000090060,10914
PAPOLG,ENSG00000115421,64895
PAPPA,ENSG00000182752,5069
PAPPA2,ENSG00000116183,60676
PAPSS1,ENSG00000138801,9061
PAPSS2,ENSG00000198682,9060
PAQR3,ENSG00000163291,152559
PAQR4,ENSG00000162073,124222
PAQR5,ENSG00000137819,54852
PAQR5-DT,ENSG00000261634,102723548
PAQR6,ENSG00000160781,79957
PAQR7,ENSG00000182749,164091
PAQR8,ENSG00000170915,85315
PARAIL,ENSG00000251136,101929709
PARD3,ENSG00000148498,56288
PARD3-DT,ENSG00000226386,100505601
PARD3B,ENSG00000116117,117583
PARD6A,ENSG00000102981,50855
PARD6B,ENSG00000124171,84612
PARD6G,ENSG00000178184,84552
PARD6G-AS1,ENSG00000267270,100130522
PARG,ENSG00000227345,8505
PARK7,ENSG00000116288,11315
PARK7P1,ENSG00000257243,100422296
PARL,ENSG00000175193,55486
PARLP2,ENSG00000217648,100131471
PARM1,ENSG00000169116,25849
PARN,ENSG00000140694,5073
PARP1,ENSG00000143799,142
PARP10,ENSG00000178685,84875
PARP11,ENSG00000111224,57097
PARP11-AS1,ENSG00000256862,105369609
PARP12,ENSG00000059378,64761
PARP14,ENSG00000173193,54625
PARP15,ENSG00000173200,165631
PARP16,ENSG00000138617,54956
PARP2,ENSG00000129484,10038
PARP3,ENSG00000041880,10039
PARP4,ENSG00000102699,143
PARP4P1,ENSG00000237917,347613
PARP6,ENSG00000137817,56965
PARP8,ENSG00000151883,79668
PARP9,ENSG00000138496,83666
PARPBP,ENSG00000185480,55010
PARS2,ENSG00000162396,25973
PART1,ENSG00000152931,25859
PARTICL,ENSG00000286532,100630918
PARVA,ENSG00000197702,55742
PARVB,ENSG00000188677,29780
PARVG,ENSG00000138964,64098
PASK,ENSG00000115687,23178
PATJ,ENSG00000132849,10207
PATL1,ENSG00000166889,219988
PATL2,ENSG00000229474,197135
PATZ1,ENSG00000100105,23598
PAWR,ENSG00000177425,5074
PAX1,ENSG00000125813,5075
PAX2,ENSG00000075891,5076
PAX3,ENSG00000135903,5077
PAX5,ENSG00000196092,5079
PAX6,ENSG00000007372,5080
PAX7,ENSG00000009709,5081
PAX8,ENSG00000125618,7849
PAX8-AS1,ENSG00000189223,654433
PAX9,ENSG00000198807,5083
PAXBP1,ENSG00000159086,94104
PAXBP1-AS1,ENSG00000238197,100506215
PAXIP1,ENSG00000157212,22976
PAXIP1-DT,ENSG00000273344,202781
PAXX,ENSG00000148362,286257
PBDC1,ENSG00000102390,51260
PBK,ENSG00000168078,55872
PBLD,ENSG00000108187,64081
PBRM1,ENSG00000163939,55193
PBX1,ENSG00000185630,5087
PBX2,ENSG00000204304,5089
PBX3,ENSG00000167081,5090
PBX4,ENSG00000105717,80714
PBXIP1,ENSG00000163346,57326
PC,ENSG00000173599,5091
PCARE,ENSG00000179270,388939
PCAT1,ENSG00000253438,100750225
PCAT18,ENSG00000265369,728606
PCAT19,ENSG00000267107,100505495
PCAT2,ENSG00000254166,103164619
PCAT29,ENSG00000245750,104472713
PCAT6,ENSG00000228288,100506696
PCAT7,ENSG00000231806,101928099
PCBD1,ENSG00000166228,5092
PCBD2,ENSG00000132570,84105
PCBP1,ENSG00000169564,5093
PCBP1-AS1,ENSG00000179818,400960
PCBP2,ENSG00000197111,5094
PCBP3,ENSG00000183570,54039
PCBP4,ENSG00000090097,57060
PCCA,ENSG00000175198,5095
PCCA-DT,ENSG00000274605,105370333
PCCB,ENSG00000114054,5096
PCDH1,ENSG00000156453,5097
PCDH10,ENSG00000138650,57575
PCDH10-DT,ENSG00000250241,101927359
PCDH11X,ENSG00000102290,27328
PCDH12,ENSG00000113555,51294
PCDH17,ENSG00000118946,27253
PCDH18,ENSG00000189184,54510
PCDH19,ENSG00000165194,57526
PCDH7,ENSG00000169851,5099
PCDH8,ENSG00000136099,5100
PCDH9,ENSG00000184226,5101
PCDHA10,ENSG00000250120,56139
PCDHA11,ENSG00000249158,56138
PCDHA12,ENSG00000251664,56137
PCDHA13,ENSG00000239389,56136
PCDHA2,ENSG00000204969,56146
PCDHA3,ENSG00000255408,56145
PCDHA4,ENSG00000204967,56144
PCDHA5,ENSG00000204965,56143
PCDHA6,ENSG00000081842,56142
PCDHA7,ENSG00000204963,56141
PCDHA8,ENSG00000204962,56140
PCDHA9,ENSG00000204961,9752
PCDHAC1,ENSG00000248383,56135
PCDHAC2,ENSG00000243232,56134
PCDHB1,ENSG00000171815,29930
PCDHB10,ENSG00000120324,56126
PCDHB11,ENSG00000197479,56125
PCDHB12,ENSG00000120328,56124
PCDHB13,ENSG00000187372,56123
PCDHB14,ENSG00000120327,56122
PCDHB15,ENSG00000113248,56121
PCDHB16,ENSG00000272674,57717
PCDHB17P,ENSG00000255622,54661
PCDHB2,ENSG00000112852,56133
PCDHB3,ENSG00000113205,56132
PCDHB4,ENSG00000081818,56131
PCDHB5,ENSG00000113209,26167
PCDHB6,ENSG00000113211,56130
PCDHB7,ENSG00000113212,56129
PCDHB8,ENSG00000120322,56128
PCDHB9,ENSG00000177839,56127
PCDHGA1,ENSG00000204956,56114
PCDHGA10,ENSG00000253846,56106
PCDHGA11,ENSG00000253873,56105
PCDHGA12,ENSG00000253159,26025
PCDHGA2,ENSG00000081853,56113
PCDHGA3,ENSG00000254245,56112
PCDHGA4,ENSG00000262576,56111
PCDHGA5,ENSG00000253485,56110
PCDHGA6,ENSG00000253731,56109
PCDHGA7,ENSG00000253537,56108
PCDHGA8,ENSG00000253767,9708
PCDHGA9,ENSG00000261934,56107
PCDHGB1,ENSG00000254221,56104
PCDHGB2,ENSG00000253910,56103
PCDHGB3,ENSG00000262209,56102
PCDHGB4,ENSG00000253953,8641
PCDHGB5,ENSG00000276547,56101
PCDHGB6,ENSG00000253305,56100
PCDHGB7,ENSG00000254122,56099
PCDHGB9P,ENSG00000276545,84055
PCDHGC3,ENSG00000240184,5098
PCDHGC4,ENSG00000242419,56098
PCDHGC5,ENSG00000240764,56097
PCED1A,ENSG00000132635,64773
PCED1B,ENSG00000179715,91523
PCED1B-AS1,ENSG00000247774,100233209
PCF11,ENSG00000165494,51585
PCGF1,ENSG00000115289,84759
PCGF2,ENSG00000277258,7703
PCGF3,ENSG00000185619,10336
PCGF3-AS1,ENSG00000249592,100129917
PCGF5,ENSG00000180628,84333
PCGF6,ENSG00000156374,84108
PCHILR,ENSG00000260884,129810500
PCID2,ENSG00000126226,55795
PCIF1,ENSG00000100982,63935
PCK1,ENSG00000124253,5105
PCK2,ENSG00000100889,5106
PCLAF,ENSG00000166803,9768
PCLO,ENSG00000186472,27445
PCM1,ENSG00000078674,5108
PCMT1,ENSG00000120265,5110
PCMTD1,ENSG00000168300,115294
PCMTD2,ENSG00000203880,55251
PCNA,ENSG00000132646,5111
PCNP,ENSG00000081154,57092
PCNT,ENSG00000160299,5116
PCNX1,ENSG00000100731,22990
PCNX2,ENSG00000135749,80003
PCNX3,ENSG00000197136,399909
PCNX4,ENSG00000126773,64430
PCOLCE,ENSG00000106333,5118
PCOLCE-AS1,ENSG00000224729,100129845
PCOLCE2,ENSG00000163710,26577
PCP2,ENSG00000174788,126006
PCP4,ENSG00000183036,5121
PCP4L1,ENSG00000248485,654790
PCSK1,ENSG00000175426,5122
PCSK1N,ENSG00000102109,27344
PCSK2,ENSG00000125851,5126
PCSK4,ENSG00000115257,54760
PCSK5,ENSG00000099139,5125
PCSK6,ENSG00000140479,5046
PCSK7,ENSG00000160613,9159
PCSK9,ENSG00000169174,255738
PCTP,ENSG00000141179,58488
PCYOX1,ENSG00000116005,51449
PCYOX1L,ENSG00000145882,78991
PCYT1A,ENSG00000161217,5130
PCYT1B,ENSG00000102230,9468
PCYT2,ENSG00000185813,5833
PDAP1,ENSG00000106244,11333
PDC-AS1,ENSG00000229739,102724919
PDCD1,ENSG00000188389,5133
PDCD10,ENSG00000114209,11235
PDCD11,ENSG00000148843,22984
PDCD1LG2,ENSG00000197646,80380
PDCD2,ENSG00000071994,5134
PDCD2L,ENSG00000126249,84306
PDCD4,ENSG00000150593,27250
PDCD5,ENSG00000105185,9141
PDCD6,ENSG00000249915,10016
PDCD6IP,ENSG00000170248,10015
PDCD6IP-DT,ENSG00000271643,105377023
PDCD6IPP1,ENSG00000275325,100861430
PDCD7,ENSG00000090470,10081
PDCL,ENSG00000136940,5082
PDCL3,ENSG00000115539,79031
PDE10A,ENSG00000112541,10846
PDE11A,ENSG00000128655,50940
PDE12,ENSG00000174840,201626
PDE1A,ENSG00000115252,5136
PDE1B,ENSG00000123360,5153
PDE1C,ENSG00000154678,5137
PDE2A,ENSG00000186642,5138
PDE3A,ENSG00000172572,5139
PDE3B,ENSG00000152270,5140
PDE4A,ENSG00000065989,5141
PDE4B,ENSG00000184588,5142
PDE4D,ENSG00000113448,5144
PDE4DIP,ENSG00000178104,9659
PDE5A,ENSG00000138735,8654
PDE6A,ENSG00000132915,5145
PDE6B,ENSG00000133256,5158
PDE6C,ENSG00000095464,5146
PDE6D,ENSG00000156973,5147
PDE6G,ENSG00000185527,5148
PDE7A,ENSG00000205268,5150
PDE7A-DT,ENSG00000272192,118568829
PDE7B,ENSG00000171408,27115
PDE8A,ENSG00000073417,5151
PDE8B,ENSG00000113231,8622
PDE9A,ENSG00000160191,5152
PDE9A-AS1,ENSG00000225731,101928284
PDF,ENSG00000258429,64146
PDGFA,ENSG00000197461,5154
PDGFA-DT,ENSG00000223855,441307
PDGFB,ENSG00000100311,5155
PDGFC,ENSG00000145431,56034
PDGFD,ENSG00000170962,80310
PDGFRA,ENSG00000134853,5156
PDGFRB,ENSG00000113721,5159
PDGFRL,ENSG00000104213,5157
PDGFRL2P,ENSG00000285420,116435296
PDHA1,ENSG00000131828,5160
PDHB,ENSG00000168291,5162
PDHX,ENSG00000110435,8050
PDIA2,ENSG00000185615,64714
PDIA3,ENSG00000167004,2923
PDIA4,ENSG00000155660,9601
PDIA5,ENSG00000065485,10954
PDIA6,ENSG00000143870,10130
PDIK1L,ENSG00000175087,149420
PDK1,ENSG00000152256,5163
PDK1-AS1,ENSG00000232788,124900513
PDK2,ENSG00000005882,5164
PDK3,ENSG00000067992,5165
PDK4,ENSG00000004799,5166
PDLIM1,ENSG00000107438,9124
PDLIM1P4,ENSG00000249274,100419185
PDLIM2,ENSG00000120913,64236
PDLIM3,ENSG00000154553,27295
PDLIM4,ENSG00000131435,8572
PDLIM5,ENSG00000163110,10611
PDLIM7,ENSG00000196923,9260
PDP1,ENSG00000164951,54704
PDP2,ENSG00000172840,57546
PDPK1,ENSG00000140992,5170
PDPK2P,ENSG00000205918,653650
PDPN,ENSG00000162493,10630
PDPR,ENSG00000090857,55066
PDRG1,ENSG00000088356,81572
PDS5A,ENSG00000121892,23244
PDS5B,ENSG00000083642,23047
PDSS1,ENSG00000148459,23590
PDSS2,ENSG00000164494,57107
PDXDC1,ENSG00000179889,23042
PDXDC2P-NPIPB14P,ENSG00000196696,283970
PDXK,ENSG00000160209,8566
PDXP,ENSG00000241360,57026
PDZD11,ENSG00000120509,51248
PDZD2,ENSG00000133401,23037
PDZD4,ENSG00000067840,57595
PDZD7,ENSG00000186862,79955
PDZD8,ENSG00000165650,118987
PDZD9,ENSG00000155714,255762
PDZK1,ENSG00000174827,5174
PDZK1IP1,ENSG00000162366,10158
PDZPH1P,ENSG00000226926,105379197
PDZRN3,ENSG00000121440,23024
PDZRN4,ENSG00000165966,29951
PEA15,ENSG00000162734,8682
PEAK1,ENSG00000173517,79834
PEAK3,ENSG00000188305,374872
PEAR1,ENSG00000187800,375033
PEBP1,ENSG00000089220,5037
PEBP4,ENSG00000134020,157310
PECAM1,ENSG00000261371,5175
PECR,ENSG00000115425,55825
PEDS1,ENSG00000240849,387521
PEF1,ENSG00000162517,553115
PEG10,ENSG00000242265,23089
PEG13,ENSG00000282164,359809
PEG3,ENSG00000198300,5178
PELATON,ENSG00000224397,100506115
PELI1,ENSG00000197329,57162
PELI2,ENSG00000139946,57161
PELI3,ENSG00000174516,246330
PELO,ENSG00000152684,53918
PELO-AS1,ENSG00000248898,125775243
PELP1,ENSG00000141456,27043
PELP1-DT,ENSG00000244184,101559451
PEMT,ENSG00000133027,10400
PENK,ENSG00000181195,5179
PEPD,ENSG00000124299,5184
PER1,ENSG00000179094,5187
PER2,ENSG00000132326,8864
PER3,ENSG00000049246,8863
PERCC1,ENSG00000284395,105371045
PERM1,ENSG00000187642,84808
PERP,ENSG00000112378,64065
PES1,ENSG00000100029,23481
PET100,ENSG00000229833,100131801
PET117,ENSG00000232838,100303755
PEX1,ENSG00000127980,5189
PEX10,ENSG00000157911,5192
PEX11A,ENSG00000166821,8800
PEX11B,ENSG00000131779,8799
PEX11G,ENSG00000104883,92960
PEX12,ENSG00000108733,5193
PEX13,ENSG00000162928,5194
PEX14,ENSG00000142655,5195
PEX16,ENSG00000121680,9409
PEX19,ENSG00000162735,5824
PEX2,ENSG00000164751,5828
PEX26,ENSG00000215193,55670
PEX3,ENSG00000034693,8504
PEX5,ENSG00000139197,5830
PEX5L,ENSG00000114757,51555
PEX6,ENSG00000124587,5190
PEX7,ENSG00000112357,5191
PFAS,ENSG00000178921,5198
PFDN1,ENSG00000113068,5201
PFDN2,ENSG00000143256,5202
PFDN4,ENSG00000101132,5203
PFDN5,ENSG00000123349,5204
PFDN6,ENSG00000204220,10471
PFKFB1,ENSG00000158571,5207
PFKFB2,ENSG00000123836,5208
PFKFB3,ENSG00000170525,5209
PFKFB4,ENSG00000114268,5210
PFKL,ENSG00000141959,5211
PFKM,ENSG00000152556,5213
PFKP,ENSG00000067057,5214
PFN1,ENSG00000108518,5216
PFN2,ENSG00000070087,5217
PFN4,ENSG00000176732,375189
PGAM1,ENSG00000171314,5223
PGAM4,ENSG00000226784,441531
PGAM5,ENSG00000247077,192111
PGAP1,ENSG00000197121,80055
PGAP2,ENSG00000148985,27315
PGAP3,ENSG00000161395,93210
PGAP4,ENSG00000165152,84302
PGAP6,ENSG00000129925,58986
PGBD1,ENSG00000137338,84547
PGBD2,ENSG00000185220,267002
PGBD4,ENSG00000182405,161779
PGBD5,ENSG00000177614,79605
PGC,ENSG00000096088,5225
PGD,ENSG00000142657,5226
PGF,ENSG00000119630,5228
PGGHG,ENSG00000142102,80162
PGGT1B,ENSG00000164219,5229
PGK1,ENSG00000102144,5230
PGK1P2,ENSG00000213290,5233
PGLS,ENSG00000130313,25796
PGLS-DT,ENSG00000269439,100507551
PGLYRP2,ENSG00000161031,114770
PGLYRP4,ENSG00000163218,57115
PGM1,ENSG00000079739,5236
PGM2,ENSG00000169299,55276
PGM2L1,ENSG00000165434,283209
PGM3,ENSG00000013375,5238
PGM5,ENSG00000154330,5239
PGM5-AS1,ENSG00000224958,572558
PGP,ENSG00000184207,283871
PGPEP1,ENSG00000130517,54858
PGPEP1L,ENSG00000183571,145814
PGR,ENSG00000082175,5241
PGRMC1,ENSG00000101856,10857
PGRMC2,ENSG00000164040,10424
PGS1,ENSG00000087157,9489
PHACTR1,ENSG00000112137,221692
PHACTR2,ENSG00000112419,9749
PHACTR2P1,ENSG00000270300,100533676
PHACTR3,ENSG00000087495,116154
PHACTR4,ENSG00000204138,65979
PHAF1,ENSG00000125149,80262
PHAX,ENSG00000164902,51808
PHB1,ENSG00000167085,5245
PHB1P9,ENSG00000230224,100289414
PHB2,ENSG00000215021,11331
PHC1,ENSG00000111752,1911
PHC2,ENSG00000134686,1912
PHC2-AS1,ENSG00000233246,101929464
PHC3,ENSG00000173889,80012
PHETA1,ENSG00000198324,144717
PHETA2,ENSG00000177096,150368
PHEX,ENSG00000102174,5251
PHF1,ENSG00000112511,5252
PHF10,ENSG00000130024,55274
PHF11,ENSG00000136147,51131
PHF12,ENSG00000109118,57649
PHF13,ENSG00000116273,148479
PHF14,ENSG00000106443,9678
PHF19,ENSG00000119403,26147
PHF2,ENSG00000197724,5253
PHF20,ENSG00000025293,51230
PHF20L1,ENSG00000129292,51105
PHF21A,ENSG00000135365,51317
PHF21B,ENSG00000056487,112885
PHF23,ENSG00000040633,79142
PHF24,ENSG00000122733,23349
PHF3,ENSG00000118482,23469
PHF5A,ENSG00000100410,84844
PHF6,ENSG00000156531,84295
PHF7,ENSG00000010318,51533
PHF8,ENSG00000172943,23133
PHGDH,ENSG00000092621,26227
PHGR1,ENSG00000233041,644844
PHIP,ENSG00000146247,55023
PHKA1,ENSG00000067177,5255
PHKA2,ENSG00000044446,5256
PHKB,ENSG00000102893,5257
PHKG1,ENSG00000164776,5260
PHKG2,ENSG00000156873,5261
PHLDA1,ENSG00000139289,22822
PHLDA2,ENSG00000181649,7262
PHLDA3,ENSG00000174307,23612
PHLDB1,ENSG00000019144,23187
PHLDB2,ENSG00000144824,90102
PHLDB3,ENSG00000176531,653583
PHLPP1,ENSG00000081913,23239
PHLPP2,ENSG00000040199,23035
PHOSPHO1,ENSG00000173868,162466
PHOSPHO2,ENSG00000144362,493911
PHOSPHO2-KLHL23,ENSG00000213160,100526832
PHPT1,ENSG00000054148,29085
PHRF1,ENSG00000070047,57661
PHTF1,ENSG00000116793,10745
PHTF2,ENSG00000006576,57157
PHYH,ENSG00000107537,5264
PHYHD1,ENSG00000175287,254295
PHYHIP,ENSG00000168490,9796
PHYHIPL,ENSG00000165443,84457
PHYKPL,ENSG00000175309,85007
PI15,ENSG00000137558,51050
PI16,ENSG00000164530,221476
PI3,ENSG00000124102,5266
PI4K2A,ENSG00000155252,55361
PI4K2B,ENSG00000038210,55300
PI4KA,ENSG00000241973,5297
PI4KB,ENSG00000143393,5298
PIANP,ENSG00000139200,196500
PIAS1,ENSG00000033800,8554
PIAS2,ENSG00000078043,9063
PIAS3,ENSG00000131788,10401
PIAS4,ENSG00000105229,51588
PIBF1,ENSG00000083535,10464
PICALM,ENSG00000073921,8301
PICART1,ENSG00000246640,284080
PICK1,ENSG00000100151,9463
PICSAR,ENSG00000275874,378825
PID1,ENSG00000153823,55022
PIDD1,ENSG00000177595,55367
PIERCE1,ENSG00000160345,138162
PIERCE2,ENSG00000261652,145788
PIEZO1,ENSG00000103335,9780
PIEZO2,ENSG00000154864,63895
PIF1,ENSG00000140451,80119
PIGA,ENSG00000165195,5277
PIGB,ENSG00000069943,9488
PIGBOS1,ENSG00000225973,101928527
PIGC,ENSG00000135845,5279
PIGF,ENSG00000151665,5281
PIGG,ENSG00000174227,54872
PIGH,ENSG00000100564,5283
PIGK,ENSG00000142892,10026
PIGL,ENSG00000108474,9487
PIGM,ENSG00000143315,93183
PIGN,ENSG00000197563,23556
PIGO,ENSG00000165282,84720
PIGP,ENSG00000185808,51227
PIGQ,ENSG00000007541,9091
PIGR,ENSG00000162896,5284
PIGS,ENSG00000087111,94005
PIGT,ENSG00000124155,51604
PIGU,ENSG00000101464,128869
PIGV,ENSG00000060642,55650
PIGW,ENSG00000277161,284098
PIGX,ENSG00000163964,54965
PIGZ,ENSG00000119227,80235
PIH1D1,ENSG00000104872,55011
PIH1D2,ENSG00000150773,120379
PIK3AP1,ENSG00000155629,118788
PIK3C2A,ENSG00000011405,5286
PIK3C2B,ENSG00000133056,5287
PIK3C2G,ENSG00000139144,5288
PIK3C3,ENSG00000078142,5289
PIK3CA,ENSG00000121879,5290
PIK3CB,ENSG00000051382,5291
PIK3CD,ENSG00000171608,5293
PIK3CD-AS1,ENSG00000179840,644997
PIK3CD-AS2,ENSG00000231789,101929074
PIK3CG,ENSG00000105851,5294
PIK3IP1,ENSG00000100100,113791
PIK3IP1-DT,ENSG00000228839,101929760
PIK3R1,ENSG00000145675,5295
PIK3R2,ENSG00000105647,5296
PIK3R3,ENSG00000117461,8503
PIK3R4,ENSG00000196455,30849
PIK3R5,ENSG00000141506,23533
PIK3R6,ENSG00000276231,146850
PIKFYVE,ENSG00000115020,200576
PILRA,ENSG00000085514,29992
PILRB,ENSG00000121716,29990
PIM1,ENSG00000137193,5292
PIM2,ENSG00000102096,11040
PIM3,ENSG00000198355,415116
PIMREG,ENSG00000129195,54478
PIN1,ENSG00000127445,5300
PIN4,ENSG00000102309,5303
PINK1,ENSG00000158828,65018
PINK1-AS,ENSG00000117242,100861548
PINLYP,ENSG00000234465,390940
PINX1,ENSG00000254093,54984
PIP,ENSG00000159763,5304
PIP4K2A,ENSG00000150867,5305
PIP4K2B,ENSG00000276293,8396
PIP4K2C,ENSG00000166908,79837
PIP4P1,ENSG00000165782,90809
PIP4P2,ENSG00000155099,55529
PIP5K1A,ENSG00000143398,8394
PIP5K1B,ENSG00000107242,8395
PIP5K1C,ENSG00000186111,23396
PIP5KL1,ENSG00000167103,138429
PIPOX,ENSG00000179761,51268
PIR,ENSG00000087842,8544
PISD,ENSG00000241878,23761
PITHD1,ENSG00000057757,57095
PITPNA,ENSG00000174238,5306
PITPNA-AS1,ENSG00000236618,100306951
PITPNB,ENSG00000180957,23760
PITPNC1,ENSG00000154217,26207
PITPNM1,ENSG00000110697,9600
PITPNM2,ENSG00000090975,57605
PITPNM3,ENSG00000091622,83394
PITRM1,ENSG00000107959,10531
PITRM1-AS1,ENSG00000237399,100507034
PITX1,ENSG00000069011,5307
PITX1-AS1,ENSG00000224186,100996485
PITX2,ENSG00000164093,5308
PIWIL2,ENSG00000197181,55124
PIWIL2-DT,ENSG00000254064,100507071
PIWIL4,ENSG00000134627,143689
PJA1,ENSG00000181191,64219
PJA2,ENSG00000198961,9867
PJVK,ENSG00000204311,494513
PKD1,ENSG00000008710,5310
PKD1-AS1,ENSG00000259933,105371049
PKD1L1,ENSG00000158683,168507
PKD1L2,ENSG00000166473,114780
PKD1L3,ENSG00000277481,342372
PKD1P2,ENSG00000227827,283955
PKD1P3,ENSG00000183458,339039
PKD1P4,ENSG00000205746,353512
PKD1P5,ENSG00000254681,348156
PKD1P6,ENSG00000250251,353511
PKD2,ENSG00000118762,5311
PKD2L1,ENSG00000107593,9033
PKD2L2,ENSG00000078795,27039
PKDCC,ENSG00000162878,91461
PKDREJ,ENSG00000130943,10343
PKHD1,ENSG00000170927,5314
PKHD1L1,ENSG00000205038,93035
PKIA,ENSG00000171033,5569
PKIB,ENSG00000135549,5570
PKIG,ENSG00000168734,11142
PKM,ENSG00000067225,5315
PKMYT1,ENSG00000127564,9088
PKN1,ENSG00000123143,5585
PKN2,ENSG00000065243,5586
PKN2-AS1,ENSG00000237505,101927891
PKN3,ENSG00000160447,29941
PKNOX1,ENSG00000160199,5316
PKNOX2,ENSG00000165495,63876
PKP1,ENSG00000081277,5317
PKP2,ENSG00000057294,5318
PKP3,ENSG00000184363,11187
PKP4,ENSG00000144283,8502
PKP4-AS1,ENSG00000204380,100129029
PLA1A,ENSG00000144837,51365
PLA2G10,ENSG00000069764,8399
PLA2G12A,ENSG00000123739,81579
PLA2G15,ENSG00000103066,23659
PLA2G1B,ENSG00000170890,5319
PLA2G2A,ENSG00000188257,5320
PLA2G2C,ENSG00000187980,391013
PLA2G2D,ENSG00000117215,26279
PLA2G3,ENSG00000100078,50487
PLA2G4A,ENSG00000116711,5321
PLA2G4B,ENSG00000243708,100137049
PLA2G4C,ENSG00000105499,8605
PLA2G4D,ENSG00000159337,283748
PLA2G4E,ENSG00000188089,123745
PLA2G4F,ENSG00000168907,255189
PLA2G5,ENSG00000127472,5322
PLA2G6,ENSG00000184381,8398
PLA2G7,ENSG00000146070,7941
PLA2R1,ENSG00000153246,22925
PLAA,ENSG00000137055,9373
PLAAT1,ENSG00000127252,57110
PLAAT2,ENSG00000133328,54979
PLAAT3,ENSG00000176485,11145
PLAAT4,ENSG00000133321,5920
PLAAT5,ENSG00000168004,117245
PLAC1,ENSG00000170965,10761
PLAC4,ENSG00000280109,191585
PLAC8,ENSG00000145287,51316
PLAC8L1,ENSG00000173261,153770
PLAC9,ENSG00000189129,219348
PLAG1,ENSG00000181690,5324
PLAGL1,ENSG00000118495,5325
PLAGL2,ENSG00000126003,5326
PLAT,ENSG00000104368,5327
PLAU,ENSG00000122861,5328
PLAUR,ENSG00000011422,5329
PLB1,ENSG00000163803,151056
PLBD1,ENSG00000121316,79887
PLBD1-AS1,ENSG00000256751,101928290
PLBD2,ENSG00000151176,196463
PLCB1,ENSG00000182621,23236
PLCB2,ENSG00000137841,5330
PLCB3,ENSG00000149782,5331
PLCB4,ENSG00000101333,5332
PLCD1,ENSG00000187091,5333
PLCD3,ENSG00000161714,113026
PLCD4,ENSG00000115556,84812
PLCE1,ENSG00000138193,51196
PLCG1,ENSG00000124181,5335
PLCG1-AS1,ENSG00000226648,101927117
PLCG2,ENSG00000197943,5336
PLCH1,ENSG00000114805,23007
PLCH2,ENSG00000149527,9651
PLCL1,ENSG00000115896,5334
PLCL2,ENSG00000154822,23228
PLCXD1,ENSG00000182378,55344
PLCXD2,ENSG00000240891,257068
PLCXD3,ENSG00000182836,345557
PLCZ1,ENSG00000139151,89869
PLD1,ENSG00000075651,5337
PLD2,ENSG00000129219,5338
PLD3,ENSG00000105223,23646
PLD4,ENSG00000166428,122618
PLD5,ENSG00000180287,200150
PLD6,ENSG00000179598,201164
PLEC,ENSG00000178209,5339
PLEK,ENSG00000115956,5341
PLEK2,ENSG00000100558,26499
PLEKHA1,ENSG00000107679,59338
PLEKHA2,ENSG00000169499,59339
PLEKHA3,ENSG00000116095,65977
PLEKHA4,ENSG00000105559,57664
PLEKHA5,ENSG00000052126,54477
PLEKHA6,ENSG00000143850,22874
PLEKHA7,ENSG00000166689,144100
PLEKHA8,ENSG00000106086,84725
PLEKHB1,ENSG00000021300,58473
PLEKHB2,ENSG00000115762,55041
PLEKHD1,ENSG00000175985,400224
PLEKHF1,ENSG00000166289,79156
PLEKHF2,ENSG00000175895,79666
PLEKHG1,ENSG00000120278,57480
PLEKHG2,ENSG00000090924,64857
PLEKHG3,ENSG00000126822,26030
PLEKHG4,ENSG00000196155,25894
PLEKHG4B,ENSG00000153404,153478
PLEKHG5,ENSG00000171680,57449
PLEKHG6,ENSG00000008323,55200
PLEKHG7,ENSG00000187510,440107
PLEKHH1,ENSG00000054690,57475
PLEKHH2,ENSG00000152527,130271
PLEKHH3,ENSG00000068137,79990
PLEKHJ1,ENSG00000104886,55111
PLEKHM1,ENSG00000225190,9842
PLEKHM2,ENSG00000116786,23207
PLEKHM3,ENSG00000178385,389072
PLEKHN1,ENSG00000187583,84069
PLEKHO1,ENSG00000023902,51177
PLEKHO2,ENSG00000241839,80301
PLEKHS1,ENSG00000148735,79949
PLGLB1,ENSG00000183281,5343
PLGRKT,ENSG00000107020,55848
PLIN1,ENSG00000166819,5346
PLIN2,ENSG00000147872,123
PLIN3,ENSG00000105355,10226
PLIN4,ENSG00000167676,729359
PLIN5,ENSG00000214456,440503
PLK1,ENSG00000166851,5347
PLK2,ENSG00000145632,10769
PLK3,ENSG00000173846,1263
PLK4,ENSG00000142731,10733
PLK5,ENSG00000185988,126520
PLLP,ENSG00000102934,51090
PLN,ENSG00000198523,5350
PLOD1,ENSG00000083444,5351
PLOD2,ENSG00000152952,5352
PLOD3,ENSG00000106397,8985
PLP1,ENSG00000123560,5354
PLP2,ENSG00000102007,5355
PLPBP,ENSG00000147471,11212
PLPP1,ENSG00000067113,8611
PLPP2,ENSG00000141934,8612
PLPP3,ENSG00000162407,8613
PLPP4,ENSG00000203805,196051
PLPP5,ENSG00000147535,84513
PLPP6,ENSG00000205808,403313
PLPP7,ENSG00000160539,84814
PLPPR1,ENSG00000148123,54886
PLPPR2,ENSG00000105520,64748
PLPPR3,ENSG00000129951,79948
PLPPR4,ENSG00000117600,9890
PLPPR5,ENSG00000117598,163404
PLRG1,ENSG00000171566,5356
PLS1,ENSG00000120756,5357
PLS3,ENSG00000102024,5358
PLS3-AS1,ENSG00000271826,101927352
PLSCR1,ENSG00000188313,5359
PLSCR2,ENSG00000163746,57047
PLSCR4,ENSG00000114698,57088
PLTP,ENSG00000100979,5360
PLVAP,ENSG00000130300,83483
PLXDC1,ENSG00000161381,57125
PLXDC2,ENSG00000120594,84898
PLXNA1,ENSG00000114554,5361
PLXNA2,ENSG00000076356,5362
PLXNA3,ENSG00000130827,55558
PLXNA4,ENSG00000221866,91584
PLXNB1,ENSG00000164050,5364
PLXNB2,ENSG00000196576,23654
PLXNB3,ENSG00000198753,5365
PLXNC1,ENSG00000136040,10154
PLXND1,ENSG00000004399,23129
PM20D1,ENSG00000162877,148811
PM20D2,ENSG00000146281,135293
PMAIP1,ENSG00000141682,5366
PMEL,ENSG00000185664,6490
PMEPA1,ENSG00000124225,56937
PMF1,ENSG00000160783,11243
PMFBP1,ENSG00000118557,83449
PML,ENSG00000140464,5371
PMM1,ENSG00000100417,5372
PMM2,ENSG00000140650,5373
PMP22,ENSG00000109099,5376
PMPCA,ENSG00000165688,23203
PMPCB,ENSG00000105819,9512
PMS1,ENSG00000064933,5378
PMS2,ENSG00000122512,5395
PMS2CL,ENSG00000187953,441194
PMVK,ENSG00000163344,10654
PNCK,ENSG00000130822,139728
PNISR,ENSG00000132424,25957
PNKD,ENSG00000127838,25953
PNKP,ENSG00000039650,11284
PNLDC1,ENSG00000146453,154197
PNLIPRP2,ENSG00000266200,5408
PNMA1,ENSG00000176903,9240
PNMA2,ENSG00000240694,10687
PNMA3,ENSG00000183837,29944
PNMA6A,ENSG00000235961,84968
PNMA8A,ENSG00000182013,55228
PNMA8B,ENSG00000204851,57469
PNMA8C,ENSG00000277531,110806277
PNMT,ENSG00000141744,5409
PNN,ENSG00000100941,5411
PNN-AS1,ENSG00000259083,123466206
PNO1,ENSG00000115946,56902
PNOC,ENSG00000168081,5368
PNP,ENSG00000198805,4860
PNPLA1,ENSG00000180316,285848
PNPLA2,ENSG00000177666,57104
PNPLA3,ENSG00000100344,80339
PNPLA4,ENSG00000006757,8228
PNPLA6,ENSG00000032444,10908
PNPLA7,ENSG00000130653,375775
PNPLA8,ENSG00000135241,50640
PNPO,ENSG00000108439,55163
PNPT1,ENSG00000138035,87178
PNRC1,ENSG00000146278,10957
PNRC2,ENSG00000189266,55629
POC1A,ENSG00000164087,25886
POC1B,ENSG00000139323,282809
POC1B-GALNT4,ENSG00000259075,100528030
POC5,ENSG00000152359,134359
PODN,ENSG00000174348,127435
PODNL1,ENSG00000132000,79883
PODXL,ENSG00000128567,5420
PODXL2,ENSG00000114631,50512
POF1B,ENSG00000124429,79983
POFUT1,ENSG00000101346,23509
POFUT2,ENSG00000186866,23275
POGK,ENSG00000143157,57645
POGLUT1,ENSG00000163389,56983
POGLUT2,ENSG00000134901,79070
POGLUT3,ENSG00000178202,143888
POGZ,ENSG00000143442,23126
POLA1,ENSG00000101868,5422
POLA2,ENSG00000014138,23649
POLB,ENSG00000070501,5423
POLD1,ENSG00000062822,5424
POLD2,ENSG00000106628,5425
POLD3,ENSG00000077514,10714
POLD4,ENSG00000175482,57804
POLDIP2,ENSG00000004142,26073
POLDIP3,ENSG00000100227,84271
POLE,ENSG00000177084,5426
POLE2,ENSG00000100479,5427
POLE3,ENSG00000148229,54107
POLE4,ENSG00000115350,56655
POLG,ENSG00000140521,5428
POLG2,ENSG00000256525,11232
POLH,ENSG00000170734,5429
POLI,ENSG00000101751,11201
POLK,ENSG00000122008,51426
POLL,ENSG00000166169,27343
POLM,ENSG00000122678,27434
POLN,ENSG00000130997,353497
POLQ,ENSG00000051341,10721
POLR1A,ENSG00000068654,25885
POLR1B,ENSG00000125630,84172
POLR1C,ENSG00000171453,9533
POLR1D,ENSG00000186184,51082
POLR1E,ENSG00000137054,64425
POLR1F,ENSG00000105849,221830
POLR1G,ENSG00000117877,10849
POLR1H,ENSG00000066379,30834
POLR1HASP,ENSG00000204623,80862
POLR2A,ENSG00000181222,5430
POLR2B,ENSG00000047315,5431
POLR2C,ENSG00000102978,5432
POLR2D,ENSG00000144231,5433
POLR2E,ENSG00000099817,5434
POLR2F,ENSG00000100142,5435
POLR2G,ENSG00000168002,5436
POLR2H,ENSG00000163882,5437
POLR2I,ENSG00000105258,5438
POLR2J,ENSG00000005075,5439
POLR2J2,ENSG00000228049,246721
POLR2J3,ENSG00000285437,548644
POLR2J3-UPK3BL2,ENSG00000168255,123258399
POLR2K,ENSG00000147669,5440
POLR2L,ENSG00000177700,5441
POLR2M,ENSG00000255529,81488
POLR3A,ENSG00000148606,11128
POLR3B,ENSG00000013503,55703
POLR3C,ENSG00000186141,10623
POLR3D,ENSG00000168495,661
POLR3E,ENSG00000058600,55718
POLR3F,ENSG00000132664,10621
POLR3G,ENSG00000113356,10622
POLR3GL,ENSG00000121851,84265
POLR3H,ENSG00000100413,171568
POLR3K,ENSG00000161980,51728
POLRMT,ENSG00000099821,5442
POLRMTP1,ENSG00000266066,284167
POM121,ENSG00000196313,9883
POM121C,ENSG00000272391,100101267
POMC,ENSG00000115138,5443
POMGNT1,ENSG00000085998,55624
POMGNT2,ENSG00000144647,84892
POMK,ENSG00000185900,84197
POMP,ENSG00000132963,51371
POMT1,ENSG00000130714,10585
POMT2,ENSG00000009830,29954
POMZP3,ENSG00000146707,22932
PON1,ENSG00000005421,5444
PON2,ENSG00000105854,5445
PON3,ENSG00000105852,5446
POP1,ENSG00000104356,10940
POP4,ENSG00000105171,10775
POP5,ENSG00000167272,51367
POP7,ENSG00000172336,10248
POPDC1,ENSG00000112276,11149
POPDC2,ENSG00000121577,64091
POPDC3,ENSG00000132429,64208
POR,ENSG00000127948,5447
PORCN,ENSG00000102312,64840
PORCN-DT,ENSG00000224292,101927635
POSTN,ENSG00000133110,10631
POT1,ENSG00000128513,25913
POT1-AS1,ENSG00000224897,401398
POTEC,ENSG00000183206,388468
POTEE,ENSG00000188219,445582
POTEF,ENSG00000196604,728378
POTEH,ENSG00000198062,23784
POTEI,ENSG00000196834,653269
POTEJ,ENSG00000222038,653781
POU2AF1,ENSG00000110777,5450
POU2AF2,ENSG00000150750,341032
POU2AF3,ENSG00000214290,120376
POU2F1,ENSG00000143190,5451
POU2F1-DT,ENSG00000272205,118568815
POU2F2,ENSG00000028277,5452
POU2F2-AS2,ENSG00000259436,128071540
POU2F3,ENSG00000137709,25833
POU3F1,ENSG00000185668,5453
POU3F2,ENSG00000184486,5454
POU3F3,ENSG00000198914,5455
POU4F1,ENSG00000152192,5457
POU4F3,ENSG00000091010,5459
POU5F1,ENSG00000204531,5460
POU5F1B,ENSG00000212993,5462
POU5F1P3,ENSG00000235602,642559
POU5F2,ENSG00000248483,134187
POU6F1,ENSG00000184271,5463
POU6F2,ENSG00000106536,11281
PP2D1,ENSG00000183977,151649
PPA1,ENSG00000180817,5464
PPA2,ENSG00000138777,27068
PPAN,ENSG00000130810,56342
PPARA,ENSG00000186951,5465
PPARD,ENSG00000112033,5467
PPARG,ENSG00000132170,5468
PPARGC1A,ENSG00000109819,10891
PPARGC1B,ENSG00000155846,133522
PPAT,ENSG00000128059,5471
PPCDC,ENSG00000138621,60490
PPCS,ENSG00000127125,79717
PPDPF,ENSG00000125534,79144
PPEF1,ENSG00000086717,5475
PPFIA1,ENSG00000131626,8500
PPFIA2,ENSG00000139220,8499
PPFIA3,ENSG00000177380,8541
PPFIA4,ENSG00000143847,8497
PPFIBP1,ENSG00000110841,8496
PPFIBP2,ENSG00000166387,8495
PPHLN1,ENSG00000134283,51535
PPIA,ENSG00000196262,5478
PPIAP41,ENSG00000254463,111082977
PPIAP58,ENSG00000267258,126170
PPIAP91,ENSG00000228728,111082972
PPIB,ENSG00000166794,5479
PPIC,ENSG00000168938,5480
PPID,ENSG00000171497,5481
PPIE,ENSG00000084072,10450
PPIF,ENSG00000108179,10105
PPIG,ENSG00000138398,9360
PPIH,ENSG00000171960,10465
PPIL1,ENSG00000137168,51645
PPIL2,ENSG00000100023,23759
PPIL3,ENSG00000240344,53938
PPIL4,ENSG00000131013,85313
PPIL6,ENSG00000185250,285755
PPIP5K1,ENSG00000168781,9677
PPIP5K2,ENSG00000145725,23262
PPL,ENSG00000118898,5493
PPM1A,ENSG00000100614,5494
PPM1B,ENSG00000138032,5495
PPM1D,ENSG00000170836,8493
PPM1E,ENSG00000175175,22843
PPM1F,ENSG00000100034,9647
PPM1G,ENSG00000115241,5496
PPM1H,ENSG00000111110,57460
PPM1J,ENSG00000155367,333926
PPM1K,ENSG00000163644,152926
PPM1K-DT,ENSG00000246375,105369192
PPM1L,ENSG00000163590,151742
PPM1M,ENSG00000164088,132160
PPM1N,ENSG00000213889,147699
PPME1,ENSG00000214517,51400
PPOX,ENSG00000143224,5498
PPP1CA,ENSG00000172531,5499
PPP1CB,ENSG00000213639,5500
PPP1CB-DT,ENSG00000226833,112267877
PPP1CC,ENSG00000186298,5501
PPP1R10,ENSG00000204569,5514
PPP1R11,ENSG00000204619,6992
PPP1R12A,ENSG00000058272,4659
PPP1R12B,ENSG00000077157,4660
PPP1R12C,ENSG00000125503,54776
PPP1R13B,ENSG00000088808,23368
PPP1R13B-DT,ENSG00000258735,145216
PPP1R13L,ENSG00000104881,10848
PPP1R14A,ENSG00000167641,94274
PPP1R14B,ENSG00000173457,26472
PPP1R14B-AS1,ENSG00000256940,105369340
PPP1R14C,ENSG00000198729,81706
PPP1R14D,ENSG00000166143,54866
PPP1R15A,ENSG00000087074,23645
PPP1R15B,ENSG00000158615,84919
PPP1R16A,ENSG00000160972,84988
PPP1R16B,ENSG00000101445,26051
PPP1R18,ENSG00000146112,170954
PPP1R1A,ENSG00000135447,5502
PPP1R1B,ENSG00000131771,84152
PPP1R1C,ENSG00000150722,151242
PPP1R2,ENSG00000184203,5504
PPP1R21,ENSG00000162869,129285
PPP1R26,ENSG00000196422,9858
PPP1R26-AS1,ENSG00000225361,100506599
PPP1R27,ENSG00000182676,116729
PPP1R35,ENSG00000160813,221908
PPP1R36,ENSG00000165807,145376
PPP1R37,ENSG00000104866,284352
PPP1R3B,ENSG00000173281,79660
PPP1R3C,ENSG00000119938,5507
PPP1R3D,ENSG00000132825,5509
PPP1R3E,ENSG00000235194,90673
PPP1R3F,ENSG00000049769,89801
PPP1R3G,ENSG00000219607,648791
PPP1R42,ENSG00000178125,286187
PPP1R7,ENSG00000115685,5510
PPP1R8,ENSG00000117751,5511
PPP1R9A,ENSG00000158528,55607
PPP1R9B,ENSG00000108819,84687
PPP2CA,ENSG00000113575,5515
PPP2CB,ENSG00000104695,5516
PPP2R1A,ENSG00000105568,5518
PPP2R1B,ENSG00000137713,5519
PPP2R2A,ENSG00000221914,5520
PPP2R2B,ENSG00000156475,5521
PPP2R2C,ENSG00000074211,5522
PPP2R2D,ENSG00000175470,55844
PPP2R3A,ENSG00000073711,5523
PPP2R3B,ENSG00000167393,28227
PPP2R3C,ENSG00000092020,55012
PPP2R5A,ENSG00000066027,5525
PPP2R5B,ENSG00000068971,5526
PPP2R5C,ENSG00000078304,5527
PPP2R5D,ENSG00000112640,5528
PPP2R5E,ENSG00000154001,5529
PPP3CA,ENSG00000138814,5530
PPP3CB,ENSG00000107758,5532
PPP3CB-AS1,ENSG00000221817,101929145
PPP3CC,ENSG00000120910,5533
PPP3R1,ENSG00000221823,5534
PPP4C,ENSG00000149923,5531
PPP4R1,ENSG00000154845,9989
PPP4R1-AS1,ENSG00000263627,101927323
PPP4R2,ENSG00000163605,151987
PPP4R3A,ENSG00000100796,55671
PPP4R3B,ENSG00000275052,57223
PPP4R4,ENSG00000119698,57718
PPP5C,ENSG00000011485,5536
PPP6C,ENSG00000119414,5537
PPP6R1,ENSG00000105063,22870
PPP6R2,ENSG00000100239,9701
PPP6R3,ENSG00000110075,55291
PPRC1,ENSG00000148840,23082
PPT1,ENSG00000131238,5538
PPT2,ENSG00000221988,9374
PPT2-EGFL8,ENSG00000258388,100532746
PPTC7,ENSG00000196850,160760
PPWD1,ENSG00000113593,23398
PQBP1,ENSG00000102103,10084
PRAC2,ENSG00000229637,360205
PRADC1,ENSG00000135617,84279
PRADX,ENSG00000235027,126568849
PRAF2,ENSG00000243279,11230
PRAG1,ENSG00000275342,157285
PRAM1,ENSG00000133246,84106
PRAME,ENSG00000185686,23532
PRANCR,ENSG00000257815,101928062
PRB3,ENSG00000197870,5544
PRC1,ENSG00000198901,9055
PRC1-AS1,ENSG00000258725,100507118
PRCC,ENSG00000143294,5546
PRCD,ENSG00000214140,768206
PRCP,ENSG00000137509,5547
PRDM1,ENSG00000057657,639
PRDM10,ENSG00000170325,56980
PRDM11,ENSG00000019485,56981
PRDM12,ENSG00000130711,59335
PRDM13,ENSG00000112238,59336
PRDM15,ENSG00000141956,63977
PRDM16,ENSG00000142611,63976
PRDM16-DT,ENSG00000177133,440556
PRDM2,ENSG00000116731,7799
PRDM4,ENSG00000110851,11108
PRDM4-AS1,ENSG00000258136,101929162
PRDM5,ENSG00000138738,11107
PRDM6,ENSG00000061455,93166
PRDM8,ENSG00000152784,56978
PRDX1,ENSG00000117450,5052
PRDX2,ENSG00000167815,7001
PRDX3,ENSG00000165672,10935
PRDX4,ENSG00000123131,10549
PRDX5,ENSG00000126432,25824
PRDX6,ENSG00000117592,9588
PRDX6-AS1,ENSG00000203739,101928673
PREB,ENSG00000138073,10113
PRECSIT,ENSG00000255874,283487
PRELID1,ENSG00000169230,27166
PRELID2,ENSG00000186314,153768
PRELID3A,ENSG00000141391,10650
PRELID3B,ENSG00000101166,51012
PRELP,ENSG00000188783,5549
PREP,ENSG00000085377,5550
PREPL,ENSG00000138078,9581
PREX1,ENSG00000124126,57580
PREX2,ENSG00000046889,80243
PRF1,ENSG00000180644,5551
PRG4,ENSG00000116690,10216
PRH1,ENSG00000111215,5554
PRH1-TAS2R14,ENSG00000212127,106707243
PRH2,ENSG00000134551,5555
PRICKLE1,ENSG00000139174,144165
PRICKLE2,ENSG00000163637,166336
PRICKLE3,ENSG00000012211,4007
PRICKLE4,ENSG00000278224,29964
PRIM1,ENSG00000198056,5557
PRIM2,ENSG00000146143,5558
PRIM2BP,ENSG00000283453,100996481
PRIMA1,ENSG00000175785,145270
PRIMPOL,ENSG00000164306,201973
PRKAA1,ENSG00000132356,5562
PRKAA2,ENSG00000162409,5563
PRKAB1,ENSG00000111725,5564
PRKAB2,ENSG00000131791,5565
PRKACA,ENSG00000072062,5566
PRKACB,ENSG00000142875,5567
PRKAG1,ENSG00000181929,5571
PRKAG2,ENSG00000106617,51422
PRKAG2-AS2,ENSG00000242048,644090
PRKAG3,ENSG00000115592,53632
PRKAR1A,ENSG00000108946,5573
PRKAR1B,ENSG00000188191,5575
PRKAR1B-AS1,ENSG00000237181,101926963
PRKAR2A,ENSG00000114302,5576
PRKAR2A-AS1,ENSG00000224424,100506637
PRKAR2B,ENSG00000005249,5577
PRKCA,ENSG00000154229,5578
PRKCB,ENSG00000166501,5579
PRKCD,ENSG00000163932,5580
PRKCE,ENSG00000171132,5581
PRKCG,ENSG00000126583,5582
PRKCH,ENSG00000027075,5583
PRKCH-AS1,ENSG00000247287,121233923
PRKCI,ENSG00000163558,5584
PRKCQ,ENSG00000065675,5588
PRKCQ-AS1,ENSG00000237943,439949
PRKCSH,ENSG00000130175,5589
PRKCZ,ENSG00000067606,5590
PRKCZ-AS1,ENSG00000182873,100506504
PRKD1,ENSG00000184304,5587
PRKD2,ENSG00000105287,25865
PRKD3,ENSG00000115825,23683
PRKDC,ENSG00000253729,5591
PRKG1,ENSG00000185532,5592
PRKG2,ENSG00000138669,5593
PRKN,ENSG00000185345,5071
PRKRA,ENSG00000180228,8575
PRKRIP1,ENSG00000128563,79706
PRKX,ENSG00000183943,5613
PRLH,ENSG00000071677,51052
PRLR,ENSG00000113494,5618
PRMT1,ENSG00000126457,3276
PRMT2,ENSG00000160310,3275
PRMT3,ENSG00000185238,10196
PRMT5,ENSG00000100462,10419
PRMT5-DT,ENSG00000257285,101926933
PRMT6,ENSG00000198890,55170
PRMT7,ENSG00000132600,54496
PRMT8,ENSG00000111218,56341
PRMT9,ENSG00000164169,90826
PRND,ENSG00000171864,23627
PRNP,ENSG00000171867,5621
PROB1,ENSG00000228672,389333
PROC,ENSG00000115718,5624
PROCA1,ENSG00000167525,147011
PROCR,ENSG00000101000,10544
PRODH,ENSG00000100033,5625
PRODHLP,ENSG00000161132,440792
PROK1,ENSG00000143125,84432
PROKR1,ENSG00000169618,10887
PROKR2,ENSG00000101292,128674
PROM1,ENSG00000007062,8842
PROM2,ENSG00000155066,150696
PRORP,ENSG00000100890,9692
PROS1,ENSG00000184500,5627
PROSER1,ENSG00000120685,80209
PROSER2,ENSG00000148426,254427
PROSER2-AS1,ENSG00000225778,219731
PROSER3,ENSG00000167595,148137
PROX1,ENSG00000117707,5629
PROX1-AS1,ENSG00000230461,100505832
PROX2,ENSG00000119608,283571
PROZ,ENSG00000126231,8858
PRP4K,ENSG00000112739,8899
PRPF18,ENSG00000165630,8559
PRPF19,ENSG00000110107,27339
PRPF3,ENSG00000117360,9129
PRPF31,ENSG00000105618,26121
PRPF38A,ENSG00000134748,84950
PRPF38B,ENSG00000134186,55119
PRPF39,ENSG00000185246,55015
PRPF4,ENSG00000136875,9128
PRPF40A,ENSG00000196504,55660
PRPF40B,ENSG00000110844,25766
PRPF6,ENSG00000101161,24148
PRPF8,ENSG00000174231,10594
PRPH,ENSG00000135406,5630
PRPH2,ENSG00000112619,5961
PRPS1,ENSG00000147224,5631
PRPS2,ENSG00000101911,5634
PRPSAP1,ENSG00000161542,5635
PRPSAP2,ENSG00000141127,5636
PRR11,ENSG00000068489,55771
PRR12,ENSG00000126464,57479
PRR13,ENSG00000205352,54458
PRR14,ENSG00000156858,78994
PRR14L,ENSG00000183530,253143
PRR15,ENSG00000176532,222171
PRR15L,ENSG00000167183,79170
PRR16,ENSG00000184838,51334
PRR18,ENSG00000176381,285800
PRR19,ENSG00000188368,284338
PRR22,ENSG00000212123,163154
PRR29,ENSG00000224383,92340
PRR29-AS1,ENSG00000264954,400612
PRR3,ENSG00000204576,80742
PRR33,ENSG00000283787,102724536
PRR36,ENSG00000183248,80164
PRR4,ENSG00000111215,11272
PRR5,ENSG00000186654,55615
PRR5-ARHGAP8,ENSG00000248405,553158
PRR5L,ENSG00000135362,79899
PRR7,ENSG00000131188,80758
PRRC1,ENSG00000164244,133619
PRRC2A,ENSG00000204469,7916
PRRC2C,ENSG00000117523,23215
PRRG1,ENSG00000130962,5638
PRRG2,ENSG00000126460,5639
PRRG3,ENSG00000130032,79057
PRRG4,ENSG00000135378,79056
PRRT1,ENSG00000204314,80863
PRRT1B,ENSG00000283526,642515
PRRT2,ENSG00000167371,112476
PRRT3,ENSG00000163704,285368
PRRT3-AS1,ENSG00000230082,100874032
PRRT4,ENSG00000224940,401399
PRRX1,ENSG00000116132,5396
PRRX2,ENSG00000167157,51450
PRSS1,ENSG00000204983,5644
PRSS12,ENSG00000164099,8492
PRSS16,ENSG00000112812,10279
PRSS2,ENSG00000275896,5645
PRSS21,ENSG00000007038,10942
PRSS22,ENSG00000005001,64063
PRSS23,ENSG00000150687,11098
PRSS27,ENSG00000172382,83886
PRSS3,ENSG00000010438,5646
PRSS33,ENSG00000103355,260429
PRSS35,ENSG00000146250,167681
PRSS36,ENSG00000178226,146547
PRSS51,ENSG00000253649,346702
PRSS53,ENSG00000151006,339105
PRSS8,ENSG00000052344,5652
PRTFDC1,ENSG00000099256,56952
PRTG,ENSG00000166450,283659
PRTN3,ENSG00000196415,5657
PRUNE1,ENSG00000143363,58497
PRUNE2,ENSG00000106772,158471
PRX,ENSG00000105227,57716
PRXL2A,ENSG00000122378,84293
PRXL2B,ENSG00000157870,127281
PRXL2C,ENSG00000158122,195827
PSAP,ENSG00000197746,5660
PSAT1,ENSG00000135069,29968
PSAT1P3,ENSG00000230787,729779
PSCA,ENSG00000167653,8000
PSD,ENSG00000059915,5662
PSD2,ENSG00000146005,84249
PSD3,ENSG00000156011,23362
PSD4,ENSG00000125637,23550
PSEN1,ENSG00000080815,5663
PSEN2,ENSG00000143801,5664
PSENEN,ENSG00000205155,55851
PSG4,ENSG00000243137,5672
PSG5,ENSG00000204941,5673
PSG9,ENSG00000183668,5678
PSIP1,ENSG00000164985,11168
PSKH1,ENSG00000159792,5681
PSMA1,ENSG00000129084,5682
PSMA2,ENSG00000106588,5683
PSMA3,ENSG00000100567,5684
PSMA3-AS1,ENSG00000257621,379025
PSMA4,ENSG00000041357,5685
PSMA5,ENSG00000143106,5686
PSMA6,ENSG00000100902,5687
PSMA7,ENSG00000101182,5688
PSMB1,ENSG00000008018,5689
PSMB10,ENSG00000205220,5699
PSMB2,ENSG00000126067,5690
PSMB3,ENSG00000277791,5691
PSMB4,ENSG00000159377,5692
PSMB5,ENSG00000100804,5693
PSMB6,ENSG00000142507,5694
PSMB7,ENSG00000136930,5695
PSMB8,ENSG00000204264,5696
PSMB8-AS1,ENSG00000204261,100507463
PSMB9,ENSG00000240065,5698
PSMC1,ENSG00000100764,5700
PSMC1P1,ENSG00000241506,151645
PSMC2,ENSG00000161057,5701
PSMC2P1,ENSG00000240854,729674
PSMC3,ENSG00000165916,5702
PSMC3IP,ENSG00000131470,29893
PSMC4,ENSG00000013275,5704
PSMC5,ENSG00000087191,5705
PSMC6,ENSG00000100519,5706
PSMD1,ENSG00000173692,5707
PSMD10,ENSG00000101843,5716
PSMD11,ENSG00000108671,5717
PSMD12,ENSG00000197170,5718
PSMD13,ENSG00000185627,5719
PSMD14,ENSG00000115233,10213
PSMD2,ENSG00000175166,5708
PSMD2P1,ENSG00000228818,266783
PSMD3,ENSG00000108344,5709
PSMD4,ENSG00000159352,5710
PSMD5,ENSG00000095261,5711
PSMD6,ENSG00000163636,9861
PSMD6-AS2,ENSG00000239653,100507062
PSMD7,ENSG00000103035,5713
PSMD8,ENSG00000099341,5714
PSMD9,ENSG00000110801,5715
PSME1,ENSG00000092010,5720
PSME2,ENSG00000100911,5721
PSME2P1,ENSG00000238000,257093
PSME2P2,ENSG00000225131,338099
PSME2P3,ENSG00000248988,338095
PSME3,ENSG00000131467,10197
PSME3IP1,ENSG00000172775,80011
PSME4,ENSG00000068878,23198
PSMF1,ENSG00000125818,9491
PSMG1,ENSG00000183527,8624
PSMG2,ENSG00000128789,56984
PSMG3,ENSG00000157778,84262
PSMG3-AS1,ENSG00000230487,114796
PSMG4,ENSG00000180822,389362
PSORS1C1,ENSG00000204540,170679
PSORS1C2,ENSG00000204538,170680
PSPC1,ENSG00000121390,55269
PSPC1P1,ENSG00000227879,642395
PSPH,ENSG00000146733,5723
PSPHP1,ENSG00000226278,8781
PSPN,ENSG00000125650,5623
PSRC1,ENSG00000134222,84722
PSTK,ENSG00000179988,118672
PSTPIP1,ENSG00000140368,9051
PSTPIP2,ENSG00000152229,9050
PTAFR,ENSG00000169403,5724
PTAR1,ENSG00000188647,375743
PTBP1,ENSG00000011304,5725
PTBP2,ENSG00000117569,58155
PTBP3,ENSG00000119314,9991
PTCD1,ENSG00000106246,26024
PTCD2,ENSG00000049883,79810
PTCD3,ENSG00000132300,55037
PTCH1,ENSG00000185920,5727
PTCH2,ENSG00000117425,8643
PTCHD1,ENSG00000165186,139411
PTCHD3,ENSG00000182077,374308
PTCHD4,ENSG00000244694,442213
PTCRA,ENSG00000171611,171558
PTCSC1,ENSG00000287736,100302522
PTDSS1,ENSG00000156471,9791
PTDSS2,ENSG00000174915,81490
PTEN,ENSG00000171862,5728
PTER,ENSG00000165983,9317
PTGDR,ENSG00000168229,5729
PTGDR2,ENSG00000183134,11251
PTGDS,ENSG00000107317,5730
PTGER1,ENSG00000160951,5731
PTGER2,ENSG00000125384,5732
PTGER3,ENSG00000050628,5733
PTGER4,ENSG00000171522,5734
PTGER4P2-CDK2AP2P2,ENSG00000275450,442421
PTGES,ENSG00000148344,9536
PTGES2,ENSG00000148334,80142
PTGES2-AS1,ENSG00000232850,389791
PTGES3,ENSG00000110958,10728
PTGES3L,ENSG00000267060,100885848
PTGFR,ENSG00000122420,5737
PTGFRN,ENSG00000134247,5738
PTGIR,ENSG00000160013,5739
PTGIS,ENSG00000124212,5740
PTGR1,ENSG00000106853,22949
PTGR2,ENSG00000140043,145482
PTGR3,ENSG00000180011,284273
PTGS1,ENSG00000095303,5742
PTGS2,ENSG00000073756,5743
PTH1R,ENSG00000160801,5745
PTH2R,ENSG00000144407,5746
PTHLH,ENSG00000087494,5744
PTK2,ENSG00000169398,5747
PTK2B,ENSG00000120899,2185
PTK6,ENSG00000101213,5753
PTK7,ENSG00000112655,5754
PTMA,ENSG00000187514,5757
PTMS,ENSG00000159335,5763
PTN,ENSG00000105894,5764
PTOV1,ENSG00000104960,53635
PTOV1-AS1,ENSG00000268006,100506033
PTP4A1,ENSG00000112245,7803
PTP4A2,ENSG00000184007,8073
PTP4A3,ENSG00000184489,11156
PTPA,ENSG00000119383,5524
PTPDC1,ENSG00000158079,138639
PTPMT1,ENSG00000110536,114971
PTPN1,ENSG00000196396,5770
PTPN11,ENSG00000179295,5781
PTPN12,ENSG00000127947,5782
PTPN13,ENSG00000163629,5783
PTPN14,ENSG00000152104,5784
PTPN18,ENSG00000072135,26469
PTPN2,ENSG00000175354,5771
PTPN20,ENSG00000204179,26095
PTPN21,ENSG00000070778,11099
PTPN22,ENSG00000134242,26191
PTPN23,ENSG00000076201,25930
PTPN23-DT,ENSG00000260236,119863865
PTPN3,ENSG00000070159,5774
PTPN4,ENSG00000088179,5775
PTPN5,ENSG00000110786,84867
PTPN6,ENSG00000111679,5777
PTPN7,ENSG00000143851,5778
PTPN9,ENSG00000169410,5780
PTPRA,ENSG00000132670,5786
PTPRB,ENSG00000127329,5787
PTPRC,ENSG00000081237,5788
PTPRD,ENSG00000153707,5789
PTPRD-AS1,ENSG00000225706,101929407
PTPRE,ENSG00000132334,5791
PTPRF,ENSG00000142949,5792
PTPRG,ENSG00000144724,5793
PTPRG-AS1,ENSG00000241472,100506994
PTPRH,ENSG00000080031,5794
PTPRJ,ENSG00000149177,5795
PTPRK,ENSG00000152894,5796
PTPRM,ENSG00000173482,5797
PTPRN,ENSG00000054356,5798
PTPRN2,ENSG00000155093,5799
PTPRO,ENSG00000151490,5800
PTPRQ,ENSG00000139304,374462
PTPRR,ENSG00000153233,5801
PTPRS,ENSG00000105426,5802
PTPRT,ENSG00000196090,11122
PTPRT-DT,ENSG00000233508,121853075
PTPRU,ENSG00000060656,10076
PTPRZ1,ENSG00000106278,5803
PTRH2,ENSG00000141378,51651
PTRHD1,ENSG00000184924,391356
PTS,ENSG00000150787,5805
PTTG1,ENSG00000164611,9232
PTTG1IP,ENSG00000183255,754
PTX3,ENSG00000163661,5806
PUDP,ENSG00000130021,8226
PUF60,ENSG00000179950,22827
PUM1,ENSG00000134644,9698
PUM2,ENSG00000055917,23369
PUM3,ENSG00000080608,9933
PURA,ENSG00000185129,5813
PURB,ENSG00000146676,5814
PURG,ENSG00000172733,29942
PURPL,ENSG00000250337,643401
PUS1,ENSG00000177192,80324
PUS10,ENSG00000162927,150962
PUS3,ENSG00000110060,83480
PUS7,ENSG00000091127,54517
PUS7L,ENSG00000129317,83448
PUSL1,ENSG00000169972,126789
PVALB,ENSG00000100362,5816
PVR,ENSG00000073008,5817
PVRIG,ENSG00000213413,79037
PVT1,ENSG00000249859,5820
PWP1,ENSG00000136045,11137
PWP2,ENSG00000241945,5822
PWWP2A,ENSG00000170234,114825
PWWP2B,ENSG00000171813,170394
PWWP3A,ENSG00000160953,84939
PWWP3B,ENSG00000157502,139221
PXDC1,ENSG00000168994,221749
PXDN,ENSG00000130508,7837
PXDNL,ENSG00000147485,137902
PXK,ENSG00000168297,54899
PXMP2,ENSG00000176894,5827
PXMP4,ENSG00000101417,11264
PXN,ENSG00000089159,5829
PXN-AS1,ENSG00000255857,100506649
PXYLP1,ENSG00000155893,92370
PYCARD,ENSG00000103490,29108
PYCR1,ENSG00000183010,5831
PYCR2,ENSG00000143811,29920
PYCR3,ENSG00000104524,65263
PYDC1,ENSG00000169900,260434
PYGB,ENSG00000100994,5834
PYGL,ENSG00000100504,5836
PYGM,ENSG00000068976,5837
PYGO1,ENSG00000171016,26108
PYGO2,ENSG00000163348,90780
PYHIN1,ENSG00000163564,149628
PYM1,ENSG00000170473,84305
PYROXD1,ENSG00000121350,79912
PYROXD2,ENSG00000119943,84795
PYY,ENSG00000131096,5697
PZP,ENSG00000126838,5858
QARS1,ENSG00000172053,5859
QDPR,ENSG00000151552,5860
QKI,ENSG00000112531,9444
QNG1,ENSG00000165118,84267
QPCT,ENSG00000115828,25797
QPCTL,ENSG00000011478,54814
QPRT,ENSG00000103485,23475
QRFP,ENSG00000188710,347148
QRFPR,ENSG00000186867,84109
QRICH1,ENSG00000198218,54870
QRICH2,ENSG00000129646,84074
QRSL1,ENSG00000130348,55278
QSER1,ENSG00000060749,79832
QSOX1,ENSG00000116260,5768
QSOX2,ENSG00000165661,169714
QTRT1,ENSG00000213339,81890
QTRT2,ENSG00000151576,79691
R3HCC1,ENSG00000104679,203069
R3HCC1L,ENSG00000166024,27291
R3HDM1,ENSG00000048991,23518
R3HDM2,ENSG00000179912,22864
R3HDM4,ENSG00000198858,91300
RAB10,ENSG00000084733,10890
RAB11A,ENSG00000103769,8766
RAB11B,ENSG00000185236,9230
RAB11B-AS1,ENSG00000269386,100507567
RAB11FIP1,ENSG00000156675,80223
RAB11FIP2,ENSG00000107560,22841
RAB11FIP3,ENSG00000090565,9727
RAB11FIP4,ENSG00000131242,84440
RAB11FIP5,ENSG00000135631,26056
RAB12,ENSG00000206418,201475
RAB13,ENSG00000143545,5872
RAB14,ENSG00000119396,51552
RAB15,ENSG00000139998,376267
RAB17,ENSG00000124839,64284
RAB17-DT,ENSG00000234949,105373958
RAB18,ENSG00000099246,22931
RAB19,ENSG00000146955,401409
RAB1A,ENSG00000138069,5861
RAB1B,ENSG00000174903,81876
RAB20,ENSG00000139832,55647
RAB21,ENSG00000080371,23011
RAB22A,ENSG00000124209,57403
RAB23,ENSG00000112210,51715
RAB24,ENSG00000169228,53917
RAB25,ENSG00000132698,57111
RAB26,ENSG00000167964,25837
RAB27A,ENSG00000069974,5873
RAB27B,ENSG00000041353,5874
RAB28,ENSG00000157869,9364
RAB29,ENSG00000117280,8934
RAB2A,ENSG00000104388,5862
RAB2B,ENSG00000129472,84932
RAB30,ENSG00000137502,27314
RAB31,ENSG00000168461,11031
RAB32,ENSG00000118508,10981
RAB33A,ENSG00000134594,9363
RAB33B,ENSG00000172007,83452
RAB34,ENSG00000109113,83871
RAB35,ENSG00000111737,11021
RAB35-AS1,ENSG00000277283,127138862
RAB36,ENSG00000100228,9609
RAB37,ENSG00000172794,326624
RAB38,ENSG00000123892,23682
RAB39A,ENSG00000179331,54734
RAB39B,ENSG00000155961,116442
RAB3A,ENSG00000105649,5864
RAB3B,ENSG00000169213,5865
RAB3C,ENSG00000152932,115827
RAB3D,ENSG00000105514,9545
RAB3GAP1,ENSG00000115839,22930
RAB3GAP2,ENSG00000118873,25782
RAB3IL1,ENSG00000167994,5866
RAB3IP,ENSG00000127328,117177
RAB40A,ENSG00000172476,142684
RAB40B,ENSG00000141542,10966
RAB40C,ENSG00000197562,57799
RAB41,ENSG00000147127,347517
RAB42,ENSG00000188060,115273
RAB43,ENSG00000172780,339122
RAB44,ENSG00000255587,401258
RAB4A,ENSG00000168118,5867
RAB4A-AS1,ENSG00000177788,105373159
RAB4B,ENSG00000167578,53916
RAB5A,ENSG00000144566,5868
RAB5B,ENSG00000111540,5869
RAB5C,ENSG00000108774,5878
RAB5IF,ENSG00000101084,55969
RAB6A,ENSG00000175582,5870
RAB6B,ENSG00000154917,51560
RAB6C,ENSG00000222014,84084
RAB6D,ENSG00000233087,150786
RAB7A,ENSG00000075785,7879
RAB7B,ENSG00000276600,338382
RAB8A,ENSG00000167461,4218
RAB8B,ENSG00000166128,51762
RAB9A,ENSG00000123595,9367
RAB9B,ENSG00000123570,51209
RABAC1,ENSG00000105404,10567
RABEP1,ENSG00000029725,9135
RABEP2,ENSG00000177548,79874
RABEPK,ENSG00000136933,10244
RABGAP1,ENSG00000011454,23637
RABGAP1L,ENSG00000152061,9910
RABGAP1L-DT,ENSG00000227373,102724601
RABGEF1,ENSG00000154710,27342
RABGGTA,ENSG00000100949,5875
RABGGTB,ENSG00000137955,5876
RABIF,ENSG00000183155,5877
RABL2A,ENSG00000144134,11159
RABL2B,ENSG00000079974,11158
RABL3,ENSG00000144840,285282
RABL6,ENSG00000196642,55684
RAC1,ENSG00000136238,5879
RAC2,ENSG00000128340,5880
RAC3,ENSG00000169750,5881
RACGAP1,ENSG00000161800,29127
RACK1,ENSG00000204628,10399
RAD1,ENSG00000113456,5810
RAD17,ENSG00000152942,5884
RAD17P1,ENSG00000232400,9207
RAD18,ENSG00000070950,56852
RAD21,ENSG00000164754,5885
RAD21-AS1,ENSG00000253327,644660
RAD21L1,ENSG00000244588,642636
RAD23A,ENSG00000179262,5886
RAD23B,ENSG00000119318,5887
RAD50,ENSG00000113522,10111
RAD51,ENSG00000051180,5888
RAD51-AS1,ENSG00000245849,100505648
RAD51AP1,ENSG00000111247,10635
RAD51AP2,ENSG00000214842,729475
RAD51B,ENSG00000182185,5890
RAD51C,ENSG00000108384,5889
RAD51D,ENSG00000185379,5892
RAD52,ENSG00000002016,5893
RAD54B,ENSG00000197275,25788
RAD54L,ENSG00000085999,8438
RAD54L2,ENSG00000164080,23132
RAD9A,ENSG00000172613,5883
RAD9B,ENSG00000151164,144715
RADIL,ENSG00000157927,55698
RADX,ENSG00000147231,55086
RAE1,ENSG00000101146,8480
RAET1E,ENSG00000164520,135250
RAET1G,ENSG00000203722,353091
RAET1L,ENSG00000155918,154064
RAF1,ENSG00000132155,5894
RAG1,ENSG00000166349,5896
RAI1,ENSG00000108557,10743
RAI14,ENSG00000039560,26064
RAI2,ENSG00000131831,10742
RALA,ENSG00000006451,5898
RALB,ENSG00000144118,5899
RALBP1,ENSG00000017797,10928
RALGAPA1,ENSG00000174373,253959
RALGAPA1P1,ENSG00000229419,26134
RALGAPA2,ENSG00000188559,57186
RALGAPB,ENSG00000170471,57148
RALGDS,ENSG00000160271,5900
RALGPS1,ENSG00000136828,9649
RALGPS2,ENSG00000116191,55103
RALY,ENSG00000125970,22913
RALY-AS1,ENSG00000285230,101926888
RALYL,ENSG00000184672,138046
RAMAC,ENSG00000169612,83640
RAMACL,ENSG00000235272,353267
RAMP1,ENSG00000132329,10267
RAMP2,ENSG00000131477,10266
RAMP2-AS1,ENSG00000197291,100190938
RAMP3,ENSG00000122679,10268
RAN,ENSG00000132341,5901
RANBP1,ENSG00000099901,5902
RANBP10,ENSG00000141084,57610
RANBP17,ENSG00000204764,64901
RANBP2,ENSG00000153201,5903
RANBP3,ENSG00000031823,8498
RANBP3-DT,ENSG00000266983,100128568
RANBP3L,ENSG00000164188,202151
RANBP6,ENSG00000137040,26953
RANBP9,ENSG00000010017,10048
RANGAP1,ENSG00000100401,5905
RANGRF,ENSG00000108961,29098
RAP1A,ENSG00000116473,5906
RAP1B,ENSG00000127314,5908
RAP1GAP,ENSG00000076864,5909
RAP1GAP2,ENSG00000132359,23108
RAP1GDS1,ENSG00000138698,5910
RAP2A,ENSG00000125249,5911
RAP2B,ENSG00000181467,5912
RAP2C,ENSG00000123728,57826
RAP2C-AS1,ENSG00000232160,101928578
RAPGEF1,ENSG00000107263,2889
RAPGEF2,ENSG00000109756,9693
RAPGEF3,ENSG00000079337,10411
RAPGEF4,ENSG00000091428,11069
RAPGEF5,ENSG00000136237,9771
RAPGEF6,ENSG00000158987,51735
RAPGEFL1,ENSG00000108352,51195
RAPH1,ENSG00000173166,65059
RAPSN,ENSG00000165917,5913
RARA,ENSG00000131759,5914
RARA-AS1,ENSG00000265666,101929693
RARB,ENSG00000077092,5915
RARG,ENSG00000172819,5916
RARRES1,ENSG00000118849,5918
RARRES2,ENSG00000106538,5919
RARS1,ENSG00000113643,5917
RARS2,ENSG00000146282,57038
RASA1,ENSG00000145715,5921
RASA2,ENSG00000155903,5922
RASA3,ENSG00000185989,22821
RASA4,ENSG00000105808,10156
RASA4B,ENSG00000170667,100271927
RASAL1,ENSG00000111344,8437
RASAL2,ENSG00000075391,9462
RASAL2-AS1,ENSG00000224687,100302401
RASAL3,ENSG00000105122,64926
RASD1,ENSG00000108551,51655
RASD2,ENSG00000100302,23551
RASEF,ENSG00000165105,158158
RASGEF1A,ENSG00000198915,221002
RASGEF1B,ENSG00000138670,153020
RASGEF1C,ENSG00000146090,255426
RASGRF1,ENSG00000058335,5923
RASGRF2,ENSG00000113319,5924
RASGRF2-AS1,ENSG00000251450,102524628
RASGRP1,ENSG00000172575,10125
RASGRP2,ENSG00000068831,10235
RASGRP3,ENSG00000152689,25780
RASGRP3-AS1,ENSG00000119812,105374454
RASGRP4,ENSG00000171777,115727
RASIP1,ENSG00000105538,54922
RASL10A,ENSG00000100276,10633
RASL10B,ENSG00000270885,91608
RASL11A,ENSG00000122035,387496
RASL11B,ENSG00000128045,65997
RASL12,ENSG00000103710,51285
RASSF1,ENSG00000068028,11186
RASSF10,ENSG00000189431,644943
RASSF2,ENSG00000101265,9770
RASSF3,ENSG00000153179,283349
RASSF4,ENSG00000107551,83937
RASSF5,ENSG00000266094,83593
RASSF6,ENSG00000169435,166824
RASSF7,ENSG00000099849,8045
RASSF8,ENSG00000123094,11228
RASSF9,ENSG00000198774,9182
RAVER1,ENSG00000161847,125950
RAVER2,ENSG00000162437,55225
RB1,ENSG00000139687,5925
RB1-DT,ENSG00000231473,100862704
RB1CC1,ENSG00000023287,9821
RBAK,ENSG00000146587,57786
RBBP4,ENSG00000162521,5928
RBBP4P2,ENSG00000242457,100420527
RBBP5,ENSG00000117222,5929
RBBP6,ENSG00000122257,5930
RBBP7,ENSG00000102054,5931
RBBP8,ENSG00000101773,5932
RBBP8NL,ENSG00000130701,140893
RBBP9,ENSG00000089050,10741
RBCK1,ENSG00000125826,10616
RBFA,ENSG00000101546,79863
RBFADN,ENSG00000261126,100506070
RBFOX1,ENSG00000078328,54715
RBFOX2,ENSG00000100320,23543
RBFOX3,ENSG00000167281,146713
RBIS,ENSG00000176731,401466
RBKS,ENSG00000171174,64080
RBL1,ENSG00000080839,5933
RBL2,ENSG00000103479,5934
RBM10,ENSG00000182872,8241
RBM11,ENSG00000185272,54033
RBM12,ENSG00000244462,10137
RBM12B,ENSG00000183808,389677
RBM12B-AS1,ENSG00000279331,55472
RBM14,ENSG00000239306,10432
RBM14-RBM4,ENSG00000248643,100526737
RBM15,ENSG00000162775,64783
RBM15-AS1,ENSG00000227963,440600
RBM15B,ENSG00000259956,29890
RBM17,ENSG00000134453,84991
RBM18,ENSG00000119446,92400
RBM19,ENSG00000122965,9904
RBM20,ENSG00000203867,282996
RBM22,ENSG00000086589,55696
RBM23,ENSG00000100461,55147
RBM24,ENSG00000112183,221662
RBM25,ENSG00000119707,58517
RBM26,ENSG00000139746,64062
RBM26-AS1,ENSG00000227354,100505538
RBM27,ENSG00000091009,54439
RBM28,ENSG00000106344,55131
RBM3,ENSG00000102317,5935
RBM33,ENSG00000184863,155435
RBM33-DT,ENSG00000216895,100506302
RBM34,ENSG00000188739,23029
RBM38,ENSG00000132819,55544
RBM39,ENSG00000131051,9584
RBM39P1,ENSG00000214019,643167
RBM4,ENSG00000173933,5936
RBM41,ENSG00000089682,55285
RBM42,ENSG00000126254,79171
RBM43,ENSG00000184898,375287
RBM44,ENSG00000177483,375316
RBM45,ENSG00000155636,129831
RBM47,ENSG00000163694,54502
RBM48,ENSG00000127993,84060
RBM4B,ENSG00000173914,83759
RBM5,ENSG00000003756,10181
RBM5-AS1,ENSG00000281691,100775107
RBM6,ENSG00000004534,10180
RBM7,ENSG00000076053,10179
RBM8A,ENSG00000265241,9939
RBMS1,ENSG00000153250,5937
RBMS2,ENSG00000076067,5939
RBMS3,ENSG00000144642,27303
RBMX,ENSG00000147274,27316
RBMX2,ENSG00000134597,51634
RBMXL1,ENSG00000213516,494115
RBP1,ENSG00000114115,5947
RBP2,ENSG00000114113,5948
RBP4,ENSG00000138207,5950
RBP5,ENSG00000139194,83758
RBP7,ENSG00000162444,116362
RBPJ,ENSG00000168214,3516
RBPMS,ENSG00000157110,11030
RBPMS-AS1,ENSG00000254109,100128750
RBPMS2,ENSG00000166831,348093
RBSN,ENSG00000131381,64145
RBX1,ENSG00000100387,9978
RC3H1,ENSG00000135870,149041
RC3H2,ENSG00000056586,54542
RCAN1,ENSG00000159200,1827
RCAN2,ENSG00000172348,10231
RCAN3,ENSG00000117602,11123
RCAN3AS,ENSG00000286061,100750325
RCBTB1,ENSG00000136144,55213
RCBTB2,ENSG00000136161,1102
RCC1,ENSG00000180198,1104
RCC1L,ENSG00000274523,81554
RCC2,ENSG00000179051,55920
RCCD1,ENSG00000166965,91433
RCE1,ENSG00000173653,9986
RCHY1,ENSG00000163743,25898
RCL1,ENSG00000120158,10171
RCN1,ENSG00000049449,5954
RCN2,ENSG00000117906,5955
RCN3,ENSG00000142552,57333
RCOR1,ENSG00000089902,23186
RCOR2,ENSG00000167771,283248
RCOR3,ENSG00000117625,55758
RCSD1,ENSG00000198771,92241
RCVRN,ENSG00000109047,5957
RD3,ENSG00000198570,343035
RDH10,ENSG00000121039,157506
RDH10-AS1,ENSG00000250295,101926926
RDH11,ENSG00000072042,51109
RDH12,ENSG00000139988,145226
RDH13,ENSG00000160439,112724
RDH14,ENSG00000240857,57665
RDH16,ENSG00000139547,8608
RDH5,ENSG00000135437,5959
RDM1,ENSG00000278023,201299
RDX,ENSG00000137710,5962
REC8,ENSG00000100918,9985
RECK,ENSG00000122707,8434
RECQL,ENSG00000004700,5965
RECQL4,ENSG00000160957,9401
RECQL5,ENSG00000108469,9400
REELD1,ENSG00000250673,345051
REEP1,ENSG00000068615,65055
REEP2,ENSG00000132563,51308
REEP3,ENSG00000165476,221035
REEP4,ENSG00000168476,80346
REEP5,ENSG00000129625,7905
REEP6,ENSG00000115255,92840
REG4,ENSG00000134193,83998
REL,ENSG00000162924,5966
REL-DT,ENSG00000228414,400957
RELA,ENSG00000173039,5970
RELB,ENSG00000104856,5971
RELCH,ENSG00000134444,57614
RELL1,ENSG00000181826,768211
RELL2,ENSG00000164620,285613
RELN,ENSG00000189056,5649
RELT,ENSG00000054967,84957
REM1,ENSG00000088320,28954
REM2,ENSG00000139890,161253
REN,ENSG00000143839,5972
RENBP,ENSG00000102032,5973
RENO1,ENSG00000287431,119545628
REP15,ENSG00000174236,387849
REPIN1,ENSG00000214022,29803
REPS1,ENSG00000135597,85021
REPS2,ENSG00000169891,9185
RER1,ENSG00000157916,11079
RERE,ENSG00000142599,473
RERG,ENSG00000134533,85004
RERGL,ENSG00000111404,79785
RESF1,ENSG00000174718,55196
REST,ENSG00000084093,5978
RET,ENSG00000165731,5979
RETN,ENSG00000104918,56729
RETREG1,ENSG00000154153,54463
RETREG1-AS1,ENSG00000246214,101929524
RETREG2,ENSG00000144567,79137
RETREG3,ENSG00000141699,162427
RETSAT,ENSG00000042445,54884
REV1,ENSG00000135945,51455
REV3L,ENSG00000009413,5980
REX1BD,ENSG00000006015,55049
REXO1,ENSG00000079313,57455
REXO2,ENSG00000076043,25996
REXO4,ENSG00000148300,57109
REXO5,ENSG00000005189,81691
RFC1,ENSG00000035928,5981
RFC2,ENSG00000049541,5982
RFC3,ENSG00000133119,5983
RFC4,ENSG00000163918,5984
RFC5,ENSG00000111445,5985
RFESD,ENSG00000175449,317671
RFFL,ENSG00000092871,117584
RFK,ENSG00000135002,55312
RFLNA,ENSG00000178882,144347
RFLNB,ENSG00000183688,359845
RFNG,ENSG00000169733,5986
RFPL2,ENSG00000128253,10739
RFPL3S,ENSG00000205853,10737
RFT1,ENSG00000163933,91869
RFTN1,ENSG00000131378,23180
RFTN2,ENSG00000162944,130132
RFWD3,ENSG00000168411,55159
RFX1,ENSG00000132005,5989
RFX2,ENSG00000087903,5990
RFX3,ENSG00000080298,5991
RFX3-DT,ENSG00000232104,101929302
RFX5,ENSG00000143390,5993
RFX6,ENSG00000185002,222546
RFX7,ENSG00000181827,64864
RFX8,ENSG00000196460,731220
RFXANK,ENSG00000064490,8625
RFXAP,ENSG00000133111,5994
RGCC,ENSG00000102760,28984
RGL1,ENSG00000143344,23179
RGL2,ENSG00000237441,5863
RGL3,ENSG00000205517,57139
RGL4,ENSG00000159496,266747
RGMA,ENSG00000182175,56963
RGMB,ENSG00000174136,285704
RGMB-AS1,ENSG00000246763,503569
RGN,ENSG00000130988,9104
RGP1,ENSG00000107185,9827
RGPD2,ENSG00000185304,729857
RGPD3,ENSG00000153165,653489
RGPD4,ENSG00000196862,285190
RGPD8,ENSG00000169629,727851
RGR,ENSG00000148604,5995
RGS1,ENSG00000090104,5996
RGS10,ENSG00000148908,6001
RGS11,ENSG00000076344,8786
RGS12,ENSG00000159788,6002
RGS13,ENSG00000127074,6003
RGS14,ENSG00000169220,10636
RGS16,ENSG00000143333,6004
RGS17,ENSG00000091844,26575
RGS18,ENSG00000150681,64407
RGS19,ENSG00000171700,10287
RGS2,ENSG00000116741,5997
RGS20,ENSG00000147509,8601
RGS22,ENSG00000132554,26166
RGS3,ENSG00000138835,5998
RGS4,ENSG00000117152,5999
RGS5,ENSG00000143248,8490
RGS6,ENSG00000182732,9628
RGS7,ENSG00000182901,6000
RGS7BP,ENSG00000186479,401190
RGS8,ENSG00000135824,85397
RGS9,ENSG00000108370,8787
RGS9BP,ENSG00000186326,388531
RHBDD1,ENSG00000144468,84236
RHBDD2,ENSG00000005486,57414
RHBDD3,ENSG00000100263,25807
RHBDF1,ENSG00000007384,64285
RHBDF2,ENSG00000129667,79651
RHBDL1,ENSG00000103269,9028
RHBDL2,ENSG00000158315,54933
RHBDL3,ENSG00000141314,162494
RHBG,ENSG00000132677,57127
RHCE,ENSG00000188672,6006
RHCG,ENSG00000140519,51458
RHD,ENSG00000187010,6007
RHEB,ENSG00000106615,6009
RHEBL1,ENSG00000167550,121268
RHEX,ENSG00000263961,440712
RHNO1,ENSG00000171792,83695
RHOA,ENSG00000067560,387
RHOB,ENSG00000143878,388
RHOBTB1,ENSG00000072422,9886
RHOBTB2,ENSG00000008853,23221
RHOBTB3,ENSG00000164292,22836
RHOC,ENSG00000155366,389
RHOD,ENSG00000173156,29984
RHOF,ENSG00000139725,54509
RHOG,ENSG00000177105,391
RHOH,ENSG00000168421,399
RHOJ,ENSG00000126785,57381
RHOQ,ENSG00000119729,23433
RHOQ-AS1,ENSG00000250116,100506142
RHOT1,ENSG00000126858,55288
RHOT1P1,ENSG00000266145,100462813
RHOT2,ENSG00000140983,89941
RHOU,ENSG00000116574,58480
RHOV,ENSG00000104140,171177
RHOXF1,ENSG00000101883,158800
RHOXF1-AS1,ENSG00000258545,101928969
RHPN1,ENSG00000158106,114822
RHPN1-AS1,ENSG00000254389,78998
RHPN2,ENSG00000131941,85415
RIBC1,ENSG00000158423,158787
RIBC2,ENSG00000128408,26150
RIC1,ENSG00000107036,57589
RIC3,ENSG00000166405,79608
RIC8A,ENSG00000177963,60626
RIC8B,ENSG00000111785,55188
RICTOR,ENSG00000164327,253260
RIDA,ENSG00000132541,10247
RIF1,ENSG00000080345,55183
RIGI,ENSG00000107201,23586
RIIAD1,ENSG00000178796,284485
RILP,ENSG00000167705,83547
RILPL1,ENSG00000188026,353116
RILPL2,ENSG00000150977,196383
RIMBP2,ENSG00000060709,23504
RIMBP3,ENSG00000275793,85376
RIMKLA,ENSG00000177181,284716
RIMKLB,ENSG00000166532,57494
RIMOC1,ENSG00000205765,285636
RIMS1,ENSG00000079841,22999
RIMS2,ENSG00000176406,9699
RIMS3,ENSG00000117016,9783
RIMS4,ENSG00000101098,140730
RIN1,ENSG00000174791,9610
RIN2,ENSG00000132669,54453
RIN3,ENSG00000100599,79890
RING1,ENSG00000204227,6015
RINL,ENSG00000187994,126432
RINT1,ENSG00000135249,60561
RIOK1,ENSG00000124784,83732
RIOK2,ENSG00000058729,55781
RIOK3,ENSG00000101782,8780
RIOX1,ENSG00000170468,79697
RIOX2,ENSG00000170854,84864
RIPK1,ENSG00000137275,8737
RIPK2,ENSG00000104312,8767
RIPK3,ENSG00000129465,11035
RIPK4,ENSG00000183421,54101
RIPOR1,ENSG00000039523,79567
RIPOR2,ENSG00000111913,9750
RIPOR3,ENSG00000042062,140876
RIPOR3-AS1,ENSG00000234693,100506175
RIPPLY2-CYB5R4,ENSG00000065615,123956252
RIPPLY3,ENSG00000183145,53820
RIT1,ENSG00000143622,6016
RITA1,ENSG00000139405,84934
RLBP1,ENSG00000140522,6017
RLF,ENSG00000117000,6018
RLIG1,ENSG00000133641,91298
RLIM,ENSG00000131263,51132
RLN1,ENSG00000107018,6013
RLN2,ENSG00000107014,6019
RMC1,ENSG00000141452,29919
RMDN1,ENSG00000176623,51115
RMDN2,ENSG00000115841,151393
RMDN3,ENSG00000137824,55177
RMI1,ENSG00000178966,80010
RMI2,ENSG00000175643,116028
RMND1,ENSG00000155906,55005
RMND5A,ENSG00000153561,64795
RMND5B,ENSG00000145916,64777
RMST,ENSG00000255794,196475
RN7SKP16,ENSG00000222112,106480837
RN7SKP23,ENSG00000280039,106479105
RN7SKP239,ENSG00000201684,106480907
RN7SKP275,ENSG00000201496,106480917
RN7SKP70,ENSG00000252464,107057644
RN7SKP80,ENSG00000202058,106479130
RN7SKP97,ENSG00000222898,106480463
RN7SL1,ENSG00000276168,6029
RN7SL130P,ENSG00000244256,106479269
RN7SL138P,ENSG00000266274,106480489
RN7SL145P,ENSG00000244357,106481753
RN7SL192P,ENSG00000276757,106480974
RN7SL221P,ENSG00000239472,106480982
RN7SL262P,ENSG00000265033,106479317
RN7SL268P,ENSG00000244425,106479319
RN7SL3,ENSG00000278771,378707
RN7SL314P,ENSG00000244402,106481836
RN7SL333P,ENSG00000239494,106481014
RN7SL381P,ENSG00000263968,106479362
RN7SL477P,ENSG00000239367,106479397
RN7SL481P,ENSG00000240322,106481054
RN7SL4P,ENSG00000263740,6030
RN7SL521P,ENSG00000240877,106479413
RN7SL526P,ENSG00000243642,106479415
RN7SL535P,ENSG00000239419,106479417
RN7SL566P,ENSG00000241983,106481850
RN7SL574P,ENSG00000266075,106481079
RN7SL600P,ENSG00000274963,106481086
RN7SL608P,ENSG00000239884,106480521
RN7SL663P,ENSG00000275132,106481103
RN7SL689P,ENSG00000263432,106481111
RN7SL809P,ENSG00000241217,106479516
RN7SL81P,ENSG00000244218,106479253
RN7SL832P,ENSG00000243819,106479524
RN7SL834P,ENSG00000243650,106481148
RNA5SP122,ENSG00000207186,100873392
RNA5SP18,ENSG00000212237,100873273
RNA5SP317,ENSG00000222108,106479006
RNA5SP37,ENSG00000202290,100873369
RNA5SP383,ENSG00000199804,100873638
RNA5SP78,ENSG00000201492,100873312
RNA5SP82,ENSG00000252516,100873316
RNASE1,ENSG00000129538,6035
RNASE10,ENSG00000182545,338879
RNASE2,ENSG00000169385,6036
RNASE4,ENSG00000258818,6038
RNASE6,ENSG00000169413,6039
RNASE7,ENSG00000165799,84659
RNASEH1,ENSG00000171865,246243
RNASEH1-DT,ENSG00000234171,100506054
RNASEH2A,ENSG00000104889,10535
RNASEH2B,ENSG00000136104,79621
RNASEH2C,ENSG00000172922,84153
RNASEK,ENSG00000219200,440400
RNASEL,ENSG00000135828,6041
RNASET2,ENSG00000026297,8635
RND1,ENSG00000172602,27289
RND2,ENSG00000108830,8153
RND3,ENSG00000115963,390
RNF10,ENSG00000022840,9921
RNF103,ENSG00000239305,7844
RNF11,ENSG00000123091,26994
RNF111,ENSG00000157450,54778
RNF112,ENSG00000128482,7732
RNF113A,ENSG00000125352,7737
RNF114,ENSG00000124226,55905
RNF115,ENSG00000265491,27246
RNF121,ENSG00000137522,55298
RNF122,ENSG00000133874,79845
RNF123,ENSG00000164068,63891
RNF125,ENSG00000101695,54941
RNF126,ENSG00000070423,55658
RNF128,ENSG00000133135,79589
RNF13,ENSG00000082996,11342
RNF130,ENSG00000113269,55819
RNF133,ENSG00000188050,168433
RNF135,ENSG00000181481,84282
RNF138,ENSG00000134758,51444
RNF139,ENSG00000170881,11236
RNF139-DT,ENSG00000245149,101927612
RNF14,ENSG00000013561,9604
RNF141,ENSG00000110315,50862
RNF144A,ENSG00000151692,9781
RNF144B,ENSG00000137393,255488
RNF145,ENSG00000145860,153830
RNF146,ENSG00000118518,81847
RNF148,ENSG00000235631,378925
RNF149,ENSG00000163162,284996
RNF14P3,ENSG00000238109,100419643
RNF150,ENSG00000170153,57484
RNF152,ENSG00000176641,220441
RNF157,ENSG00000141576,114804
RNF157-AS1,ENSG00000267128,100507218
RNF166,ENSG00000158717,115992
RNF167,ENSG00000108523,26001
RNF168,ENSG00000163961,165918
RNF169,ENSG00000166439,254225
RNF170,ENSG00000120925,81790
RNF175,ENSG00000145428,285533
RNF180,ENSG00000164197,285671
RNF181,ENSG00000168894,51255
RNF182,ENSG00000180537,221687
RNF183,ENSG00000165188,138065
RNF185,ENSG00000138942,91445
RNF186,ENSG00000178828,54546
RNF187,ENSG00000168159,149603
RNF19A,ENSG00000034677,25897
RNF19B,ENSG00000116514,127544
RNF2,ENSG00000121481,6045
RNF20,ENSG00000155827,56254
RNF207,ENSG00000158286,388591
RNF207-AS1,ENSG00000226944,102724450
RNF208,ENSG00000212864,727800
RNF212,ENSG00000178222,285498
RNF212B,ENSG00000215277,100507650
RNF213,ENSG00000173821,57674
RNF213-AS1,ENSG00000263069,100294362
RNF214,ENSG00000167257,257160
RNF215,ENSG00000099999,200312
RNF216,ENSG00000011275,54476
RNF216P1,ENSG00000196204,441191
RNF217,ENSG00000146373,154214
RNF217-AS1,ENSG00000236548,7955
RNF220,ENSG00000187147,55182
RNF222,ENSG00000189051,643904
RNF223,ENSG00000237330,401934
RNF224,ENSG00000233198,643596
RNF225,ENSG00000269855,646862
RNF227,ENSG00000179859,284023
RNF228,ENSG00000288658,122319436
RNF24,ENSG00000101236,11237
RNF25,ENSG00000163481,64320
RNF26,ENSG00000173456,79102
RNF31,ENSG00000092098,55072
RNF32,ENSG00000105982,140545
RNF32-DT,ENSG00000182648,100506380
RNF34,ENSG00000170633,80196
RNF38,ENSG00000137075,152006
RNF39,ENSG00000204618,80352
RNF4,ENSG00000063978,6047
RNF40,ENSG00000103549,9810
RNF41,ENSG00000181852,10193
RNF43,ENSG00000108375,54894
RNF44,ENSG00000146083,22838
RNF5,ENSG00000204308,6048
RNF6,ENSG00000127870,6049
RNF7,ENSG00000114125,9616
RNF8,ENSG00000112130,9025
RNFT1,ENSG00000189050,51136
RNFT2,ENSG00000135119,84900
RNGTT,ENSG00000111880,8732
RNH1,ENSG00000023191,6050
RNLS,ENSG00000184719,55328
RNMT,ENSG00000101654,8731
RNPC3,ENSG00000185946,55599
RNPEP,ENSG00000176393,6051
RNPEPL1,ENSG00000142327,57140
RNPS1,ENSG00000205937,10921
RNU2-11P,ENSG00000239122,106481637
RNU4-1,ENSG00000200795,26835
RNU4-2,ENSG00000202538,26834
RNU4-47P,ENSG00000222808,106479579
RNU4ATAC18P,ENSG00000251988,106481866
RNU6-1016P,ENSG00000252498,106480630
RNU6-1048P,ENSG00000200924,106480027
RNU6-1053P,ENSG00000251739,106481513
RNU6-137P,ENSG00000200550,106481220
RNU6-30P,ENSG00000207291,100873747
RNU6-322P,ENSG00000251819,107105253
RNU6-403P,ENSG00000200033,106480578
RNU6-415P,ENSG00000252061,106481309
RNU6-529P,ENSG00000200253,106481348
RNU6-531P,ENSG00000252503,106479802
RNU6-722P,ENSG00000223309,106481407
RNU6-762P,ENSG00000252916,106479903
RNU6-8,ENSG00000202337,101954278
RNU6-813P,ENSG00000207422,106481438
RNU6-833P,ENSG00000200356,106481444
RNU6-850P,ENSG00000252743,106481919
RNU6-882P,ENSG00000212327,106481457
RNU6-925P,ENSG00000207359,106479975
RNU7-49P,ENSG00000251991,100147836
RNVU1-1,ENSG00000207340,101954273
RNVU1-27,ENSG00000274210,124904621
RNVU1-3,ENSG00000201183,101954272
RNVU1-30,ENSG00000206828,124904627
RNY1P16,ENSG00000199933,106480312
RNY3P16,ENSG00000252147,106480686
RNY4P10,ENSG00000202441,100379592
RO60,ENSG00000116747,6738
ROBO1,ENSG00000169855,6091
ROBO2,ENSG00000185008,6092
ROBO3,ENSG00000154134,64221
ROBO4,ENSG00000154133,54538
ROCK1,ENSG00000067900,6093
ROCK2,ENSG00000134318,9475
ROGDI,ENSG00000067836,79641
ROM1,ENSG00000149489,6094
ROMO1,ENSG00000125995,140823
ROPN1,ENSG00000065371,54763
ROPN1B,ENSG00000114547,152015
ROPN1L,ENSG00000145491,83853
ROR1,ENSG00000185483,4919
ROR1-AS1,ENSG00000223949,101927034
ROR2,ENSG00000169071,4920
RORA,ENSG00000069667,6095
RORA-AS1,ENSG00000245534,101928784
RORB,ENSG00000198963,6096
RORC,ENSG00000143365,6097
ROS1,ENSG00000047936,6098
RP1,ENSG00000104237,6101
RP1L1,ENSG00000183638,94137
RP2,ENSG00000102218,6102
RP9,ENSG00000164610,6100
RPA1,ENSG00000132383,6117
RPA2,ENSG00000117748,6118
RPA3,ENSG00000106399,6119
RPAIN,ENSG00000129197,84268
RPAP1,ENSG00000103932,26015
RPAP2,ENSG00000122484,79871
RPAP3,ENSG00000005175,79657
RPE,ENSG00000197713,6120
RPF1,ENSG00000117133,80135
RPF2,ENSG00000197498,84154
RPGR,ENSG00000156313,6103
RPGRIP1,ENSG00000092200,57096
RPGRIP1L,ENSG00000103494,23322
RPH3A,ENSG00000089169,22895
RPH3AL,ENSG00000181031,9501
RPH3AL-AS1,ENSG00000262061,100506388
RPIA,ENSG00000153574,22934
RPL10,ENSG00000147403,6134
RPL10A,ENSG00000198755,4736
RPL10AP11,ENSG00000244593,392206
RPL10AP2,ENSG00000188873,253986
RPL10AP6,ENSG00000226360,100128936
RPL10AP7,ENSG00000214846,100128646
RPL10AP9,ENSG00000242477,728979
RPL10P1,ENSG00000217026,100288252
RPL10P15,ENSG00000267119,100129975
RPL10P16,ENSG00000178464,284393
RPL10P3,ENSG00000230734,619445
RPL10P6,ENSG00000230076,285176
RPL10P9,ENSG00000233913,389342
RPL11,ENSG00000142676,6135
RPL11P3,ENSG00000213613,100271271
RPL12,ENSG00000197958,6136
RPL12P12,ENSG00000236992,85824
RPL12P8,ENSG00000219932,645161
RPL13,ENSG00000167526,6137
RPL13A,ENSG00000142541,23521
RPL13AP12,ENSG00000236047,100271277
RPL13AP14,ENSG00000242858,100271278
RPL13AP16,ENSG00000226624,100129553
RPL13AP18,ENSG00000241746,402342
RPL13AP20,ENSG00000234498,387841
RPL13AP22,ENSG00000243517,441632
RPL13AP25,ENSG00000136149,100287887
RPL13AP26,ENSG00000250318,729212
RPL13AP5,ENSG00000236552,728658
RPL13AP6,ENSG00000234118,644511
RPL13P12,ENSG00000215030,388344
RPL13P5,ENSG00000240370,283345
RPL13P8,ENSG00000241634,100270928
RPL14,ENSG00000188846,9045
RPL14P1,ENSG00000139239,144581
RPL14P3,ENSG00000241923,730747
RPL14P4,ENSG00000237774,100271282
RPL15,ENSG00000174748,6138
RPL15P3,ENSG00000212802,653232
RPL17,ENSG00000265681,6139
RPL17P18,ENSG00000234742,100129657
RPL17P28,ENSG00000229677,100270940
RPL17P34,ENSG00000213432,643863
RPL17P36,ENSG00000236058,729340
RPL17P39,ENSG00000212664,645296
RPL17P47,ENSG00000242615,100271415
RPL17P50,ENSG00000213700,729046
RPL17P6,ENSG00000226084,645441
RPL17P7,ENSG00000244716,100132742
RPL17P9,ENSG00000223583,729301
RPL18,ENSG00000063177,6141
RPL18A,ENSG00000105640,6142
RPL18AP1,ENSG00000240096,326289
RPL18AP11,ENSG00000212695,100127999
RPL18AP13,ENSG00000213304,646189
RPL18AP3,ENSG00000213442,390354
RPL18AP4,ENSG00000217644,127545
RPL18AP6,ENSG00000230979,285053
RPL18AP7,ENSG00000232439,100133038
RPL19,ENSG00000108298,6143
RPL19P20,ENSG00000229168,392451
RPL19P21,ENSG00000230508,392557
RPL19P4,ENSG00000226915,646710
RPL19P5,ENSG00000230580,646532
RPL19P6,ENSG00000233597,100270946
RPL21,ENSG00000122026,6144
RPL21P10,ENSG00000239272,319143
RPL21P11,ENSG00000242571,157206
RPL21P119,ENSG00000220793,653737
RPL21P120,ENSG00000244582,731688
RPL21P125,ENSG00000240898,100129685
RPL21P134,ENSG00000233254,728782
RPL21P137,ENSG00000236732,127379693
RPL21P16,ENSG00000220842,729402
RPL21P19,ENSG00000219133,641293
RPL21P28,ENSG00000220749,100131205
RPL21P29,ENSG00000232037,440575
RPL21P37,ENSG00000229503,100129141
RPL21P46,ENSG00000241612,645174
RPL21P53,ENSG00000244021,653156
RPL21P54,ENSG00000241829,100271168
RPL21P75,ENSG00000213860,728501
RPL21P80,ENSG00000243181,100133273
RPL21P87,ENSG00000228053,100131672
RPL21P89,ENSG00000229870,100271422
RPL21P95,ENSG00000241782,100271427
RPL21P97,ENSG00000239470,387753
RPL21P98,ENSG00000243071,653079
RPL22,ENSG00000116251,6146
RPL22L1,ENSG00000163584,200916
RPL22P2,ENSG00000241081,326292
RPL22P3,ENSG00000226457,729662
RPL23,ENSG00000125691,9349
RPL23A,ENSG00000198242,6147
RPL23AP18,ENSG00000225338,728134
RPL23AP21,ENSG00000228463,728481
RPL23AP25,ENSG00000233084,653789
RPL23AP42,ENSG00000234851,647099
RPL23AP43,ENSG00000227337,389101
RPL23AP49,ENSG00000243422,653236
RPL23AP5,ENSG00000236829,729480
RPL23AP57,ENSG00000206147,648294
RPL23AP65,ENSG00000243964,440027
RPL23AP79,ENSG00000213753,100271626
RPL23P2,ENSG00000176054,54028
RPL23P6,ENSG00000180211,646949
RPL23P8,ENSG00000219451,222901
RPL24,ENSG00000114391,6152
RPL24P2,ENSG00000235065,140760
RPL24P4,ENSG00000181524,377381
RPL24P8,ENSG00000236801,100270964
RPL26,ENSG00000161970,6154
RPL26L1,ENSG00000037241,51121
RPL26L1-AS1,ENSG00000204758,100268168
RPL26P19,ENSG00000226221,441073
RPL26P23,ENSG00000234450,100129517
RPL26P30,ENSG00000236264,653147
RPL26P32,ENSG00000230291,400055
RPL26P4,ENSG00000241494,283603
RPL26P6,ENSG00000229659,100131526
RPL27,ENSG00000131469,6155
RPL27A,ENSG00000166441,6157
RPL27AP6,ENSG00000218426,389435
RPL27P4,ENSG00000225616,646624
RPL28,ENSG00000108107,6158
RPL28P2,ENSG00000237641,100270971
RPL28P5,ENSG00000213293,729279
RPL29,ENSG00000162244,6159
RPL3,ENSG00000100316,6122
RPL30,ENSG00000156482,6156
RPL31,ENSG00000071082,6160
RPL31P10,ENSG00000213942,390283
RPL31P14,ENSG00000237930,100129310
RPL31P17,ENSG00000235225,653773
RPL31P34,ENSG00000231359,100271193
RPL31P4,ENSG00000213598,729646
RPL31P46,ENSG00000241170,100271479
RPL31P63,ENSG00000236735,100271392
RPL32,ENSG00000144713,6161
RPL32P1,ENSG00000224796,6163
RPL32P18,ENSG00000146677,644907
RPL32P20,ENSG00000243537,392271
RPL34,ENSG00000109475,6164
RPL34-DT,ENSG00000234492,285456
RPL34P18,ENSG00000240509,100271003
RPL35,ENSG00000136942,11224
RPL35A,ENSG00000182899,6165
RPL35P1,ENSG00000237991,440737
RPL35P5,ENSG00000225573,441246
RPL36,ENSG00000130255,25873
RPL36A,ENSG00000241343,6173
RPL36AL,ENSG00000165502,6166
RPL36AP37,ENSG00000244398,729362
RPL36AP54,ENSG00000226107,100271612
RPL36P7,ENSG00000213519,100271010
RPL37,ENSG00000145592,6167
RPL37A,ENSG00000197756,6168
RPL37P12,ENSG00000237916,100271017
RPL37P19,ENSG00000240399,100271515
RPL38,ENSG00000172809,6169
RPL39,ENSG00000198918,6170
RPL39L,ENSG00000163923,116832
RPL39P16,ENSG00000227470,100271023
RPL3L,ENSG00000140986,6123
RPL3P1,ENSG00000228149,8488
RPL3P2,ENSG00000227939,116935
RPL3P4,ENSG00000232573,326307
RPL3P6,ENSG00000213891,643220
RPL3P7,ENSG00000225093,642741
RPL3P9,ENSG00000240540,100128963
RPL4,ENSG00000174444,6124
RPL41,ENSG00000229117,6171
RPL41P2,ENSG00000256338,22970
RPL4P1,ENSG00000240954,650808
RPL4P2,ENSG00000232341,646688
RPL4P3,ENSG00000230364,391135
RPL4P4,ENSG00000229638,647276
RPL4P5,ENSG00000230207,158345
RPL4P6,ENSG00000230071,100271033
RPL5,ENSG00000122406,6125
RPL5P1,ENSG00000241061,647436
RPL5P12,ENSG00000242697,100270833
RPL5P23,ENSG00000240395,100270840
RPL5P24,ENSG00000244052,100270841
RPL5P29,ENSG00000242208,390158
RPL5P3,ENSG00000242276,400385
RPL5P30,ENSG00000243431,645160
RPL5P34,ENSG00000234009,388907
RPL5P4,ENSG00000229994,643343
RPL5P9,ENSG00000236330,100270832
RPL6,ENSG00000089009,6128
RPL6P10,ENSG00000243199,642828
RPL6P11,ENSG00000250475,100132922
RPL6P19,ENSG00000230383,646483
RPL6P27,ENSG00000235552,645387
RPL6P31,ENSG00000223945,441907
RPL6P4,ENSG00000226080,645054
RPL7,ENSG00000147604,6129
RPL7A,ENSG00000148303,6130
RPL7AP10,ENSG00000240522,161406
RPL7AP11,ENSG00000242445,728992
RPL7AP16,ENSG00000234329,100270896
RPL7AP20,ENSG00000234981,100271037
RPL7AP26,ENSG00000214988,728128
RPL7AP28,ENSG00000184139,100271209
RPL7AP30,ENSG00000241741,441034
RPL7AP39,ENSG00000213385,646476
RPL7AP43,ENSG00000213542,644236
RPL7AP45,ENSG00000275160,100132678
RPL7AP47,ENSG00000234982,100271211
RPL7AP50,ENSG00000213609,87688
RPL7AP6,ENSG00000242071,326310
RPL7AP60,ENSG00000213152,100271538
RPL7AP62,ENSG00000213862,644029
RPL7AP63,ENSG00000243697,401865
RPL7AP64,ENSG00000213876,728486
RPL7AP66,ENSG00000175886,388474
RPL7AP70,ENSG00000235776,728139
RPL7L1,ENSG00000146223,285855
RPL7P1,ENSG00000214485,6174
RPL7P23,ENSG00000244363,648000
RPL7P32,ENSG00000231006,100130892
RPL7P47,ENSG00000228071,146110
RPL7P57,ENSG00000224401,643507
RPL7P6,ENSG00000227525,90193
RPL7P9,ENSG00000137970,653702
RPL8,ENSG00000161016,6132
RPL8P3,ENSG00000240950,100270854
RPL8P4,ENSG00000213169,402150
RPL8P5,ENSG00000232926,100271044
RPL9,ENSG00000163682,6133
RPL9P11,ENSG00000231181,642740
RPL9P18,ENSG00000213309,389404
RPL9P2,ENSG00000234324,729004
RPL9P32,ENSG00000242100,727865
RPL9P7,ENSG00000238103,6126
RPLP0,ENSG00000089157,6175
RPLP0P6,ENSG00000213553,220717
RPLP1,ENSG00000137818,6176
RPLP2,ENSG00000177600,6181
RPN1,ENSG00000163902,6184
RPN2,ENSG00000118705,6185
RPP14,ENSG00000163684,11102
RPP21,ENSG00000241370,79897
RPP25,ENSG00000178718,54913
RPP25L,ENSG00000164967,138716
RPP30,ENSG00000148688,10556
RPP38,ENSG00000152464,10557
RPP38-DT,ENSG00000176236,221060
RPP40,ENSG00000124787,10799
RPRD1A,ENSG00000141425,55197
RPRD1B,ENSG00000101413,58490
RPRD2,ENSG00000163125,23248
RPRM,ENSG00000177519,56475
RPS10,ENSG00000124614,6204
RPS10P1,ENSG00000217275,394255
RPS10P13,ENSG00000217130,646785
RPS10P15,ENSG00000213280,654029
RPS10P2,ENSG00000213950,140758
RPS10P22,ENSG00000242667,401817
RPS10P26,ENSG00000239246,100271548
RPS10P3,ENSG00000217716,158104
RPS10P4,ENSG00000240776,728791
RPS10P5,ENSG00000101278,93144
RPS10P6,ENSG00000223861,729374
RPS10P9,ENSG00000227791,730187
RPS11,ENSG00000142534,6205
RPS11P5,ENSG00000232888,727826
RPS12,ENSG00000112306,6206
RPS12P12,ENSG00000220920,100131761
RPS12P29,ENSG00000213939,728244
RPS13,ENSG00000110700,6207
RPS13P2,ENSG00000228929,729236
RPS14,ENSG00000164587,6208
RPS14P1,ENSG00000224114,100271063
RPS15,ENSG00000115268,6209
RPS15A,ENSG00000134419,6210
RPS15AP1,ENSG00000214535,92682
RPS15AP11,ENSG00000234093,644790
RPS15AP12,ENSG00000232134,100129243
RPS15AP14,ENSG00000233131,100127924
RPS15AP19,ENSG00000219023,646819
RPS15AP24,ENSG00000241511,648729
RPS15AP36,ENSG00000213013,100271650
RPS15P2,ENSG00000235605,100271066
RPS15P4,ENSG00000233762,401019
RPS15P5,ENSG00000229806,729789
RPS16,ENSG00000105193,6217
RPS16P1,ENSG00000178715,441876
RPS17,ENSG00000182774,6218
RPS17P16,ENSG00000232346,402057
RPS18,ENSG00000231500,6222
RPS18P12,ENSG00000230897,388339
RPS18P14,ENSG00000214093,100128535
RPS18P2,ENSG00000213315,326320
RPS18P5,ENSG00000242299,100131863
RPS19,ENSG00000105372,6223
RPS19BP1,ENSG00000187051,91582
RPS19P1,ENSG00000214612,85486
RPS2,ENSG00000140988,6187
RPS20,ENSG00000008988,6224
RPS20P33,ENSG00000242085,100271564
RPS21,ENSG00000171858,6227
RPS21-DT,ENSG00000273619,128667224
RPS23,ENSG00000186468,6228
RPS23P8,ENSG00000230629,653658
RPS24,ENSG00000138326,6229
RPS25,ENSG00000118181,6230
RPS26,ENSG00000197728,6231
RPS26P31,ENSG00000235459,645979
RPS27,ENSG00000177954,6232
RPS27A,ENSG00000143947,6233
RPS27AP11,ENSG00000218208,728590
RPS27AP16,ENSG00000224631,643358
RPS27AP5,ENSG00000231767,100271374
RPS27L,ENSG00000185088,51065
RPS28,ENSG00000233927,6234
RPS29,ENSG00000213741,6235
RPS2P14,ENSG00000232450,100270827
RPS2P17,ENSG00000213399,400963
RPS2P20,ENSG00000228981,645018
RPS2P21,ENSG00000213851,441013
RPS2P29,ENSG00000219470,646294
RPS2P32,ENSG00000232818,256355
RPS2P35,ENSG00000238172,100130980
RPS2P37,ENSG00000244176,390206
RPS2P4,ENSG00000196183,92427
RPS2P40,ENSG00000197149,91561
RPS2P46,ENSG00000189343,125208
RPS2P48,ENSG00000233380,645173
RPS2P5,ENSG00000240342,100130562
RPS2P50,ENSG00000274756,729842
RPS2P53,ENSG00000234750,729274
RPS2P55,ENSG00000216866,286444
RPS2P7,ENSG00000235508,86781
RPS2P8,ENSG00000233406,440589
RPS3,ENSG00000149273,6188
RPS3A,ENSG00000145425,6189
RPS3AP18,ENSG00000243417,391706
RPS3AP20,ENSG00000213757,643932
RPS3AP21,ENSG00000214784,402287
RPS3AP25,ENSG00000232385,645968
RPS3AP26,ENSG00000214389,644972
RPS3AP34,ENSG00000242607,100271260
RPS3AP38,ENSG00000226318,100271594
RPS3AP44,ENSG00000234031,646527
RPS3AP47,ENSG00000205871,146053
RPS3AP49,ENSG00000242060,400652
RPS3AP5,ENSG00000178429,439992
RPS3AP6,ENSG00000234797,145767
RPS3P3,ENSG00000228205,440991
RPS3P4,ENSG00000220472,100270862
RPS4X,ENSG00000198034,6191
RPS4XP1,ENSG00000214203,400064
RPS4XP11,ENSG00000234335,441550
RPS4XP13,ENSG00000240371,390183
RPS4XP14,ENSG00000243663,729097
RPS4XP16,ENSG00000224892,220433
RPS4XP2,ENSG00000226948,92507
RPS4XP22,ENSG00000239830,100131614
RPS4XP3,ENSG00000214541,128580
RPS4XP6,ENSG00000244073,391777
RPS5,ENSG00000083845,6193
RPS6,ENSG00000137154,6194
RPS6KA1,ENSG00000117676,6195
RPS6KA2,ENSG00000071242,6196
RPS6KA2-IT1,ENSG00000232082,100874353
RPS6KA3,ENSG00000177189,6197
RPS6KA4,ENSG00000162302,8986
RPS6KA5,ENSG00000100784,9252
RPS6KA6,ENSG00000072133,27330
RPS6KB1,ENSG00000108443,6198
RPS6KB2,ENSG00000175634,6199
RPS6KC1,ENSG00000136643,26750
RPS6KL1,ENSG00000198208,83694
RPS6P1,ENSG00000241352,440086
RPS6P10,ENSG00000232176,100270865
RPS6P12,ENSG00000233309,100270867
RPS6P25,ENSG00000240616,729389
RPS7,ENSG00000171863,6201
RPS7P1,ENSG00000263266,388363
RPS7P10,ENSG00000226525,100128060
RPS7P11,ENSG00000213326,644315
RPS7P14,ENSG00000213695,646108
RPS7P3,ENSG00000231940,440732
RPS7P4,ENSG00000229133,149224
RPS8,ENSG00000142937,6202
RPS8P1,ENSG00000225200,192133
RPS8P8,ENSG00000240376,728553
RPS8P9,ENSG00000233668,100130750
RPS9,ENSG00000170889,6203
RPS9P2,ENSG00000237214,267009
RPS9P4,ENSG00000243829,388556
RPSA,ENSG00000168028,3921
RPSAP11,ENSG00000237433,645326
RPSAP12,ENSG00000240087,387867
RPSAP15,ENSG00000237506,220885
RPSAP17,ENSG00000226855,100270873
RPSAP18,ENSG00000224261,388707
RPSAP19,ENSG00000183298,730029
RPSAP29,ENSG00000244722,389141
RPSAP3,ENSG00000242952,158674
RPSAP4,ENSG00000239269,145259
RPSAP47,ENSG00000188856,389672
RPSAP49,ENSG00000226327,401537
RPSAP5,ENSG00000243904,319129
RPSAP53,ENSG00000214263,400141
RPSAP54,ENSG00000213621,642641
RPSAP56,ENSG00000284670,645656
RPSAP61,ENSG00000214016,644464
RPSAP7,ENSG00000237032,654506
RPSAP70,ENSG00000250327,105377595
RPSAP8,ENSG00000230592,643617
RPTOR,ENSG00000141564,57521
RPUSD1,ENSG00000007376,113000
RPUSD2,ENSG00000166133,27079
RPUSD3,ENSG00000156990,285367
RPUSD4,ENSG00000165526,84881
RRAD,ENSG00000166592,6236
RRAGA,ENSG00000155876,10670
RRAGB,ENSG00000083750,10325
RRAGC,ENSG00000116954,64121
RRAGC-DT,ENSG00000228436,105378663
RRAGD,ENSG00000025039,58528
RRAS,ENSG00000126458,6237
RRAS2,ENSG00000133818,22800
RRBP1,ENSG00000125844,6238
RREB1,ENSG00000124782,6239
RRH,ENSG00000180245,10692
RRM1,ENSG00000167325,6240
RRM2,ENSG00000171848,6241
RRM2B,ENSG00000048392,50484
RRN3,ENSG00000085721,54700
RRN3P2,ENSG00000103472,653390
RRP1,ENSG00000160214,8568
RRP12,ENSG00000052749,23223
RRP15,ENSG00000067533,51018
RRP1B,ENSG00000160208,23076
RRP36,ENSG00000124541,88745
RRP7A,ENSG00000189306,27341
RRP8,ENSG00000132275,23378
RRP9,ENSG00000114767,9136
RRS1,ENSG00000179041,23212
RRS1-DT,ENSG00000246145,100505676
RSAD1,ENSG00000136444,55316
RSAD2,ENSG00000134321,91543
RSBN1,ENSG00000081019,54665
RSBN1L,ENSG00000187257,222194
RSF1,ENSG00000048649,51773
RSKR,ENSG00000167524,124923
RSL1D1,ENSG00000171490,26156
RSL24D1,ENSG00000137876,51187
RSPH1,ENSG00000160188,89765
RSPH14,ENSG00000100218,27156
RSPH3,ENSG00000130363,83861
RSPH4A,ENSG00000111834,345895
RSPH9,ENSG00000172426,221421
RSPO1,ENSG00000169218,284654
RSPO3,ENSG00000146374,84870
RSPO4,ENSG00000101282,343637
RSPRY1,ENSG00000159579,89970
RSRC1,ENSG00000174891,51319
RSRC2,ENSG00000111011,65117
RSRP1,ENSG00000117616,57035
RSU1,ENSG00000148484,6251
RTBDN,ENSG00000132026,83546
RTCA,ENSG00000137996,8634
RTCB,ENSG00000100220,51493
RTEL1,ENSG00000258366,51750
RTEL1-TNFRSF6B,ENSG00000026036,100533107
RTF1,ENSG00000137815,23168
RTF2,ENSG00000022277,51507
RTKN,ENSG00000114993,6242
RTKN2,ENSG00000182010,219790
RTL10,ENSG00000215012,79680
RTL3,ENSG00000179300,203430
RTL5,ENSG00000242732,340526
RTL6,ENSG00000188636,84247
RTL8A,ENSG00000203950,26071
RTL8B,ENSG00000212747,441518
RTL8C,ENSG00000134590,8933
RTL9,ENSG00000243978,57529
RTN1,ENSG00000139970,6252
RTN2,ENSG00000125744,6253
RTN3,ENSG00000133318,10313
RTN4,ENSG00000115310,57142
RTN4IP1,ENSG00000130347,84816
RTN4R,ENSG00000040608,65078
RTN4RL1,ENSG00000185924,146760
RTN4RL2,ENSG00000186907,349667
RTP4,ENSG00000136514,64108
RTP5,ENSG00000188011,285093
RTRAF,ENSG00000087302,51637
RTTN,ENSG00000176225,25914
RUBCN,ENSG00000145016,9711
RUBCNL,ENSG00000102445,80183
RUFY1,ENSG00000176783,80230
RUFY1-AS1,ENSG00000244945,101928445
RUFY2,ENSG00000204130,55680
RUFY3,ENSG00000018189,22902
RUFY4,ENSG00000188282,285180
RUNDC1,ENSG00000198863,146923
RUNDC3A,ENSG00000108309,10900
RUNDC3B,ENSG00000105784,154661
RUNX1,ENSG00000159216,861
RUNX1-AS1,ENSG00000286153,124905014
RUNX1T1,ENSG00000079102,862
RUNX2,ENSG00000124813,860
RUNX3,ENSG00000020633,864
RUSC1,ENSG00000160753,23623
RUSC1-AS1,ENSG00000225855,284618
RUSC2,ENSG00000198853,9853
RUSF1,ENSG00000140688,64755
RUSF1-DT,ENSG00000260625,123706528
RUVBL1,ENSG00000175792,8607
RUVBL2,ENSG00000183207,10856
RWDD1,ENSG00000111832,51389
RWDD2A,ENSG00000013392,112611
RWDD2B,ENSG00000156253,10069
RWDD3,ENSG00000122481,25950
RWDD3-DT,ENSG00000226026,101928118
RWDD4,ENSG00000182552,201965
RXFP1,ENSG00000171509,59350
RXFP3,ENSG00000182631,51289
RXRA,ENSG00000186350,6256
RXRB,ENSG00000204231,6257
RXRG,ENSG00000143171,6258
RXYLT1,ENSG00000118600,10329
RYBP,ENSG00000163602,23429
RYK,ENSG00000163785,6259
RYR1,ENSG00000196218,6261
RYR2,ENSG00000198626,6262
RYR3,ENSG00000198838,6263
S100A1,ENSG00000160678,6271
S100A10,ENSG00000197747,6281
S100A11,ENSG00000163191,6282
S100A12,ENSG00000163221,6283
S100A13,ENSG00000189171,6284
S100A14,ENSG00000189334,57402
S100A16,ENSG00000188643,140576
S100A2,ENSG00000196754,6273
S100A3,ENSG00000188015,6274
S100A4,ENSG00000196154,6275
S100A5,ENSG00000196420,6276
S100A6,ENSG00000197956,6277
S100A7,ENSG00000143556,6278
S100A7A,ENSG00000184330,338324
S100A8,ENSG00000143546,6279
S100A9,ENSG00000163220,6280
S100B,ENSG00000160307,6285
S100G,ENSG00000169906,795
S100P,ENSG00000163993,6286
S100PBP,ENSG00000116497,64766
S100Z,ENSG00000171643,170591
S1PR1,ENSG00000170989,1901
S1PR2,ENSG00000267534,9294
S1PR3,ENSG00000213694,1903
S1PR4,ENSG00000125910,8698
S1PR5,ENSG00000180739,53637
SAA1,ENSG00000173432,6288
SAA2,ENSG00000134339,6289
SAA4,ENSG00000148965,6291
SAAL1,ENSG00000166788,113174
SAC3D1,ENSG00000168061,29901
SACM1L,ENSG00000211456,22908
SACS,ENSG00000151835,26278
SAE1,ENSG00000142230,10055
SAFB,ENSG00000160633,6294
SAFB2,ENSG00000130254,9667
SAG,ENSG00000130561,6295
SALL1,ENSG00000103449,6299
SALL2,ENSG00000165821,6297
SALL3,ENSG00000256463,27164
SALL4,ENSG00000101115,57167
SAMD1,ENSG00000141858,90378
SAMD10,ENSG00000130590,140700
SAMD11,ENSG00000187634,148398
SAMD12,ENSG00000177570,401474
SAMD13,ENSG00000203943,148418
SAMD14,ENSG00000167100,201191
SAMD15,ENSG00000100583,161394
SAMD3,ENSG00000164483,154075
SAMD4A,ENSG00000020577,23034
SAMD4B,ENSG00000179134,55095
SAMD5,ENSG00000203727,389432
SAMD8,ENSG00000156671,142891
SAMD9,ENSG00000205413,54809
SAMD9L,ENSG00000177409,219285
SAMHD1,ENSG00000101347,25939
SAMM50,ENSG00000100347,25813
SAMMSON,ENSG00000240405,101927152
SAMSN1,ENSG00000155307,64092
SAMTOR,ENSG00000164603,154743
SANBR,ENSG00000162929,84542
SAP130,ENSG00000136715,79595
SAP18,ENSG00000150459,10284
SAP30,ENSG00000164105,8819
SAP30-DT,ENSG00000272870,105377540
SAP30BP,ENSG00000161526,29115
SAP30L,ENSG00000164576,79685
SAP30L-AS1,ENSG00000245275,386627
SAPCD1,ENSG00000228727,401251
SAPCD2,ENSG00000186193,89958
SAR1A,ENSG00000079332,56681
SAR1B,ENSG00000152700,51128
SARAF,ENSG00000133872,51669
SARDH,ENSG00000123453,1757
SARM1,ENSG00000004139,23098
SARNP,ENSG00000205323,84324
SARS1,ENSG00000031698,6301
SARS2,ENSG00000104835,54938
SART1,ENSG00000175467,9092
SART3,ENSG00000075856,9733
SASH1,ENSG00000111961,23328
SASH3,ENSG00000122122,54440
SASS6,ENSG00000156876,163786
SAT1,ENSG00000130066,6303
SAT2,ENSG00000141504,112483
SATB1,ENSG00000182568,6304
SATB2,ENSG00000119042,23314
SATB2-AS1,ENSG00000225953,150538
SATL1,ENSG00000184788,340562
SAV1,ENSG00000151748,60485
SAXO1,ENSG00000155875,158297
SAXO2,ENSG00000188659,283726
SAXO3,ENSG00000268655,101059948
SAXO4,ENSG00000162148,220004
SAXO5,ENSG00000198723,374877
SAYSD1,ENSG00000112167,55776
SBDS,ENSG00000126524,51119
SBF1,ENSG00000100241,6305
SBF2,ENSG00000133812,81846
SBF2-AS1,ENSG00000246273,283104
SBK1,ENSG00000188322,388228
SBK2,ENSG00000187550,646643
SBK3,ENSG00000231274,100130827
SBNO1,ENSG00000139697,55206
SBNO1-AS1,ENSG00000256092,112268105
SBNO2,ENSG00000064932,22904
SBSN,ENSG00000189001,374897
SBSPON,ENSG00000164764,157869
SC5D,ENSG00000109929,6309
SCAF1,ENSG00000126461,58506
SCAF11,ENSG00000139218,9169
SCAF4,ENSG00000156304,57466
SCAF8,ENSG00000213079,22828
SCAI,ENSG00000173611,286205
SCAMP1,ENSG00000085365,9522
SCAMP1-AS1,ENSG00000245556,728769
SCAMP2,ENSG00000140497,10066
SCAMP3,ENSG00000116521,10067
SCAMP4,ENSG00000227500,113178
SCAMP5,ENSG00000198794,192683
SCAND1,ENSG00000171222,51282
SCAND3,ENSG00000232040,114821
SCAP,ENSG00000114650,22937
SCAPER,ENSG00000140386,49855
SCARA3,ENSG00000168077,51435
SCARA5,ENSG00000168079,286133
SCARB1,ENSG00000073060,949
SCARB2,ENSG00000138760,950
SCARF1,ENSG00000074660,8578
SCARF2,ENSG00000244486,91179
SCARNA17,ENSG00000267322,677769
SCARNA5,ENSG00000252010,677775
SCARNA6,ENSG00000251791,677772
SCART1,ENSG00000214279,619207
SCAT1,ENSG00000267123,101928710
SCAT2,ENSG00000257596,112935960
SCAT8,ENSG00000236345,112935969
SCCPDH,ENSG00000143653,51097
SCD,ENSG00000099194,6319
SCD5,ENSG00000145284,79966
SCEL,ENSG00000136155,8796
SCFD1,ENSG00000092108,23256
SCFD2,ENSG00000184178,152579
SCG2,ENSG00000171951,7857
SCG3,ENSG00000104112,29106
SCG5,ENSG00000166922,6447
SCGB1D2,ENSG00000124935,10647
SCGB2A1,ENSG00000124939,4246
SCGB2A2,ENSG00000110484,4250
SCGB2B2,ENSG00000205209,284402
SCGB3A1,ENSG00000161055,92304
SCGB3A2,ENSG00000164265,117156
SCGN,ENSG00000079689,10590
SCHIP1,ENSG00000151967,29970
SCIMP,ENSG00000161929,388325
SCIN,ENSG00000006747,85477
SCIRT,ENSG00000237686,101929705
SCLT1,ENSG00000151466,132320
SCLY,ENSG00000132330,51540
SCMH1,ENSG00000010803,22955
SCMH1-DT,ENSG00000235358,102723924
SCML1,ENSG00000047634,6322
SCML2,ENSG00000102098,10389
SCML4,ENSG00000146285,256380
SCN11A,ENSG00000168356,11280
SCN1A,ENSG00000144285,6323
SCN1A-AS1,ENSG00000236107,101929680
SCN1B,ENSG00000105711,6324
SCN2A,ENSG00000136531,6326
SCN2B,ENSG00000149575,6327
SCN3A,ENSG00000153253,6328
SCN3B,ENSG00000166257,55800
SCN4A,ENSG00000007314,6329
SCN4B,ENSG00000177098,6330
SCN5A,ENSG00000183873,6331
SCN7A,ENSG00000136546,6332
SCN8A,ENSG00000196876,6334
SCN9A,ENSG00000169432,6335
SCNM1,ENSG00000163156,79005
SCNN1A,ENSG00000111319,6337
SCNN1B,ENSG00000168447,6338
SCNN1D,ENSG00000162572,6339
SCNN1G,ENSG00000166828,6340
SCO1,ENSG00000133028,6341
SCO2,ENSG00000284194,9997
SCOC,ENSG00000153130,60592
SCOC-AS1,ENSG00000196951,100129858
SCP2,ENSG00000116171,6342
SCPEP1,ENSG00000121064,59342
SCRG1,ENSG00000164106,11341
SCRIB,ENSG00000180900,23513
SCRN1,ENSG00000136193,9805
SCRN2,ENSG00000141295,90507
SCRN3,ENSG00000144306,79634
SCRT1,ENSG00000261678,83482
SCT,ENSG00000070031,6343
SCTR,ENSG00000080293,6344
SCUBE1,ENSG00000159307,80274
SCUBE1-AS2,ENSG00000236272,105373051
SCUBE2,ENSG00000175356,57758
SCUBE3,ENSG00000146197,222663
SCX,ENSG00000260428,642658
SCYL1,ENSG00000142186,57410
SCYL2,ENSG00000136021,55681
SCYL3,ENSG00000000457,57147
SDAD1,ENSG00000198301,55153
SDC1,ENSG00000115884,6382
SDC2,ENSG00000169439,6383
SDC3,ENSG00000162512,9672
SDC4,ENSG00000124145,6385
SDCBP,ENSG00000137575,6386
SDCBP2,ENSG00000125775,27111
SDCBP2-AS1,ENSG00000234684,100507495
SDCCAG8,ENSG00000054282,10806
SDE2,ENSG00000143751,163859
SDF2,ENSG00000132581,6388
SDF2L1,ENSG00000128228,23753
SDF4,ENSG00000078808,51150
SDHA,ENSG00000073578,6389
SDHAF1,ENSG00000205138,644096
SDHAF2,ENSG00000167985,54949
SDHAF3,ENSG00000196636,57001
SDHAF4,ENSG00000154079,135154
SDHAP2,ENSG00000242086,727956
SDHB,ENSG00000117118,6390
SDHC,ENSG00000143252,6391
SDHD,ENSG00000204370,6392
SDK1,ENSG00000146555,221935
SDK2,ENSG00000069188,54549
SDR16C5,ENSG00000170786,195814
SDR39U1,ENSG00000100445,56948
SDR42E1,ENSG00000184860,93517
SDR42E2,ENSG00000183921,100288072
SDR9C7,ENSG00000170426,121214
SDS,ENSG00000135094,10993
SDSL,ENSG00000139410,113675
SEC11A,ENSG00000140612,23478
SEC11C,ENSG00000166562,90701
SEC13,ENSG00000157020,6396
SEC14L1,ENSG00000129657,6397
SEC14L1P1,ENSG00000213693,729799
SEC14L2,ENSG00000100003,23541
SEC14L4,ENSG00000133488,284904
SEC14L5,ENSG00000103184,9717
SEC14L6,ENSG00000214491,730005
SEC16A,ENSG00000148396,9919
SEC16B,ENSG00000120341,89866
SEC22A,ENSG00000121542,26984
SEC22B,ENSG00000265808,9554
SEC22C,ENSG00000093183,9117
SEC23A,ENSG00000100934,10484
SEC23B,ENSG00000101310,10483
SEC23IP,ENSG00000107651,11196
SEC24A,ENSG00000113615,10802
SEC24B,ENSG00000138802,10427
SEC24B-AS1,ENSG00000247950,100533182
SEC24C,ENSG00000176986,9632
SEC24D,ENSG00000150961,9871
SEC31A,ENSG00000138674,22872
SEC31B,ENSG00000075826,25956
SEC61A1,ENSG00000058262,29927
SEC61A2,ENSG00000065665,55176
SEC61B,ENSG00000106803,10952
SEC61G,ENSG00000132432,23480
SEC62,ENSG00000008952,7095
SEC63,ENSG00000025796,11231
SEC63P1,ENSG00000228057,100420341
SECISBP2,ENSG00000187742,79048
SECISBP2L,ENSG00000138593,9728
SECTM1,ENSG00000141574,6398
SEH1L,ENSG00000085415,81929
SEL1L,ENSG00000071537,6400
SEL1L3,ENSG00000091490,23231
SELE,ENSG00000007908,6401
SELENBP1,ENSG00000143416,8991
SELENOF,ENSG00000183291,9403
SELENOH,ENSG00000211450,280636
SELENOI,ENSG00000138018,85465
SELENOK,ENSG00000113811,58515
SELENOM,ENSG00000198832,140606
SELENON,ENSG00000162430,57190
SELENOO,ENSG00000073169,83642
SELENOP,ENSG00000250722,6414
SELENOS,ENSG00000131871,55829
SELENOT,ENSG00000198843,51714
SELENOW,ENSG00000178980,6415
SELL,ENSG00000188404,6402
SELP,ENSG00000174175,6403
SELPLG,ENSG00000110876,6404
SEM1,ENSG00000127922,7979
SEMA3A,ENSG00000075213,10371
SEMA3B,ENSG00000012171,7869
SEMA3C,ENSG00000075223,10512
SEMA3D,ENSG00000153993,223117
SEMA3E,ENSG00000170381,9723
SEMA3F,ENSG00000001617,6405
SEMA3F-AS1,ENSG00000235016,100129060
SEMA3G,ENSG00000010319,56920
SEMA4A,ENSG00000196189,64218
SEMA4B,ENSG00000185033,10509
SEMA4C,ENSG00000168758,54910
SEMA4D,ENSG00000187764,10507
SEMA4F,ENSG00000135622,10505
SEMA4G,ENSG00000095539,57715
SEMA5A,ENSG00000112902,9037
SEMA5B,ENSG00000082684,54437
SEMA6A,ENSG00000092421,57556
SEMA6A-AS1,ENSG00000248445,101927233
SEMA6A-AS2,ENSG00000249167,105379132
SEMA6B,ENSG00000167680,10501
SEMA6C,ENSG00000143434,10500
SEMA6D,ENSG00000137872,80031
SEMA7A,ENSG00000138623,8482
SENCR,ENSG00000254703,100507392
SENP1,ENSG00000079387,29843
SENP2,ENSG00000163904,59343
SENP3,ENSG00000161956,26168
SENP5,ENSG00000119231,205564
SENP6,ENSG00000112701,26054
SENP7,ENSG00000138468,57337
SENP8,ENSG00000166192,123228
SEPHS1,ENSG00000086475,22929
SEPHS1P6,ENSG00000213938,729399
SEPHS2,ENSG00000179918,22928
SEPSECS,ENSG00000109618,51091
SEPT5-GP1BB,ENSG00000284874,100526833
SEPTIN1,ENSG00000180096,1731
SEPTIN10,ENSG00000186522,151011
SEPTIN11,ENSG00000138758,55752
SEPTIN12,ENSG00000140623,124404
SEPTIN2,ENSG00000168385,4735
SEPTIN3,ENSG00000100167,55964
SEPTIN4,ENSG00000108387,5414
SEPTIN4-AS1,ENSG00000264672,101927688
SEPTIN5,ENSG00000184702,5413
SEPTIN6,ENSG00000125354,23157
SEPTIN7,ENSG00000122545,989
SEPTIN8,ENSG00000164402,23176
SEPTIN9,ENSG00000184640,10801
SEPTIN9-DT,ENSG00000263718,105371907
SERAC1,ENSG00000122335,84947
SERBP1,ENSG00000142864,26135
SERF1A,ENSG00000172058,8293
SERF1B,ENSG00000205572,728492
SERF2,ENSG00000140264,10169
SERGEF,ENSG00000129158,26297
SERHL2,ENSG00000183569,253190
SERINC1,ENSG00000111897,57515
SERINC2,ENSG00000168528,347735
SERINC3,ENSG00000132824,10955
SERINC5,ENSG00000164300,256987
SERP1,ENSG00000120742,27230
SERP2,ENSG00000151778,387923
SERPINA1,ENSG00000197249,5265
SERPINA10,ENSG00000140093,51156
SERPINA11,ENSG00000186910,256394
SERPINA12,ENSG00000165953,145264
SERPINA3,ENSG00000196136,12
SERPINA4,ENSG00000100665,5267
SERPINA5,ENSG00000188488,5104
SERPINA6,ENSG00000170099,866
SERPINA9,ENSG00000170054,327657
SERPINB1,ENSG00000021355,1992
SERPINB10,ENSG00000242550,5273
SERPINB2,ENSG00000197632,5055
SERPINB3,ENSG00000057149,6317
SERPINB4,ENSG00000206073,6318
SERPINB5,ENSG00000206075,5268
SERPINB6,ENSG00000124570,5269
SERPINB7,ENSG00000166396,8710
SERPINB8,ENSG00000166401,5271
SERPINB9,ENSG00000170542,5272
SERPINC1,ENSG00000117601,462
SERPIND1,ENSG00000099937,3053
SERPINE1,ENSG00000106366,5054
SERPINE2,ENSG00000135919,5270
SERPINE3,ENSG00000253309,647174
SERPINF1,ENSG00000132386,5176
SERPINF2,ENSG00000167711,5345
SERPING1,ENSG00000149131,710
SERPINH1,ENSG00000149257,871
SERPINI1,ENSG00000163536,5274
SERTAD1,ENSG00000197019,29950
SERTAD2,ENSG00000179833,9792
SERTAD3,ENSG00000167565,29946
SERTAD4,ENSG00000082497,56256
SESN1,ENSG00000080546,27244
SESN2,ENSG00000130766,83667
SESN3,ENSG00000149212,143686
SESTD1,ENSG00000187231,91404
SET,ENSG00000119335,6418
SETBP1,ENSG00000152217,26040
SETBP1-DT,ENSG00000267414,101927943
SETD1A,ENSG00000099381,9739
SETD1B,ENSG00000139718,23067
SETD2,ENSG00000181555,29072
SETD3,ENSG00000183576,84193
SETD4,ENSG00000185917,54093
SETD5,ENSG00000168137,55209
SETD6,ENSG00000103037,79918
SETD7,ENSG00000145391,80854
SETD9,ENSG00000155542,133383
SETDB1,ENSG00000143379,9869
SETDB2,ENSG00000136169,83852
SETMAR,ENSG00000170364,6419
SETSIP,ENSG00000230667,646817
SETX,ENSG00000107290,23064
SEZ6,ENSG00000063015,124925
SEZ6L,ENSG00000100095,23544
SEZ6L2,ENSG00000174938,26470
SF1,ENSG00000168066,7536
SF3A1,ENSG00000099995,10291
SF3A2,ENSG00000104897,8175
SF3A3,ENSG00000183431,10946
SF3B1,ENSG00000115524,23451
SF3B2,ENSG00000087365,10992
SF3B3,ENSG00000189091,23450
SF3B4,ENSG00000143368,10262
SF3B5,ENSG00000169976,83443
SF3B6,ENSG00000115128,51639
SFI1,ENSG00000198089,9814
SFMBT1,ENSG00000163935,51460
SFMBT2,ENSG00000198879,57713
SFN,ENSG00000175793,2810
SFPQ,ENSG00000116560,6421
SFR1,ENSG00000156384,119392
SFRP1,ENSG00000104332,6422
SFRP2,ENSG00000145423,6423
SFRP4,ENSG00000106483,6424
SFRP5,ENSG00000120057,6425
SFSWAP,ENSG00000061936,6433
SFT2D1,ENSG00000198818,113402
SFT2D2,ENSG00000213064,375035
SFTA1P,ENSG00000225383,207107
SFTA2,ENSG00000196260,389376
SFTPA2,ENSG00000185303,729238
SFTPB,ENSG00000168878,6439
SFTPD,ENSG00000133661,6441
SFXN1,ENSG00000164466,94081
SFXN2,ENSG00000156398,118980
SFXN3,ENSG00000107819,81855
SFXN4,ENSG00000183605,119559
SFXN5,ENSG00000144040,94097
SGCA,ENSG00000108823,6442
SGCB,ENSG00000163069,6443
SGCD,ENSG00000170624,6444
SGCE,ENSG00000127990,8910
SGCG,ENSG00000102683,6445
SGF29,ENSG00000176476,112869
SGIP1,ENSG00000118473,84251
SGK1,ENSG00000118515,6446
SGK2,ENSG00000101049,10110
SGK3,ENSG00000104205,23678
SGMS1,ENSG00000198964,259230
SGMS2,ENSG00000164023,166929
SGO1,ENSG00000129810,151648
SGO1-AS1,ENSG00000231304,100874028
SGO2,ENSG00000163535,151246
SGPL1,ENSG00000166224,8879
SGPP1,ENSG00000126821,81537
SGPP2,ENSG00000163082,130367
SGSH,ENSG00000181523,6448
SGSM1,ENSG00000167037,129049
SGSM2,ENSG00000141258,9905
SGSM3,ENSG00000100359,27352
SGTA,ENSG00000104969,6449
SGTB,ENSG00000197860,54557
SH2B1,ENSG00000178188,25970
SH2B2,ENSG00000160999,10603
SH2B3,ENSG00000111252,10019
SH2D1A,ENSG00000183918,4068
SH2D1B,ENSG00000198574,117157
SH2D2A,ENSG00000027869,9047
SH2D3A,ENSG00000125731,10045
SH2D3C,ENSG00000095370,10044
SH2D4A,ENSG00000104611,63898
SH2D4B,ENSG00000178217,387694
SH2D5,ENSG00000189410,400745
SH2D6,ENSG00000152292,284948
SH2D7,ENSG00000183476,646892
SH3BGR,ENSG00000185437,6450
SH3BGRL,ENSG00000131171,6451
SH3BGRL2,ENSG00000198478,83699
SH3BGRL3,ENSG00000142669,83442
SH3BP1,ENSG00000100092,23616
SH3BP2,ENSG00000087266,6452
SH3BP4,ENSG00000130147,23677
SH3BP5,ENSG00000131370,9467
SH3BP5-AS1,ENSG00000224660,100505696
SH3BP5L,ENSG00000175137,80851
SH3D19,ENSG00000109686,152503
SH3D21,ENSG00000214193,79729
SH3GL1,ENSG00000141985,6455
SH3GL2,ENSG00000107295,6456
SH3GL3,ENSG00000140600,6457
SH3GLB1,ENSG00000097033,51100
SH3GLB2,ENSG00000148341,56904
SH3KBP1,ENSG00000147010,30011
SH3PXD2A,ENSG00000107957,9644
SH3PXD2A-AS1,ENSG00000280693,100505839
SH3PXD2B,ENSG00000174705,285590
SH3RF1,ENSG00000154447,57630
SH3RF2,ENSG00000156463,153769
SH3RF3,ENSG00000172985,344558
SH3TC1,ENSG00000125089,54436
SH3TC2,ENSG00000169247,79628
SH3TC2-DT,ENSG00000250072,255187
SH3YL1,ENSG00000035115,26751
SHANK1,ENSG00000161681,50944
SHANK2,ENSG00000162105,22941
SHANK3,ENSG00000251322,85358
SHARPIN,ENSG00000179526,81858
SHB,ENSG00000107338,6461
SHBG,ENSG00000129214,6462
SHC1,ENSG00000160691,6464
SHC2,ENSG00000129946,25759
SHC3,ENSG00000148082,53358
SHC4,ENSG00000185634,399694
SHCBP1,ENSG00000171241,79801
SHD,ENSG00000105251,56961
SHE,ENSG00000169291,126669
SHF,ENSG00000138606,90525
SHFL,ENSG00000130813,55337
SHH,ENSG00000164690,6469
SHISA2,ENSG00000180730,387914
SHISA3,ENSG00000178343,152573
SHISA4,ENSG00000198892,149345
SHISA5,ENSG00000164054,51246
SHISA6,ENSG00000188803,388336
SHISA7,ENSG00000187902,729956
SHISA8,ENSG00000234965,440829
SHISA9,ENSG00000237515,729993
SHISAL1,ENSG00000138944,85352
SHISAL2A,ENSG00000182183,348378
SHKBP1,ENSG00000160410,92799
SHLD1,ENSG00000171984,149840
SHLD2,ENSG00000122376,54537
SHLD3,ENSG00000253251,112441434
SHMT1,ENSG00000176974,6470
SHMT2,ENSG00000182199,6472
SHOC1,ENSG00000165181,158401
SHOC2,ENSG00000108061,8036
SHOX2,ENSG00000168779,6474
SHPK,ENSG00000197417,23729
SHPRH,ENSG00000146414,257218
SHQ1,ENSG00000144736,55164
SHROOM1,ENSG00000164403,134549
SHROOM2,ENSG00000146950,357
SHROOM3,ENSG00000138771,57619
SHROOM4,ENSG00000158352,57477
SHTN1,ENSG00000187164,57698
SIAE,ENSG00000110013,54414
SIAH1,ENSG00000196470,6477
SIAH2,ENSG00000181788,6478
SIAH3,ENSG00000215475,283514
SIDT1,ENSG00000072858,54847
SIDT2,ENSG00000149577,51092
SIGIRR,ENSG00000185187,59307
SIGLEC1,ENSG00000088827,6614
SIGLEC10,ENSG00000142512,89790
SIGLEC11,ENSG00000161640,114132
SIGLEC12,ENSG00000254521,89858
SIGLEC14,ENSG00000254415,100049587
SIGLEC15,ENSG00000197046,284266
SIGLEC16,ENSG00000161643,400709
SIGLEC6,ENSG00000105492,946
SIGLEC7,ENSG00000168995,27036
SIGLEC8,ENSG00000105366,27181
SIGLEC9,ENSG00000129450,27180
SIGMAR1,ENSG00000147955,10280
SIK1,ENSG00000142178,150094
SIK2,ENSG00000170145,23235
SIK3,ENSG00000160584,23387
SIKE1,ENSG00000052723,80143
SIL1,ENSG00000120725,64374
SIM1,ENSG00000112246,6492
SIM2,ENSG00000159263,6493
SIMALR,ENSG00000226004,105378020
SIMC1,ENSG00000170085,375484
SIN3A,ENSG00000169375,25942
SIN3B,ENSG00000127511,23309
SINHCAF,ENSG00000139146,58516
SIPA1,ENSG00000213445,6494
SIPA1L1,ENSG00000197555,26037
SIPA1L2,ENSG00000116991,57568
SIPA1L3,ENSG00000105738,23094
SIRLNT,ENSG00000253802,112543493
SIRPA,ENSG00000198053,140885
SIRPB1,ENSG00000101307,10326
SIRPB2,ENSG00000196209,284759
SIRPG,ENSG00000089012,55423
SIRPG-AS1,ENSG00000237914,101929010
SIRT1,ENSG00000096717,23411
SIRT2,ENSG00000068903,22933
SIRT3,ENSG00000142082,23410
SIRT4,ENSG00000089163,23409
SIRT5,ENSG00000124523,23408
SIRT6,ENSG00000077463,51548
SIRT7,ENSG00000187531,51547
SIT1,ENSG00000137078,27240
SIVA1,ENSG00000184990,10572
SIX1,ENSG00000126778,6495
SIX2,ENSG00000170577,10736
SIX3,ENSG00000138083,6496
SIX3-AS1,ENSG00000236502,100506108
SIX4,ENSG00000100625,51804
SIX5,ENSG00000177045,147912
SKA1,ENSG00000154839,220134
SKA2,ENSG00000182628,348235
SKA3,ENSG00000165480,221150
SKAP1,ENSG00000141293,8631
SKAP2,ENSG00000005020,8935
SKI,ENSG00000157933,6497
SKIC2,ENSG00000204351,6499
SKIC3,ENSG00000198677,9652
SKIC8,ENSG00000140395,80349
SKIDA1,ENSG00000180592,387640
SKIL,ENSG00000136603,6498
SKOR1,ENSG00000188779,390598
SKP1,ENSG00000113558,6500
SKP2,ENSG00000145604,6502
SLA,ENSG00000155926,6503
SLA2,ENSG00000101082,84174
SLAIN1,ENSG00000139737,122060
SLAIN2,ENSG00000109171,57606
SLAMF1,ENSG00000117090,6504
SLAMF6,ENSG00000162739,114836
SLAMF7,ENSG00000026751,57823
SLAMF8,ENSG00000158714,56833
SLAMF9,ENSG00000162723,89886
SLBP,ENSG00000163950,7884
SLC10A3,ENSG00000126903,8273
SLC10A4,ENSG00000145248,201780
SLC10A5,ENSG00000253598,347051
SLC10A6,ENSG00000145283,345274
SLC10A7,ENSG00000120519,84068
SLC11A1,ENSG00000018280,6556
SLC11A2,ENSG00000110911,4891
SLC12A1,ENSG00000074803,6557
SLC12A2,ENSG00000064651,6558
SLC12A2-DT,ENSG00000245937,644873
SLC12A3,ENSG00000070915,6559
SLC12A4,ENSG00000124067,6560
SLC12A5,ENSG00000124140,57468
SLC12A5-AS1,ENSG00000204044,109729184
SLC12A6,ENSG00000140199,9990
SLC12A7,ENSG00000113504,10723
SLC12A8,ENSG00000221955,84561
SLC12A9,ENSG00000146828,56996
SLC12A9-AS1,ENSG00000236305,105375430
SLC13A2,ENSG00000007216,9058
SLC13A3,ENSG00000158296,64849
SLC13A4,ENSG00000164707,26266
SLC13A5,ENSG00000141485,284111
SLC14A1,ENSG00000141469,6563
SLC14A2,ENSG00000132874,8170
SLC15A1,ENSG00000088386,6564
SLC15A2,ENSG00000163406,6565
SLC15A3,ENSG00000110446,51296
SLC15A4,ENSG00000139370,121260
SLC15A5,ENSG00000188991,729025
SLC16A1,ENSG00000155380,6566
SLC16A1-AS1,ENSG00000226419,100506392
SLC16A10,ENSG00000112394,117247
SLC16A11,ENSG00000174326,162515
SLC16A12,ENSG00000152779,387700
SLC16A13,ENSG00000174327,201232
SLC16A14,ENSG00000163053,151473
SLC16A2,ENSG00000147100,6567
SLC16A3,ENSG00000141526,9123
SLC16A4,ENSG00000168679,9122
SLC16A5,ENSG00000170190,9121
SLC16A6,ENSG00000108932,9120
SLC16A7,ENSG00000118596,9194
SLC16A8,ENSG00000100156,23539
SLC16A9,ENSG00000165449,220963
SLC17A5,ENSG00000119899,26503
SLC17A7,ENSG00000104888,57030
SLC17A8,ENSG00000179520,246213
SLC17A9,ENSG00000101194,63910
SLC18A1,ENSG00000036565,6570
SLC18A2,ENSG00000165646,6571
SLC18B1,ENSG00000146409,116843
SLC19A1,ENSG00000173638,6573
SLC19A2,ENSG00000117479,10560
SLC19A3,ENSG00000135917,80704
SLC1A1,ENSG00000106688,6505
SLC1A2,ENSG00000110436,6506
SLC1A3,ENSG00000079215,6507
SLC1A3-AS1,ENSG00000250155,107986412
SLC1A4,ENSG00000115902,6509
SLC1A5,ENSG00000105281,6510
SLC1A6,ENSG00000105143,6511
SLC1A7,ENSG00000162383,6512
SLC20A1,ENSG00000144136,6574
SLC20A2,ENSG00000168575,6575
SLC22A1,ENSG00000175003,6580
SLC22A10,ENSG00000184999,387775
SLC22A11,ENSG00000168065,55867
SLC22A14,ENSG00000144671,9389
SLC22A15,ENSG00000163393,55356
SLC22A16,ENSG00000004809,85413
SLC22A17,ENSG00000092096,51310
SLC22A18,ENSG00000110628,5002
SLC22A18AS,ENSG00000254827,5003
SLC22A23,ENSG00000137266,63027
SLC22A3,ENSG00000146477,6581
SLC22A31,ENSG00000259803,146429
SLC22A4,ENSG00000197208,6583
SLC22A5,ENSG00000197375,6584
SLC23A1,ENSG00000170482,9963
SLC23A2,ENSG00000089057,9962
SLC23A3,ENSG00000213901,151295
SLC24A1,ENSG00000074621,9187
SLC24A2,ENSG00000155886,25769
SLC24A3,ENSG00000185052,57419
SLC24A4,ENSG00000140090,123041
SLC25A1,ENSG00000100075,6576
SLC25A10,ENSG00000183048,1468
SLC25A11,ENSG00000108528,8402
SLC25A12,ENSG00000115840,8604
SLC25A13,ENSG00000004864,10165
SLC25A14,ENSG00000102078,9016
SLC25A15,ENSG00000102743,10166
SLC25A16,ENSG00000122912,8034
SLC25A17,ENSG00000100372,10478
SLC25A18,ENSG00000182902,83733
SLC25A19,ENSG00000125454,60386
SLC25A20,ENSG00000178537,788
SLC25A21,ENSG00000183032,89874
SLC25A21-AS1,ENSG00000258708,100129794
SLC25A22,ENSG00000177542,79751
SLC25A23,ENSG00000125648,79085
SLC25A24,ENSG00000085491,29957
SLC25A24P2,ENSG00000238118,100422608
SLC25A25,ENSG00000148339,114789
SLC25A26,ENSG00000144741,115286
SLC25A27,ENSG00000153291,9481
SLC25A28,ENSG00000155287,81894
SLC25A28-DT,ENSG00000260475,123466211
SLC25A29,ENSG00000197119,123096
SLC25A3,ENSG00000075415,5250
SLC25A30,ENSG00000174032,253512
SLC25A30-AS1,ENSG00000251015,100874259
SLC25A32,ENSG00000164933,81034
SLC25A33,ENSG00000171612,84275
SLC25A34,ENSG00000162461,284723
SLC25A35,ENSG00000125434,399512
SLC25A36,ENSG00000114120,55186
SLC25A36P1,ENSG00000267781,106480240
SLC25A37,ENSG00000147454,51312
SLC25A38,ENSG00000144659,54977
SLC25A39,ENSG00000013306,51629
SLC25A4,ENSG00000151729,291
SLC25A40,ENSG00000075303,55972
SLC25A41,ENSG00000181240,284427
SLC25A42,ENSG00000181035,284439
SLC25A43,ENSG00000077713,203427
SLC25A44,ENSG00000160785,9673
SLC25A45,ENSG00000162241,283130
SLC25A46,ENSG00000164209,91137
SLC25A48,ENSG00000145832,153328
SLC25A5,ENSG00000005022,292
SLC25A5-AS1,ENSG00000224281,100303728
SLC25A51,ENSG00000122696,92014
SLC25A53,ENSG00000269743,401612
SLC25A5P1,ENSG00000215347,266623
SLC25A5P5,ENSG00000226421,442525
SLC25A6,ENSG00000169100,293
SLC26A1,ENSG00000145217,10861
SLC26A11,ENSG00000181045,284129
SLC26A2,ENSG00000155850,1836
SLC26A3,ENSG00000091138,1811
SLC26A4,ENSG00000091137,5172
SLC26A5,ENSG00000170615,375611
SLC26A5-AS1,ENSG00000234715,101927870
SLC26A6,ENSG00000225697,65010
SLC26A7,ENSG00000147606,115111
SLC26A8,ENSG00000112053,116369
SLC26A9,ENSG00000174502,115019
SLC27A1,ENSG00000130304,376497
SLC27A2,ENSG00000140284,11001
SLC27A3,ENSG00000143554,11000
SLC27A4,ENSG00000167114,10999
SLC27A5,ENSG00000083807,10998
SLC27A6,ENSG00000113396,28965
SLC28A1,ENSG00000156222,9154
SLC28A2,ENSG00000137860,9153
SLC28A2-AS1,ENSG00000259520,101928414
SLC28A3,ENSG00000197506,64078
SLC29A1,ENSG00000112759,2030
SLC29A2,ENSG00000174669,3177
SLC29A3,ENSG00000198246,55315
SLC29A4,ENSG00000164638,222962
SLC2A1,ENSG00000117394,6513
SLC2A1-DT,ENSG00000227533,440584
SLC2A10,ENSG00000197496,81031
SLC2A11,ENSG00000133460,66035
SLC2A12,ENSG00000146411,154091
SLC2A13,ENSG00000151229,114134
SLC2A14,ENSG00000173262,144195
SLC2A3,ENSG00000059804,6515
SLC2A4,ENSG00000181856,6517
SLC2A4RG,ENSG00000125520,56731
SLC2A5,ENSG00000142583,6518
SLC2A6,ENSG00000160326,11182
SLC2A8,ENSG00000136856,29988
SLC2A9,ENSG00000109667,56606
SLC30A1,ENSG00000170385,7779
SLC30A2,ENSG00000158014,7780
SLC30A3,ENSG00000115194,7781
SLC30A4,ENSG00000104154,7782
SLC30A5,ENSG00000145740,64924
SLC30A6,ENSG00000152683,55676
SLC30A6-DT,ENSG00000272716,118568811
SLC30A7,ENSG00000162695,148867
SLC30A8,ENSG00000164756,169026
SLC30A9,ENSG00000014824,10463
SLC31A1,ENSG00000136868,1317
SLC31A2,ENSG00000136867,1318
SLC33A1,ENSG00000169359,9197
SLC34A1,ENSG00000131183,6569
SLC34A2,ENSG00000157765,10568
SLC34A3,ENSG00000198569,142680
SLC35A1,ENSG00000164414,10559
SLC35A2,ENSG00000102100,7355
SLC35A3,ENSG00000117620,23443
SLC35A4,ENSG00000176087,113829
SLC35A5,ENSG00000138459,55032
SLC35B1,ENSG00000121073,10237
SLC35B2,ENSG00000157593,347734
SLC35B3,ENSG00000124786,51000
SLC35B4,ENSG00000205060,84912
SLC35C1,ENSG00000181830,55343
SLC35C2,ENSG00000080189,51006
SLC35D1,ENSG00000116704,23169
SLC35D2,ENSG00000130958,11046
SLC35D3,ENSG00000182747,340146
SLC35E1,ENSG00000127526,79939
SLC35E2B,ENSG00000189339,728661
SLC35E3,ENSG00000175782,55508
SLC35E4,ENSG00000100036,339665
SLC35F1,ENSG00000196376,222553
SLC35F2,ENSG00000110660,54733
SLC35F3,ENSG00000183780,148641
SLC35F5,ENSG00000115084,80255
SLC35F6,ENSG00000213699,54978
SLC35G1,ENSG00000176273,159371
SLC35G2,ENSG00000168917,80723
SLC36A1,ENSG00000123643,206358
SLC36A4,ENSG00000180773,120103
SLC37A1,ENSG00000160190,54020
SLC37A2,ENSG00000134955,219855
SLC37A3,ENSG00000157800,84255
SLC37A4,ENSG00000137700,2542
SLC38A1,ENSG00000111371,81539
SLC38A10,ENSG00000157637,124565
SLC38A11,ENSG00000169507,151258
SLC38A2,ENSG00000134294,54407
SLC38A3,ENSG00000188338,10991
SLC38A4,ENSG00000139209,55089
SLC38A5,ENSG00000017483,92745
SLC38A6,ENSG00000139974,145389
SLC38A7,ENSG00000103042,55238
SLC38A9,ENSG00000177058,153129
SLC39A1,ENSG00000143570,27173
SLC39A10,ENSG00000196950,57181
SLC39A11,ENSG00000133195,201266
SLC39A12,ENSG00000148482,221074
SLC39A13,ENSG00000165915,91252
SLC39A13-AS1,ENSG00000255197,127138868
SLC39A14,ENSG00000104635,23516
SLC39A2,ENSG00000165794,29986
SLC39A3,ENSG00000141873,29985
SLC39A4,ENSG00000147804,55630
SLC39A5,ENSG00000139540,283375
SLC39A6,ENSG00000141424,25800
SLC39A7,ENSG00000112473,7922
SLC39A8,ENSG00000138821,64116
SLC39A9,ENSG00000029364,55334
SLC3A2,ENSG00000168003,6520
SLC40A1,ENSG00000138449,30061
SLC41A1,ENSG00000133065,254428
SLC41A2,ENSG00000136052,84102
SLC41A3,ENSG00000114544,54946
SLC43A1,ENSG00000149150,8501
SLC43A2,ENSG00000167703,124935
SLC43A3,ENSG00000134802,29015
SLC44A1,ENSG00000070214,23446
SLC44A2,ENSG00000129353,57153
SLC44A3,ENSG00000143036,126969
SLC44A4,ENSG00000204385,80736
SLC44A5,ENSG00000137968,204962
SLC45A1,ENSG00000162426,50651
SLC45A2,ENSG00000164175,51151
SLC45A3,ENSG00000158715,85414
SLC45A4,ENSG00000022567,57210
SLC46A1,ENSG00000076351,113235
SLC46A2,ENSG00000119457,57864
SLC46A3,ENSG00000139508,283537
SLC47A1,ENSG00000142494,55244
SLC47A2,ENSG00000180638,146802
SLC48A1,ENSG00000211584,55652
SLC49A3,ENSG00000169026,84179
SLC49A4,ENSG00000138463,84925
SLC4A10,ENSG00000144290,57282
SLC4A11,ENSG00000088836,83959
SLC4A1AP,ENSG00000163798,22950
SLC4A2,ENSG00000164889,6522
SLC4A3,ENSG00000114923,6508
SLC4A4,ENSG00000080493,8671
SLC4A5,ENSG00000188687,57835
SLC4A7,ENSG00000033867,9497
SLC4A8,ENSG00000050438,9498
SLC50A1,ENSG00000169241,55974
SLC51A,ENSG00000163959,200931
SLC51B,ENSG00000186198,123264
SLC52A1,ENSG00000132517,55065
SLC52A2,ENSG00000185803,79581
SLC52A3,ENSG00000101276,113278
SLC5A1,ENSG00000100170,6523
SLC5A10,ENSG00000154025,125206
SLC5A11,ENSG00000158865,115584
SLC5A12,ENSG00000148942,159963
SLC5A2,ENSG00000140675,6524
SLC5A3,ENSG00000198743,6526
SLC5A4,ENSG00000100191,6527
SLC5A4-AS1,ENSG00000242082,110806273
SLC5A5,ENSG00000105641,6528
SLC5A6,ENSG00000138074,8884
SLC5A7,ENSG00000115665,60482
SLC5A8,ENSG00000256870,160728
SLC5A9,ENSG00000117834,200010
SLC66A1,ENSG00000040487,54896
SLC66A2,ENSG00000122490,80148
SLC66A3,ENSG00000162976,130814
SLC6A1,ENSG00000157103,6529
SLC6A11,ENSG00000132164,6538
SLC6A12,ENSG00000111181,6539
SLC6A13,ENSG00000010379,6540
SLC6A14,ENSG00000268104,11254
SLC6A15,ENSG00000072041,55117
SLC6A16,ENSG00000063127,28968
SLC6A17,ENSG00000197106,388662
SLC6A2,ENSG00000103546,6530
SLC6A20,ENSG00000163817,54716
SLC6A3,ENSG00000142319,6531
SLC6A4,ENSG00000108576,6532
SLC6A6,ENSG00000131389,6533
SLC6A7,ENSG00000011083,6534
SLC6A8,ENSG00000130821,6535
SLC6A9,ENSG00000196517,6536
SLC7A1,ENSG00000139514,6541
SLC7A10,ENSG00000130876,56301
SLC7A11,ENSG00000151012,23657
SLC7A11-AS1,ENSG00000250033,641364
SLC7A13,ENSG00000164893,157724
SLC7A14-AS1,ENSG00000285051,101928583
SLC7A2,ENSG00000003989,6542
SLC7A3,ENSG00000165349,84889
SLC7A4,ENSG00000099960,6545
SLC7A5,ENSG00000103257,8140
SLC7A6,ENSG00000103064,9057
SLC7A6OS,ENSG00000103061,84138
SLC7A7,ENSG00000155465,9056
SLC7A8,ENSG00000092068,23428
SLC7A9,ENSG00000021488,11136
SLC8A1,ENSG00000183023,6546
SLC8A1-AS1,ENSG00000227028,100128590
SLC8A2,ENSG00000118160,6543
SLC8A3,ENSG00000100678,6547
SLC8B1,ENSG00000089060,80024
SLC9A1,ENSG00000090020,6548
SLC9A2,ENSG00000115616,6549
SLC9A3,ENSG00000066230,6550
SLC9A3-OT1,ENSG00000188242,25845
SLC9A4,ENSG00000180251,389015
SLC9A5,ENSG00000135740,6553
SLC9A6,ENSG00000198689,10479
SLC9A7,ENSG00000065923,84679
SLC9A8,ENSG00000197818,23315
SLC9A9,ENSG00000181804,285195
SLC9B1,ENSG00000164037,150159
SLC9B2,ENSG00000164038,133308
SLC9C1,ENSG00000172139,285335
SLCO1A2,ENSG00000084453,6579
SLCO1C1,ENSG00000139155,53919
SLCO2A1,ENSG00000174640,6578
SLCO2B1,ENSG00000137491,11309
SLCO3A1,ENSG00000176463,28232
SLCO4A1,ENSG00000101187,28231
SLCO4A1-AS1,ENSG00000232803,100127888
SLCO4C1,ENSG00000173930,353189
SLCO5A1,ENSG00000137571,81796
SLCO5A1-AS1,ENSG00000246528,121233925
SLEAR,ENSG00000248599,441374
SLF1,ENSG00000133302,84250
SLF2,ENSG00000119906,55719
SLFN11,ENSG00000172716,91607
SLFN12,ENSG00000172123,55106
SLFN12L,ENSG00000205045,100506736
SLFN13,ENSG00000154760,146857
SLFN14,ENSG00000236320,342618
SLFN5,ENSG00000166750,162394
SLFNL1,ENSG00000171790,200172
SLFNL1-AS1,ENSG00000281207,100507178
SLIRP,ENSG00000119705,81892
SLIT1,ENSG00000187122,6585
SLIT2,ENSG00000145147,9353
SLIT3,ENSG00000184347,6586
SLITRK1,ENSG00000178235,114798
SLITRK2,ENSG00000185985,84631
SLITRK3,ENSG00000121871,22865
SLITRK4,ENSG00000179542,139065
SLITRK5,ENSG00000165300,26050
SLITRK6,ENSG00000184564,84189
SLK,ENSG00000065613,9748
SLMAP,ENSG00000163681,7871
SLN,ENSG00000170290,6588
SLPI,ENSG00000124107,6590
SLTM,ENSG00000137776,79811
SLU7,ENSG00000164609,10569
SLURP1,ENSG00000126233,57152
SLX4,ENSG00000188827,84464
SLX4IP,ENSG00000149346,128710
SLX9,ENSG00000160256,85395
SMAD1,ENSG00000170365,4086
SMAD2,ENSG00000175387,4087
SMAD3,ENSG00000166949,4088
SMAD4,ENSG00000141646,4089
SMAD5,ENSG00000113658,4090
SMAD6,ENSG00000137834,4091
SMAD7,ENSG00000101665,4092
SMAD9,ENSG00000120693,4093
SMAGP,ENSG00000170545,57228
SMAP1,ENSG00000112305,60682
SMAP2,ENSG00000084070,64744
SMARCA1,ENSG00000102038,6594
SMARCA2,ENSG00000080503,6595
SMARCA4,ENSG00000127616,6597
SMARCA5,ENSG00000153147,8467
SMARCA5-AS1,ENSG00000245112,100128055
SMARCAD1,ENSG00000163104,56916
SMARCAL1,ENSG00000138375,50485
SMARCB1,ENSG00000099956,6598
SMARCC1,ENSG00000173473,6599
SMARCC2,ENSG00000139613,6601
SMARCD1,ENSG00000066117,6602
SMARCD2,ENSG00000108604,6603
SMARCD3,ENSG00000082014,6604
SMARCE1,ENSG00000073584,6605
SMARCE1P5,ENSG00000230793,400129
SMC1A,ENSG00000072501,8243
SMC1B,ENSG00000077935,27127
SMC2,ENSG00000136824,10592
SMC2-DT,ENSG00000270332,101928550
SMC3,ENSG00000108055,9126
SMC4,ENSG00000113810,10051
SMC5,ENSG00000198887,23137
SMC6,ENSG00000163029,79677
SMCHD1,ENSG00000101596,23347
SMCO2,ENSG00000165935,341346
SMCO4,ENSG00000166002,56935
SMCR8,ENSG00000176994,140775
SMDT1,ENSG00000183172,91689
SMG1,ENSG00000157106,23049
SMG1P1,ENSG00000237296,641298
SMG1P3,ENSG00000180747,100271836
SMG1P4,ENSG00000185710,100507526
SMG1P6,ENSG00000254634,100422558
SMG1P7,ENSG00000261556,100506060
SMG5,ENSG00000198952,23381
SMG6,ENSG00000070366,23293
SMG7,ENSG00000116698,9887
SMG7-AS1,ENSG00000232860,284649
SMG8,ENSG00000167447,55181
SMG9,ENSG00000105771,56006
SMIM1,ENSG00000235169,388588
SMIM10,ENSG00000184785,644538
SMIM10L1,ENSG00000256537,100129361
SMIM10L2A,ENSG00000178947,399668
SMIM10L2B,ENSG00000196972,644596
SMIM12,ENSG00000163866,113444
SMIM13,ENSG00000224531,221710
SMIM14,ENSG00000163683,201895
SMIM14-DT,ENSG00000255458,105374419
SMIM15,ENSG00000188725,643155
SMIM17,ENSG00000268182,147670
SMIM19,ENSG00000176209,114926
SMIM2-AS1,ENSG00000227258,101929212
SMIM20,ENSG00000250317,389203
SMIM22,ENSG00000267795,440335
SMIM23,ENSG00000185662,644994
SMIM24,ENSG00000095932,284422
SMIM26,ENSG00000232388,388789
SMIM27,ENSG00000235453,100129250
SMIM29,ENSG00000186577,221491
SMIM3,ENSG00000256235,85027
SMIM30,ENSG00000214194,401397
SMIM31,ENSG00000248771,100505989
SMIM32,ENSG00000271824,389332
SMIM33,ENSG00000283288,111064649
SMIM35,ENSG00000255274,100526771
SMIM38,ENSG00000284713,107984345
SMIM40,ENSG00000204209,113523636
SMIM43,ENSG00000164112,132332
SMIM45,ENSG00000205704,339674
SMIM5,ENSG00000204323,643008
SMIM6,ENSG00000259120,100130933
SMIM7,ENSG00000214046,79086
SMIM8,ENSG00000111850,57150
SMKR1,ENSG00000240204,100287482
SMN1,ENSG00000205571,6606
SMN2,ENSG00000205571,6607
SMNDC1,ENSG00000119953,10285
SMO,ENSG00000128602,6608
SMOC1,ENSG00000198732,64093
SMOC2,ENSG00000112562,64094
SMOX,ENSG00000088826,54498
SMPD1,ENSG00000166311,6609
SMPD2,ENSG00000135587,6610
SMPD3,ENSG00000103056,55512
SMPD4,ENSG00000136699,55627
SMPD4P1,ENSG00000223553,645280
SMPDL3A,ENSG00000172594,10924
SMPDL3B,ENSG00000130768,27293
SMPX,ENSG00000091482,23676
SMR3B,ENSG00000171201,10879
SMS,ENSG00000102172,6611
SMTN,ENSG00000183963,6525
SMTNL1,ENSG00000214872,219537
SMTNL2,ENSG00000188176,342527
SMU1,ENSG00000122692,55234
SMUG1,ENSG00000123415,23583
SMURF1,ENSG00000198742,57154
SMURF2,ENSG00000108854,64750
SMYD1,ENSG00000115593,150572
SMYD2,ENSG00000143499,56950
SMYD3,ENSG00000185420,64754
SMYD3-AS1,ENSG00000226876,101928089
SMYD4,ENSG00000186532,114826
SMYD5,ENSG00000135632,10322
SNAI1,ENSG00000124216,6615
SNAI2,ENSG00000019549,6591
SNAI3,ENSG00000185669,333929
SNAI3-AS1,ENSG00000260630,197187
SNAP23,ENSG00000092531,8773
SNAP25,ENSG00000132639,6616
SNAP25-AS1,ENSG00000227906,100131208
SNAP29,ENSG00000099940,9342
SNAP47,ENSG00000143740,116841
SNAP91,ENSG00000065609,9892
SNAPC1,ENSG00000023608,6617
SNAPC2,ENSG00000104976,6618
SNAPC3,ENSG00000164975,6619
SNAPC4,ENSG00000165684,6621
SNAPC5,ENSG00000174446,10302
SNAPIN,ENSG00000143553,23557
SNCA,ENSG00000145335,6622
SNCAIP,ENSG00000064692,9627
SNCB,ENSG00000074317,6620
SNCG,ENSG00000173267,6623
SND1,ENSG00000197157,27044
SNED1,ENSG00000162804,25992
SNF8,ENSG00000159210,11267
SNHG1,ENSG00000255717,23642
SNHG10,ENSG00000247092,283596
SNHG11,ENSG00000174365,128439
SNHG12,ENSG00000197989,85028
SNHG15,ENSG00000232956,285958
SNHG16,ENSG00000163597,100507246
SNHG17,ENSG00000196756,388796
SNHG18,ENSG00000250786,100505806
SNHG19,ENSG00000260260,100507303
SNHG20,ENSG00000234912,654434
SNHG21,ENSG00000250988,100505616
SNHG22,ENSG00000267322,103091864
SNHG25,ENSG00000266402,105376843
SNHG26,ENSG00000228649,109729180
SNHG27,ENSG00000251676,101927305
SNHG29,ENSG00000175061,125144
SNHG3,ENSG00000242125,8420
SNHG31,ENSG00000229267,101928103
SNHG32,ENSG00000204387,50854
SNHG4,ENSG00000281398,724102
SNHG5,ENSG00000203875,387066
SNHG7,ENSG00000233016,84973
SNHG8,ENSG00000269893,100093630
SNIP1,ENSG00000163877,79753
SNN,ENSG00000184602,8303
SNORA11,ENSG00000221716,677799
SNORA11F,ENSG00000221164,109617000
SNORA13,ENSG00000238363,654322
SNORA14B,ENSG00000207181,677802
SNORA16B,ENSG00000201544,692157
SNORA2A,ENSG00000206612,677793
SNORA33,ENSG00000200534,594839
SNORA3B,ENSG00000212607,677826
SNORA59A,ENSG00000239149,677885
SNORA59B,ENSG00000239149,677882
SNORA5C,ENSG00000201772,677796
SNORA65,ENSG00000201302,26783
SNORA66,ENSG00000207523,26782
SNORA73B,ENSG00000200087,26768
SNORC,ENSG00000182600,389084
SNORD100,ENSG00000221500,594838
SNORD101,ENSG00000206754,594837
SNORD104,ENSG00000199753,692227
SNORD14A,ENSG00000272034,26822
SNORD14E,ENSG00000200879,85391
SNORD15B,ENSG00000207445,114599
SNORD17,ENSG00000212232,692086
SNORD19,ENSG00000212493,692089
SNORD19C,ENSG00000222345,109616991
SNORD46,ENSG00000200913,94161
SNORD6,ENSG00000202314,692075
SNORD62B,ENSG00000231587,692093
SNORD69,ENSG00000212452,692109
SNORD83A,ENSG00000209482,116937
SNORD89,ENSG00000212283,692205
SNORD94,ENSG00000208772,692225
SNORD99,ENSG00000221539,692212
SNPH,ENSG00000101298,9751
SNRK,ENSG00000163788,54861
SNRNP200,ENSG00000144028,23020
SNRNP25,ENSG00000161981,79622
SNRNP27,ENSG00000124380,11017
SNRNP35,ENSG00000184209,11066
SNRNP40,ENSG00000060688,9410
SNRNP48,ENSG00000168566,154007
SNRNP70,ENSG00000104852,6625
SNRPA,ENSG00000077312,6626
SNRPA1,ENSG00000131876,6627
SNRPA1-DT,ENSG00000259172,120766138
SNRPB,ENSG00000125835,6628
SNRPB2,ENSG00000125870,6629
SNRPC,ENSG00000124562,6631
SNRPD1,ENSG00000167088,6632
SNRPD2,ENSG00000125743,6633
SNRPD3,ENSG00000100028,6634
SNRPE,ENSG00000182004,6635
SNRPF,ENSG00000139343,6636
SNRPF-DT,ENSG00000258343,105369921
SNRPG,ENSG00000143977,6637
SNRPGP14,ENSG00000236577,100874434
SNRPN,ENSG00000128739,6638
SNTA1,ENSG00000101400,6640
SNTB1,ENSG00000172164,6641
SNTB2,ENSG00000168807,6645
SNTG2,ENSG00000172554,54221
SNTN,ENSG00000188817,132203
SNU13,ENSG00000100138,4809
SNUPN,ENSG00000169371,10073
SNURF,ENSG00000273173,8926
SNW1,ENSG00000100603,22938
SNX1,ENSG00000028528,6642
SNX10,ENSG00000086300,29887
SNX10-AS1,ENSG00000225792,105375304
SNX11,ENSG00000002919,29916
SNX12,ENSG00000147164,29934
SNX13,ENSG00000071189,23161
SNX14,ENSG00000135317,57231
SNX15,ENSG00000110025,29907
SNX16,ENSG00000104497,64089
SNX17,ENSG00000115234,9784
SNX18,ENSG00000178996,112574
SNX19,ENSG00000120451,399979
SNX2,ENSG00000205302,6643
SNX20,ENSG00000167208,124460
SNX21,ENSG00000124104,90203
SNX22,ENSG00000157734,79856
SNX24,ENSG00000064652,28966
SNX25,ENSG00000109762,83891
SNX25P1,ENSG00000236809,100419028
SNX27,ENSG00000143376,81609
SNX29,ENSG00000048471,92017
SNX3,ENSG00000112335,8724
SNX30,ENSG00000148158,401548
SNX30-DT,ENSG00000226609,122455334
SNX31,ENSG00000174226,169166
SNX32,ENSG00000172803,254122
SNX33,ENSG00000173548,257364
SNX4,ENSG00000114520,8723
SNX5,ENSG00000089006,27131
SNX6,ENSG00000129515,58533
SNX7,ENSG00000162627,51375
SNX8,ENSG00000106266,29886
SNX9,ENSG00000130340,51429
SOAT1,ENSG00000057252,6646
SOAT2,ENSG00000167780,8435
SOBP,ENSG00000112320,55084
SOCS1,ENSG00000185338,8651
SOCS2,ENSG00000120833,8835
SOCS2-AS1,ENSG00000246985,144481
SOCS3,ENSG00000184557,9021
SOCS3-DT,ENSG00000266970,101928674
SOCS4,ENSG00000180008,122809
SOCS5,ENSG00000171150,9655
SOCS5P2,ENSG00000224682,100128299
SOCS5P4,ENSG00000227536,100132415
SOCS6,ENSG00000170677,9306
SOCS7,ENSG00000274211,30837
SOD1,ENSG00000142168,6647
SOD2-OT1,ENSG00000285427,100129518
SOD3,ENSG00000109610,6649
SOHLH1,ENSG00000165643,402381
SOHLH2,ENSG00000120669,54937
SON,ENSG00000159140,6651
SORBS1,ENSG00000095637,10580
SORBS2,ENSG00000154556,8470
SORBS2-AS1,ENSG00000233110,125177376
SORBS3,ENSG00000120896,10174
SORCS1,ENSG00000108018,114815
SORCS2,ENSG00000184985,57537
SORCS3,ENSG00000156395,22986
SORD,ENSG00000140263,6652
SORL1,ENSG00000137642,6653
SORL1-AS1,ENSG00000246790,105369536
SORT1,ENSG00000134243,6272
SOS1,ENSG00000115904,6654
SOS2,ENSG00000100485,6655
SOSTDC1,ENSG00000171243,25928
SOWAHA,ENSG00000198944,134548
SOWAHB,ENSG00000186212,345079
SOWAHC,ENSG00000198142,65124
SOWAHD,ENSG00000187808,347454
SOX10,ENSG00000100146,6663
SOX11,ENSG00000176887,6664
SOX12,ENSG00000177732,6666
SOX13,ENSG00000143842,9580
SOX15,ENSG00000129194,6665
SOX17,ENSG00000164736,64321
SOX18,ENSG00000203883,54345
SOX2,ENSG00000181449,6657
SOX2-OT,ENSG00000242808,347689
SOX21-AS1,ENSG00000227640,100507533
SOX3,ENSG00000134595,6658
SOX30,ENSG00000039600,11063
SOX4,ENSG00000124766,6659
SOX5,ENSG00000134532,6660
SOX6,ENSG00000110693,55553
SOX7,ENSG00000171056,83595
SOX8,ENSG00000005513,30812
SOX9,ENSG00000125398,6662
SOX9-AS1,ENSG00000234899,400618
SP1,ENSG00000185591,6667
SP100,ENSG00000067066,6672
SP110,ENSG00000135899,3431
SP140,ENSG00000079263,11262
SP140L,ENSG00000185404,93349
SP2,ENSG00000167182,6668
SP2-AS1,ENSG00000234494,100506325
SP2-DT,ENSG00000264920,102724532
SP3,ENSG00000172845,6670
SP4,ENSG00000105866,6671
SP5,ENSG00000204335,389058
SP6,ENSG00000189120,80320
SPA17,ENSG00000064199,53340
SPAAR,ENSG00000235387,158376
SPACA4,ENSG00000177202,171169
SPACA6,ENSG00000182310,147650
SPACA6-AS1,ENSG00000269959,102238594
SPACA9,ENSG00000165698,11092
SPACDR,ENSG00000185955,402573
SPAG1,ENSG00000104450,6674
SPAG16,ENSG00000144451,79582
SPAG17,ENSG00000155761,200162
SPAG4,ENSG00000061656,6676
SPAG5,ENSG00000076382,10615
SPAG6,ENSG00000077327,9576
SPAG7,ENSG00000091640,9552
SPAG8,ENSG00000137098,26206
SPAG9,ENSG00000008294,9043
SPANXA2-OT1,ENSG00000277215,619455
SPANXB1,ENSG00000227234,728695
SPARC,ENSG00000113140,6678
SPARCL1,ENSG00000152583,8404
SPART,ENSG00000133104,23111
SPART-AS1,ENSG00000120664,100507135
SPAST,ENSG00000021574,6683
SPATA1,ENSG00000122432,100505741
SPATA12,ENSG00000186451,353324
SPATA13,ENSG00000228741,221178
SPATA17,ENSG00000162814,128153
SPATA18,ENSG00000163071,132671
SPATA2,ENSG00000158480,9825
SPATA20,ENSG00000006282,64847
SPATA24,ENSG00000170469,202051
SPATA25,ENSG00000149634,128497
SPATA2L,ENSG00000158792,124044
SPATA3-AS1,ENSG00000238062,348761
SPATA31H1,ENSG00000221843,84226
SPATA32,ENSG00000184361,124783
SPATA33,ENSG00000167523,124045
SPATA4,ENSG00000150628,132851
SPATA41,ENSG00000189419,388182
SPATA46,ENSG00000171722,284680
SPATA6,ENSG00000132122,54558
SPATA6L,ENSG00000106686,55064
SPATA7,ENSG00000042317,55812
SPATA9,ENSG00000145757,83890
SPATC1,ENSG00000186583,375686
SPATC1L,ENSG00000160284,84221
SPATS2,ENSG00000123352,65244
SPATS2L,ENSG00000196141,26010
SPC24,ENSG00000161888,147841
SPC25,ENSG00000152253,57405
SPCS1,ENSG00000114902,28972
SPCS2,ENSG00000118363,9789
SPCS3,ENSG00000129128,60559
SPDEF,ENSG00000124664,25803
SPDL1,ENSG00000040275,54908
SPDYA,ENSG00000163806,245711
SPDYC,ENSG00000204710,387778
SPDYE1,ENSG00000136206,285955
SPDYE12,ENSG00000184616,100101268
SPDYE18,ENSG00000205482,100505767
SPDYE2,ENSG00000205238,441273
SPDYE21,ENSG00000230358,442572
SPDYE3,ENSG00000214300,441272
SPDYE5,ENSG00000170092,442590
SPDYE6,ENSG00000260097,729597
SPECC1,ENSG00000128487,92521
SPECC1-DT,ENSG00000261033,119545627
SPECC1L,ENSG00000100014,23384
SPEF1,ENSG00000101222,25876
SPEF2,ENSG00000152582,79925
SPEG,ENSG00000072195,10290
SPEN,ENSG00000065526,23013
SPEN-AS1,ENSG00000179743,729614
SPESP1,ENSG00000258484,246777
SPG11,ENSG00000104133,80208
SPG21,ENSG00000090487,51324
SPG7,ENSG00000197912,6687
SPHK1,ENSG00000176170,8877
SPHK2,ENSG00000063176,56848
SPHKAP,ENSG00000153820,80309
SPI1,ENSG00000066336,6688
SPIB,ENSG00000269404,6689
SPICE1,ENSG00000163611,152185
SPICP3,ENSG00000262503,100128007
SPIDR,ENSG00000164808,23514
SPIN1,ENSG00000106723,10927
SPIN2A,ENSG00000147059,54466
SPIN2B,ENSG00000186787,474343
SPIN3,ENSG00000204271,169981
SPIN4,ENSG00000186767,139886
SPINDOC,ENSG00000168005,144097
SPINK1,ENSG00000164266,6690
SPINK2,ENSG00000128040,6691
SPINK4,ENSG00000122711,27290
SPINK5,ENSG00000133710,11005
SPINK8,ENSG00000229453,646424
SPINT1,ENSG00000166145,6692
SPINT1-AS1,ENSG00000261183,102724362
SPINT2,ENSG00000167642,10653
SPIRE1,ENSG00000134278,56907
SPIRE2,ENSG00000204991,84501
SPMAP2,ENSG00000105549,51298
SPMIP1,ENSG00000272899,100130705
SPMIP3,ENSG00000173728,200159
SPMIP4,ENSG00000153790,136895
SPMIP5,ENSG00000165863,143379
SPMIP6,ENSG00000164972,84688
SPMIP8,ENSG00000159648,374739
SPN,ENSG00000197471,6693
SPNS1,ENSG00000169682,83985
SPNS2,ENSG00000183018,124976
SPNS3,ENSG00000182557,201305
SPOCD1,ENSG00000134668,90853
SPOCK1,ENSG00000152377,6695
SPOCK2,ENSG00000107742,9806
SPOCK3,ENSG00000196104,50859
SPON1,ENSG00000262655,10418
SPON2,ENSG00000159674,10417
SPOP,ENSG00000121067,8405
SPOPL,ENSG00000144228,339745
SPOUT1,ENSG00000198917,51490
SPP1,ENSG00000118785,6696
SPPL2A,ENSG00000138600,84888
SPPL2B,ENSG00000005206,56928
SPPL2C,ENSG00000185294,162540
SPPL3,ENSG00000157837,121665
SPR,ENSG00000116096,6697
SPRED1,ENSG00000166068,161742
SPRED2,ENSG00000198369,200734
SPRED3,ENSG00000188766,399473
SPRING1,ENSG00000111412,79794
SPRN,ENSG00000203772,503542
SPRR1A,ENSG00000169474,6698
SPRR1B,ENSG00000169469,6699
SPRR3,ENSG00000163209,6707
SPRTN,ENSG00000010072,83932
SPRY1,ENSG00000164056,10252
SPRY2,ENSG00000136158,10253
SPRY3,ENSG00000168939,10251
SPRY4,ENSG00000187678,81848
SPRY4-AS1,ENSG00000231185,101926941
SPRYD3,ENSG00000167778,84926
SPRYD4,ENSG00000176422,283377
SPRYD7,ENSG00000123178,57213
SPSB1,ENSG00000171621,80176
SPSB2,ENSG00000111671,84727
SPSB3,ENSG00000162032,90864
SPSB4,ENSG00000175093,92369
SPTA1,ENSG00000163554,6708
SPTAN1,ENSG00000197694,6709
SPTB,ENSG00000070182,6710
SPTBN1,ENSG00000115306,6711
SPTBN2,ENSG00000173898,6712
SPTBN4,ENSG00000160460,57731
SPTBN5,ENSG00000137877,51332
SPTLC1,ENSG00000090054,10558
SPTLC2,ENSG00000100596,9517
SPTLC3,ENSG00000172296,55304
SPTSSA,ENSG00000165389,171546
SPTSSB,ENSG00000196542,165679
SPTY2D1,ENSG00000179119,144108
SPX,ENSG00000134548,80763
SQLE,ENSG00000104549,6713
SQOR,ENSG00000137767,58472
SQSTM1,ENSG00000161011,8878
SRA1,ENSG00000213523,10011
SRARP,ENSG00000183888,149563
SRBD1,ENSG00000068784,55133
SRC,ENSG00000197122,6714
SRCAP,ENSG00000080603,10847
SRCIN1,ENSG00000277363,80725
SRD5A1,ENSG00000145545,6715
SRD5A2,ENSG00000277893,6716
SRD5A3,ENSG00000128039,79644
SRD5A3-AS1,ENSG00000249700,100506462
SREBF1,ENSG00000072310,6720
SREBF2,ENSG00000198911,6721
SREK1,ENSG00000153914,140890
SREK1IP1,ENSG00000153006,285672
SRF,ENSG00000112658,6722
SRFBP1,ENSG00000151304,153443
SRGAP1,ENSG00000196935,57522
SRGAP2,ENSG00000266028,23380
SRGAP2B,ENSG00000196369,647135
SRGAP2C,ENSG00000171943,653464
SRGAP3,ENSG00000196220,9901
SRGAP3-AS2,ENSG00000228723,101927416
SRGAP3-AS4,ENSG00000235830,101927440
SRGN,ENSG00000122862,5552
SRI,ENSG00000075142,6717
SRL,ENSG00000185739,6345
SRM,ENSG00000116649,6723
SRMS,ENSG00000125508,6725
SRP14,ENSG00000140319,6727
SRP14-DT,ENSG00000248508,100131089
SRP14P2,ENSG00000234106,111644132
SRP14P4,ENSG00000268062,111644147
SRP19,ENSG00000153037,6728
SRP54,ENSG00000100883,6729
SRP68,ENSG00000167881,6730
SRP72,ENSG00000174780,6731
SRP72P2,ENSG00000188451,153932
SRP9,ENSG00000143742,6726
SRPK1,ENSG00000096063,6732
SRPK2,ENSG00000135250,6733
SRPK3,ENSG00000184343,26576
SRPRA,ENSG00000182934,6734
SRPRB,ENSG00000144867,58477
SRPX,ENSG00000101955,8406
SRPX2,ENSG00000102359,27286
SRR,ENSG00000167720,63826
SRRD,ENSG00000100104,402055
SRRM1,ENSG00000133226,10250
SRRM2,ENSG00000167978,23524
SRRM2-AS1,ENSG00000205913,100128788
SRRM3,ENSG00000177679,222183
SRRM5,ENSG00000226763,100170229
SRRT,ENSG00000087087,51593
SRSF1,ENSG00000136450,6426
SRSF10,ENSG00000188529,10772
SRSF11,ENSG00000116754,9295
SRSF12,ENSG00000154548,135295
SRSF2,ENSG00000161547,6427
SRSF3,ENSG00000112081,6428
SRSF4,ENSG00000116350,6429
SRSF5,ENSG00000100650,6430
SRSF6,ENSG00000124193,6431
SRSF7,ENSG00000115875,6432
SRSF8,ENSG00000263465,10929
SRSF9,ENSG00000111786,8683
SS18,ENSG00000141380,6760
SS18L1,ENSG00000184402,26039
SS18L2,ENSG00000008324,51188
SSB,ENSG00000138385,6741
SSBP1,ENSG00000106028,6742
SSBP2,ENSG00000145687,23635
SSBP3,ENSG00000157216,23648
SSBP3-AS1,ENSG00000198711,619518
SSBP3P6,ENSG00000217289,646674
SSBP4,ENSG00000130511,170463
SSC4D,ENSG00000146700,136853
SSC5D,ENSG00000179954,284297
SSH1,ENSG00000084112,54434
SSH2,ENSG00000141298,85464
SSH3,ENSG00000172830,54961
SSNA1,ENSG00000176101,8636
SSPN,ENSG00000123096,8082
SSPOP,ENSG00000197558,23145
SSR1,ENSG00000124783,6745
SSR2,ENSG00000163479,6746
SSR3,ENSG00000114850,6747
SSR4,ENSG00000180879,6748
SSRP1,ENSG00000149136,6749
SSTR1,ENSG00000139874,6751
SSTR2,ENSG00000180616,6752
SSTR3,ENSG00000278195,6753
SSU72,ENSG00000160075,29101
SSUH2,ENSG00000125046,51066
SSX2IP,ENSG00000117155,117178
ST13,ENSG00000100380,6767
ST13P15,ENSG00000243759,100422603
ST14,ENSG00000149418,6768
ST18,ENSG00000147488,9705
ST20,ENSG00000180953,400410
ST3GAL1,ENSG00000008513,6482
ST3GAL2,ENSG00000157350,6483
ST3GAL3,ENSG00000126091,6487
ST3GAL4,ENSG00000110080,6484
ST3GAL5,ENSG00000115525,8869
ST3GAL6,ENSG00000064225,10402
ST6GAL1,ENSG00000073849,6480
ST6GAL2,ENSG00000144057,84620
ST6GALNAC1,ENSG00000070526,55808
ST6GALNAC2,ENSG00000070731,10610
ST6GALNAC3,ENSG00000184005,256435
ST6GALNAC4,ENSG00000136840,27090
ST6GALNAC4P1,ENSG00000233469,100874524
ST6GALNAC5,ENSG00000117069,81849
ST6GALNAC6,ENSG00000160408,30815
ST7,ENSG00000004866,7982
ST7-AS1,ENSG00000227199,93653
ST7-OT3,ENSG00000004866,93655
ST7L,ENSG00000007341,54879
ST8SIA1,ENSG00000111728,6489
ST8SIA2,ENSG00000140557,8128
ST8SIA4,ENSG00000113532,7903
ST8SIA5,ENSG00000101638,29906
ST8SIA5-DT,ENSG00000270112,105372097
ST8SIA6,ENSG00000148488,338596
ST8SIA6-AS1,ENSG00000204832,100128098
STAB1,ENSG00000010327,23166
STAB2,ENSG00000136011,55576
STAC,ENSG00000144681,6769
STAC2,ENSG00000141750,342667
STAC3,ENSG00000185482,246329
STAG1,ENSG00000118007,10274
STAG2,ENSG00000101972,10735
STAG2-AS1,ENSG00000232412,101928402
STAG3,ENSG00000066923,10734
STAG3L5P-PVRIG2P-PILRB,ENSG00000272752,101752399
STAM,ENSG00000136738,8027
STAM-DT,ENSG00000260589,102723166
STAM2,ENSG00000115145,10254
STAMBP,ENSG00000124356,10617
STAMBPL1,ENSG00000138134,57559
STAP1,ENSG00000035720,26228
STAP2,ENSG00000178078,55620
STAR,ENSG00000147465,6770
STARD10,ENSG00000214530,10809
STARD13,ENSG00000133121,90627
STARD13-AS,ENSG00000236581,100874241
STARD3,ENSG00000131748,10948
STARD3NL,ENSG00000010270,83930
STARD4,ENSG00000164211,134429
STARD4-AS1,ENSG00000246859,100505678
STARD5,ENSG00000172345,80765
STARD6,ENSG00000174448,147323
STARD7,ENSG00000084090,56910
STARD8,ENSG00000130052,9754
STARD9,ENSG00000159433,57519
STAT1,ENSG00000115415,6772
STAT2,ENSG00000170581,6773
STAT3,ENSG00000168610,6774
STAT4,ENSG00000138378,6775
STAT5A,ENSG00000126561,6776
STAT5B,ENSG00000173757,6777
STAT6,ENSG00000166888,6778
STAU1,ENSG00000124214,6780
STAU2,ENSG00000040341,27067
STAU2-AS1,ENSG00000253302,100128126
STBD1,ENSG00000118804,8987
STC1,ENSG00000159167,6781
STC2,ENSG00000113739,8614
STEAP1,ENSG00000164647,26872
STEAP1B,ENSG00000105889,256227
STEAP1B-AS1,ENSG00000232759,100506178
STEAP2,ENSG00000157214,261729
STEAP2-AS1,ENSG00000227646,100874100
STEAP3,ENSG00000115107,55240
STEAP3-AS1,ENSG00000229867,100874111
STEAP4,ENSG00000127954,79689
STEEP1,ENSG00000018610,63932
STH,ENSG00000256762,246744
STIL,ENSG00000123473,6491
STIM1,ENSG00000167323,6786
STIM2,ENSG00000109689,57620
STIMATE,ENSG00000213533,375346
STIMATE-MUSTN1,ENSG00000248592,100526772
STING1,ENSG00000184584,340061
STIP1,ENSG00000168439,10963
STK10,ENSG00000072786,6793
STK11,ENSG00000118046,6794
STK11IP,ENSG00000144589,114790
STK16,ENSG00000115661,8576
STK17A,ENSG00000164543,9263
STK17B,ENSG00000081320,9262
STK19,ENSG00000204344,8859
STK24,ENSG00000102572,8428
STK25,ENSG00000115694,10494
STK26,ENSG00000134602,51765
STK3,ENSG00000104375,6788
STK31,ENSG00000196335,56164
STK32A,ENSG00000169302,202374
STK32B,ENSG00000152953,55351
STK32C,ENSG00000165752,282974
STK33,ENSG00000130413,65975
STK35,ENSG00000125834,140901
STK36,ENSG00000163482,27148
STK38,ENSG00000112079,11329
STK38L,ENSG00000211455,23012
STK39,ENSG00000198648,27347
STK4,ENSG00000101109,6789
STK4-DT,ENSG00000227477,100505826
STK40,ENSG00000196182,83931
STKLD1,ENSG00000198870,169436
STMN1,ENSG00000117632,3925
STMN2,ENSG00000104435,11075
STMN3,ENSG00000197457,50861
STMN4,ENSG00000015592,81551
STMND1,ENSG00000230873,401236
STMP1,ENSG00000243317,647087
STN1,ENSG00000107960,79991
STOM,ENSG00000148175,2040
STOML1,ENSG00000067221,9399
STOML2,ENSG00000165283,30968
STON1,ENSG00000243244,11037
STON2,ENSG00000140022,85439
STOX1,ENSG00000165730,219736
STOX2,ENSG00000173320,56977
STPG1,ENSG00000001460,90529
STPG2,ENSG00000163116,285555
STPG3,ENSG00000197768,441476
STPG3-AS1,ENSG00000275549,100129722
STRA6,ENSG00000137868,64220
STRA8,ENSG00000146857,346673
STRADA,ENSG00000266173,92335
STRADB,ENSG00000082146,55437
STRAP,ENSG00000023734,11171
STRBP,ENSG00000165209,55342
STRC,ENSG00000242866,161497
STRIP1,ENSG00000143093,85369
STRIP2,ENSG00000128578,57464
STRN,ENSG00000115808,6801
STRN3,ENSG00000196792,29966
STRN4,ENSG00000090372,29888
STS,ENSG00000101846,412
STT3A,ENSG00000134910,3703
STT3A-AS1,ENSG00000149557,105369550
STT3B,ENSG00000163527,201595
STUB1,ENSG00000103266,10273
STUB1-DT,ENSG00000260394,105371184
STUM,ENSG00000203685,375057
STX10,ENSG00000104915,8677
STX11,ENSG00000135604,8676
STX12,ENSG00000117758,23673
STX16,ENSG00000124222,8675
STX16-NPEPL1,ENSG00000254995,100534593
STX17,ENSG00000136874,55014
STX18,ENSG00000168818,53407
STX18-AS1,ENSG00000247708,100507266
STX19,ENSG00000178750,415117
STX1A,ENSG00000106089,6804
STX1B,ENSG00000099365,112755
STX2,ENSG00000111450,2054
STX3,ENSG00000166900,6809
STX4,ENSG00000103496,6810
STX5,ENSG00000162236,6811
STX5-DT,ENSG00000256690,105369332
STX6,ENSG00000135823,10228
STX7,ENSG00000079950,8417
STX8,ENSG00000170310,9482
STXBP1,ENSG00000136854,6812
STXBP2,ENSG00000076944,6813
STXBP3,ENSG00000116266,6814
STXBP4,ENSG00000166263,252983
STXBP5,ENSG00000164506,134957
STXBP5-AS1,ENSG00000233452,729178
STXBP5L,ENSG00000145087,9515
STXBP6,ENSG00000168952,29091
STYK1,ENSG00000060140,55359
STYX,ENSG00000198252,6815
STYXL1,ENSG00000127952,51657
STYXL2,ENSG00000198842,92235
SUB1,ENSG00000113387,10923
SUCLA2,ENSG00000136143,8803
SUCLG1,ENSG00000163541,8802
SUCLG2,ENSG00000172340,8801
SUCLG2-DT,ENSG00000241316,101927111
SUCNR1,ENSG00000198829,56670
SUCO,ENSG00000094975,51430
SUDS3,ENSG00000111707,64426
SUFU,ENSG00000107882,51684
SUGCT,ENSG00000175600,79783
SUGCT-AS1,ENSG00000203446,101928716
SUGP1,ENSG00000105705,57794
SUGP2,ENSG00000064607,10147
SUGT1,ENSG00000165416,10910
SUGT1-DT,ENSG00000273723,116435302
SUGT1P4-STRA6LP,ENSG00000254876,100499484
SULF1,ENSG00000137573,23213
SULF2,ENSG00000196562,55959
SULT1A1,ENSG00000196502,6817
SULT1A2,ENSG00000197165,6799
SULT1B1,ENSG00000173597,27284
SULT1C2,ENSG00000198203,6819
SULT1C4,ENSG00000198075,27233
SULT1E1,ENSG00000109193,6783
SULT2B1,ENSG00000088002,6820
SULT4A1,ENSG00000130540,25830
SUMF1,ENSG00000144455,285362
SUMF2,ENSG00000129103,25870
SUMO1,ENSG00000116030,7341
SUMO2,ENSG00000188612,6613
SUMO2P19,ENSG00000253328,100422265
SUMO3,ENSG00000184900,6612
SUMO4,ENSG00000177688,387082
SUN1,ENSG00000164828,23353
SUN2,ENSG00000100242,25777
SUOX,ENSG00000139531,6821
SUPT16H,ENSG00000092201,11198
SUPT16HP1,ENSG00000256238,400011
SUPT20H,ENSG00000102710,55578
SUPT3H,ENSG00000196284,8464
SUPT5H,ENSG00000196235,6829
SUPT6H,ENSG00000109111,6830
SUPT7L,ENSG00000119760,9913
SUPV3L1,ENSG00000156502,6832
SURF1,ENSG00000148290,6834
SURF2,ENSG00000148291,6835
SURF4,ENSG00000148248,6836
SURF6,ENSG00000148296,6838
SUSD1,ENSG00000106868,64420
SUSD2,ENSG00000099994,56241
SUSD3,ENSG00000157303,203328
SUSD4,ENSG00000143502,55061
SUSD5,ENSG00000173705,26032
SUSD6,ENSG00000100647,9766
SUV39H1,ENSG00000101945,6839
SUV39H2,ENSG00000152455,79723
SUZ12,ENSG00000178691,23512
SV2A,ENSG00000159164,9900
SV2B,ENSG00000185518,9899
SV2C,ENSG00000122012,22987
SVBP,ENSG00000177868,374969
SVEP1,ENSG00000165124,79987
SVIL,ENSG00000197321,6840
SVIP,ENSG00000198168,258010
SVOP,ENSG00000166111,55530
SVOPL,ENSG00000157703,136306
SWAP70,ENSG00000133789,23075
SWI5,ENSG00000175854,375757
SWSAP1,ENSG00000173928,126074
SWT1,ENSG00000116668,54823
SYAP1,ENSG00000169895,94056
SYBU,ENSG00000147642,55638
SYCE1L,ENSG00000205078,100130958
SYCE2,ENSG00000161860,256126
SYCE3,ENSG00000217442,644186
SYCP1,ENSG00000198765,6847
SYCP2,ENSG00000196074,10388
SYCP2L,ENSG00000153157,221711
SYCP3,ENSG00000139351,50511
SYDE1,ENSG00000105137,85360
SYDE2,ENSG00000097096,84144
SYF2,ENSG00000117614,25949
SYK,ENSG00000165025,6850
SYMPK,ENSG00000125755,8189
SYN1,ENSG00000008056,6853
SYN2,ENSG00000157152,6854
SYN3,ENSG00000185666,8224
SYNC,ENSG00000162520,81493
SYNCRIP,ENSG00000135316,10492
SYNCRIPP1,ENSG00000234241,149844
SYNDIG1,ENSG00000101463,79953
SYNDIG1L,ENSG00000183379,646658
SYNE1,ENSG00000131018,23345
SYNE2,ENSG00000054654,23224
SYNE3,ENSG00000176438,161176
SYNE3-AS1,ENSG00000258572,101929107
SYNE4,ENSG00000181392,163183
SYNGAP1,ENSG00000197283,8831
SYNGAP1-AS1,ENSG00000274259,112390310
SYNGR1,ENSG00000100321,9145
SYNGR2,ENSG00000108639,9144
SYNGR3,ENSG00000127561,9143
SYNGR4,ENSG00000105467,23546
SYNJ1,ENSG00000159082,8867
SYNJ2,ENSG00000078269,8871
SYNJ2BP,ENSG00000213463,55333
SYNM,ENSG00000182253,23336
SYNPO,ENSG00000171992,11346
SYNPO2,ENSG00000172403,171024
SYNPO2L,ENSG00000166317,79933
SYNPR-AS1,ENSG00000241359,100874016
SYNRG,ENSG00000275066,11276
SYP,ENSG00000102003,6855
SYPL1,ENSG00000008282,6856
SYPL1P2,ENSG00000265683,100132972
SYPL2,ENSG00000143028,284612
SYS1,ENSG00000204070,90196
SYT1,ENSG00000067715,6857
SYT10,ENSG00000110975,341359
SYT11,ENSG00000132718,23208
SYT12,ENSG00000173227,91683
SYT13,ENSG00000019505,57586
SYT14,ENSG00000143469,255928
SYT15,ENSG00000204176,83849
SYT15B,ENSG00000277758,102724488
SYT16,ENSG00000139973,83851
SYT17,ENSG00000103528,51760
SYT2,ENSG00000143858,127833
SYT3,ENSG00000213023,84258
SYT5,ENSG00000129990,6861
SYT6,ENSG00000134207,148281
SYT7,ENSG00000011347,9066
SYT8,ENSG00000149043,90019
SYT9,ENSG00000170743,143425
SYT9-AS1,ENSG00000251364,100506258
SYTL1,ENSG00000142765,84958
SYTL2,ENSG00000137501,54843
SYTL3,ENSG00000164674,94120
SYTL4,ENSG00000102362,94121
SYTL5,ENSG00000147041,94122
SYVN1,ENSG00000162298,84447
SZRD1,ENSG00000055070,26099
SZT2,ENSG00000198198,23334
TAB1,ENSG00000100324,10454
TAB2,ENSG00000055208,23118
TAB3,ENSG00000157625,257397
TAC1,ENSG00000006128,6863
TAC4,ENSG00000176358,255061
TACC1,ENSG00000147526,6867
TACC2,ENSG00000138162,10579
TACC3,ENSG00000013810,10460
TACO1,ENSG00000136463,51204
TACR1,ENSG00000115353,6869
TACR2,ENSG00000075073,6865
TACR3,ENSG00000169836,6870
TACSTD2,ENSG00000184292,4070
TADA1,ENSG00000152382,117143
TADA2A,ENSG00000276234,6871
TADA2B,ENSG00000173011,93624
TADA3,ENSG00000171148,10474
TAF1,ENSG00000147133,6872
TAF10,ENSG00000166337,6881
TAF11,ENSG00000064995,6882
TAF12,ENSG00000120656,6883
TAF12-DT,ENSG00000229388,105378616
TAF13,ENSG00000197780,6884
TAF15,ENSG00000270647,8148
TAF1A,ENSG00000143498,9015
TAF1A-AS1,ENSG00000225265,100506161
TAF1B,ENSG00000115750,9014
TAF1C,ENSG00000103168,9013
TAF1D,ENSG00000166012,79101
TAF2,ENSG00000064313,6873
TAF3,ENSG00000165632,83860
TAF4,ENSG00000130699,6874
TAF4B,ENSG00000141384,6875
TAF5,ENSG00000148835,6877
TAF5L,ENSG00000135801,27097
TAF5LP1,ENSG00000267369,645744
TAF6,ENSG00000106290,6878
TAF6L,ENSG00000162227,10629
TAF7,ENSG00000178913,6879
TAF7L,ENSG00000102387,54457
TAF8,ENSG00000137413,129685
TAF9,ENSG00000273841,6880
TAF9B,ENSG00000187325,51616
TAFA1,ENSG00000183662,407738
TAFA2,ENSG00000198673,338811
TAFA3,ENSG00000184599,284467
TAFA4,ENSG00000163377,151647
TAFA5,ENSG00000219438,25817
TAFAZZIN,ENSG00000102125,6901
TAGAP,ENSG00000164691,117289
TAGAP-AS1,ENSG00000271913,105378083
TAGLN,ENSG00000149591,6876
TAGLN2,ENSG00000158710,8407
TAGLN3,ENSG00000144834,29114
TAL1,ENSG00000162367,6886
TAL2,ENSG00000186051,6887
TALDO1,ENSG00000177156,6888
TAMALIN,ENSG00000161835,160622
TAMM41,ENSG00000144559,132001
TANC1,ENSG00000115183,85461
TANC2,ENSG00000170921,26115
TANGO2,ENSG00000183597,128989
TANGO6,ENSG00000103047,79613
TANK,ENSG00000136560,10010
TAOK1,ENSG00000160551,57551
TAOK2,ENSG00000149930,9344
TAOK3,ENSG00000135090,51347
TAP1,ENSG00000168394,6890
TAP2,ENSG00000204267,6891
TAPBP,ENSG00000231925,6892
TAPBPL,ENSG00000139192,55080
TAPT1,ENSG00000169762,202018
TAPT1-AS1,ENSG00000263327,202020
TARBP1,ENSG00000059588,6894
TARBP2,ENSG00000139546,6895
TARDBP,ENSG00000120948,23435
TARP,ENSG00000211689,445347
TARS1,ENSG00000113407,6897
TARS2,ENSG00000143374,80222
TARS3,ENSG00000185418,123283
TAS1R1,ENSG00000173662,80835
TAS1R3,ENSG00000169962,83756
TAS2R10,ENSG00000121318,50839
TAS2R14,ENSG00000212127,50840
TAS2R15P,ENSG00000212125,266657
TAS2R19,ENSG00000212124,259294
TAS2R20,ENSG00000255837,259295
TAS2R31,ENSG00000256436,259290
TAS2R4,ENSG00000127364,50832
TAS2R5,ENSG00000127366,54429
TAS2R6P,ENSG00000270923,448990
TASL,ENSG00000120280,80231
TASOR,ENSG00000163946,23272
TASOR2,ENSG00000108021,54906
TASP1,ENSG00000089123,55617
TAT,ENSG00000198650,6898
TAT-AS1,ENSG00000260886,100132529
TATDN1,ENSG00000147687,83940
TATDN2,ENSG00000157014,9797
TATDN3,ENSG00000203705,128387
TAX1BP1,ENSG00000106052,8887
TAX1BP3,ENSG00000213977,30851
TBC1D1,ENSG00000065882,23216
TBC1D10A,ENSG00000099992,83874
TBC1D10B,ENSG00000169221,26000
TBC1D10C,ENSG00000175463,374403
TBC1D12,ENSG00000108239,23232
TBC1D13,ENSG00000107021,54662
TBC1D14,ENSG00000132405,57533
TBC1D15,ENSG00000121749,64786
TBC1D16,ENSG00000167291,125058
TBC1D17,ENSG00000104946,79735
TBC1D19,ENSG00000109680,55296
TBC1D2,ENSG00000095383,55357
TBC1D20,ENSG00000125875,128637
TBC1D22A,ENSG00000054611,25771
TBC1D22A-DT,ENSG00000260708,119863861
TBC1D22B,ENSG00000065491,55633
TBC1D23,ENSG00000036054,55773
TBC1D24,ENSG00000162065,57465
TBC1D25,ENSG00000068354,4943
TBC1D2B,ENSG00000167202,23102
TBC1D3,ENSG00000274512,729873
TBC1D30,ENSG00000111490,23329
TBC1D31,ENSG00000156787,93594
TBC1D32,ENSG00000146350,221322
TBC1D3B,ENSG00000274808,414059
TBC1D3D,ENSG00000274419,101060389
TBC1D3G,ENSG00000274808,101060321
TBC1D3L,ENSG00000274512,101060376
TBC1D4,ENSG00000136111,9882
TBC1D5,ENSG00000131374,9779
TBC1D7,ENSG00000145979,51256
TBC1D7-LOC100130357,ENSG00000145979,107080638
TBC1D8,ENSG00000204634,11138
TBC1D8-AS1,ENSG00000272902,100506286
TBC1D8B,ENSG00000133138,54885
TBC1D9,ENSG00000109436,23158
TBC1D9B,ENSG00000197226,23061
TBCA,ENSG00000171530,6902
TBCB,ENSG00000105254,1155
TBCC,ENSG00000124659,6903
TBCCD1,ENSG00000113838,55171
TBCD,ENSG00000141556,6904
TBCE,ENSG00000284770,6905
TBCEL,ENSG00000154114,219899
TBCEL-TECTA,ENSG00000109927,116804918
TBCK,ENSG00000145348,93627
TBILA,ENSG00000261488,112806053
TBK1,ENSG00000183735,29110
TBKBP1,ENSG00000198933,9755
TBL1X,ENSG00000101849,6907
TBL1XR1,ENSG00000177565,79718
TBL2,ENSG00000106638,26608
TBL3,ENSG00000183751,10607
TBP,ENSG00000112592,6908
TBPL1,ENSG00000028839,9519
TBRG1,ENSG00000154144,84897
TBRG4,ENSG00000136270,9238
TBX1,ENSG00000184058,6899
TBX10,ENSG00000167800,347853
TBX15,ENSG00000092607,6913
TBX18,ENSG00000112837,9096
TBX19,ENSG00000143178,9095
TBX2,ENSG00000121068,6909
TBX2-AS1,ENSG00000267280,103689912
TBX20,ENSG00000164532,57057
TBX21,ENSG00000073861,30009
TBX22,ENSG00000122145,50945
TBX3,ENSG00000135111,6926
TBX3-AS1,ENSG00000257817,105370000
TBX4,ENSG00000121075,9496
TBX5,ENSG00000089225,6910
TBX5-AS1,ENSG00000255399,255480
TBX6,ENSG00000149922,6911
TBXA2R,ENSG00000006638,6915
TBXAS1,ENSG00000059377,6916
TC2N,ENSG00000165929,123036
TCAF1,ENSG00000198420,9747
TCAF1P1,ENSG00000223459,653199
TCAF2,ENSG00000170379,285966
TCAIM,ENSG00000179152,285343
TCAP,ENSG00000173991,8557
TCEA1,ENSG00000187735,6917
TCEA2,ENSG00000171703,6919
TCEA3,ENSG00000204219,6920
TCEAL1,ENSG00000172465,9338
TCEAL2,ENSG00000184905,140597
TCEAL3,ENSG00000196507,85012
TCEAL4,ENSG00000133142,79921
TCEAL5,ENSG00000204065,340543
TCEAL7,ENSG00000182916,56849
TCEAL8,ENSG00000180964,90843
TCEAL9,ENSG00000185222,51186
TCEANC,ENSG00000176896,170082
TCEANC2,ENSG00000116205,127428
TCERG1,ENSG00000113649,10915
TCERG1L,ENSG00000176769,256536
TCF12,ENSG00000140262,6938
TCF12-DT,ENSG00000285331,145783
TCF15,ENSG00000125878,6939
TCF19,ENSG00000137310,6941
TCF20,ENSG00000100207,6942
TCF23,ENSG00000163792,150921
TCF24,ENSG00000261787,100129654
TCF25,ENSG00000141002,22980
TCF3,ENSG00000071564,6929
TCF4,ENSG00000196628,6925
TCF7,ENSG00000081059,6932
TCF7L1,ENSG00000152284,83439
TCF7L2,ENSG00000148737,6934
TCFL5,ENSG00000101190,10732
TCHH,ENSG00000159450,7062
TCHP,ENSG00000139437,84260
TCIM,ENSG00000176907,56892
TCIRG1,ENSG00000110719,10312
TCL1A,ENSG00000100721,8115
TCN1,ENSG00000134827,6947
TCN2,ENSG00000185339,6948
TCOF1,ENSG00000070814,6949
TCP1,ENSG00000120438,6950
TCP10L,ENSG00000242220,140290
TCP11,ENSG00000124678,6954
TCP11L1,ENSG00000176148,55346
TCP11L2,ENSG00000166046,255394
TCP1P3,ENSG00000256849,400013
TCTA,ENSG00000145022,6988
TCTE1,ENSG00000146221,202500
TCTN1,ENSG00000204852,79600
TCTN2,ENSG00000168778,79867
TCTN3,ENSG00000119977,26123
TDG,ENSG00000139372,6996
TDH,ENSG00000154316,157739
TDH-AS1,ENSG00000255020,100129129
TDO2,ENSG00000151790,6999
TDP1,ENSG00000042088,55775
TDP2,ENSG00000111802,51567
TDRD1,ENSG00000095627,56165
TDRD10,ENSG00000163239,126668
TDRD12,ENSG00000173809,91646
TDRD3,ENSG00000083544,81550
TDRD5,ENSG00000162782,163589
TDRD6,ENSG00000180113,221400
TDRD7,ENSG00000196116,23424
TDRD9,ENSG00000156414,122402
TDRG1,ENSG00000204091,732253
TDRKH,ENSG00000182134,11022
TDRKH-AS1,ENSG00000203288,109729141
TDRP,ENSG00000180190,157695
TEAD1,ENSG00000187079,7003
TEAD2,ENSG00000074219,8463
TEAD3,ENSG00000007866,7005
TEAD4,ENSG00000197905,7004
TEC,ENSG00000135605,7006
TECPR1,ENSG00000205356,25851
TECPR2,ENSG00000196663,9895
TECR,ENSG00000099797,9524
TECTA,ENSG00000109927,7007
TEDC1,ENSG00000185347,283643
TEDC2,ENSG00000162062,80178
TEDC2-AS1,ENSG00000259895,729652
TEDDM1,ENSG00000203730,127670
TEF,ENSG00000167074,7008
TEFM,ENSG00000172171,79736
TEK,ENSG00000120156,7010
TEKT1,ENSG00000167858,83659
TEKT2,ENSG00000092850,27285
TEKT3,ENSG00000125409,64518
TEKT4,ENSG00000163060,150483
TEKT5,ENSG00000153060,146279
TEKTIP1,ENSG00000183397,100128569
TELO2,ENSG00000100726,9894
TEN1-CDK3,ENSG00000261408,100529145
TENM1,ENSG00000009694,10178
TENM2,ENSG00000145934,57451
TENM2-AS1,ENSG00000253978,101927862
TENM3,ENSG00000218336,55714
TENM4,ENSG00000149256,26011
TENT2,ENSG00000164329,167153
TENT4A,ENSG00000112941,11044
TENT4B,ENSG00000121274,64282
TENT5A,ENSG00000112773,55603
TENT5B,ENSG00000158246,115572
TENT5C,ENSG00000183508,54855
TENT5D,ENSG00000174016,169966
TEP1,ENSG00000129566,7011
TEPSIN,ENSG00000167302,146705
TERF1,ENSG00000147601,7013
TERF1P7,ENSG00000232186,646127
TERF2,ENSG00000132604,7014
TERF2IP,ENSG00000166848,54386
TERT,ENSG00000164362,7015
TES,ENSG00000135269,26136
TESC,ENSG00000088992,54997
TESK1,ENSG00000107140,7016
TESK2,ENSG00000070759,10420
TESMIN,ENSG00000132749,9633
TESPA1,ENSG00000135426,9840
TET1,ENSG00000138336,80312
TET2,ENSG00000168769,54790
TET3,ENSG00000187605,200424
TEX10,ENSG00000136891,54881
TEX101,ENSG00000131126,83639
TEX11,ENSG00000120498,56159
TEX13C,ENSG00000282815,100129520
TEX14,ENSG00000121101,56155
TEX15,ENSG00000133863,56154
TEX19,ENSG00000182459,400629
TEX2,ENSG00000136478,55852
TEX22,ENSG00000226174,647310
TEX26-AS1,ENSG00000224743,100507064
TEX261,ENSG00000144043,113419
TEX264,ENSG00000164081,51368
TEX29,ENSG00000153495,121793
TEX30,ENSG00000151287,93081
TEX38,ENSG00000186118,374973
TEX41,ENSG00000226674,401014
TEX52,ENSG00000283297,101929469
TEX53,ENSG00000230054,105376230
TEX9,ENSG00000151575,374618
TF,ENSG00000091513,7018
TFAM,ENSG00000108064,7019
TFAP2A,ENSG00000137203,7020
TFAP2A-AS2,ENSG00000285278,109729173
TFAP2B,ENSG00000008196,7021
TFAP2C,ENSG00000087510,7022
TFAP2E,ENSG00000116819,339488
TFAP2E-AS1,ENSG00000239636,105378645
TFAP4,ENSG00000090447,7023
TFB1M,ENSG00000029639,51106
TFB2M,ENSG00000162851,64216
TFB2MP1,ENSG00000220685,442155
TFCP2,ENSG00000135457,7024
TFCP2L1,ENSG00000115112,29842
TFDP1,ENSG00000198176,7027
TFDP2,ENSG00000114126,7029
TFDP3,ENSG00000183434,51270
TFE3,ENSG00000068323,7030
TFEB,ENSG00000112561,7942
TFEC,ENSG00000105967,22797
TFF1,ENSG00000160182,7031
TFF2,ENSG00000160181,7032
TFF3,ENSG00000160180,7033
TFG,ENSG00000114354,10342
TFIP11,ENSG00000100109,24144
TFIP11-DT,ENSG00000261188,100507599
TFPI,ENSG00000003436,7035
TFPI2,ENSG00000105825,7980
TFPI2-DT,ENSG00000234695,105375401
TFPT,ENSG00000105619,29844
TFR2,ENSG00000106327,7036
TFRC,ENSG00000072274,7037
TG,ENSG00000042832,7038
TGDS,ENSG00000088451,23483
TGFA,ENSG00000163235,7039
TGFB1,ENSG00000105329,7040
TGFB1I1,ENSG00000140682,7041
TGFB2,ENSG00000092969,7042
TGFB3,ENSG00000119699,7043
TGFBI,ENSG00000120708,7045
TGFBR1,ENSG00000106799,7046
TGFBR2,ENSG00000163513,7048
TGFBR3,ENSG00000069702,7049
TGFBR3L,ENSG00000260001,100507588
TGFBRAP1,ENSG00000135966,9392
TGIF1,ENSG00000177426,7050
TGIF2,ENSG00000118707,60436
TGM1,ENSG00000092295,7051
TGM2,ENSG00000198959,7052
TGM5,ENSG00000104055,9333
TGOLN2,ENSG00000152291,10618
TGS1,ENSG00000137574,96764
TH,ENSG00000180176,7054
TH2LCRR,ENSG00000223442,101927761
THADA,ENSG00000115970,63892
THAP1,ENSG00000131931,55145
THAP10,ENSG00000129028,56906
THAP11,ENSG00000168286,57215
THAP12,ENSG00000137492,5612
THAP2,ENSG00000173451,83591
THAP3,ENSG00000041988,90326
THAP4,ENSG00000176946,51078
THAP5,ENSG00000177683,168451
THAP6,ENSG00000174796,152815
THAP7,ENSG00000184436,80764
THAP7-AS1,ENSG00000230513,439931
THAP8,ENSG00000161277,199745
THAP9,ENSG00000168152,79725
THAP9-AS1,ENSG00000251022,100499177
THBD,ENSG00000178726,7056
THBS1,ENSG00000137801,7057
THBS2,ENSG00000186340,7058
THBS3,ENSG00000169231,7059
THBS3-AS1,ENSG00000231064,105371450
THBS4,ENSG00000113296,7060
THBS4-AS1,ENSG00000249825,101929215
THEM4,ENSG00000159445,117145
THEM5,ENSG00000196407,284486
THEM6,ENSG00000130193,51337
THEMIS,ENSG00000172673,387357
THEMIS2,ENSG00000130775,9473
THG1L,ENSG00000113272,54974
THNSL1,ENSG00000185875,79896
THNSL2,ENSG00000144115,55258
THOC1,ENSG00000079134,9984
THOC2,ENSG00000125676,57187
THOC3,ENSG00000051596,84321
THOC5,ENSG00000100296,8563
THOC6,ENSG00000131652,79228
THOC7,ENSG00000163634,80145
THOP1,ENSG00000172009,7064
THORLNC,ENSG00000226856,100506797
THPO,ENSG00000090534,7066
THRA,ENSG00000126351,7067
THRAP3,ENSG00000054118,9967
THRB,ENSG00000151090,7068
THRSP,ENSG00000151365,7069
THSD1,ENSG00000136114,55901
THSD4,ENSG00000187720,79875
THSD4-AS1,ENSG00000259964,101929196
THSD7A,ENSG00000005108,221981
THSD7B,ENSG00000144229,80731
THTPA,ENSG00000259431,79178
THUMPD1,ENSG00000066654,55623
THUMPD2,ENSG00000138050,80745
THUMPD3,ENSG00000134077,25917
THUMPD3-AS1,ENSG00000206573,440944
THY1,ENSG00000154096,7070
THYN1,ENSG00000151500,29087
TIA1,ENSG00000116001,7072
TIAL1,ENSG00000151923,7073
TIAM1,ENSG00000156299,7074
TIAM1-AS1,ENSG00000237594,150051
TIAM2,ENSG00000146426,26230
TICAM1,ENSG00000127666,148022
TICRR,ENSG00000140534,90381
TIE1,ENSG00000066056,7075
TIFA,ENSG00000145365,92610
TIFAB,ENSG00000255833,497189
TIGAR,ENSG00000078237,57103
TIGD1,ENSG00000221944,200765
TIGD2,ENSG00000180346,166815
TIGD3,ENSG00000173825,220359
TIGD4,ENSG00000169989,201798
TIGD5,ENSG00000179886,84948
TIGD6,ENSG00000164296,81789
TIGD7,ENSG00000140993,91151
TIGIT,ENSG00000181847,201633
TIMD4,ENSG00000145850,91937
TIMELESS,ENSG00000111602,8914
TIMM10,ENSG00000134809,26519
TIMM10B,ENSG00000132286,26515
TIMM13,ENSG00000099800,26517
TIMM17A,ENSG00000134375,10440
TIMM17B,ENSG00000126768,10245
TIMM21,ENSG00000075336,29090
TIMM22,ENSG00000177370,29928
TIMM23,ENSG00000265354,100287932
TIMM23B,ENSG00000204152,100652748
TIMM23B-AGAP6,ENSG00000178440,113218477
TIMM29,ENSG00000142444,90580
TIMM44,ENSG00000104980,10469
TIMM50,ENSG00000105197,92609
TIMM8A,ENSG00000126953,1678
TIMM8B,ENSG00000150779,26521
TIMM9,ENSG00000100575,26520
TIMMDC1,ENSG00000113845,51300
TIMP1,ENSG00000102265,7076
TIMP2,ENSG00000035862,7077
TIMP3,ENSG00000100234,7078
TIMP4,ENSG00000157150,7079
TINAGL1,ENSG00000142910,64129
TINCR,ENSG00000223573,257000
TINF2,ENSG00000092330,26277
TIPARP,ENSG00000163659,25976
TIPIN,ENSG00000075131,54962
TIPRL,ENSG00000143155,261726
TIRAP,ENSG00000150455,114609
TIRAP-AS1,ENSG00000255062,105369557
TJAP1,ENSG00000137221,93643
TJP1,ENSG00000104067,7082
TJP2,ENSG00000119139,9414
TJP3,ENSG00000105289,27134
TK1,ENSG00000167900,7083
TK2,ENSG00000166548,7084
TKFC,ENSG00000149476,26007
TKT,ENSG00000163931,7086
TKTL1,ENSG00000007350,8277
TLCD1,ENSG00000160606,116238
TLCD2,ENSG00000185561,727910
TLCD3A,ENSG00000167695,79850
TLCD3B,ENSG00000149926,83723
TLCD4,ENSG00000152078,148534
TLCD4-RWDD3,ENSG00000271092,100527978
TLCD5,ENSG00000181264,219902
TLDC2,ENSG00000101342,140711
TLE1,ENSG00000196781,7088
TLE2,ENSG00000065717,7089
TLE3,ENSG00000140332,7090
TLE4,ENSG00000106829,7091
TLE5,ENSG00000104964,166
TLE6,ENSG00000104953,79816
TLK1,ENSG00000198586,9874
TLK2,ENSG00000146872,11011
TLK2P1,ENSG00000226049,646202
TLK2P2,ENSG00000228828,553121
TLL1,ENSG00000038295,7092
TLL2,ENSG00000095587,7093
TLN1,ENSG00000137076,7094
TLN2,ENSG00000171914,83660
TLNRD1,ENSG00000140406,59274
TLR1,ENSG00000174125,7096
TLR10,ENSG00000174123,81793
TLR2,ENSG00000137462,7097
TLR3,ENSG00000164342,7098
TLR4,ENSG00000136869,7099
TLR5,ENSG00000187554,7100
TLR6,ENSG00000174130,10333
TLR7,ENSG00000196664,51284
TLR8,ENSG00000101916,51311
TLX1,ENSG00000107807,3195
TLX1NB,ENSG00000236311,100038246
TLX2,ENSG00000115297,3196
TLX3,ENSG00000164438,30012
TM2D1,ENSG00000162604,83941
TM2D2,ENSG00000169490,83877
TM2D3,ENSG00000184277,80213
TM4SF1,ENSG00000169908,4071
TM4SF1-AS1,ENSG00000240541,100874091
TM4SF18,ENSG00000163762,116441
TM4SF18-AS1,ENSG00000244468,128193290
TM4SF19,ENSG00000145107,116211
TM4SF19-AS1,ENSG00000235897,100874214
TM4SF4,ENSG00000169903,7104
TM6SF1,ENSG00000136404,53346
TM6SF2,ENSG00000213996,53345
TM7SF2,ENSG00000149809,7108
TM7SF3,ENSG00000064115,51768
TM9SF1,ENSG00000100926,10548
TM9SF2,ENSG00000125304,9375
TM9SF3,ENSG00000077147,56889
TM9SF4,ENSG00000101337,9777
TMA16,ENSG00000198498,55319
TMA7,ENSG00000232112,51372
TMA7B,ENSG00000225528,112268293
TMBIM1,ENSG00000135926,64114
TMBIM4,ENSG00000155957,51643
TMBIM6,ENSG00000139644,7009
TMC1,ENSG00000165091,117531
TMC2,ENSG00000149488,117532
TMC3,ENSG00000188869,342125
TMC4,ENSG00000167608,147798
TMC5,ENSG00000103534,79838
TMC6,ENSG00000141524,11322
TMC7,ENSG00000170537,79905
TMC8,ENSG00000167895,147138
TMCC1,ENSG00000172765,23023
TMCC1-DT,ENSG00000271270,100507032
TMCC2,ENSG00000133069,9911
TMCC3,ENSG00000057704,57458
TMCO1,ENSG00000143183,54499
TMCO3,ENSG00000150403,55002
TMCO4,ENSG00000162542,255104
TMCO6,ENSG00000113119,55374
TMDD1,ENSG00000284730,112163659
TMED1,ENSG00000099203,11018
TMED10,ENSG00000170348,10972
TMED2,ENSG00000086598,10959
TMED3,ENSG00000166557,23423
TMED4,ENSG00000158604,222068
TMED5,ENSG00000117500,50999
TMED6,ENSG00000157315,146456
TMED7,ENSG00000134970,51014
TMED8,ENSG00000100580,283578
TMED9,ENSG00000184840,54732
TMEM100,ENSG00000166292,55273
TMEM101,ENSG00000091947,84336
TMEM102,ENSG00000181284,284114
TMEM104,ENSG00000109066,54868
TMEM105,ENSG00000185332,284186
TMEM106A,ENSG00000184988,113277
TMEM106B,ENSG00000106460,54664
TMEM106C,ENSG00000134291,79022
TMEM107,ENSG00000179029,84314
TMEM108,ENSG00000144868,66000
TMEM109,ENSG00000110108,79073
TMEM109-DT,ENSG00000256944,105369323
TMEM11,ENSG00000178307,8834
TMEM11-DT,ENSG00000235530,107984969
TMEM115,ENSG00000126062,11070
TMEM116,ENSG00000198270,89894
TMEM117,ENSG00000139173,84216
TMEM119,ENSG00000183160,338773
TMEM120A,ENSG00000189077,83862
TMEM120B,ENSG00000188735,144404
TMEM121,ENSG00000184986,80757
TMEM121B,ENSG00000183307,27439
TMEM123,ENSG00000152558,114908
TMEM123-DT,ENSG00000255337,101928424
TMEM125,ENSG00000179178,128218
TMEM126A,ENSG00000171202,84233
TMEM126B,ENSG00000171204,55863
TMEM127,ENSG00000135956,55654
TMEM128,ENSG00000132406,85013
TMEM129,ENSG00000168936,92305
TMEM130,ENSG00000166448,222865
TMEM131,ENSG00000075568,23505
TMEM131L,ENSG00000121210,23240
TMEM132A,ENSG00000006118,54972
TMEM132B,ENSG00000139364,114795
TMEM132C,ENSG00000181234,92293
TMEM132E,ENSG00000181291,124842
TMEM134,ENSG00000172663,80194
TMEM135,ENSG00000166575,65084
TMEM138,ENSG00000149483,51524
TMEM139,ENSG00000178826,135932
TMEM140,ENSG00000146859,55281
TMEM141,ENSG00000244187,85014
TMEM143,ENSG00000161558,55260
TMEM144,ENSG00000164124,55314
TMEM145,ENSG00000167619,284339
TMEM147,ENSG00000105677,10430
TMEM147-AS1,ENSG00000236144,100506469
TMEM14A,ENSG00000096092,28978
TMEM14B,ENSG00000137210,81853
TMEM14B-DT,ENSG00000272097,118597831
TMEM14C,ENSG00000111843,51522
TMEM150A,ENSG00000168890,129303
TMEM150B,ENSG00000180061,284417
TMEM150C,ENSG00000249242,441027
TMEM151A,ENSG00000179292,256472
TMEM151B,ENSG00000178233,441151
TMEM154,ENSG00000170006,201799
TMEM156,ENSG00000121895,80008
TMEM158,ENSG00000249992,25907
TMEM160,ENSG00000130748,54958
TMEM161A,ENSG00000064545,54929
TMEM161B,ENSG00000164180,153396
TMEM161B-DT,ENSG00000247828,100505894
TMEM163,ENSG00000152128,81615
TMEM164,ENSG00000157600,84187
TMEM165,ENSG00000134851,55858
TMEM167A,ENSG00000174695,153339
TMEM167B,ENSG00000215717,56900
TMEM168,ENSG00000146802,64418
TMEM169,ENSG00000163449,92691
TMEM17,ENSG00000186889,200728
TMEM170A,ENSG00000166822,124491
TMEM170B,ENSG00000205269,100113407
TMEM171,ENSG00000157111,134285
TMEM175,ENSG00000127419,84286
TMEM176A,ENSG00000002933,55365
TMEM176B,ENSG00000106565,28959
TMEM177,ENSG00000144120,80775
TMEM178A,ENSG00000152154,130733
TMEM178B,ENSG00000261115,100507421
TMEM179,ENSG00000258986,388021
TMEM179B,ENSG00000185475,374395
TMEM18,ENSG00000151353,129787
TMEM181,ENSG00000146433,57583
TMEM182,ENSG00000170417,130827
TMEM183A,ENSG00000163444,92703
TMEM183BP,ENSG00000224831,653659
TMEM184A,ENSG00000164855,202915
TMEM184B,ENSG00000198792,25829
TMEM184C,ENSG00000164168,55751
TMEM185A,ENSG00000269556,84548
TMEM185B,ENSG00000226479,79134
TMEM186,ENSG00000184857,25880
TMEM187,ENSG00000177854,8269
TMEM19,ENSG00000139291,55266
TMEM191B,ENSG00000278558,728229
TMEM191C,ENSG00000206140,645426
TMEM192,ENSG00000170088,201931
TMEM198,ENSG00000188760,130612
TMEM199,ENSG00000244045,147007
TMEM200A,ENSG00000164484,114801
TMEM200B,ENSG00000253304,399474
TMEM200C,ENSG00000206432,645369
TMEM201,ENSG00000188807,199953
TMEM202-AS1,ENSG00000261423,105370888
TMEM203,ENSG00000187713,94107
TMEM204,ENSG00000131634,79652
TMEM205,ENSG00000105518,374882
TMEM208,ENSG00000168701,29100
TMEM209,ENSG00000146842,84928
TMEM210,ENSG00000185863,100505993
TMEM213,ENSG00000214128,155006
TMEM214,ENSG00000119777,54867
TMEM215,ENSG00000188133,401498
TMEM216,ENSG00000187049,51259
TMEM217,ENSG00000172738,221468
TMEM218,ENSG00000150433,219854
TMEM219,ENSG00000149932,124446
TMEM220,ENSG00000187824,388335
TMEM220-AS1,ENSG00000263400,101101775
TMEM221,ENSG00000188051,100130519
TMEM222,ENSG00000186501,84065
TMEM223,ENSG00000168569,79064
TMEM225B,ENSG00000244219,100289187
TMEM229B,ENSG00000198133,161145
TMEM230,ENSG00000089063,29058
TMEM231,ENSG00000205084,79583
TMEM232,ENSG00000186952,642987
TMEM233,ENSG00000224982,387890
TMEM234,ENSG00000160055,56063
TMEM236,ENSG00000148483,653567
TMEM237,ENSG00000155755,65062
TMEM238,ENSG00000233493,388564
TMEM240,ENSG00000205090,339453
TMEM241,ENSG00000134490,85019
TMEM242,ENSG00000215712,729515
TMEM243,ENSG00000135185,79161
TMEM244,ENSG00000203756,253582
TMEM245,ENSG00000106771,23731
TMEM248,ENSG00000106609,55069
TMEM249,ENSG00000261587,340393
TMEM25,ENSG00000149582,84866
TMEM250,ENSG00000238227,90120
TMEM252,ENSG00000181778,169693
TMEM253,ENSG00000232070,643382
TMEM254,ENSG00000133678,80195
TMEM255A,ENSG00000125355,55026
TMEM255B,ENSG00000184497,348013
TMEM256,ENSG00000205544,254863
TMEM258,ENSG00000134825,746
TMEM259,ENSG00000182087,91304
TMEM26,ENSG00000196932,219623
TMEM260,ENSG00000070269,54916
TMEM263,ENSG00000151135,90488
TMEM266,ENSG00000169758,123591
TMEM267,ENSG00000151881,64417
TMEM268,ENSG00000157693,203197
TMEM269,ENSG00000274386,100129924
TMEM270,ENSG00000175877,135886
TMEM272,ENSG00000281106,283521
TMEM273,ENSG00000204161,170371
TMEM30A,ENSG00000112697,55754
TMEM30A-DT,ENSG00000225793,100506804
TMEM30B,ENSG00000182107,161291
TMEM31,ENSG00000179363,203562
TMEM33,ENSG00000109133,55161
TMEM35A,ENSG00000126950,59353
TMEM37,ENSG00000171227,140738
TMEM38A,ENSG00000072954,79041
TMEM38B,ENSG00000095209,55151
TMEM39A,ENSG00000176142,55254
TMEM39B,ENSG00000121775,55116
TMEM40,ENSG00000088726,55287
TMEM41A,ENSG00000163900,90407
TMEM41B,ENSG00000166471,440026
TMEM42,ENSG00000169964,131616
TMEM43,ENSG00000170876,79188
TMEM44,ENSG00000145014,93109
TMEM45A,ENSG00000181458,55076
TMEM45B,ENSG00000151715,120224
TMEM47,ENSG00000147027,83604
TMEM50A,ENSG00000183726,23585
TMEM50B,ENSG00000142188,757
TMEM51,ENSG00000171729,55092
TMEM51-AS1,ENSG00000175147,200197
TMEM52,ENSG00000178821,339456
TMEM52B,ENSG00000165685,120939
TMEM53,ENSG00000126106,79639
TMEM54,ENSG00000121900,113452
TMEM59,ENSG00000116209,9528
TMEM59L,ENSG00000105696,25789
TMEM60,ENSG00000135211,85025
TMEM61,ENSG00000143001,199964
TMEM62,ENSG00000137842,80021
TMEM63A,ENSG00000196187,9725
TMEM63B,ENSG00000137216,55362
TMEM63C,ENSG00000165548,57156
TMEM64,ENSG00000180694,169200
TMEM65,ENSG00000164983,157378
TMEM67,ENSG00000164953,91147
TMEM68,ENSG00000167904,137695
TMEM69,ENSG00000159596,51249
TMEM70,ENSG00000175606,54968
TMEM71,ENSG00000165071,137835
TMEM72-AS1,ENSG00000224812,220980
TMEM74,ENSG00000164841,157753
TMEM74B,ENSG00000125895,55321
TMEM79,ENSG00000163472,84283
TMEM80,ENSG00000177042,283232
TMEM81,ENSG00000174529,388730
TMEM82,ENSG00000162460,388595
TMEM86A,ENSG00000151117,144110
TMEM86B,ENSG00000180089,255043
TMEM87A,ENSG00000103978,25963
TMEM87B,ENSG00000153214,84910
TMEM88,ENSG00000167874,92162
TMEM8B,ENSG00000137103,51754
TMEM9,ENSG00000116857,252839
TMEM91,ENSG00000142046,641649
TMEM92,ENSG00000167105,162461
TMEM92-AS1,ENSG00000251179,103752589
TMEM94,ENSG00000177728,9772
TMEM97,ENSG00000109084,27346
TMEM98,ENSG00000006042,26022
TMEM9B,ENSG00000175348,56674
TMEM9B-AS1,ENSG00000254860,493900
TMF1,ENSG00000144747,7110
TMIE,ENSG00000181585,259236
TMIGD2,ENSG00000167664,126259
TMIGD3,ENSG00000121933,57413
TMLHE,ENSG00000185973,55217
TMOD1,ENSG00000136842,7111
TMOD2,ENSG00000128872,29767
TMOD3,ENSG00000138594,29766
TMOD4,ENSG00000163157,29765
TMPO,ENSG00000120802,7112
TMPO-AS1,ENSG00000257167,100128191
TMPOP2,ENSG00000262904,100533619
TMPPE,ENSG00000188167,643853
TMPRSS11E,ENSG00000087128,28983
TMPRSS12,ENSG00000186452,283471
TMPRSS13,ENSG00000137747,84000
TMPRSS2,ENSG00000184012,7113
TMPRSS3,ENSG00000160183,64699
TMPRSS4,ENSG00000137648,56649
TMPRSS5,ENSG00000166682,80975
TMPRSS6,ENSG00000187045,164656
TMPRSS7,ENSG00000176040,344805
TMPRSS9,ENSG00000178297,360200
TMSB10,ENSG00000034510,9168
TMSB15A,ENSG00000158164,11013
TMSB15B,ENSG00000158427,286527
TMSB15C,ENSG00000269226,122394733
TMSB4X,ENSG00000205542,7114
TMSB4XP4,ENSG00000223551,7118
TMT1A,ENSG00000185432,25840
TMT1B,ENSG00000170439,196410
TMTC1,ENSG00000133687,83857
TMTC2,ENSG00000179104,160335
TMTC3,ENSG00000139324,160418
TMTC4,ENSG00000125247,84899
TMUB1,ENSG00000164897,83590
TMUB2,ENSG00000168591,79089
TMX1,ENSG00000139921,81542
TMX2,ENSG00000213593,51075
TMX2-CTNND1,ENSG00000288534,100528016
TMX3,ENSG00000166479,54495
TMX4,ENSG00000125827,56255
TNC,ENSG00000041982,3371
TNF,ENSG00000232810,7124
TNFAIP1,ENSG00000109079,7126
TNFAIP2,ENSG00000185215,7127
TNFAIP3,ENSG00000118503,7128
TNFAIP6,ENSG00000123610,7130
TNFAIP8,ENSG00000145779,25816
TNFAIP8L1,ENSG00000185361,126282
TNFAIP8L2,ENSG00000163154,79626
TNFAIP8L2-SCNM1,ENSG00000163156,100534012
TNFAIP8L3,ENSG00000183578,388121
TNFRSF10A,ENSG00000104689,8797
TNFRSF10A-DT,ENSG00000246582,389641
TNFRSF10B,ENSG00000120889,8795
TNFRSF10C,ENSG00000173535,8794
TNFRSF10D,ENSG00000173530,8793
TNFRSF11A,ENSG00000141655,8792
TNFRSF11B,ENSG00000164761,4982
TNFRSF12A,ENSG00000006327,51330
TNFRSF13B,ENSG00000240505,23495
TNFRSF13C,ENSG00000159958,115650
TNFRSF14,ENSG00000157873,8764
TNFRSF17,ENSG00000048462,608
TNFRSF18,ENSG00000186891,8784
TNFRSF19,ENSG00000127863,55504
TNFRSF1A,ENSG00000067182,7132
TNFRSF1B,ENSG00000028137,7133
TNFRSF21,ENSG00000146072,27242
TNFRSF25,ENSG00000215788,8718
TNFRSF4,ENSG00000186827,7293
TNFRSF8,ENSG00000120949,943
TNFRSF9,ENSG00000049249,3604
TNFSF10,ENSG00000121858,8743
TNFSF11,ENSG00000120659,8600
TNFSF12,ENSG00000239697,8742
TNFSF13,ENSG00000161955,8741
TNFSF13B,ENSG00000102524,10673
TNFSF14,ENSG00000125735,8740
TNFSF15,ENSG00000181634,9966
TNFSF18,ENSG00000120337,8995
TNFSF4,ENSG00000117586,7292
TNFSF8,ENSG00000106952,944
TNFSF9,ENSG00000125657,8744
TNIK,ENSG00000154310,23043
TNIP1,ENSG00000145901,10318
TNIP2,ENSG00000168884,79155
TNIP3,ENSG00000050730,79931
TNK1,ENSG00000174292,8711
TNK2,ENSG00000061938,10188
TNKS,ENSG00000173273,8658
TNKS1BP1,ENSG00000149115,85456
TNKS2,ENSG00000107854,80351
TNKS2-DT,ENSG00000228701,100507633
TNMD,ENSG00000000005,64102
TNN,ENSG00000120332,63923
TNNC1,ENSG00000114854,7134
TNNC2,ENSG00000101470,7125
TNNI1,ENSG00000159173,7135
TNNI2,ENSG00000130598,7136
TNNI3,ENSG00000129991,7137
TNNT1,ENSG00000105048,7138
TNNT2,ENSG00000118194,7139
TNNT3,ENSG00000130595,7140
TNPO1,ENSG00000083312,3842
TNPO2,ENSG00000105576,30000
TNPO3,ENSG00000064419,23534
TNR,ENSG00000116147,7143
TNRC18,ENSG00000182095,84629
TNRC6A,ENSG00000090905,27327
TNRC6B,ENSG00000100354,23112
TNRC6C,ENSG00000078687,57690
TNS1,ENSG00000079308,7145
TNS1-AS1,ENSG00000223923,105373878
TNS2,ENSG00000111077,23371
TNS2-AS1,ENSG00000257337,283335
TNS3,ENSG00000136205,64759
TNS4,ENSG00000131746,84951
TNXB,ENSG00000168477,7148
TOB1,ENSG00000141232,10140
TOB1-AS1,ENSG00000229980,400604
TOB2,ENSG00000183864,10766
TOE1,ENSG00000132773,114034
TOGARAM1,ENSG00000198718,23116
TOGARAM2,ENSG00000189350,165186
TOLLIP,ENSG00000078902,54472
TOLLIP-DT,ENSG00000255153,255512
TOM1,ENSG00000100284,10043
TOM1L1,ENSG00000141198,10040
TOM1L2,ENSG00000175662,146691
TOMM20,ENSG00000173726,9804
TOMM20L,ENSG00000196860,387990
TOMM22,ENSG00000100216,56993
TOMM34,ENSG00000025772,10953
TOMM40,ENSG00000130204,10452
TOMM40L,ENSG00000158882,84134
TOMM40P4,ENSG00000213222,100422473
TOMM5,ENSG00000175768,401505
TOMM7,ENSG00000196683,54543
TOMM70,ENSG00000154174,9868
TONSL,ENSG00000160949,4796
TOP1,ENSG00000198900,7150
TOP1MT,ENSG00000184428,116447
TOP2A,ENSG00000131747,7153
TOP2B,ENSG00000077097,7155
TOP3A,ENSG00000177302,7156
TOP3B,ENSG00000100038,8940
TOP6BL,ENSG00000173715,79703
TOPBP1,ENSG00000163781,11073
TOPORS,ENSG00000197579,10210
TOR1A,ENSG00000136827,1861
TOR1AIP1,ENSG00000143337,26092
TOR1AIP2,ENSG00000169905,163590
TOR1B,ENSG00000136816,27348
TOR2A,ENSG00000160404,27433
TOR3A,ENSG00000186283,64222
TOR4A,ENSG00000198113,54863
TOX,ENSG00000198846,9760
TOX-DT,ENSG00000167912,100505501
TOX2,ENSG00000124191,84969
TOX3,ENSG00000103460,27324
TOX4,ENSG00000092203,9878
TP53,ENSG00000141510,7157
TP53AIP1,ENSG00000120471,63970
TP53BP1,ENSG00000067369,7158
TP53BP2,ENSG00000143514,7159
TP53I11,ENSG00000175274,9537
TP53I13,ENSG00000167543,90313
TP53I3,ENSG00000115129,9540
TP53INP1,ENSG00000164938,94241
TP53INP2,ENSG00000078804,58476
TP53RK,ENSG00000172315,112858
TP53TG1,ENSG00000182165,11257
TP53TG3,ENSG00000205456,24150
TP53TG3B,ENSG00000205456,729355
TP53TG3D,ENSG00000205456,729264
TP53TG5,ENSG00000124251,27296
TP63,ENSG00000073282,8626
TP73,ENSG00000078900,7161
TPBG,ENSG00000146242,7162
TPBGL,ENSG00000261594,100507050
TPCN1,ENSG00000186815,53373
TPCN2,ENSG00000162341,219931
TPD52,ENSG00000076554,7163
TPD52-MRPS28,ENSG00000076554,124188259
TPD52L1,ENSG00000111907,7164
TPD52L2,ENSG00000101150,7165
TPGS1,ENSG00000141933,91978
TPGS2,ENSG00000134779,25941
TPH1,ENSG00000129167,7166
TPI1,ENSG00000111669,7167
TPK1,ENSG00000196511,27010
TPM1,ENSG00000140416,7168
TPM2,ENSG00000198467,7169
TPM3,ENSG00000143549,7170
TPM4,ENSG00000167460,7171
TPMT,ENSG00000137364,7172
TPO,ENSG00000115705,7173
TPP1,ENSG00000166340,1200
TPP2,ENSG00000134900,7174
TPPP,ENSG00000171368,11076
TPPP3,ENSG00000159713,51673
TPR,ENSG00000047410,7175
TPRA1,ENSG00000163870,131601
TPRG1,ENSG00000188001,285386
TPRG1L,ENSG00000158109,127262
TPRKB,ENSG00000144034,51002
TPRN,ENSG00000176058,286262
TPSAB1,ENSG00000172236,7177
TPSB2,ENSG00000197253,64499
TPSD1,ENSG00000095917,23430
TPSG1,ENSG00000116176,25823
TPSP2,ENSG00000260284,650474
TPST1,ENSG00000169902,8460
TPST2,ENSG00000128294,8459
TPT1,ENSG00000133112,7178
TPT1P5,ENSG00000214108,100421420
TPTE2,ENSG00000132958,93492
TPX2,ENSG00000088325,22974
TRA2A,ENSG00000164548,29896
TRA2B,ENSG00000136527,6434
TRABD,ENSG00000170638,80305
TRABD-AS1,ENSG00000273253,123706513
TRABD2A,ENSG00000186854,129293
TRABD2B,ENSG00000269113,388630
TRAC,ENSG00000277734,28755
TRADD,ENSG00000102871,8717
TRAF1,ENSG00000056558,7185
TRAF2,ENSG00000127191,7186
TRAF3,ENSG00000131323,7187
TRAF3IP1,ENSG00000204104,26146
TRAF3IP2,ENSG00000056972,10758
TRAF3IP2-AS1,ENSG00000231889,643749
TRAF3IP3,ENSG00000009790,80342
TRAF4,ENSG00000076604,9618
TRAF5,ENSG00000082512,7188
TRAF6,ENSG00000175104,7189
TRAF7,ENSG00000131653,84231
TRAFD1,ENSG00000135148,10906
TRAIP,ENSG00000183763,10293
TRAK1,ENSG00000182606,22906
TRAK2,ENSG00000115993,66008
TRAM1,ENSG00000067167,23471
TRAM1L1,ENSG00000174599,133022
TRAM2,ENSG00000065308,9697
TRAM2-AS1,ENSG00000225791,401264
TRANK1,ENSG00000168016,9881
TRAP1,ENSG00000126602,10131
TRAPPC1,ENSG00000170043,58485
TRAPPC10,ENSG00000160218,7109
TRAPPC11,ENSG00000168538,60684
TRAPPC12,ENSG00000171853,51112
TRAPPC13,ENSG00000113597,80006
TRAPPC14,ENSG00000146826,55262
TRAPPC2,ENSG00000196459,6399
TRAPPC2B,ENSG00000256060,10597
TRAPPC2L,ENSG00000167515,51693
TRAPPC3,ENSG00000054116,27095
TRAPPC4,ENSG00000196655,51399
TRAPPC5,ENSG00000181029,126003
TRAPPC6A,ENSG00000007255,79090
TRAPPC6B,ENSG00000182400,122553
TRAPPC8,ENSG00000153339,22878
TRAPPC9,ENSG00000167632,83696
TRARG1,ENSG00000184811,286753
TRAT1,ENSG00000163519,50852
TRAV1-1,ENSG00000255569,28693
TRAV1-2,ENSG00000256553,28692
TRAV10,ENSG00000211784,28676
TRAV12-1,ENSG00000211785,28674
TRAV12-2,ENSG00000211789,28673
TRAV12-3,ENSG00000211794,28672
TRAV13-1,ENSG00000211788,28671
TRAV13-2,ENSG00000211791,28670
TRAV14DV4,ENSG00000211792,28669
TRAV16,ENSG00000211796,28667
TRAV17,ENSG00000211797,28666
TRAV18,ENSG00000211798,28665
TRAV19,ENSG00000211799,28664
TRAV2,ENSG00000211776,28691
TRAV20,ENSG00000211800,28663
TRAV21,ENSG00000211801,28662
TRAV22,ENSG00000211802,28661
TRAV23DV6,ENSG00000211803,28660
TRAV24,ENSG00000211805,28659
TRAV25,ENSG00000211806,28658
TRAV26-1,ENSG00000211807,28657
TRAV26-2,ENSG00000211812,28656
TRAV27,ENSG00000211809,28655
TRAV29DV5,ENSG00000211810,28653
TRAV3,ENSG00000211777,28690
TRAV30,ENSG00000259092,28652
TRAV35,ENSG00000211814,28647
TRAV36DV7,ENSG00000211815,28646
TRAV38-1,ENSG00000211816,28644
TRAV38-2DV8,ENSG00000211817,28643
TRAV39,ENSG00000211818,28642
TRAV4,ENSG00000211778,28689
TRAV41,ENSG00000211820,28640
TRAV5,ENSG00000211779,28688
TRAV6,ENSG00000211780,6956
TRAV8-1,ENSG00000211782,28685
TRAV8-2,ENSG00000211786,28684
TRAV8-3,ENSG00000211787,28683
TRAV8-4,ENSG00000211790,28682
TRAV8-6,ENSG00000211795,28680
TRAV9-2,ENSG00000211793,28677
TRBC1,ENSG00000211751,28639
TRBC2,ENSG00000211772,28638
TRBD1,ENSG00000282431,28637
TRBJ1-5,ENSG00000282173,28631
TRBJ1-6,ENSG00000282780,28630
TRBV10-2,ENSG00000229769,28584
TRBV10-3,ENSG00000275791,28583
TRBV11-2,ENSG00000241657,28581
TRBV12-3,ENSG00000274752,28577
TRBV12-4,ENSG00000276953,28576
TRBV13,ENSG00000276405,28574
TRBV14,ENSG00000275743,28573
TRBV15,ENSG00000276819,28572
TRBV18,ENSG00000276557,28569
TRBV19,ENSG00000211746,28568
TRBV2,ENSG00000226660,28620
TRBV20-1,ENSG00000211747,28567
TRBV24-1,ENSG00000211750,28563
TRBV25-1,ENSG00000282499,28562
TRBV27,ENSG00000211752,28560
TRBV28,ENSG00000211753,28559
TRBV29-1,ENSG00000232869,28558
TRBV3-1,ENSG00000237702,28619
TRBV30,ENSG00000237254,28557
TRBV4-1,ENSG00000211710,28617
TRBV4-2,ENSG00000211745,28616
TRBV5-1,ENSG00000211734,28614
TRBV5-4,ENSG00000230099,28611
TRBV5-5,ENSG00000211725,28610
TRBV5-6,ENSG00000211728,28609
TRBV6-1,ENSG00000211706,28606
TRBV6-3,ENSG00000283063,28604
TRBV6-5,ENSG00000211721,28602
TRBV6-6,ENSG00000211724,28601
TRBV7-2,ENSG00000282939,28596
TRBV7-3,ENSG00000211714,28595
TRBV7-6,ENSG00000211727,28592
TRBV7-9,ENSG00000278030,28589
TRBV9,ENSG00000211716,28586
TRD-AS1,ENSG00000251002,105370401
TRDMT1,ENSG00000107614,1787
TRDN,ENSG00000186439,10345
TRDV1,ENSG00000211804,28518
TRDV2,ENSG00000211821,28517
TREH,ENSG00000118094,11181
TREM1,ENSG00000124731,54210
TREM2,ENSG00000095970,54209
TREML1,ENSG00000161911,340205
TREML2,ENSG00000112195,79865
TREML4,ENSG00000188056,285852
TRERF1,ENSG00000124496,55809
TREX2,ENSG00000183479,11219
TRG-AS1,ENSG00000281103,100506776
TRGC1,ENSG00000211689,6966
TRGC2,ENSG00000227191,6967
TRGV2,ENSG00000233306,6974
TRGV3,ENSG00000211699,6976
TRGV4,ENSG00000211698,6977
TRGV5,ENSG00000211697,6978
TRGV5P,ENSG00000228668,6979
TRGV7,ENSG00000249978,6981
TRGV8,ENSG00000211696,6982
TRGV9,ENSG00000211695,6983
TRH,ENSG00000170893,7200
TRHDE,ENSG00000072657,29953
TRIAP1,ENSG00000170855,51499
TRIB1,ENSG00000173334,10221
TRIB2,ENSG00000071575,28951
TRIB3,ENSG00000101255,57761
TRIL,ENSG00000255690,9865
TRIM11,ENSG00000154370,81559
TRIM13,ENSG00000204977,10206
TRIM14,ENSG00000106785,9830
TRIM16,ENSG00000221926,10626
TRIM17,ENSG00000162931,51127
TRIM2,ENSG00000109654,23321
TRIM21,ENSG00000132109,6737
TRIM22,ENSG00000132274,10346
TRIM23,ENSG00000113595,373
TRIM24,ENSG00000122779,8805
TRIM25,ENSG00000121060,7706
TRIM26,ENSG00000234127,7726
TRIM27,ENSG00000204713,5987
TRIM28,ENSG00000130726,10155
TRIM29,ENSG00000137699,23650
TRIM3,ENSG00000110171,10612
TRIM31,ENSG00000204616,11074
TRIM31-AS1,ENSG00000231226,104533120
TRIM32,ENSG00000119401,22954
TRIM33,ENSG00000197323,51592
TRIM34,ENSG00000258659,53840
TRIM35,ENSG00000104228,23087
TRIM36,ENSG00000152503,55521
TRIM37,ENSG00000108395,4591
TRIM38,ENSG00000112343,10475
TRIM39,ENSG00000204599,56658
TRIM39-RPP21,ENSG00000241370,202658
TRIM4,ENSG00000146833,89122
TRIM41,ENSG00000146063,90933
TRIM44,ENSG00000166326,54765
TRIM45,ENSG00000134253,80263
TRIM46,ENSG00000163462,80128
TRIM47,ENSG00000132481,91107
TRIM5,ENSG00000132256,85363
TRIM50,ENSG00000146755,135892
TRIM52,ENSG00000183718,84851
TRIM52-AS1,ENSG00000248275,100507602
TRIM54,ENSG00000138100,57159
TRIM55,ENSG00000147573,84675
TRIM56,ENSG00000169871,81844
TRIM58,ENSG00000162722,25893
TRIM59,ENSG00000213186,286827
TRIM6,ENSG00000121236,117854
TRIM61,ENSG00000183439,391712
TRIM62,ENSG00000116525,55223
TRIM63,ENSG00000158022,84676
TRIM65,ENSG00000141569,201292
TRIM66,ENSG00000166436,9866
TRIM67,ENSG00000119283,440730
TRIM68,ENSG00000167333,55128
TRIM69,ENSG00000185880,140691
TRIM7,ENSG00000146054,81786
TRIM71,ENSG00000206557,131405
TRIM72,ENSG00000177238,493829
TRIM73,ENSG00000178809,375593
TRIM74,ENSG00000155428,378108
TRIM8,ENSG00000171206,81603
TRIM9,ENSG00000100505,114088
TRIML2,ENSG00000179046,205860
TRIO,ENSG00000038382,7204
TRIOBP,ENSG00000100106,11078
TRIP10,ENSG00000125733,9322
TRIP11,ENSG00000100815,9321
TRIP12,ENSG00000153827,9320
TRIP13,ENSG00000071539,9319
TRIP4,ENSG00000103671,9325
TRIP6,ENSG00000087077,7205
TRIQK,ENSG00000205133,286144
TRIR,ENSG00000123144,79002
TRIT1,ENSG00000043514,54802
TRMO,ENSG00000136932,51531
TRMT1,ENSG00000104907,55621
TRMT10A,ENSG00000145331,93587
TRMT10B,ENSG00000165275,158234
TRMT10C,ENSG00000174173,54931
TRMT11,ENSG00000066651,60487
TRMT112,ENSG00000173113,51504
TRMT112P8,ENSG00000233388,100131536
TRMT12,ENSG00000183665,55039
TRMT13,ENSG00000122435,54482
TRMT1L,ENSG00000121486,81627
TRMT2A,ENSG00000099899,27037
TRMT2B,ENSG00000188917,79979
TRMT44,ENSG00000155275,152992
TRMT5,ENSG00000126814,57570
TRMT6,ENSG00000089195,51605
TRMT61A,ENSG00000166166,115708
TRMT61B,ENSG00000171103,55006
TRMT9B,ENSG00000250305,57604
TRMU,ENSG00000100416,55687
TRNAU1AP,ENSG00000180098,54952
TRNP1,ENSG00000253368,388610
TRNT1,ENSG00000072756,51095
TRO,ENSG00000067445,7216
TROAP,ENSG00000135451,10024
TROAP-AS1,ENSG00000258334,101927267
TRPA1,ENSG00000104321,8989
TRPC1,ENSG00000144935,7220
TRPC3,ENSG00000138741,7222
TRPC4,ENSG00000133107,7223
TRPC4AP,ENSG00000100991,26133
TRPC6,ENSG00000137672,7225
TRPC6P10,ENSG00000226874,123464518
TRPM2,ENSG00000142185,7226
TRPM3,ENSG00000083067,80036
TRPM4,ENSG00000130529,54795
TRPM5,ENSG00000070985,29850
TRPM6,ENSG00000119121,140803
TRPM7,ENSG00000092439,54822
TRPM8,ENSG00000144481,79054
TRPS1,ENSG00000104447,7227
TRPS1-AS1,ENSG00000227170,125177374
TRPT1,ENSG00000149743,83707
TRPV1,ENSG00000196689,7442
TRPV2,ENSG00000187688,51393
TRPV3,ENSG00000167723,162514
TRPV4,ENSG00000111199,59341
TRPV5,ENSG00000127412,56302
TRPV6,ENSG00000165125,55503
TRRAP,ENSG00000196367,8295
TRUB1,ENSG00000165832,142940
TRUB2,ENSG00000167112,26995
TSACC,ENSG00000163467,128229
TSBP1-AS1,ENSG00000225914,101929163
TSC1,ENSG00000165699,7248
TSC2,ENSG00000103197,7249
TSC22D1,ENSG00000102804,8848
TSC22D1-AS1,ENSG00000278156,641467
TSC22D2,ENSG00000196428,9819
TSC22D3,ENSG00000157514,1831
TSC22D4,ENSG00000166925,81628
TSEN15,ENSG00000198860,116461
TSEN2,ENSG00000154743,80746
TSEN34,ENSG00000170892,79042
TSEN54,ENSG00000182173,283989
TSFM,ENSG00000123297,10102
TSG101,ENSG00000074319,7251
TSGA10,ENSG00000135951,80705
TSGA10IP,ENSG00000175513,254187
TSHR,ENSG00000165409,7253
TSHZ1,ENSG00000179981,10194
TSHZ2,ENSG00000182463,128553
TSHZ3,ENSG00000121297,57616
TSIX,ENSG00000270641,9383
TSKS,ENSG00000126467,60385
TSKU,ENSG00000182704,25987
TSKU-AS1,ENSG00000255100,101928837
TSLP,ENSG00000145777,85480
TSN,ENSG00000211460,7247
TSNARE1,ENSG00000171045,203062
TSNAX,ENSG00000116918,7257
TSNAX-DT,ENSG00000233461,122526782
TSNAXIP1,ENSG00000102904,55815
TSPAN1,ENSG00000117472,10103
TSPAN10,ENSG00000182612,83882
TSPAN11,ENSG00000110900,441631
TSPAN12,ENSG00000106025,23554
TSPAN13,ENSG00000106537,27075
TSPAN14,ENSG00000108219,81619
TSPAN14-AS1,ENSG00000226659,101929574
TSPAN15,ENSG00000099282,23555
TSPAN17,ENSG00000048140,26262
TSPAN18,ENSG00000157570,90139
TSPAN2,ENSG00000134198,10100
TSPAN3,ENSG00000140391,10099
TSPAN31,ENSG00000135452,6302
TSPAN32,ENSG00000064201,10077
TSPAN33,ENSG00000158457,340348
TSPAN4,ENSG00000214063,7106
TSPAN5,ENSG00000168785,10098
TSPAN6,ENSG00000000003,7105
TSPAN7,ENSG00000156298,7102
TSPAN8,ENSG00000127324,7103
TSPAN9,ENSG00000011105,10867
TSPEAR,ENSG00000175894,54084
TSPEAR-AS1,ENSG00000235890,54082
TSPO,ENSG00000100300,706
TSPOAP1,ENSG00000005379,9256
TSPOAP1-AS1,ENSG00000265148,100506779
TSPY26P,ENSG00000235217,128854
TSPYL1,ENSG00000189241,7259
TSPYL2,ENSG00000184205,64061
TSPYL4,ENSG00000187189,23270
TSPYL5,ENSG00000180543,85453
TSR1,ENSG00000167721,55720
TSR2,ENSG00000158526,90121
TSR3,ENSG00000007520,115939
TSSC4,ENSG00000184281,10078
TSSK3,ENSG00000162526,81629
TSSK4,ENSG00000139908,283629
TSSK5P,ENSG00000227473,648630
TSSK6,ENSG00000178093,83983
TST,ENSG00000128311,7263
TSTD1,ENSG00000215845,100131187
TSTD2,ENSG00000136925,158427
TSTD3,ENSG00000279170,100130890
TTBK1,ENSG00000146216,84630
TTBK2,ENSG00000128881,146057
TTC1,ENSG00000113312,7265
TTC12,ENSG00000149292,54970
TTC13,ENSG00000143643,79573
TTC14,ENSG00000163728,151613
TTC16,ENSG00000167094,158248
TTC17,ENSG00000052841,55761
TTC19,ENSG00000011295,54902
TTC21A,ENSG00000168026,199223
TTC21B,ENSG00000123607,79809
TTC22,ENSG00000006555,55001
TTC23,ENSG00000103852,64927
TTC23-AS1,ENSG00000261616,128193289
TTC23L,ENSG00000205838,153657
TTC23L-AS1,ENSG00000272323,101929704
TTC24,ENSG00000187862,164118
TTC27,ENSG00000018699,55622
TTC28,ENSG00000100154,23331
TTC28-AS1,ENSG00000235954,284900
TTC29,ENSG00000137473,83894
TTC3,ENSG00000182670,7267
TTC3-AS1,ENSG00000228677,100874006
TTC31,ENSG00000115282,64427
TTC32,ENSG00000183891,130502
TTC33,ENSG00000113638,23548
TTC34,ENSG00000215912,100287898
TTC36,ENSG00000172425,143941
TTC36-AS1,ENSG00000255435,101929089
TTC38,ENSG00000075234,55020
TTC39A,ENSG00000085831,22996
TTC39A-AS1,ENSG00000261664,102724097
TTC39B,ENSG00000155158,158219
TTC39C,ENSG00000168234,125488
TTC39C-AS1,ENSG00000264745,102724246
TTC4,ENSG00000243725,7268
TTC41P,ENSG00000214198,253724
TTC5,ENSG00000136319,91875
TTC6,ENSG00000139865,319089
TTC7A,ENSG00000068724,57217
TTC7B,ENSG00000165914,145567
TTC8,ENSG00000165533,123016
TTC9,ENSG00000133985,23508
TTC9-DT,ENSG00000245466,101928075
TTC9B,ENSG00000174521,148014
TTC9C,ENSG00000162222,283237
TTF1,ENSG00000125482,7270
TTF2,ENSG00000116830,8458
TTI1,ENSG00000101407,9675
TTI2,ENSG00000129696,80185
TTK,ENSG00000112742,7272
TTL,ENSG00000114999,150465
TTLL1,ENSG00000100271,25809
TTLL1-AS1,ENSG00000230319,100506679
TTLL10,ENSG00000162571,254173
TTLL11,ENSG00000175764,158135
TTLL12,ENSG00000100304,23170
TTLL2,ENSG00000120440,83887
TTLL3,ENSG00000214021,26140
TTLL4,ENSG00000135912,9654
TTLL5,ENSG00000119685,23093
TTLL6,ENSG00000170703,284076
TTLL7,ENSG00000137941,79739
TTLL9,ENSG00000131044,164395
TTN,ENSG00000155657,7273
TTN-AS1,ENSG00000237298,100506866
TTPA,ENSG00000137561,7274
TTPAL,ENSG00000124120,79183
TTYH1,ENSG00000167614,57348
TTYH2,ENSG00000141540,94015
TTYH3,ENSG00000136295,80727
TUB,ENSG00000166402,7275
TUBA1A,ENSG00000167552,7846
TUBA1B,ENSG00000123416,10376
TUBA1C,ENSG00000167553,84790
TUBA3D,ENSG00000075886,113457
TUBA3E,ENSG00000152086,112714
TUBA4A,ENSG00000127824,7277
TUBA4B,ENSG00000243910,80086
TUBA8,ENSG00000183785,51807
TUBAL3,ENSG00000178462,79861
TUBAP2,ENSG00000214391,399942
TUBAP8,ENSG00000238145,100533627
TUBAP9,ENSG00000225154,100533626
TUBB,ENSG00000196230,203068
TUBB1,ENSG00000101162,81027
TUBB2A,ENSG00000137267,7280
TUBB2B,ENSG00000137285,347733
TUBB3,ENSG00000258947,10381
TUBB4A,ENSG00000104833,10382
TUBB4B,ENSG00000188229,10383
TUBB6,ENSG00000176014,84617
TUBB8,ENSG00000261456,347688
TUBB8B,ENSG00000173213,260334
TUBB8P1,ENSG00000229298,100418937
TUBB8P7,ENSG00000261812,197331
TUBD1,ENSG00000108423,51174
TUBE1,ENSG00000074935,51175
TUBG1,ENSG00000131462,7283
TUBG1P,ENSG00000237972,442673
TUBG2,ENSG00000037042,27175
TUBGCP2,ENSG00000130640,10844
TUBGCP3,ENSG00000126216,10426
TUBGCP4,ENSG00000137822,27229
TUBGCP5,ENSG00000275835,114791
TUBGCP6,ENSG00000128159,85378
TUFM,ENSG00000178952,7284
TUFT1,ENSG00000143367,7286
TUG1,ENSG00000253352,55000
TULP1,ENSG00000112041,7287
TULP2,ENSG00000104804,7288
TULP3,ENSG00000078246,7289
TULP4,ENSG00000130338,56995
TUNAR,ENSG00000250366,100507043
TUSC1,ENSG00000198680,286319
TUSC2,ENSG00000114383,11334
TUSC3,ENSG00000104723,7991
TUSC8,ENSG00000237361,400128
TUT1,ENSG00000149016,64852
TUT4,ENSG00000134744,23318
TUT7,ENSG00000083223,79670
TVP23A,ENSG00000166676,780776
TVP23B,ENSG00000171928,51030
TVP23C,ENSG00000175106,201158
TWF1,ENSG00000151239,5756
TWF2,ENSG00000247596,11344
TWF2-DT,ENSG00000243224,101929054
TWIST1,ENSG00000122691,7291
TWIST2,ENSG00000233608,117581
TWNK,ENSG00000107815,56652
TWSG1,ENSG00000128791,57045
TXK,ENSG00000074966,7294
TXLNA,ENSG00000084652,200081
TXLNB,ENSG00000164440,167838
TXLNG,ENSG00000086712,55787
TXN,ENSG00000136810,7295
TXN2,ENSG00000100348,25828
TXNDC11,ENSG00000153066,51061
TXNDC12,ENSG00000117862,51060
TXNDC15,ENSG00000113621,79770
TXNDC16,ENSG00000087301,57544
TXNDC17,ENSG00000129235,84817
TXNDC2,ENSG00000168454,84203
TXNDC5,ENSG00000239264,81567
TXNDC9,ENSG00000115514,10190
TXNIP,ENSG00000265972,10628
TXNL1,ENSG00000091164,9352
TXNL4A,ENSG00000141759,10907
TXNL4B,ENSG00000140830,54957
TXNRD1,ENSG00000198431,7296
TXNRD2,ENSG00000184470,10587
TXNRD3,ENSG00000197763,114112
TYK2,ENSG00000105397,7297
TYMP,ENSG00000025708,1890
TYMS,ENSG00000176890,7298
TYRO3,ENSG00000092445,7301
TYROBP,ENSG00000011600,7305
TYRP1,ENSG00000107165,7306
TYSND1,ENSG00000156521,219743
TYW1,ENSG00000198874,55253
TYW1B,ENSG00000277149,441250
TYW3,ENSG00000162623,127253
TYW5,ENSG00000162971,129450
U2AF1,ENSG00000160201,7307
U2AF1L4,ENSG00000161265,199746
U2AF2,ENSG00000063244,11338
U2SURP,ENSG00000163714,23350
UACA,ENSG00000137831,55075
UAP1,ENSG00000117143,6675
UAP1L1,ENSG00000197355,91373
UBA1,ENSG00000130985,7317
UBA2,ENSG00000126261,10054
UBA3,ENSG00000144744,9039
UBA5,ENSG00000081307,79876
UBA52,ENSG00000221983,7311
UBA6,ENSG00000033178,55236
UBA6-DT,ENSG00000248049,550112
UBA7,ENSG00000182179,7318
UBAC1,ENSG00000130560,10422
UBAC2,ENSG00000134882,337867
UBAC2-AS1,ENSG00000228889,100289373
UBALD1,ENSG00000153443,124402
UBALD2,ENSG00000185262,283991
UBAP1,ENSG00000165006,51271
UBAP1L,ENSG00000246922,390595
UBAP2,ENSG00000137073,55833
UBAP2L,ENSG00000143569,9898
UBASH3A,ENSG00000160185,53347
UBASH3B,ENSG00000154127,84959
UBB,ENSG00000170315,7314
UBC,ENSG00000150991,7316
UBE2A,ENSG00000077721,7319
UBE2B,ENSG00000119048,7320
UBE2C,ENSG00000175063,11065
UBE2CP2,ENSG00000265939,646595
UBE2D1,ENSG00000072401,7321
UBE2D2,ENSG00000131508,7322
UBE2D3,ENSG00000109332,7323
UBE2D4,ENSG00000078967,51619
UBE2E1,ENSG00000170142,7324
UBE2E2,ENSG00000182247,7325
UBE2E3,ENSG00000170035,10477
UBE2F,ENSG00000184182,140739
UBE2FP3,ENSG00000233337,106480360
UBE2G1,ENSG00000132388,7326
UBE2G2,ENSG00000184787,7327
UBE2H,ENSG00000186591,7328
UBE2I,ENSG00000103275,7329
UBE2J1,ENSG00000198833,51465
UBE2J2,ENSG00000160087,118424
UBE2K,ENSG00000078140,3093
UBE2L3,ENSG00000185651,7332
UBE2L5,ENSG00000236444,171222
UBE2L6,ENSG00000156587,9246
UBE2M,ENSG00000130725,9040
UBE2N,ENSG00000177889,7334
UBE2O,ENSG00000175931,63893
UBE2Q1,ENSG00000160714,55585
UBE2Q1-AS1,ENSG00000229780,100874097
UBE2Q2,ENSG00000140367,92912
UBE2QL1,ENSG00000215218,134111
UBE2R2,ENSG00000107341,54926
UBE2R2-AS1,ENSG00000235481,101929688
UBE2S,ENSG00000108106,27338
UBE2T,ENSG00000077152,29089
UBE2V1,ENSG00000244687,7335
UBE2V2,ENSG00000169139,7336
UBE2W,ENSG00000104343,55284
UBE2Z,ENSG00000159202,65264
UBE3A,ENSG00000114062,7337
UBE3B,ENSG00000151148,89910
UBE3C,ENSG00000009335,9690
UBE3D,ENSG00000118420,90025
UBE4A,ENSG00000110344,9354
UBE4B,ENSG00000130939,10277
UBFD1,ENSG00000103353,56061
UBIAD1,ENSG00000120942,29914
UBL3,ENSG00000122042,5412
UBL4A,ENSG00000102178,8266
UBL4B,ENSG00000186150,164153
UBL5,ENSG00000198258,59286
UBL7,ENSG00000138629,84993
UBL7-DT,ENSG00000247240,440288
UBLCP1,ENSG00000164332,134510
UBN1,ENSG00000118900,29855
UBN2,ENSG00000157741,254048
UBOX5,ENSG00000185019,22888
UBOX5-AS1,ENSG00000235958,100134015
UBP1,ENSG00000153560,7342
UBQLN1,ENSG00000135018,29979
UBQLN1-AS1,ENSG00000254473,105376114
UBQLN2,ENSG00000188021,29978
UBQLN4,ENSG00000160803,56893
UBQLNL,ENSG00000175518,143630
UBR1,ENSG00000159459,197131
UBR2,ENSG00000024048,23304
UBR3,ENSG00000144357,130507
UBR4,ENSG00000127481,23352
UBR5,ENSG00000104517,51366
UBR7,ENSG00000012963,55148
UBTD1,ENSG00000165886,80019
UBTD2,ENSG00000168246,92181
UBTF,ENSG00000108312,7343
UBXN1,ENSG00000162191,51035
UBXN10,ENSG00000162543,127733
UBXN11,ENSG00000158062,91544
UBXN2A,ENSG00000173960,165324
UBXN2B,ENSG00000215114,137886
UBXN4,ENSG00000144224,23190
UBXN6,ENSG00000167671,80700
UBXN7,ENSG00000163960,26043
UBXN8,ENSG00000104691,7993
UCA1,ENSG00000214049,652995
UCHL1,ENSG00000154277,7345
UCHL3,ENSG00000118939,7347
UCHL5,ENSG00000116750,51377
UCK1,ENSG00000130717,83549
UCK2,ENSG00000143179,7371
UCKL1,ENSG00000198276,54963
UCKL1-AS1,ENSG00000280213,100113386
UCN,ENSG00000163794,7349
UCN2,ENSG00000145040,90226
UCP1,ENSG00000109424,7350
UCP2,ENSG00000175567,7351
UCP3,ENSG00000175564,7352
UEVLD,ENSG00000151116,55293
UFC1,ENSG00000143222,51506
UFD1,ENSG00000070010,7353
UFD1-AS1,ENSG00000185065,105372860
UFL1,ENSG00000014123,23376
UFM1,ENSG00000120686,51569
UFSP1,ENSG00000176125,402682
UFSP2,ENSG00000109775,55325
UGCG,ENSG00000148154,7357
UGDH,ENSG00000109814,7358
UGDH-AS1,ENSG00000249348,100885776
UGGT1,ENSG00000136731,56886
UGGT2,ENSG00000102595,55757
UGP2,ENSG00000169764,7360
UGT2B10,ENSG00000109181,7365
UGT2B11,ENSG00000213759,10720
UGT2B15,ENSG00000196620,7366
UGT2B17,ENSG00000197888,7367
UGT2B28,ENSG00000135226,54490
UGT2B4,ENSG00000156096,7363
UGT2B7,ENSG00000171234,7364
UGT3A2,ENSG00000168671,167127
UGT8,ENSG00000174607,7368
UHMK1,ENSG00000152332,127933
UHRF1,ENSG00000276043,29128
UHRF2,ENSG00000147854,115426
UIMC1,ENSG00000087206,51720
ULBP1,ENSG00000111981,80329
ULBP2,ENSG00000131015,80328
ULBP3,ENSG00000131019,79465
ULK1,ENSG00000177169,8408
ULK2,ENSG00000083290,9706
ULK3,ENSG00000140474,25989
ULK4,ENSG00000168038,54986
UMAD1,ENSG00000219545,729852
UMOD,ENSG00000169344,7369
UMODL1,ENSG00000177398,89766
UMODL1-AS1,ENSG00000184385,150147
UMPS,ENSG00000114491,7372
UNC119,ENSG00000109103,9094
UNC119B,ENSG00000175970,84747
UNC13A,ENSG00000130477,23025
UNC13B,ENSG00000198722,10497
UNC13C,ENSG00000137766,440279
UNC13D,ENSG00000092929,201294
UNC45A,ENSG00000140553,55898
UNC45B,ENSG00000141161,146862
UNC50,ENSG00000115446,25972
UNC5A,ENSG00000113763,90249
UNC5B,ENSG00000107731,219699
UNC5B-AS1,ENSG00000237512,728978
UNC5C,ENSG00000182168,8633
UNC5CL,ENSG00000124602,222643
UNC5D,ENSG00000156687,137970
UNC79,ENSG00000133958,57578
UNC80,ENSG00000144406,285175
UNC93A,ENSG00000112494,54346
UNC93B1,ENSG00000110057,81622
UNG,ENSG00000076248,7374
UNK,ENSG00000132478,85451
UNKL,ENSG00000059145,64718
UPB1,ENSG00000100024,51733
UPF1,ENSG00000005007,5976
UPF2,ENSG00000151461,26019
UPF3A,ENSG00000169062,65110
UPF3B,ENSG00000125351,65109
UPK1A,ENSG00000105668,11045
UPK1B,ENSG00000114638,7348
UPK2,ENSG00000110375,7379
UPK3A,ENSG00000100373,7380
UPK3B,ENSG00000243566,105375355
UPP1,ENSG00000183696,7378
UPP2,ENSG00000007001,151531
UPRT,ENSG00000094841,139596
UQCC1,ENSG00000101019,55245
UQCC2,ENSG00000137288,84300
UQCC3,ENSG00000204922,790955
UQCC4,ENSG00000174109,283951
UQCC5,ENSG00000168273,440957
UQCC6,ENSG00000204954,728568
UQCR10,ENSG00000184076,29796
UQCR11,ENSG00000127540,10975
UQCRB,ENSG00000156467,7381
UQCRB-AS1,ENSG00000254224,101927039
UQCRC1,ENSG00000010256,7384
UQCRC2,ENSG00000140740,7385
UQCRFS1,ENSG00000169021,7386
UQCRFS1-DT,ENSG00000267498,105372352
UQCRH,ENSG00000173660,7388
UQCRHL,ENSG00000233954,440567
UQCRQ,ENSG00000164405,27089
URB1,ENSG00000142207,9875
URB1-AS1,ENSG00000256073,84996
URB2,ENSG00000135763,9816
URGCP,ENSG00000106608,55665
URI1,ENSG00000105176,8725
URM1,ENSG00000167118,81605
UROC1,ENSG00000159650,131669
UROD,ENSG00000126088,7389
UROS,ENSG00000188690,7390
USB1,ENSG00000103005,79650
USE1,ENSG00000053501,55850
USF1,ENSG00000158773,7391
USF2,ENSG00000105698,7392
USF3,ENSG00000176542,205717
USH1C,ENSG00000006611,10083
USH1G,ENSG00000182040,124590
USH2A,ENSG00000042781,7399
USHBP1,ENSG00000130307,83878
USO1,ENSG00000138768,8615
USP1,ENSG00000162607,7398
USP10,ENSG00000103194,9100
USP11,ENSG00000102226,8237
USP12,ENSG00000152484,219333
USP13,ENSG00000058056,8975
USP14,ENSG00000101557,9097
USP15,ENSG00000135655,9958
USP16,ENSG00000156256,10600
USP18,ENSG00000184979,11274
USP19,ENSG00000172046,10869
USP2,ENSG00000036672,9099
USP20,ENSG00000136878,10868
USP21,ENSG00000143258,27005
USP22,ENSG00000124422,23326
USP24,ENSG00000162402,23358
USP25,ENSG00000155313,29761
USP27X,ENSG00000273820,389856
USP27X-DT,ENSG00000234390,158572
USP28,ENSG00000048028,57646
USP3,ENSG00000140455,9960
USP3-AS1,ENSG00000259248,100130855
USP30,ENSG00000135093,84749
USP31,ENSG00000103404,57478
USP32,ENSG00000170832,84669
USP33,ENSG00000077254,23032
USP34,ENSG00000115464,9736
USP34-DT,ENSG00000270820,105377633
USP35,ENSG00000118369,57558
USP36,ENSG00000055483,57602
USP37,ENSG00000135913,57695
USP38,ENSG00000170185,84640
USP39,ENSG00000168883,10713
USP4,ENSG00000114316,7375
USP40,ENSG00000085982,55230
USP41P,ENSG00000161133,373856
USP42,ENSG00000106346,84132
USP43,ENSG00000154914,124739
USP44,ENSG00000136014,84101
USP45,ENSG00000123552,85015
USP46,ENSG00000109189,64854
USP46-DT,ENSG00000248866,643783
USP47,ENSG00000170242,55031
USP48,ENSG00000090686,84196
USP49,ENSG00000164663,25862
USP5,ENSG00000111667,8078
USP50,ENSG00000170236,373509
USP51,ENSG00000247746,158880
USP53,ENSG00000145390,54532
USP54,ENSG00000166348,159195
USP6,ENSG00000129204,9098
USP6NL,ENSG00000148429,9712
USP7,ENSG00000187555,7874
USP8,ENSG00000138592,9101
USP8P1,ENSG00000214892,100287272
USP9X,ENSG00000124486,8239
USPL1,ENSG00000132952,10208
UST,ENSG00000111962,10090
UTP11,ENSG00000183520,51118
UTP14A,ENSG00000156697,10813
UTP15,ENSG00000164338,84135
UTP18,ENSG00000011260,51096
UTP20,ENSG00000120800,27340
UTP23,ENSG00000147679,84294
UTP25,ENSG00000117597,27042
UTP3,ENSG00000132467,57050
UTP4,ENSG00000141076,84916
UTP6,ENSG00000108651,55813
UTRN,ENSG00000152818,7402
UTS2,ENSG00000049247,10911
UTS2B,ENSG00000188958,257313
UTS2R,ENSG00000181408,2837
UVRAG,ENSG00000198382,7405
UVRAG-DT,ENSG00000255507,100506113
UVSSA,ENSG00000163945,57654
UXS1,ENSG00000115652,80146
UXT,ENSG00000126756,8409
UXT-AS1,ENSG00000267064,100133957
VAC14,ENSG00000103043,55697
VAC14-AS1,ENSG00000214353,100130894
VAMP1,ENSG00000139190,6843
VAMP2,ENSG00000220205,6844
VAMP3,ENSG00000049245,9341
VAMP4,ENSG00000117533,8674
VAMP5,ENSG00000168899,10791
VAMP7,ENSG00000124333,6845
VAMP8,ENSG00000118640,8673
VANGL1,ENSG00000173218,81839
VANGL2,ENSG00000162738,57216
VAPA,ENSG00000101558,9218
VAPB,ENSG00000124164,9217
VARS1,ENSG00000204394,7407
VARS2,ENSG00000137411,57176
VASH1,ENSG00000071246,22846
VASH2,ENSG00000143494,79805
VASN,ENSG00000168140,114990
VASP,ENSG00000125753,7408
VAT1,ENSG00000108828,10493
VAT1L,ENSG00000171724,57687
VAV1,ENSG00000141968,7409
VAV2,ENSG00000160293,7410
VAV3,ENSG00000134215,10451
VAV3-AS1,ENSG00000230489,100873946
VAX1,ENSG00000148704,11023
VAX2,ENSG00000116035,25806
VBP1,ENSG00000155959,7411
VCAM1,ENSG00000162692,7412
VCAN,ENSG00000038427,1462
VCAN-AS1,ENSG00000249835,105379054
VCF1,ENSG00000133193,84923
VCF2,ENSG00000182518,90736
VCL,ENSG00000035403,7414
VCP,ENSG00000165280,7415
VCPIP1,ENSG00000175073,80124
VCPKMT,ENSG00000100483,79609
VDAC1,ENSG00000213585,7416
VDAC2,ENSG00000165637,7417
VDAC3,ENSG00000078668,7419
VDR,ENSG00000111424,7421
VEGFA,ENSG00000112715,7422
VEGFB,ENSG00000173511,7423
VEGFC,ENSG00000150630,7424
VEGFD,ENSG00000165197,2277
VENTX,ENSG00000151650,27287
VEPH1,ENSG00000197415,79674
VESTAR,ENSG00000258701,196872
VEZF1,ENSG00000136451,7716
VEZT,ENSG00000028203,55591
VEZTP1,ENSG00000224072,100113397
VGF,ENSG00000128564,7425
VGLL1,ENSG00000102243,51442
VGLL3,ENSG00000206538,389136
VGLL4,ENSG00000144560,9686
VHL,ENSG00000134086,7428
VIL1,ENSG00000127831,7429
VILL,ENSG00000136059,50853
VIM,ENSG00000026025,7431
VIM-AS1,ENSG00000229124,100507347
VIM2P,ENSG00000286215,100130535
VIP,ENSG00000146469,7432
VIPAS39,ENSG00000151445,63894
VIPR1,ENSG00000114812,7433
VIPR2,ENSG00000106018,7434
VIRMA,ENSG00000164944,25962
VIRMA-DT,ENSG00000253704,101926977
VIT,ENSG00000205221,5212
VKORC1,ENSG00000167397,79001
VKORC1L1,ENSG00000196715,154807
VLDLR,ENSG00000147852,7436
VLDLR-AS1,ENSG00000236404,401491
VMA21,ENSG00000160131,203547
VMAC,ENSG00000187650,400673
VMO1,ENSG00000182853,284013
VMP1,ENSG00000062716,81671
VN1R1,ENSG00000178201,57191
VN1R107P,ENSG00000268545,100312849
VN1R48P,ENSG00000237487,100312798
VN1R53P,ENSG00000236313,100312806
VN1R83P,ENSG00000268521,100312828
VN1R85P,ENSG00000269345,100312830
VN2R19P,ENSG00000235974,100033407
VNN1,ENSG00000112299,8876
VNN2,ENSG00000112303,8875
VOPP1,ENSG00000154978,81552
VPREB3,ENSG00000128218,29802
VPS11,ENSG00000160695,55823
VPS13A,ENSG00000197969,23230
VPS13B,ENSG00000132549,157680
VPS13B-DT,ENSG00000253948,105375666
VPS13C,ENSG00000129003,54832
VPS13D,ENSG00000048707,55187
VPS16,ENSG00000215305,64601
VPS18,ENSG00000104142,57617
VPS25,ENSG00000131475,84313
VPS26A,ENSG00000122958,9559
VPS26B,ENSG00000151502,112936
VPS26C,ENSG00000157538,10311
VPS28,ENSG00000160948,51160
VPS29,ENSG00000111237,51699
VPS33A,ENSG00000139719,65082
VPS33B,ENSG00000184056,26276
VPS33B-DT,ENSG00000214432,101926911
VPS35,ENSG00000069329,55737
VPS35L,ENSG00000103544,57020
VPS36,ENSG00000136100,51028
VPS37A,ENSG00000155975,137492
VPS37B,ENSG00000139722,79720
VPS37C,ENSG00000167987,55048
VPS37D,ENSG00000176428,155382
VPS39,ENSG00000166887,23339
VPS41,ENSG00000006715,27072
VPS45,ENSG00000136631,11311
VPS4A,ENSG00000132612,27183
VPS4B,ENSG00000119541,9525
VPS50,ENSG00000004766,55610
VPS51,ENSG00000149823,738
VPS52,ENSG00000223501,6293
VPS53,ENSG00000141252,55275
VPS54,ENSG00000143952,51542
VPS72,ENSG00000163159,6944
VPS8,ENSG00000156931,23355
VPS9D1,ENSG00000075399,9605
VPS9D1-AS1,ENSG00000261373,100128881
VRK1,ENSG00000100749,7443
VRK2,ENSG00000028116,7444
VRK3,ENSG00000105053,51231
VSIG1,ENSG00000101842,340547
VSIG10,ENSG00000176834,54621
VSIG10L,ENSG00000186806,147645
VSIG10L2,ENSG00000283703,338667
VSIG2,ENSG00000019102,23584
VSIG4,ENSG00000155659,11326
VSIR,ENSG00000107738,64115
VSNL1,ENSG00000163032,7447
VSTM1,ENSG00000189068,284415
VSTM2A,ENSG00000170419,222008
VSTM2A-OT1,ENSG00000224223,285878
VSTM2L,ENSG00000132821,128434
VSTM4,ENSG00000165633,196740
VSTM5,ENSG00000214376,387804
VSX1,ENSG00000100987,30813
VTA1,ENSG00000009844,51534
VTCN1,ENSG00000134258,79679
VTI1A,ENSG00000151532,143187
VTI1B,ENSG00000100568,10490
VTN,ENSG00000109072,7448
VWA1,ENSG00000179403,64856
VWA2,ENSG00000165816,340706
VWA3A,ENSG00000175267,146177
VWA3B,ENSG00000168658,200403
VWA5A,ENSG00000110002,4013
VWA5B1,ENSG00000158816,127731
VWA5B2,ENSG00000145198,90113
VWA7,ENSG00000204396,80737
VWA8,ENSG00000102763,23078
VWA8-AS1,ENSG00000278338,100507240
VWC2,ENSG00000188730,375567
VWCE,ENSG00000167992,220001
VWDE,ENSG00000146530,221806
VWF,ENSG00000110799,7450
VWFP1,ENSG00000241717,7451
VXN,ENSG00000169085,254778
WAC,ENSG00000095787,51322
WAKMAR2,ENSG00000237499,100130476
WAPL,ENSG00000062650,23063
WAPL-DT,ENSG00000227896,122152326
WARS1,ENSG00000140105,7453
WARS2,ENSG00000116874,10352
WARS2-AS1,ENSG00000231365,101929147
WAS,ENSG00000015285,7454
WASF1,ENSG00000112290,8936
WASF2,ENSG00000158195,10163
WASF3,ENSG00000132970,10810
WASF5P,ENSG00000231402,387122
WASH6P,ENSG00000182484,653440
WASH8P,ENSG00000226210,100288778
WASHC1,ENSG00000181404,100287171
WASHC2A,ENSG00000099290,387680
WASHC2C,ENSG00000172661,253725
WASHC3,ENSG00000120860,51019
WASHC4,ENSG00000136051,23325
WASHC5,ENSG00000164961,9897
WASHC5-AS1,ENSG00000253167,106479020
WASIR2,ENSG00000231439,100132169
WASL,ENSG00000106299,8976
WASL-DT,ENSG00000272686,116435299
WBP1,ENSG00000239779,23559
WBP11,ENSG00000084463,51729
WBP1L,ENSG00000166272,54838
WBP2,ENSG00000132471,23558
WBP2NL,ENSG00000183066,164684
WBP4,ENSG00000120688,11193
WDCP,ENSG00000163026,80304
WDFY1,ENSG00000085449,57590
WDFY2,ENSG00000139668,115825
WDFY3,ENSG00000163625,23001
WDFY3-AS2,ENSG00000180769,404201
WDFY4,ENSG00000128815,57705
WDHD1,ENSG00000198554,11169
WDPCP,ENSG00000143951,51057
WDR1,ENSG00000071127,9948
WDR11,ENSG00000120008,55717
WDR11-DT,ENSG00000227165,283089
WDR12,ENSG00000138442,55759
WDR13,ENSG00000101940,64743
WDR17,ENSG00000150627,116966
WDR18,ENSG00000065268,57418
WDR19,ENSG00000157796,57728
WDR20,ENSG00000140153,91833
WDR24,ENSG00000127580,84219
WDR25,ENSG00000176473,79446
WDR26,ENSG00000162923,80232
WDR27,ENSG00000184465,253769
WDR3,ENSG00000065183,10885
WDR31,ENSG00000148225,114987
WDR33,ENSG00000136709,55339
WDR35,ENSG00000118965,57539
WDR35-DT,ENSG00000227210,101928222
WDR36,ENSG00000134987,134430
WDR37,ENSG00000047056,22884
WDR38,ENSG00000136918,401551
WDR4,ENSG00000160193,10785
WDR41,ENSG00000164253,55255
WDR43,ENSG00000163811,23160
WDR44,ENSG00000131725,54521
WDR45,ENSG00000196998,11152
WDR45B,ENSG00000141580,56270
WDR46,ENSG00000227057,9277
WDR47,ENSG00000085433,22911
WDR48,ENSG00000114742,57599
WDR49,ENSG00000174776,151790
WDR5,ENSG00000196363,11091
WDR53,ENSG00000185798,348793
WDR54,ENSG00000005448,84058
WDR55,ENSG00000120314,54853
WDR59,ENSG00000103091,79726
WDR5B,ENSG00000196981,54554
WDR5B-DT,ENSG00000272758,102723582
WDR6,ENSG00000178252,11180
WDR62,ENSG00000075702,284403
WDR64,ENSG00000162843,128025
WDR7,ENSG00000091157,23335
WDR70,ENSG00000082068,55100
WDR72,ENSG00000166415,256764
WDR73,ENSG00000177082,84942
WDR74,ENSG00000133316,54663
WDR75,ENSG00000115368,84128
WDR76,ENSG00000092470,79968
WDR77,ENSG00000116455,79084
WDR81,ENSG00000167716,124997
WDR82,ENSG00000164091,80335
WDR83,ENSG00000123154,84292
WDR86,ENSG00000187260,349136
WDR86-AS1,ENSG00000243836,100131176
WDR87,ENSG00000171804,83889
WDR88,ENSG00000166359,126248
WDR89,ENSG00000140006,112840
WDR90,ENSG00000161996,197335
WDR91,ENSG00000105875,29062
WDR93,ENSG00000140527,56964
WDR97,ENSG00000179698,340390
WDSUB1,ENSG00000196151,151525
WDTC1,ENSG00000142784,23038
WEE1,ENSG00000166483,7465
WEE2,ENSG00000214102,494551
WEE2-AS1,ENSG00000228775,285962
WFDC1,ENSG00000103175,58189
WFDC2,ENSG00000101443,10406
WFDC3,ENSG00000124116,140686
WFDC6,ENSG00000243543,140870
WFIKKN1,ENSG00000127578,117166
WFIKKN2,ENSG00000173714,124857
WFS1,ENSG00000109501,7466
WHAMM,ENSG00000156232,123720
WHRN,ENSG00000095397,25861
WIF1,ENSG00000156076,11197
WIPF1,ENSG00000115935,7456
WIPF2,ENSG00000171475,147179
WIPF3,ENSG00000122574,644150
WIPI1,ENSG00000070540,55062
WIPI2,ENSG00000157954,26100
WIZ,ENSG00000011451,58525
WLS,ENSG00000116729,79971
WNK1,ENSG00000060237,65125
WNK2,ENSG00000165238,65268
WNK3,ENSG00000196632,65267
WNK4,ENSG00000126562,65266
WNT1,ENSG00000125084,7471
WNT10A,ENSG00000135925,80326
WNT10B,ENSG00000169884,7480
WNT11,ENSG00000085741,7481
WNT16,ENSG00000002745,51384
WNT2,ENSG00000105989,7472
WNT2B,ENSG00000134245,7482
WNT3,ENSG00000108379,7473
WNT3A,ENSG00000154342,89780
WNT4,ENSG00000162552,54361
WNT5A,ENSG00000114251,7474
WNT5A-AS1,ENSG00000244586,100874008
WNT5B,ENSG00000111186,81029
WNT6,ENSG00000115596,7475
WNT7A,ENSG00000154764,7476
WNT7B,ENSG00000188064,7477
WNT8B,ENSG00000075290,7479
WNT9A,ENSG00000143816,7483
WNT9B,ENSG00000158955,7484
WRAP53,ENSG00000141499,55135
WRAP73,ENSG00000116213,49856
WRN,ENSG00000165392,7486
WRNIP1,ENSG00000124535,56897
WSB1,ENSG00000109046,26118
WSB2,ENSG00000176871,55884
WSCD1,ENSG00000179314,23302
WSCD2,ENSG00000075035,9671
WT1,ENSG00000184937,7490
WT1-AS,ENSG00000183242,51352
WTAP,ENSG00000146457,9589
WTIP,ENSG00000142279,126374
WWC1,ENSG00000113645,23286
WWC2,ENSG00000151718,80014
WWC2-AS2,ENSG00000251359,152641
WWC3,ENSG00000047644,55841
WWOX,ENSG00000186153,51741
WWP1,ENSG00000123124,11059
WWP1-AS1,ENSG00000254231,105375624
WWP2,ENSG00000198373,11060
WWTR1,ENSG00000018408,25937
WWTR1-AS1,ENSG00000241313,100128025
XAB2,ENSG00000076924,56949
XAF1,ENSG00000132530,54739
XBP1,ENSG00000100219,7494
XCL1,ENSG00000143184,6375
XCL2,ENSG00000143185,6846
XCR1,ENSG00000173578,2829
XDH,ENSG00000158125,7498
XG,ENSG00000124343,7499
XIAP,ENSG00000101966,331
XIRP1,ENSG00000168334,165904
XIST,ENSG00000229807,7503
XK,ENSG00000047597,7504
XKR4,ENSG00000206579,114786
XKR5,ENSG00000275591,389610
XKR6,ENSG00000171044,286046
XKR7,ENSG00000260903,343702
XKR8,ENSG00000158156,55113
XKR9,ENSG00000221947,389668
XKRX,ENSG00000182489,402415
XNDC1N,ENSG00000254469,100133315
XPA,ENSG00000136936,7507
XPC,ENSG00000154767,7508
XPNPEP1,ENSG00000108039,7511
XPNPEP2,ENSG00000122121,7512
XPNPEP3,ENSG00000196236,63929
XPO1,ENSG00000082898,7514
XPO4,ENSG00000132953,64328
XPO5,ENSG00000124571,57510
XPO6,ENSG00000169180,23214
XPO7,ENSG00000130227,23039
XPOT,ENSG00000184575,11260
XPOTP1,ENSG00000214185,170559
XPR1,ENSG00000143324,9213
XRCC1,ENSG00000073050,7515
XRCC2,ENSG00000196584,7516
XRCC3,ENSG00000126215,7517
XRCC4,ENSG00000152422,7518
XRCC5,ENSG00000079246,7520
XRCC6,ENSG00000196419,2547
XRCC6P2,ENSG00000234825,389901
XRN1,ENSG00000114127,54464
XRN2,ENSG00000088930,22803
XRRA1,ENSG00000166435,143570
XXYLT1,ENSG00000173950,152002
XXYLT1-AS2,ENSG00000230266,101410543
XYLB,ENSG00000093217,9942
XYLT1,ENSG00000103489,64131
XYLT2,ENSG00000015532,64132
YAE1,ENSG00000241127,57002
YAF2,ENSG00000015153,10138
YAP1,ENSG00000137693,10413
YARS1,ENSG00000134684,8565
YARS2,ENSG00000139131,51067
YBEY,ENSG00000182362,54059
YBX1,ENSG00000065978,4904
YBX2,ENSG00000006047,51087
YBX3,ENSG00000060138,8531
YDJC,ENSG00000161179,150223
YEATS2,ENSG00000163872,55689
YEATS4,ENSG00000127337,8089
YES1,ENSG00000176105,7525
YIF1A,ENSG00000174851,10897
YIF1B,ENSG00000167645,90522
YIPF1,ENSG00000058799,54432
YIPF2,ENSG00000130733,78992
YIPF3,ENSG00000137207,25844
YIPF4,ENSG00000119820,84272
YIPF5,ENSG00000145817,81555
YIPF6,ENSG00000181704,286451
YJEFN3,ENSG00000250067,374887
YJU2,ENSG00000105248,55702
YJU2B,ENSG00000104957,81576
YKT6,ENSG00000106636,10652
YLPM1,ENSG00000119596,56252
YME1L1,ENSG00000136758,10730
YOD1,ENSG00000180667,55432
YPEL1,ENSG00000100027,29799
YPEL2,ENSG00000175155,388403
YPEL3,ENSG00000090238,83719
YPEL3-DT,ENSG00000250616,101928595
YPEL4,ENSG00000166793,219539
YPEL5,ENSG00000119801,51646
YRDC,ENSG00000196449,79693
YTHDC1,ENSG00000083896,91746
YTHDC2,ENSG00000047188,64848
YTHDF1,ENSG00000149658,54915
YTHDF2,ENSG00000198492,51441
YTHDF3,ENSG00000185728,253943
YTHDF3-DT,ENSG00000270673,101410533
YWHAB,ENSG00000166913,7529
YWHAE,ENSG00000108953,7531
YWHAG,ENSG00000170027,7532
YWHAH,ENSG00000128245,7533
YWHAH-AS1,ENSG00000128254,25775
YWHAQ,ENSG00000134308,10971
YWHAZ,ENSG00000164924,7534
YY1,ENSG00000100811,7528
YY1AP1,ENSG00000163374,55249
YY2,ENSG00000230797,404281
ZACN,ENSG00000186919,353174
ZAN,ENSG00000146839,7455
ZAP70,ENSG00000115085,7535
ZBBX,ENSG00000169064,79740
ZBED1,ENSG00000214717,9189
ZBED2,ENSG00000177494,79413
ZBED3,ENSG00000132846,84327
ZBED3-AS1,ENSG00000250802,728723
ZBED4,ENSG00000100426,9889
ZBED5,ENSG00000236287,58486
ZBED5-AS1,ENSG00000247271,729013
ZBED6,ENSG00000257315,100381270
ZBP1,ENSG00000124256,81030
ZBTB1,ENSG00000126804,22890
ZBTB10,ENSG00000205189,65986
ZBTB11,ENSG00000066422,27107
ZBTB11-AS1,ENSG00000256628,100009676
ZBTB12,ENSG00000204366,221527
ZBTB14,ENSG00000198081,7541
ZBTB16,ENSG00000109906,7704
ZBTB17,ENSG00000116809,7709
ZBTB18,ENSG00000179456,10472
ZBTB2,ENSG00000181472,57621
ZBTB20,ENSG00000181722,26137
ZBTB20-AS1,ENSG00000241560,100131117
ZBTB20-AS4,ENSG00000242767,100874131
ZBTB21,ENSG00000173276,49854
ZBTB22,ENSG00000236104,9278
ZBTB24,ENSG00000112365,9841
ZBTB25,ENSG00000089775,7597
ZBTB26,ENSG00000171448,57684
ZBTB3,ENSG00000185670,79842
ZBTB32,ENSG00000011590,27033
ZBTB33,ENSG00000177485,10009
ZBTB34,ENSG00000177125,403341
ZBTB37,ENSG00000185278,84614
ZBTB38,ENSG00000177311,253461
ZBTB39,ENSG00000166860,9880
ZBTB4,ENSG00000174282,57659
ZBTB40,ENSG00000184677,9923
ZBTB41,ENSG00000177888,360023
ZBTB42,ENSG00000179627,100128927
ZBTB43,ENSG00000169155,23099
ZBTB44,ENSG00000196323,29068
ZBTB44-DT,ENSG00000175773,646383
ZBTB45,ENSG00000119574,84878
ZBTB46,ENSG00000130584,140685
ZBTB47,ENSG00000114853,92999
ZBTB48,ENSG00000204859,3104
ZBTB49,ENSG00000168826,166793
ZBTB5,ENSG00000168795,9925
ZBTB6,ENSG00000186130,10773
ZBTB7A,ENSG00000178951,51341
ZBTB7B,ENSG00000160685,51043
ZBTB7C,ENSG00000184828,201501
ZBTB8A,ENSG00000160062,653121
ZBTB8B,ENSG00000273274,728116
ZBTB8OS,ENSG00000176261,339487
ZBTB9,ENSG00000213588,221504
ZC2HC1A,ENSG00000104427,51101
ZC2HC1C,ENSG00000119703,79696
ZC3H10,ENSG00000135482,84872
ZC3H11A,ENSG00000058673,9877
ZC3H11B,ENSG00000215817,643136
ZC3H12A,ENSG00000163874,80149
ZC3H12B,ENSG00000102053,340554
ZC3H12C,ENSG00000149289,85463
ZC3H12D,ENSG00000178199,340152
ZC3H13,ENSG00000123200,23091
ZC3H14,ENSG00000100722,79882
ZC3H15,ENSG00000065548,55854
ZC3H18,ENSG00000158545,124245
ZC3H3,ENSG00000014164,23144
ZC3H4,ENSG00000130749,23211
ZC3H6,ENSG00000188177,376940
ZC3H7A,ENSG00000122299,29066
ZC3H7B,ENSG00000100403,23264
ZC3H8,ENSG00000144161,84524
ZC3HAV1,ENSG00000105939,56829
ZC3HAV1L,ENSG00000146858,92092
ZC3HC1,ENSG00000091732,51530
ZC4H2,ENSG00000126970,55906
ZCCHC10,ENSG00000155329,54819
ZCCHC12,ENSG00000174460,170261
ZCCHC14,ENSG00000140948,23174
ZCCHC14-DT,ENSG00000288568,101928737
ZCCHC17,ENSG00000121766,51538
ZCCHC18,ENSG00000166707,644353
ZCCHC2,ENSG00000141664,54877
ZCCHC24,ENSG00000165424,219654
ZCCHC3,ENSG00000247315,85364
ZCCHC4,ENSG00000168228,29063
ZCCHC7,ENSG00000147905,84186
ZCCHC8,ENSG00000033030,55596
ZCCHC9,ENSG00000131732,84240
ZCRB1,ENSG00000139168,85437
ZCWPW1,ENSG00000078487,55063
ZCWPW2,ENSG00000206559,152098
ZDBF2,ENSG00000204186,57683
ZDHHC1,ENSG00000159714,29800
ZDHHC11,ENSG00000188818,79844
ZDHHC11B,ENSG00000206077,653082
ZDHHC12,ENSG00000160446,84885
ZDHHC12-DT,ENSG00000223478,100506100
ZDHHC13,ENSG00000177054,54503
ZDHHC14,ENSG00000175048,79683
ZDHHC15,ENSG00000102383,158866
ZDHHC16,ENSG00000171307,84287
ZDHHC17,ENSG00000186908,23390
ZDHHC18,ENSG00000204160,84243
ZDHHC19,ENSG00000163958,131540
ZDHHC2,ENSG00000104219,51201
ZDHHC20,ENSG00000180776,253832
ZDHHC20P1,ENSG00000233916,100048907
ZDHHC21,ENSG00000175893,340481
ZDHHC22,ENSG00000177108,283576
ZDHHC23,ENSG00000184307,254887
ZDHHC24,ENSG00000174165,254359
ZDHHC3,ENSG00000163812,51304
ZDHHC4,ENSG00000136247,55146
ZDHHC5,ENSG00000156599,25921
ZDHHC6,ENSG00000023041,64429
ZDHHC7,ENSG00000153786,55625
ZDHHC8,ENSG00000099904,29801
ZDHHC9,ENSG00000188706,51114
ZEB1,ENSG00000148516,6935
ZEB1-AS1,ENSG00000237036,220930
ZEB2,ENSG00000169554,9839
ZEB2P1,ENSG00000249506,100420926
ZER1,ENSG00000160445,10444
ZFAND1,ENSG00000104231,79752
ZFAND2A,ENSG00000178381,90637
ZFAND2A-DT,ENSG00000229043,101927021
ZFAND2B,ENSG00000158552,130617
ZFAND3,ENSG00000156639,60685
ZFAND4,ENSG00000172671,93550
ZFAND5,ENSG00000107372,7763
ZFAND6,ENSG00000086666,54469
ZFAS1,ENSG00000177410,441951
ZFAT,ENSG00000066827,57623
ZFC3H1,ENSG00000133858,196441
ZFHX2,ENSG00000136367,85446
ZFHX3,ENSG00000140836,463
ZFHX3-AS1,ENSG00000259768,101927978
ZFHX4,ENSG00000091656,79776
ZFHX4-AS1,ENSG00000253661,100192378
ZFP1,ENSG00000184517,162239
ZFP14,ENSG00000142065,57677
ZFP2,ENSG00000198939,80108
ZFP28,ENSG00000196867,140612
ZFP3,ENSG00000180787,124961
ZFP3-DT,ENSG00000262693,119139902
ZFP30,ENSG00000120784,22835
ZFP36,ENSG00000128016,7538
ZFP36L1,ENSG00000185650,677
ZFP36L2,ENSG00000152518,678
ZFP37,ENSG00000136866,7539
ZFP41,ENSG00000181638,286128
ZFP57,ENSG00000204644,346171
ZFP62,ENSG00000278970,643836
ZFP64,ENSG00000020256,55734
ZFP69,ENSG00000187815,339559
ZFP69B,ENSG00000187801,65243
ZFP82,ENSG00000181007,284406
ZFP90,ENSG00000184939,146198
ZFP91,ENSG00000186660,80829
ZFP92,ENSG00000189420,139735
ZFPL1,ENSG00000162300,7542
ZFPM1,ENSG00000179588,161882
ZFPM1-AS1,ENSG00000261744,100128882
ZFPM2,ENSG00000169946,23414
ZFR,ENSG00000056097,51663
ZFR2,ENSG00000105278,23217
ZFTA,ENSG00000188070,65998
ZFTRAF1,ENSG00000187954,50626
ZFX,ENSG00000005889,7543
ZFYVE1,ENSG00000165861,53349
ZFYVE16,ENSG00000039319,9765
ZFYVE19,ENSG00000166140,84936
ZFYVE21,ENSG00000100711,79038
ZFYVE26,ENSG00000072121,23503
ZFYVE27,ENSG00000155256,118813
ZFYVE28,ENSG00000159733,57732
ZFYVE9,ENSG00000157077,9372
ZG16,ENSG00000174992,653808
ZG16B,ENSG00000162078,124220
ZGLP1,ENSG00000220201,100125288
ZGPAT,ENSG00000197114,84619
ZGRF1,ENSG00000138658,55345
ZHX1,ENSG00000165156,11244
ZHX1-C8orf76,ENSG00000259305,100533106
ZHX2,ENSG00000178764,22882
ZHX3,ENSG00000174306,23051
ZIC1,ENSG00000152977,7545
ZIC2,ENSG00000043355,7546
ZIC3,ENSG00000156925,7547
ZIC4,ENSG00000174963,84107
ZIC5,ENSG00000139800,85416
ZIK1,ENSG00000171649,284307
ZIM2,ENSG00000269699,23619
ZIM2-AS1,ENSG00000286125,101929059
ZKSCAN1,ENSG00000106261,7586
ZKSCAN2,ENSG00000155592,342357
ZKSCAN2-DT,ENSG00000274925,112577464
ZKSCAN3,ENSG00000189298,80317
ZKSCAN4,ENSG00000187626,387032
ZKSCAN5,ENSG00000196652,23660
ZKSCAN7,ENSG00000196345,55888
ZKSCAN7-AS1,ENSG00000236869,112840933
ZKSCAN8,ENSG00000198315,7745
ZKSCAN8P1,ENSG00000226314,651302
ZMAT1,ENSG00000166432,84460
ZMAT2,ENSG00000146007,153527
ZMAT3,ENSG00000172667,64393
ZMAT4,ENSG00000165061,79698
ZMAT5,ENSG00000100319,55954
ZMIZ1,ENSG00000108175,57178
ZMIZ1-AS1,ENSG00000224596,283050
ZMIZ2,ENSG00000122515,83637
ZMPSTE24,ENSG00000084073,10269
ZMYM1,ENSG00000197056,79830
ZMYM2,ENSG00000121741,7750
ZMYM3,ENSG00000147130,9203
ZMYM4,ENSG00000146463,9202
ZMYM5,ENSG00000132950,9205
ZMYM6,ENSG00000163867,9204
ZMYND10,ENSG00000004838,51364
ZMYND11,ENSG00000015171,10771
ZMYND12,ENSG00000066185,84217
ZMYND15,ENSG00000141497,84225
ZMYND19,ENSG00000165724,116225
ZMYND8,ENSG00000101040,23613
ZNF10,ENSG00000256223,7556
ZNF100,ENSG00000197020,163227
ZNF101,ENSG00000181896,94039
ZNF106,ENSG00000103994,64397
ZNF107,ENSG00000196247,51427
ZNF112,ENSG00000062370,7771
ZNF114,ENSG00000178150,163071
ZNF117,ENSG00000152926,51351
ZNF12,ENSG00000164631,7559
ZNF121,ENSG00000197961,7675
ZNF124,ENSG00000196418,7678
ZNF131,ENSG00000172262,7690
ZNF132,ENSG00000131849,7691
ZNF133,ENSG00000125846,7692
ZNF134,ENSG00000213762,7693
ZNF135,ENSG00000176293,7694
ZNF136,ENSG00000196646,7695
ZNF138,ENSG00000197008,7697
ZNF14,ENSG00000105708,7561
ZNF140,ENSG00000196387,7699
ZNF141,ENSG00000131127,7700
ZNF142,ENSG00000115568,7701
ZNF143,ENSG00000166478,7702
ZNF143-AS1,ENSG00000268403,644656
ZNF146,ENSG00000167635,7705
ZNF148,ENSG00000163848,7707
ZNF154,ENSG00000179909,7710
ZNF155,ENSG00000204920,7711
ZNF157,ENSG00000147117,7712
ZNF16,ENSG00000170631,7564
ZNF160,ENSG00000170949,90338
ZNF165,ENSG00000197279,7718
ZNF169,ENSG00000175787,169841
ZNF17,ENSG00000186272,7565
ZNF174,ENSG00000103343,7727
ZNF175,ENSG00000105497,7728
ZNF18,ENSG00000154957,7566
ZNF180,ENSG00000167384,7733
ZNF181,ENSG00000197841,339318
ZNF182,ENSG00000147118,7569
ZNF184,ENSG00000096654,7738
ZNF185,ENSG00000147394,7739
ZNF189,ENSG00000136870,7743
ZNF19,ENSG00000157429,7567
ZNF195,ENSG00000005801,7748
ZNF197,ENSG00000186448,10168
ZNF197-AS1,ENSG00000236869,100874094
ZNF2,ENSG00000275111,7549
ZNF20,ENSG00000132010,7568
ZNF200,ENSG00000010539,7752
ZNF202,ENSG00000166261,7753
ZNF205,ENSG00000122386,7755
ZNF207,ENSG00000010244,7756
ZNF208,ENSG00000160321,7757
ZNF211,ENSG00000121417,10520
ZNF212,ENSG00000170260,7988
ZNF213,ENSG00000085644,7760
ZNF214,ENSG00000149050,7761
ZNF215,ENSG00000149054,7762
ZNF217,ENSG00000171940,7764
ZNF219,ENSG00000165804,51222
ZNF22,ENSG00000165512,7570
ZNF22-AS1,ENSG00000165511,220979
ZNF221,ENSG00000159905,7638
ZNF222,ENSG00000159885,7673
ZNF223,ENSG00000178386,7766
ZNF224,ENSG00000267680,7767
ZNF225,ENSG00000256294,7768
ZNF225-AS1,ENSG00000186019,100379224
ZNF226,ENSG00000167380,7769
ZNF227,ENSG00000131115,7770
ZNF229,ENSG00000278318,7772
ZNF23,ENSG00000167377,7571
ZNF230,ENSG00000159882,7773
ZNF230-DT,ENSG00000266921,101928063
ZNF232,ENSG00000167840,7775
ZNF232-AS1,ENSG00000234327,101928000
ZNF233,ENSG00000159915,353355
ZNF234,ENSG00000263002,10780
ZNF235,ENSG00000159917,9310
ZNF236,ENSG00000130856,7776
ZNF236-DT,ENSG00000264278,100131655
ZNF239,ENSG00000196793,8187
ZNF24,ENSG00000172466,7572
ZNF248,ENSG00000198105,57209
ZNF25,ENSG00000175395,219749
ZNF250,ENSG00000196150,58500
ZNF251,ENSG00000198169,90987
ZNF252P-AS1,ENSG00000255559,286103
ZNF253,ENSG00000256771,56242
ZNF254,ENSG00000213096,9534
ZNF256,ENSG00000152454,10172
ZNF257,ENSG00000197134,113835
ZNF26,ENSG00000198393,7574
ZNF260,ENSG00000254004,339324
ZNF263,ENSG00000006194,10127
ZNF264,ENSG00000083844,9422
ZNF266,ENSG00000174652,10781
ZNF267,ENSG00000185947,10308
ZNF268,ENSG00000090612,10795
ZNF273,ENSG00000198039,10793
ZNF274,ENSG00000171606,10782
ZNF275,ENSG00000063587,10838
ZNF276,ENSG00000158805,92822
ZNF277,ENSG00000198839,11179
ZNF277-AS1,ENSG00000226851,124901728
ZNF28,ENSG00000198538,7576
ZNF280A,ENSG00000169548,129025
ZNF280B,ENSG00000275004,140883
ZNF280C,ENSG00000056277,55609
ZNF280D,ENSG00000137871,54816
ZNF281,ENSG00000162702,23528
ZNF282,ENSG00000170265,8427
ZNF283,ENSG00000167637,284349
ZNF284,ENSG00000186026,342909
ZNF285,ENSG00000267508,26974
ZNF286A,ENSG00000187607,57335
ZNF287,ENSG00000141040,57336
ZNF292,ENSG00000188994,23036
ZNF295-AS1,ENSG00000237232,150142
ZNF296,ENSG00000170684,162979
ZNF3,ENSG00000166526,7551
ZNF30,ENSG00000168661,90075
ZNF300,ENSG00000145908,91975
ZNF302,ENSG00000089335,55900
ZNF304,ENSG00000131845,57343
ZNF311,ENSG00000197935,282890
ZNF316,ENSG00000205903,100131017
ZNF317,ENSG00000130803,57693
ZNF318,ENSG00000171467,24149
ZNF319,ENSG00000166188,57567
ZNF32,ENSG00000169740,7580
ZNF32-AS1,ENSG00000226245,414197
ZNF32-AS2,ENSG00000230565,414208
ZNF320,ENSG00000182986,162967
ZNF322,ENSG00000181315,79692
ZNF324,ENSG00000083812,25799
ZNF324B,ENSG00000249471,388569
ZNF326,ENSG00000162664,284695
ZNF329,ENSG00000181894,79673
ZNF330,ENSG00000109445,27309
ZNF331,ENSG00000130844,55422
ZNF333,ENSG00000160961,84449
ZNF334,ENSG00000198185,55713
ZNF335,ENSG00000198026,63925
ZNF337,ENSG00000130684,26152
ZNF337-AS1,ENSG00000213742,102724826
ZNF33A,ENSG00000189180,7581
ZNF33B,ENSG00000196693,7582
ZNF34,ENSG00000196378,80778
ZNF341,ENSG00000131061,84905
ZNF341-AS1,ENSG00000230753,101929746
ZNF343,ENSG00000088876,79175
ZNF345,ENSG00000251247,25850
ZNF346,ENSG00000113761,23567
ZNF347,ENSG00000197937,84671
ZNF35,ENSG00000169981,7584
ZNF350,ENSG00000256683,59348
ZNF350-AS1,ENSG00000269235,101669766
ZNF354A,ENSG00000169131,6940
ZNF354B,ENSG00000178338,117608
ZNF354C,ENSG00000177932,30832
ZNF358,ENSG00000198816,140467
ZNF362,ENSG00000160094,149076
ZNF365,ENSG00000138311,22891
ZNF366,ENSG00000178175,167465
ZNF367,ENSG00000165244,195828
ZNF37A,ENSG00000075407,7587
ZNF382,ENSG00000161298,84911
ZNF383,ENSG00000188283,163087
ZNF384,ENSG00000126746,171017
ZNF385A,ENSG00000161642,25946
ZNF385B,ENSG00000144331,151126
ZNF385C,ENSG00000187595,201181
ZNF385D,ENSG00000151789,79750
ZNF391,ENSG00000124613,346157
ZNF394,ENSG00000160908,84124
ZNF395,ENSG00000186918,55893
ZNF396,ENSG00000186496,252884
ZNF397,ENSG00000186812,84307
ZNF398,ENSG00000197024,57541
ZNF404,ENSG00000176222,342908
ZNF407,ENSG00000215421,55628
ZNF407-AS1,ENSG00000264247,400657
ZNF408,ENSG00000175213,79797
ZNF41,ENSG00000147124,7592
ZNF410,ENSG00000119725,57862
ZNF414,ENSG00000133250,84330
ZNF415,ENSG00000170954,55786
ZNF416,ENSG00000083817,55659
ZNF417,ENSG00000173480,147687
ZNF418,ENSG00000196724,147686
ZNF419,ENSG00000105136,79744
ZNF420,ENSG00000197050,147923
ZNF423,ENSG00000102935,23090
ZNF425,ENSG00000204947,155054
ZNF426,ENSG00000130818,79088
ZNF426-DT,ENSG00000278611,101928238
ZNF428,ENSG00000131116,126299
ZNF429,ENSG00000197013,353088
ZNF43,ENSG00000198521,7594
ZNF430,ENSG00000118620,80264
ZNF431,ENSG00000196705,170959
ZNF432,ENSG00000256087,9668
ZNF433,ENSG00000197647,163059
ZNF433-AS1,ENSG00000219665,101928464
ZNF436,ENSG00000125945,80818
ZNF436-AS1,ENSG00000249087,148898
ZNF438,ENSG00000183621,220929
ZNF439,ENSG00000171291,90594
ZNF44,ENSG00000197857,51710
ZNF440,ENSG00000171295,126070
ZNF441,ENSG00000197044,126068
ZNF442,ENSG00000198342,79973
ZNF443,ENSG00000180855,10224
ZNF444,ENSG00000167685,55311
ZNF445,ENSG00000185219,353274
ZNF446,ENSG00000083838,55663
ZNF449,ENSG00000173275,203523
ZNF45,ENSG00000124459,7596
ZNF451,ENSG00000112200,26036
ZNF454,ENSG00000178187,285676
ZNF460,ENSG00000197714,10794
ZNF460-AS1,ENSG00000267871,105372476
ZNF461,ENSG00000197808,92283
ZNF462,ENSG00000148143,58499
ZNF467,ENSG00000181444,168544
ZNF468,ENSG00000204604,90333
ZNF469,ENSG00000225614,84627
ZNF470,ENSG00000197016,388566
ZNF470-DT,ENSG00000269696,112268241
ZNF471,ENSG00000196263,57573
ZNF473,ENSG00000142528,25888
ZNF473CR,ENSG00000204666,400710
ZNF474,ENSG00000164185,133923
ZNF475,ENSG00000250803,100505841
ZNF48,ENSG00000180035,197407
ZNF480,ENSG00000198464,147657
ZNF483,ENSG00000173258,158399
ZNF484,ENSG00000127081,83744
ZNF485,ENSG00000198298,220992
ZNF486,ENSG00000256229,90649
ZNF487,ENSG00000243660,642819
ZNF488,ENSG00000265763,118738
ZNF490,ENSG00000188033,57474
ZNF491,ENSG00000177599,126069
ZNF492,ENSG00000229676,57615
ZNF493,ENSG00000196268,284443
ZNF496,ENSG00000162714,84838
ZNF497,ENSG00000174586,162968
ZNF500,ENSG00000103199,26048
ZNF501,ENSG00000186446,115560
ZNF502,ENSG00000196653,91392
ZNF503,ENSG00000165655,84858
ZNF503-AS1,ENSG00000226051,253264
ZNF503-AS2,ENSG00000237149,100131213
ZNF506,ENSG00000081665,440515
ZNF507,ENSG00000168813,22847
ZNF510,ENSG00000081386,22869
ZNF511,ENSG00000198546,118472
ZNF512,ENSG00000243943,84450
ZNF512B,ENSG00000196700,57473
ZNF513,ENSG00000163795,130557
ZNF514,ENSG00000144026,84874
ZNF516,ENSG00000101493,9658
ZNF516-AS1,ENSG00000265778,101927989
ZNF516-DT,ENSG00000275763,400658
ZNF517,ENSG00000197363,340385
ZNF518A,ENSG00000177853,9849
ZNF518B,ENSG00000178163,85460
ZNF519,ENSG00000175322,162655
ZNF521,ENSG00000198795,25925
ZNF524,ENSG00000171443,147807
ZNF525,ENSG00000203326,170958
ZNF526,ENSG00000167625,116115
ZNF527,ENSG00000189164,84503
ZNF528,ENSG00000167555,84436
ZNF528-AS1,ENSG00000269834,102724105
ZNF529,ENSG00000186020,57711
ZNF529-AS1,ENSG00000233527,101927599
ZNF530,ENSG00000183647,348327
ZNF532,ENSG00000074657,55205
ZNF534,ENSG00000198633,147658
ZNF540,ENSG00000171817,163255
ZNF541,ENSG00000118156,84215
ZNF543,ENSG00000178229,125919
ZNF544,ENSG00000198131,27300
ZNF546,ENSG00000187187,339327
ZNF547,ENSG00000152433,284306
ZNF548,ENSG00000188785,147694
ZNF549,ENSG00000121406,256051
ZNF550,ENSG00000251369,162972
ZNF551,ENSG00000204519,90233
ZNF552,ENSG00000178935,79818
ZNF554,ENSG00000172006,115196
ZNF555,ENSG00000186300,148254
ZNF556,ENSG00000172000,80032
ZNF557,ENSG00000130544,79230
ZNF558,ENSG00000167785,148156
ZNF559,ENSG00000188321,84527
ZNF559-ZNF177,ENSG00000270011,100529215
ZNF561,ENSG00000171469,93134
ZNF561-AS1,ENSG00000267106,284385
ZNF562,ENSG00000171466,54811
ZNF563,ENSG00000188868,147837
ZNF564,ENSG00000249709,163050
ZNF565,ENSG00000196357,147929
ZNF566,ENSG00000186017,84924
ZNF566-AS1,ENSG00000267309,728752
ZNF567,ENSG00000189042,163081
ZNF567-DT,ENSG00000225975,101927621
ZNF568,ENSG00000198453,374900
ZNF569,ENSG00000196437,148266
ZNF57,ENSG00000171970,126295
ZNF570,ENSG00000171827,148268
ZNF571,ENSG00000180479,51276
ZNF571-AS1,ENSG00000267470,100507433
ZNF572,ENSG00000180938,137209
ZNF573,ENSG00000189144,126231
ZNF574,ENSG00000105732,64763
ZNF575,ENSG00000176472,284346
ZNF576,ENSG00000124444,79177
ZNF577,ENSG00000161551,84765
ZNF578,ENSG00000258405,147660
ZNF579,ENSG00000218891,163033
ZNF580,ENSG00000213015,51157
ZNF581,ENSG00000171425,51545
ZNF582,ENSG00000018869,147948
ZNF582-DT,ENSG00000267454,386758
ZNF583,ENSG00000198440,147949
ZNF584,ENSG00000171574,201514
ZNF585A,ENSG00000196967,199704
ZNF585B,ENSG00000245680,92285
ZNF586,ENSG00000083828,54807
ZNF587,ENSG00000198466,84914
ZNF587B,ENSG00000269343,100293516
ZNF589,ENSG00000164048,51385
ZNF592,ENSG00000166716,9640
ZNF593OS,ENSG00000236782,118568799
ZNF594,ENSG00000180626,84622
ZNF594-DT,ENSG00000261879,100130950
ZNF595,ENSG00000272602,152687
ZNF596,ENSG00000172748,169270
ZNF597,ENSG00000167981,146434
ZNF598,ENSG00000167962,90850
ZNF599,ENSG00000153896,148103
ZNF600,ENSG00000189190,162966
ZNF603P,ENSG00000216901,493821
ZNF605,ENSG00000196458,100289635
ZNF606,ENSG00000166704,80095
ZNF606-AS1,ENSG00000176593,100128398
ZNF607,ENSG00000198182,84775
ZNF608,ENSG00000168916,57507
ZNF609,ENSG00000180357,23060
ZNF610,ENSG00000167554,162963
ZNF611,ENSG00000213020,81856
ZNF613,ENSG00000176024,79898
ZNF614,ENSG00000142556,80110
ZNF615,ENSG00000197619,284370
ZNF616,ENSG00000204611,90317
ZNF618,ENSG00000157657,114991
ZNF619,ENSG00000177873,285267
ZNF620,ENSG00000177842,253639
ZNF621,ENSG00000172888,285268
ZNF622,ENSG00000173545,90441
ZNF623,ENSG00000183309,9831
ZNF624,ENSG00000197566,57547
ZNF625,ENSG00000257591,90589
ZNF626,ENSG00000188171,199777
ZNF627,ENSG00000198551,199692
ZNF628,ENSG00000197483,89887
ZNF629,ENSG00000102870,23361
ZNF630,ENSG00000221994,57232
ZNF638,ENSG00000075292,27332
ZNF639,ENSG00000121864,51193
ZNF641,ENSG00000167528,121274
ZNF644,ENSG00000122482,84146
ZNF646,ENSG00000167395,9726
ZNF648,ENSG00000179930,127665
ZNF649,ENSG00000198093,65251
ZNF652,ENSG00000198740,22834
ZNF653,ENSG00000161914,115950
ZNF654,ENSG00000175105,55279
ZNF655,ENSG00000197343,79027
ZNF658,ENSG00000274349,26149
ZNF66,ENSG00000160229,7617
ZNF660,ENSG00000144792,285349
ZNF660-ZNF197,ENSG00000186448,110354863
ZNF662,ENSG00000182983,389114
ZNF664,ENSG00000179195,144348
ZNF664-RFLNA,ENSG00000178882,100533183
ZNF665,ENSG00000197497,79788
ZNF667,ENSG00000198046,63934
ZNF667-AS1,ENSG00000166770,100128252
ZNF668,ENSG00000167394,79759
ZNF669,ENSG00000188295,79862
ZNF670,ENSG00000277462,93474
ZNF670-ZNF695,ENSG00000135747,100533111
ZNF671,ENSG00000083814,79891
ZNF672,ENSG00000171161,79894
ZNF674,ENSG00000251192,641339
ZNF674-AS1,ENSG00000230844,401588
ZNF675,ENSG00000197372,171392
ZNF676,ENSG00000196109,163223
ZNF677,ENSG00000197928,342926
ZNF678,ENSG00000181450,339500
ZNF680,ENSG00000173041,340252
ZNF681,ENSG00000196172,148213
ZNF682,ENSG00000197124,91120
ZNF683,ENSG00000176083,257101
ZNF684,ENSG00000117010,127396
ZNF687,ENSG00000143373,57592
ZNF687-AS1,ENSG00000232671,100507670
ZNF688,ENSG00000229809,146542
ZNF689,ENSG00000156853,115509
ZNF69,ENSG00000198429,7620
ZNF691,ENSG00000164011,51058
ZNF691-DT,ENSG00000228192,122152325
ZNF692,ENSG00000171163,55657
ZNF695,ENSG00000197472,57116
ZNF696,ENSG00000185730,79943
ZNF697,ENSG00000143067,90874
ZNF699,ENSG00000196110,374879
ZNF7,ENSG00000147789,7553
ZNF70,ENSG00000187792,7621
ZNF700,ENSG00000196757,90592
ZNF701,ENSG00000167562,55762
ZNF703,ENSG00000183779,80139
ZNF704,ENSG00000164684,619279
ZNF706,ENSG00000120963,51123
ZNF707,ENSG00000181135,286075
ZNF708,ENSG00000182141,7562
ZNF709,ENSG00000242852,163051
ZNF71,ENSG00000197951,58491
ZNF710,ENSG00000140548,374655
ZNF710-AS1,ENSG00000259291,109729181
ZNF711,ENSG00000147180,7552
ZNF713,ENSG00000178665,349075
ZNF714,ENSG00000160352,148206
ZNF717,ENSG00000227124,100131827
ZNF718,ENSG00000250312,255403
ZNF721,ENSG00000182903,170960
ZNF724,ENSG00000196081,440519
ZNF726,ENSG00000213967,730087
ZNF727,ENSG00000214652,442319
ZNF728,ENSG00000269067,388523
ZNF729,ENSG00000196350,100287226
ZNF730,ENSG00000183850,100129543
ZNF732,ENSG00000186777,654254
ZNF736,ENSG00000234444,728927
ZNF737,ENSG00000237440,100129842
ZNF738,ENSG00000172687,148203
ZNF74,ENSG00000185252,7625
ZNF740,ENSG00000139651,283337
ZNF746,ENSG00000181220,155061
ZNF747,ENSG00000169955,65988
ZNF747-DT,ENSG00000235560,107984875
ZNF749,ENSG00000186230,388567
ZNF750,ENSG00000141579,79755
ZNF75A,ENSG00000162086,7627
ZNF75D,ENSG00000186376,7626
ZNF76,ENSG00000065029,7629
ZNF761,ENSG00000160336,388561
ZNF763,ENSG00000197054,284390
ZNF764,ENSG00000169951,92595
ZNF765,ENSG00000196417,91661
ZNF765-ZNF761,ENSG00000160336,110116772
ZNF766,ENSG00000196214,90321
ZNF768,ENSG00000169957,79724
ZNF77,ENSG00000175691,58492
ZNF770,ENSG00000198146,54989
ZNF771,ENSG00000179965,51333
ZNF772,ENSG00000197128,400720
ZNF773,ENSG00000152439,374928
ZNF774,ENSG00000196391,342132
ZNF775,ENSG00000196456,285971
ZNF776,ENSG00000152443,284309
ZNF777,ENSG00000196453,27153
ZNF778,ENSG00000170100,197320
ZNF778-DT,ENSG00000259877,123706547
ZNF780A,ENSG00000197782,284323
ZNF780B,ENSG00000128000,163131
ZNF782,ENSG00000196597,158431
ZNF783,ENSG00000204946,100289678
ZNF784,ENSG00000179922,147808
ZNF785,ENSG00000197162,146540
ZNF786,ENSG00000197362,136051
ZNF787,ENSG00000142409,126208
ZNF789,ENSG00000198556,285989
ZNF79,ENSG00000196152,7633
ZNF790,ENSG00000197863,388536
ZNF790-AS1,ENSG00000267254,284408
ZNF791,ENSG00000173875,163049
ZNF792,ENSG00000180884,126375
ZNF793,ENSG00000188227,390927
ZNF793-AS1,ENSG00000266916,101927720
ZNF799,ENSG00000196466,90576
ZNF8,ENSG00000278129,7554
ZNF8-DT,ENSG00000268516,105372482
ZNF8-ERVK3-1,ENSG00000267216,108903150
ZNF80,ENSG00000174255,7634
ZNF800,ENSG00000048405,168850
ZNF804A,ENSG00000170396,91752
ZNF804B,ENSG00000182348,219578
ZNF805,ENSG00000204524,390980
ZNF808,ENSG00000198482,388558
ZNF81,ENSG00000197779,347344
ZNF813,ENSG00000198346,126017
ZNF814,ENSG00000204514,730051
ZNF816,ENSG00000180257,125893
ZNF821,ENSG00000102984,55565
ZNF823,ENSG00000197933,55552
ZNF827,ENSG00000151612,152485
ZNF829,ENSG00000185869,374899
ZNF83,ENSG00000167766,55769
ZNF830,ENSG00000198783,91603
ZNF831,ENSG00000124203,128611
ZNF835,ENSG00000127903,90485
ZNF836,ENSG00000196267,162962
ZNF837,ENSG00000152475,116412
ZNF839,ENSG00000022976,55778
ZNF84,ENSG00000198040,7637
ZNF841,ENSG00000197608,284371
ZNF843,ENSG00000176723,283933
ZNF844,ENSG00000223547,284391
ZNF845,ENSG00000213799,91664
ZNF846,ENSG00000196605,162993
ZNF849P,ENSG00000198153,100130108
ZNF85,ENSG00000105750,7639
ZNF850,ENSG00000267041,342892
ZNF852,ENSG00000178917,285346
ZNF853,ENSG00000236609,54753
ZNF860,ENSG00000197385,344787
ZNF862,ENSG00000106479,643641
ZNF865,ENSG00000261221,100507290
ZNF875,ENSG00000181666,284459
ZNF878,ENSG00000257446,729747
ZNF879,ENSG00000234284,345462
ZNF880,ENSG00000221923,400713
ZNF883,ENSG00000228623,169834
ZNF888,ENSG00000213793,388559
ZNF888-AS1,ENSG00000269646,123706511
ZNF891,ENSG00000214029,101060200
ZNF892,ENSG00000233757,344065
ZNF90,ENSG00000213988,7643
ZNF91,ENSG00000167232,7644
ZNF92,ENSG00000146757,168374
ZNF93,ENSG00000184635,81931
ZNF98,ENSG00000197360,148198
ZNF99,ENSG00000213973,7652
ZNFX1,ENSG00000124201,57169
ZNG1A,ENSG00000172785,55871
ZNG1B,ENSG00000196873,150472
ZNG1C,ENSG00000196873,445571
ZNG1DP,ENSG00000204778,653510
ZNG1E,ENSG00000147996,220869
ZNG1F,ENSG00000196873,644019
ZNHIT1,ENSG00000106400,10467
ZNHIT2,ENSG00000174276,741
ZNHIT3,ENSG00000273611,9326
ZNHIT6,ENSG00000117174,54680
ZNNT1,ENSG00000261087,115830329
ZNRD2,ENSG00000173465,10534
ZNRF1,ENSG00000186187,84937
ZNRF2,ENSG00000180233,223082
ZNRF3,ENSG00000183579,84133
ZP1,ENSG00000149506,22917
ZP3,ENSG00000188372,7784
ZPLD1,ENSG00000170044,131368
ZPR1,ENSG00000109917,8882
ZRANB1,ENSG00000019995,54764
ZRANB2,ENSG00000132485,9406
ZRANB3,ENSG00000121988,84083
ZRSR2,ENSG00000169249,8233
ZSCAN1,ENSG00000152467,284312
ZSCAN12,ENSG00000158691,9753
ZSCAN16,ENSG00000196812,80345
ZSCAN16-AS1,ENSG00000269293,100129195
ZSCAN18,ENSG00000121413,65982
ZSCAN2,ENSG00000176371,54993
ZSCAN20,ENSG00000121903,7579
ZSCAN21,ENSG00000166529,7589
ZSCAN22,ENSG00000182318,342945
ZSCAN23,ENSG00000187987,222696
ZSCAN25,ENSG00000197037,221785
ZSCAN26,ENSG00000197062,7741
ZSCAN29,ENSG00000140265,146050
ZSCAN30,ENSG00000186814,100101467
ZSCAN31,ENSG00000235109,64288
ZSCAN32,ENSG00000140987,54925
ZSCAN5A,ENSG00000131848,79149
ZSCAN5A-AS1,ENSG00000267549,112268243
ZSCAN9,ENSG00000137185,7746
ZSWIM1,ENSG00000168612,90204
ZSWIM3,ENSG00000132801,140831
ZSWIM4,ENSG00000132003,65249
ZSWIM5,ENSG00000162415,57643
ZSWIM6,ENSG00000130449,57688
ZSWIM7,ENSG00000214941,125150
ZSWIM8,ENSG00000214655,23053
ZSWIM9,ENSG00000185453,374920
ZUP1,ENSG00000153975,221302
ZW10,ENSG00000086827,9183
ZWILCH,ENSG00000174442,55055
ZWINT,ENSG00000122952,11130
ZXDA,ENSG00000198205,7789
ZXDB,ENSG00000198455,158586
ZXDC,ENSG00000070476,79364
ZYG11A,ENSG00000203995,440590
ZYG11B,ENSG00000162378,79699
ZYX,ENSG00000159840,7791
ZZEF1,ENSG00000074755,23140
ZZZ3,ENSG00000036549,26009
