full_barcode,PC1,PC2,PC3,PC4,PC5,PAM50
TCGA-3C-AAAU-01A-11R-A41B-07,36.27458411222208,15.55758100738046,-20.7859214672298,23.282777085902264,-10.918855189147235,LumA
TCGA-3C-AALI-01A-11R-A41B-07,-13.654333698117517,-5.661226590138782,-40.26903399327857,-21.160989172422966,8.075268210894539,Her2
TCGA-3C-AALJ-01A-31R-A41B-07,18.232307491532882,5.731403004943956,-34.83185901841503,17.214451916994292,11.941642313313976,LumB
TCGA-3C-AALK-01A-11R-A41B-07,9.100573531658581,-32.86480278136117,4.279782375332781,-9.341181615576303,13.517188931602844,LumA
TCGA-4H-AAAK-01A-12R-A41B-07,8.502764721547072,-17.253041529710234,13.45703262394584,1.3854224615031767,15.988852123529488,LumA
TCGA-5L-AAT0-01A-12R-A41B-07,10.65730594178767,-30.800239043362936,11.033152188227586,7.34276854120634,4.565042234425117,LumA
TCGA-5L-AAT1-01A-12R-A41B-07,-0.6934243206452209,-28.968467504318035,-10.12299375832419,-10.822460381282498,-0.06815871703527504,LumA
TCGA-5T-A9QA-01A-11R-A41B-07,37.130964566475505,59.56035519694305,-11.908979643261523,-1.635802920889914,5.38095567432282,LumB
TCGA-A1-A0SB-01A-11R-A144-07,-42.75513762209567,29.697034403251386,60.149559713188154,6.562464893526568,7.971139571635385,Normal
TCGA-A1-A0SD-01A-11R-A115-07,10.30891243542038,-26.60061983317482,7.357486013779702,9.131775927206917,11.492912025367863,LumA
TCGA-A1-A0SE-01A-11R-A084-07,12.616448306649527,-24.622190081395537,22.802564269167963,9.835698317997336,5.123877275437366,LumA
TCGA-A1-A0SF-01A-11R-A144-07,9.612670900421962,-43.34358181593237,5.814870628588742,4.781100535968039,9.598680797746866,LumA
TCGA-A1-A0SG-01A-11R-A144-07,23.172555709953635,-9.207101227509796,2.4048773676245756,-1.0403093688421166,18.904182808827134,LumA
TCGA-A1-A0SH-01A-11R-A084-07,2.595844756465825,-11.7512986594768,14.092360565305743,-11.861016942648854,10.180626226612342,LumA
TCGA-A1-A0SI-01A-11R-A144-07,-7.602496667487247,-27.41898217569442,-9.510043964472825,-27.562119445720466,-12.11084314455413,LumB
TCGA-A1-A0SJ-01A-11R-A084-07,1.1442729215780938,-25.911212970495026,-4.7311125390886595,21.977668675387587,21.331867841404506,LumA
TCGA-A1-A0SK-01A-12R-A084-07,-38.40873435796765,43.91935793761007,9.988938152000754,15.726404987632362,21.57678819317837,Basal
TCGA-A1-A0SM-01A-11R-A084-07,23.82054512156362,14.313235483609718,15.743513287417635,-29.951105111613188,11.258132176639974,NA
TCGA-A1-A0SN-01A-11R-A144-07,12.398905833045466,4.648786786562553,-4.650868938450445,-11.69859049790484,8.809610264718083,LumB
TCGA-A1-A0SO-01A-22R-A084-07,-54.93171050093053,44.18242084581502,-2.9799562754741986,16.02897613275983,-4.293201763975667,Basal
TCGA-A1-A0SP-01A-11R-A084-07,-71.99186257510705,4.806595496684363,3.0605556203723734,17.63466928956362,1.2734801950597938,Basal
TCGA-A1-A0SQ-01A-21R-A144-07,31.816127924593232,-2.320254870020132,-7.202530609458688,18.024840684480303,-11.046719703515269,LumA
TCGA-A2-A04N-01A-11R-A115-07,26.018605441353117,-13.714215056879205,3.855392711352438,-4.036958362800083,13.849128287626678,LumA
TCGA-A2-A04P-01A-31R-A034-07,-74.03462197415818,1.5622915439886016,4.553198808020027,-4.789603599410041,-14.263501356509494,Basal
TCGA-A2-A04Q-01A-21R-A034-07,-72.06234559224454,-25.389707220460533,-17.04915101808943,8.52487323855433,-19.28870969923673,Basal
TCGA-A2-A04R-01A-41R-A109-07,33.968195464272895,15.281759797089348,-2.9220677632021,27.980207430116355,11.036253563076057,LumB
TCGA-A2-A04T-01A-21R-A034-07,-82.53837519542043,21.27276287055414,7.863899342495739,22.23954364100925,-0.5908499086698905,Basal
TCGA-A2-A04U-01A-11R-A115-07,-67.72680926200218,44.40149557472838,15.653237603836622,8.144322852626837,2.113700789830941,Basal
TCGA-A2-A04V-01A-21R-A034-07,46.82409342230361,18.95520632367622,2.5595781938393256,18.195988708964947,11.996274710329965,LumA
TCGA-A2-A04W-01A-31R-A115-07,-18.479209739288255,-0.6373510406319948,-4.424074427897522,-53.51054564386934,8.069685121864383,Her2
TCGA-A2-A04X-01A-21R-A034-07,-5.4814806968455585,-13.562068902105278,-46.39433897763674,-12.204706895585499,-13.970590008564614,Her2
TCGA-A2-A04Y-01A-21R-A034-07,8.308595668938395,-9.776796407405534,-11.982566042590186,-1.0340503152340705,10.15430103682185,LumB
TCGA-A2-A0CK-01A-11R-A22K-07,17.66903743276452,-22.398099964593136,19.51723302886824,21.285473318822888,-1.1477357730548179,LumA
TCGA-A2-A0CL-01A-11R-A115-07,-24.48446042455624,-28.246937110625105,-35.31053791225688,18.795478440727354,5.717410696209897,Normal
TCGA-A2-A0CM-01A-31R-A034-07,-80.35893829742524,21.289253991748623,-15.074994163039568,9.969379796754641,-13.615131709391997,Basal
TCGA-A2-A0CO-01A-13R-A22K-07,6.3328014962049295,-41.612758295983745,23.526785890326792,6.2299210786965284,-8.40579527566655,LumA
TCGA-A2-A0CP-01A-11R-A034-07,4.376194536870288,-28.932453228545,19.347514023858643,3.872002553944713,16.18426249386511,LumA
TCGA-A2-A0CQ-01A-21R-A034-07,50.03844197558175,18.030849490780064,18.589673232893187,-11.738853436366373,-28.150361324217837,LumA
TCGA-A2-A0CR-01A-11R-A22K-07,-14.78100428270718,-56.34694981126928,4.6072369528066295,6.643914257039971,-6.106163869682671,LumA
TCGA-A2-A0CS-01A-11R-A115-07,50.32807120057015,21.792410321699307,22.332729983344297,-22.383535605455915,-13.226396241245364,LumA
TCGA-A2-A0CT-01A-31R-A056-07,15.124257736597688,18.603233011231254,-5.663214304139886,10.09142442264312,34.83415407344275,LumA
TCGA-A2-A0CU-01A-12R-A034-07,34.12878611604589,7.251595258944391,12.722165590965396,27.80088096744778,21.929628949522108,LumA
TCGA-A2-A0CV-01A-31R-A115-07,-0.2425901628944362,-28.936539767002177,22.38832894403471,-3.2072352058296927,-15.708493097970798,LumA
TCGA-A2-A0CW-01A-21R-A115-07,13.108946985617626,16.321036937648636,-23.2995238660031,-9.286896986642732,17.965219811901168,LumB
TCGA-A2-A0CX-01A-21R-A00Z-07,-13.33728752631127,2.1252917150170654,-15.699524978829313,-41.94148004052299,9.572364766316605,Her2
TCGA-A2-A0CY-01A-12R-A034-07,-14.410815931121947,45.639083476361996,19.12936760092134,-25.022373073284566,11.78173406806213,LumB
TCGA-A2-A0CZ-01A-11R-A034-07,-15.220286981456098,-39.575526928574554,9.752333566461225,16.712843089836614,12.479497523945811,Normal
TCGA-A2-A0D0-01A-11R-A00Z-07,-69.54343465045095,53.574761890932145,17.36625619392088,-4.646089238329698,-4.990391743663113,Basal
TCGA-A2-A0D1-01A-11R-A034-07,-5.521888863870761,35.84312940803545,-23.185207818321157,-17.884739811791306,14.865808461918256,Her2
TCGA-A2-A0D2-01A-21R-A034-07,-72.59520248914674,12.111663506401365,3.6643533321641595,16.815818347302994,-10.54845294830097,Basal
TCGA-A2-A0D3-01A-11R-A115-07,19.1522728995948,-7.7254584856039665,-1.982591122231389,-14.05314105246815,-15.57988606044766,LumA
TCGA-A2-A0D4-01A-11R-A00Z-07,34.00326305330029,11.488110450216706,-1.5109655432698672,15.846833836924702,15.532546771707734,LumB
TCGA-A2-A0EM-01A-11R-A034-07,41.40781930058351,-4.066237608937335,25.55538213765796,-2.479946491496735,-16.279914774908516,LumA
TCGA-A2-A0EN-01A-13R-A084-07,7.438550830927027,-37.59005471618799,6.835239658469249,-11.357166397637021,-8.051210306447329,LumA
TCGA-A2-A0EO-01A-11R-A034-07,3.76609201261302,-36.41265361405082,16.332491783163174,8.542971484474633,5.29825645481006,LumA
TCGA-A2-A0EP-01A-52R-A22U-07,-4.6366957976861745,-40.16507037587743,-7.463916761090909,-1.9058988611978294,-7.604971066670838,LumA
TCGA-A2-A0EQ-01A-11R-A034-07,-19.049990355292106,-13.115007854554419,-47.04409346427037,-0.8939881748886896,3.4871116625642467,Her2
TCGA-A2-A0ER-01A-21R-A034-07,44.834472305369594,0.3352934905996963,-1.4969543017097642,25.954256429153702,-1.8107021939406391,LumA
TCGA-A2-A0ES-01A-11R-A115-07,6.142825430456491,-33.75970032071404,46.80613582620617,7.345941497446178,6.864277599108959,LumA
TCGA-A2-A0ET-01A-31R-A034-07,47.52485947630723,24.505861398165102,-18.191412657862777,26.287917475335295,-27.63350258403222,LumA
TCGA-A2-A0EU-01A-22R-A056-07,23.483007404322215,8.446371968577086,2.227368122288727,10.598040845758264,23.99927150642866,LumA
TCGA-A2-A0EV-01A-11R-A034-07,11.862458957239085,-20.961208313646015,-9.977279475742018,1.0110576033441125,-1.560109670719593,LumA
TCGA-A2-A0EW-01A-21R-A115-07,7.604133823615066,-41.04858718254092,34.28991140221705,4.4815521788468144,0.1712983471490372,LumA
TCGA-A2-A0EX-01A-21R-A034-07,11.81267223317502,-29.199007432215037,11.510925782038631,3.758144201094182,13.091161980579987,LumA
TCGA-A2-A0EY-01A-11R-A034-07,-0.045187766658164506,-21.15278653102522,-17.12090683933833,-40.27030642523995,9.750721386109866,LumB
TCGA-A2-A0ST-01A-12R-A084-07,-69.41926969122802,-35.907358003539414,-8.440261008186178,13.569954448389343,-20.318454749223246,Basal
TCGA-A2-A0SU-01A-11R-A084-07,22.246759786450845,-5.7487034482858945,17.956491384721303,13.886319221801793,-2.8352900507010355,LumA
TCGA-A2-A0SV-01A-11R-A084-07,16.065027942633428,31.316140228398755,-12.764619304411127,-28.92979231667388,3.1015127315771016,LumB
TCGA-A2-A0SW-01A-11R-A084-07,-13.019112169831876,-37.16636414495156,-53.066509648898545,-9.51019558338413,-11.458326985848247,LumB
TCGA-A2-A0SX-01A-12R-A084-07,-76.25228032105646,-15.923570093197142,-2.732418512574104,13.774061558473418,-5.695654412811932,Basal
TCGA-A2-A0SY-01A-31R-A084-07,11.78539380748446,-34.01841233872019,11.75076792540373,7.936918038725693,8.64685171212571,LumA
TCGA-A2-A0T0-01A-22R-A084-07,-66.69736993878995,42.361843197639736,9.098471540206807,-10.23788936674746,-1.8637192355568832,Basal
TCGA-A2-A0T1-01A-21R-A084-07,-32.9512514642999,-30.01746012662404,-39.04720767451672,-26.657199401183423,-3.5728459455563377,Her2
TCGA-A2-A0T2-01A-11R-A084-07,-61.74049497074477,45.61537765826667,19.06084739068527,-15.957005047169627,1.8984368767752133,Basal
TCGA-A2-A0T3-01A-21R-A115-07,18.317555302039633,3.24067469780436,13.118049144421501,6.925115283476952,13.935353265411713,LumB
TCGA-A2-A0T4-01A-31R-A084-07,18.652954364266144,-23.352864336566878,-1.0730219491034259,14.944533318204567,12.712126922643593,LumA
TCGA-A2-A0T5-01A-21R-A084-07,12.447241740646033,-2.7311480432933153,29.147857007254625,-7.426713241832916,1.3448475463768226,LumA
TCGA-A2-A0T6-01A-11R-A084-07,7.511757923716334,-21.630002357576437,-3.9236736736101694,0.4536619267636776,2.844952747226541,LumA
TCGA-A2-A0T7-01A-21R-A084-07,-12.100571732743273,-9.394939512584658,22.140402287378464,-12.911195249475384,20.968086685353587,LumA
TCGA-A2-A0YC-01A-11R-A109-07,44.79296702001191,-5.81097959205129,-3.1942934168398422,7.114705355470492,-16.551030289773223,LumA
TCGA-A2-A0YD-01A-11R-A109-07,14.944056889433327,-24.49069737516025,15.868271830308606,-0.507115892421613,1.2736197625295933,LumA
TCGA-A2-A0YE-01A-11R-A109-07,-69.07964171085895,27.239233770097744,10.333864786013061,7.725308731041023,3.3401128663034374,Basal
TCGA-A2-A0YF-01A-21R-A109-07,35.70958578518576,-6.645908846164031,1.6003454237743255,2.653501536324787,-17.43800918605496,LumA
TCGA-A2-A0YG-01A-21R-A109-07,6.179274281166413,3.12205947911684,-16.94399731923125,-22.3074345684057,8.166457632080736,LumB
TCGA-A2-A0YH-01A-11R-A109-07,4.569150993475812,-18.58942306423573,-37.965107564116394,9.772152782463777,11.570120654392973,LumB
TCGA-A2-A0YI-01A-31R-A10J-07,17.27068766831379,-43.296962672667995,-4.077935397425763,8.56416738490674,-26.946063205132592,LumA
TCGA-A2-A0YJ-01A-11R-A109-07,-77.13883652623716,54.092876234912715,23.01283411917582,-0.7572963104136587,4.5127325926132444,Basal
TCGA-A2-A0YK-01A-22R-A109-07,-20.669188699254068,-58.02038978756831,17.643403729185124,2.264688917104034,-3.639482172420751,Normal
TCGA-A2-A0YL-01A-21R-A109-07,0.5226896325048788,-31.366097834570674,29.87959413641841,5.862867217116235,3.0735783043351534,LumA
TCGA-A2-A0YM-01A-11R-A109-07,-78.280568694639,32.799851395752356,11.06169213308784,15.274639765679366,2.4421282429820663,Basal
TCGA-A2-A0YT-01A-11R-A109-07,10.878652124400936,13.867196159050012,-20.79203481673704,-3.2540647865160897,16.243088487759945,LumB
TCGA-A2-A1FV-01A-11R-A13Q-07,33.78176161553278,4.713244776817933,21.511949766966183,28.465750961165693,18.09832942529228,LumA
TCGA-A2-A1FW-01A-11R-A13Q-07,16.34111536658866,-7.059159705733045,-22.046986276501617,23.907947243045744,16.48845599253499,LumB
TCGA-A2-A1FX-01A-11R-A13Q-07,33.31420901210854,21.062784970043644,-9.94876023707598,33.182956746653595,11.36937344317959,LumB
TCGA-A2-A1FZ-01A-51R-A14D-07,20.46678478157892,-19.216335101396844,21.36534240278821,5.046387118999221,-2.1336031294197912,LumA
TCGA-A2-A1G0-01A-11R-A13Q-07,15.364823747252357,-39.6265336474525,6.064054633678802,32.08177026273629,-2.400234588030877,LumA
TCGA-A2-A1G1-01A-21R-A13Q-07,-73.93519557368016,18.535676514101386,-9.040300633170592,3.841237152079767,-5.083075761158209,Basal
TCGA-A2-A1G4-01A-11R-A13Q-07,26.574246047516272,-8.543599299544795,-18.481907809360415,19.680157284034774,-3.480244178328632,LumB
TCGA-A2-A1G6-01A-11R-A13Q-07,-16.189570059753063,-41.38017235387421,35.461419800156875,17.237585623363177,-1.9829245171665686,Normal
TCGA-A2-A259-01A-11R-A16F-07,12.964510595447244,-24.29150411757523,10.286081154852875,21.7174444613095,9.63801083042346,LumA
TCGA-A2-A25A-01A-12R-A16F-07,-3.4802529846663566,-36.51827600579209,27.35814459985242,9.402772341048745,0.11137951139736402,Normal
TCGA-A2-A25B-01A-11R-A169-07,18.40121859656047,13.239824313791111,-36.33668779326375,-3.041154828421026,1.2288249193399536,LumB
TCGA-A2-A25C-01A-11R-A169-07,21.278971392273,-12.879473934575095,-6.917264668777509,-0.8228254181901555,-3.1176264965683247,LumB
TCGA-A2-A25D-01A-12R-A16F-07,-0.56395295607453,-16.870746049183996,-17.18895182854818,11.52107037881586,6.140993074635708,LumA
TCGA-A2-A25E-01A-11R-A169-07,27.441909529900798,10.480936809494722,-8.639997320171204,23.46816751904002,5.2397731265786165,LumB
TCGA-A2-A25F-01A-11R-A169-07,-63.33583281461924,-9.158089674773917,-23.73980660254031,28.900130974572445,-6.4766650757425275,Basal
TCGA-A2-A3KC-01A-11R-A213-07,8.261034188752653,-27.959778412138068,13.316068591448325,9.005815942232452,7.092606527834985,LumA
TCGA-A2-A3KD-01A-12R-A213-07,14.997898179379462,-26.310429586685693,16.390483811524142,6.910930728919576,-9.305883924928018,LumA
TCGA-A2-A3XS-01A-11R-A22U-07,-74.62153787052299,15.164014177361972,18.988346502142146,8.290175386075498,5.276939018160182,Basal
TCGA-A2-A3XT-01A-11R-A22U-07,-62.39757625128253,21.807270256398667,-2.435848121948911,13.43147146154453,-16.823744812090982,Basal
TCGA-A2-A3XU-01A-12R-A22U-07,-67.0011222790916,28.68264449161634,22.56457825528312,2.74641862192715,-1.670252728685438,Basal
TCGA-A2-A3XV-01A-21R-A239-07,-4.233005597136307,27.43259916974527,-7.7785411779081155,-57.38006889858846,5.163296350691071,Her2
TCGA-A2-A3XW-01A-11R-A239-07,-13.776597937680295,1.9505375201219748,23.023862542882455,1.4640148859077233,22.27350968488496,Normal
TCGA-A2-A3XX-01A-21R-A239-07,-81.11088939662349,4.647631426088205,7.577311907353527,12.93660241377757,2.569693189300415,Basal
TCGA-A2-A3XY-01A-11R-A239-07,-72.56570546673315,0.9240691706354541,14.648686468793521,16.03355682263303,6.6746099807226305,Basal
TCGA-A2-A3XZ-01A-42R-A239-07,-30.75244446242765,-26.878826248826186,-15.030280549212058,-14.513691579903105,-5.098189690900896,Her2
TCGA-A2-A3Y0-01A-11R-A239-07,-76.97723169154264,17.466117107079558,-16.156608878523258,-13.244075786018506,-0.30574641370423183,Basal
TCGA-A2-A4RW-01A-21R-A266-07,13.453006674834217,-15.262181406984212,3.7885399005009357,6.075318762545947,21.351171846816204,LumA
TCGA-A2-A4RX-01A-11R-A266-07,-67.0807796554968,-10.62940180812191,20.52230837127139,11.101055359612177,7.681057100845554,Basal
TCGA-A2-A4RY-01A-31R-A266-07,-12.200629826839549,-45.861675252485554,34.99318114659768,10.229841607384891,6.257842149743157,Normal
TCGA-A2-A4S0-01A-21R-A266-07,55.05903647643077,45.21577378325487,10.024581376246747,25.506624081769004,-27.70098368808815,LumA
TCGA-A2-A4S1-01A-21R-A266-07,-22.69641496124421,52.231886566378485,-5.336937521384432,5.243877349950476,1.8469911440535032,Basal
TCGA-A2-A4S2-01A-12R-A266-07,20.033249989645828,-11.71022698717793,12.255771711137017,1.5976986291695954,-11.613615313406482,LumA
TCGA-A2-A4S3-01A-21R-A266-07,3.535175929204819,6.224714121460092,-22.283753171965902,-6.808733739836626,20.294207269430245,LumB
TCGA-A7-A0CD-01A-11R-A00Z-07,37.75575621967034,10.618028274728708,-10.980992346718848,17.619692255378784,-9.509222435547905,LumA
TCGA-A7-A0CE-01A-11R-A00Z-07,-56.758290904026325,14.639422079896729,22.471868895931948,14.747657575853076,4.53212881397191,Basal
TCGA-A7-A0CG-01A-12R-A056-07,-9.705507851172117,-55.4765432477209,12.530372759443644,-12.527021756356138,-1.2234070192184676,LumA
TCGA-A7-A0CH-01A-21R-A00Z-07,36.299412733533785,2.1598508106155863,28.08590084956713,-21.432675511584943,-19.887129743629423,LumA
TCGA-A7-A0CJ-01A-21R-A00Z-07,23.979326730027772,27.80389886462772,-3.7579174955302594,-1.544286220890547,-2.873917878692387,LumB
TCGA-A7-A0D9-01A-31R-A056-07,7.363298475420816,16.161661556416917,-0.8274294563442547,9.577667735221983,33.57962358563994,LumA
TCGA-A7-A0DA-01A-31R-A115-07,-63.7733851029778,39.77737183266614,28.659809794993897,-3.1517805814107573,7.384826188942819,Basal
TCGA-A7-A0DB-01A-11R-A00Z-07,17.689967012922327,-20.803029322141086,27.532902566497206,-16.40159397873103,-3.8335992344101806,LumA
TCGA-A7-A0DC-01A-11R-A00Z-07,49.155099860356906,41.27820227093207,6.4532768945193535,33.22604445679781,14.430774152924531,LumA
TCGA-A7-A13D-01A-13R-A12P-07,-62.34248869574948,51.57438682265975,28.29749320989911,-6.017071661166792,13.075935776795584,Basal
TCGA-A7-A13E-01A-11R-A12P-07,-71.42680467309496,50.3297494594839,17.744608231834825,8.975053521727867,-7.105543962309926,Basal
TCGA-A7-A13F-01A-11R-A12P-07,35.19652981099054,18.484332603637487,5.6845880850854265,11.66494998455845,2.945068042206231,LumB
TCGA-A7-A13G-01A-11R-A13Q-07,49.75418385318807,10.902560369416564,24.383968451777836,-4.627204634988218,-24.395748165190472,LumA
TCGA-A7-A13H-01A-11R-A22K-07,4.065233250622543,-39.655695506497,12.43837719625511,5.28690164791332,-1.4538664863240376,LumA
TCGA-A7-A26E-01A-11R-A169-07,31.438643111749084,-10.894257954759826,23.08815617918415,-5.637318831904489,2.2985873576741325,LumA
TCGA-A7-A26F-01A-21R-A169-07,-53.72299267867694,-4.820174249464825,-10.693214330567814,-29.426052293603902,4.769288616903525,Basal
TCGA-A7-A26G-01A-21R-A169-07,-62.713034599225956,-19.674446724996617,2.4765889819166658,4.867489285348415,-11.873754913201418,Basal
TCGA-A7-A26H-01A-11R-A169-07,23.99687559059688,-11.26970487711221,1.5981486891109469,-8.077604655582455,-0.6503575335392479,LumA
TCGA-A7-A26I-01A-11R-A169-07,-48.352393376874375,35.80599556816746,14.008424384344895,0.42155250982345366,7.1015747014769515,Basal
TCGA-A7-A26J-01A-11R-A169-07,28.197620799837676,3.25854909730566,5.267410702165173,4.2242586890347615,1.5767606183456433,LumA
TCGA-A7-A2KD-01A-31R-A21T-07,10.176410678688434,-7.859059483764148,-10.81538421349424,-10.825832199026864,3.1007640077517418,LumB
TCGA-A7-A3IY-01A-21R-A21T-07,12.152197925563229,13.890757960670749,39.18405620005745,1.9230931639653372,-15.117835803730074,LumA
TCGA-A7-A3IZ-01A-11R-A213-07,63.67725481260078,30.749840825506535,5.150402541028171,18.110341190707164,-5.5905373727994805,LumA
TCGA-A7-A3J0-01A-11R-A213-07,19.369949290856415,12.868256834828408,5.093808181160112,17.95409694237446,-25.443145782343148,LumA
TCGA-A7-A3J1-01A-11R-A213-07,18.670619529154333,-34.6456919179638,3.2839447539890125,4.51420734731602,-10.635485667266916,LumA
TCGA-A7-A3RF-01A-11R-A22K-07,54.712757263625925,41.277864721030326,-10.51031715466879,16.269921141511617,-21.61929918402748,LumA
TCGA-A7-A425-01A-11R-A24H-07,10.054130021737237,-27.194565134118793,25.94065960321143,-9.028348365149464,-1.1266794214315714,LumA
TCGA-A7-A426-01A-22R-A24H-07,8.088330047048006,-42.64740025638371,29.321197992346473,16.802834561315645,4.994067031069191,LumA
TCGA-A7-A4SA-01A-11R-A266-07,6.409420886899322,-23.439143235144417,3.553775463265962,19.604882632204276,5.087561399678772,LumA
TCGA-A7-A4SB-01A-21R-A266-07,22.701932027495083,-5.545652533914838,11.414436545568977,17.17999082580671,10.19335162012073,LumA
TCGA-A7-A4SC-01A-12R-A266-07,6.946760021470788,-26.667332534459597,22.64982988530186,-11.717047885288528,-7.36661076395301,LumA
TCGA-A7-A4SD-01A-11R-A266-07,-82.4016871252856,5.111295283456435,-16.063274252695727,5.00566896094088,-13.322249489555025,Basal
TCGA-A7-A4SE-01A-11R-A266-07,-56.99037462433515,21.56655566755409,33.09327537913646,2.425066175129245,13.019960970454658,Basal
TCGA-A7-A4SF-01A-11R-A266-07,15.071726712841677,8.434938676470077,-31.122358700047702,-10.853973455715137,7.791470824044071,Her2
TCGA-A7-A56D-01A-11R-A27Q-07,6.419494436654797,10.641534754258377,-18.204990594856735,-29.634646947959844,12.166039440110394,LumA
TCGA-A7-A5ZV-01A-11R-A28M-07,-54.01473930321822,67.12108624093139,31.201808003862986,4.339704249537345,9.057670067597128,Basal
TCGA-A7-A5ZW-01A-12R-A29R-07,11.280204819965494,-18.19841328654703,26.56330970952264,-4.488923402132232,5.088805713816555,LumA
TCGA-A7-A5ZX-01A-12R-A29R-07,9.219333091665915,-27.995437531309648,36.57950627371729,0.7527912039051209,9.055540275132094,LumA
TCGA-A7-A6VV-01A-22R-A33J-07,-73.41325422922888,13.290720896258225,8.1121378037369265,1.3549048782223165,-2.2800398341774795,Basal
TCGA-A7-A6VW-01A-21R-A33J-07,-68.96416377469025,20.450071272463383,14.901678273428184,-18.457293697422806,1.269629930706878,Basal
TCGA-A7-A6VX-01A-12R-A33J-07,21.292456927068937,21.50770922421659,5.461109874118723,-24.69789385221519,3.7830588882925005,LumB
TCGA-A7-A6VY-01A-12R-A33J-07,-88.77046186148502,0.6305599484800711,-12.394962614005987,0.7863042238337099,-9.01168340525183,Basal
TCGA-A8-A06N-01A-11R-A00Z-07,56.98847141504786,50.593712940246874,-25.71535021014011,33.39893474675614,2.9037146345518,LumB
TCGA-A8-A06O-01A-11R-A00Z-07,22.916635727387558,-4.409546692711766,-23.69367429404359,8.286602886489712,2.2708932278653737,LumB
TCGA-A8-A06P-01A-11R-A00Z-07,21.559654948281967,-13.205797565365186,-7.732194888995935,4.881909912959501,13.68410406472409,LumA
TCGA-A8-A06Q-01A-11R-A034-07,23.952662047885365,21.87683173828726,-7.679784586465463,-24.093481770418418,-17.48666314171784,LumB
TCGA-A8-A06R-01A-11R-A00Z-07,-10.285178292608917,-3.8140122436843877,-41.71251208068391,-11.457626052015234,7.8541069843941385,LumB
TCGA-A8-A06T-01A-11R-A00Z-07,33.54062589220387,11.116551350000394,-23.111949073350043,12.292209714057241,-26.443199797422604,LumA
TCGA-A8-A06U-01A-11R-A00Z-07,1.1597197042228249,0.2741866421786702,-17.19409258018461,-0.5546183909405928,-7.7267607604909445,LumA
TCGA-A8-A06X-01A-21R-A00Z-07,6.071164018375598,22.727397237729726,-42.99093479653767,7.958917639303281,0.2220880590292327,LumB
TCGA-A8-A06Y-01A-21R-A00Z-07,28.62776309816866,33.924043771481,5.778935283081705,-8.084906263419956,-13.244954490627869,LumA
TCGA-A8-A06Z-01A-11R-A00Z-07,56.752141444129904,46.90681989722497,-12.453647227594345,1.0948746258464623,-16.898716283224232,LumB
TCGA-A8-A075-01A-11R-A084-07,0.7834783853979301,-14.563733674784768,-34.429017648000205,-28.600776045547033,4.986039963870741,LumB
TCGA-A8-A076-01A-21R-A00Z-07,17.696514874594715,-0.6204555214705044,-24.763575920282786,-23.416581605956416,9.882057006457007,LumB
TCGA-A8-A079-01A-21R-A00Z-07,27.781445430518318,9.709039878783885,-23.792344871183353,12.873488729488423,0.3895773835651244,LumB
TCGA-A8-A07B-01A-11R-A00Z-07,15.661934852497216,21.509844153423707,9.414154980770133,-36.30027711138072,0.08387943274069375,LumA
TCGA-A8-A07C-01A-11R-A034-07,-71.5544928578658,24.887702872112907,-10.307389057448678,19.52531468849624,-12.976958434660094,Basal
TCGA-A8-A07E-01A-11R-A034-07,11.563638903736972,-1.9202335465817135,25.384334644196556,-18.056225753769603,13.873221208984205,LumA
TCGA-A8-A07F-01A-11R-A00Z-07,16.818256987965935,-3.480688052411408,-2.330622683349463,-20.011261641851576,3.6266439230147625,LumA
TCGA-A8-A07G-01A-11R-A034-07,6.839946406984398,-18.069555293734606,11.590401970488555,-20.79820262230562,-2.710584904757663,LumA
TCGA-A8-A07I-01A-11R-A00Z-07,1.4733257307503176,-12.626663502039186,-33.4516320195952,-5.890109210705183,1.9277670238817444,Her2
TCGA-A8-A07J-01A-11R-A00Z-07,26.62378807750028,-4.916564597376695,1.7317000352964296,8.755639631129348,1.75869501916113,LumA
TCGA-A8-A07L-01A-11R-A00Z-07,20.83913675914994,40.55481043855596,-11.924307483387041,9.64057559157902,25.235213689427336,LumB
TCGA-A8-A07O-01A-11R-A00Z-07,-54.397921019165345,46.2332424159997,-1.472241403783323,4.263450199989186,-14.615555093513613,Basal
TCGA-A8-A07P-01A-11R-A00Z-07,43.303425212474004,10.298207522584228,-9.737181531078823,3.441419536960202,7.054957605961039,LumA
TCGA-A8-A07R-01A-21R-A034-07,-73.9858269140014,32.38136278133932,6.813187164891885,6.430999301653411,4.789331254843747,Basal
TCGA-A8-A07S-01A-11R-A034-07,46.51753234382277,22.826027150274115,14.564084753008066,-7.209588121897066,-35.948622327451446,LumB
TCGA-A8-A07U-01A-11R-A034-07,-75.29736385872023,-24.193406886844965,-29.231373223411193,4.391919518830918,-14.616384972316851,Basal
TCGA-A8-A07W-01A-11R-A00Z-07,19.346281856566797,16.676352393627614,-24.63107673627331,-6.006463710870797,20.770724292597333,LumB
TCGA-A8-A07Z-01A-11R-A00Z-07,42.481004195646136,19.174493310806152,-0.8387179723910728,15.323472492379217,-16.802814489950297,LumA
TCGA-A8-A081-01A-11R-A00Z-07,2.038132028238252,-10.86035820877497,-40.02363646069528,-16.16851838987986,1.3132046750426252,LumB
TCGA-A8-A082-01A-11R-A00Z-07,51.0906491939434,45.4822185459768,8.4594910921771,5.459111169871927,14.860807492625284,LumB
TCGA-A8-A083-01A-21R-A00Z-07,56.34959419518507,31.54083135718537,1.9662454488113517,-3.565399027840722,-30.33640351403822,LumA
TCGA-A8-A084-01A-21R-A00Z-07,24.04000590278056,8.233799442720853,2.7354396300177335,-51.0896919532782,-2.349941326253173,LumB
TCGA-A8-A085-01A-11R-A00Z-07,52.1018442573433,56.775454502699006,-2.938398192897751,10.351591227279858,9.140786080102039,NA
TCGA-A8-A086-01A-11R-A00Z-07,33.36441502213374,13.887672210303002,6.480336729355562,19.349598018886226,13.999161691010645,LumA
TCGA-A8-A08A-01A-11R-A32Y-07,46.54460861091406,6.279421426718563,2.8803994935524675,-10.461553943451419,-23.554967886952085,LumA
TCGA-A8-A08B-01A-11R-A00Z-07,-2.3229598323606937,-5.014534119690033,-11.111999924232443,-37.26821578564201,-6.679025927140935,Her2
TCGA-A8-A08C-01A-11R-A00Z-07,40.8133928021217,27.83561318148724,17.120882803244545,-15.047180078903354,-29.514245456386963,LumA
TCGA-A8-A08F-01A-11R-A00Z-07,27.667098008802398,30.526599814018,-27.959196772359178,1.9628457004897693,9.21718306468192,LumB
TCGA-A8-A08G-01A-11R-A00Z-07,29.26068598222099,25.19944162464202,-10.257677767520823,16.087918113673023,1.8842088505643975,LumB
TCGA-A8-A08H-01A-21R-A00Z-07,-15.778217764245884,-1.7505897890964033,12.429063574321669,12.275415315576703,2.4891446150289758,Normal
TCGA-A8-A08I-01A-11R-A00Z-07,9.67765958000637,-17.967159405714632,-31.89571332338685,19.545839210479688,-13.981092465915433,LumB
TCGA-A8-A08J-01A-11R-A00Z-07,9.24175065513299,1.811443143484767,-36.37509378114215,-9.386343664017613,13.393581303851409,Her2
TCGA-A8-A08L-01A-11R-A00Z-07,-8.411324261547888,14.525421102184431,-17.75012331409822,-13.263761891416173,17.438892452946614,Her2
TCGA-A8-A08O-01A-21R-A056-07,19.61601149106653,-9.284559541918942,13.50534842428424,26.938107969610634,15.124241438914359,LumA
TCGA-A8-A08P-01A-11R-A00Z-07,2.154484134465864,5.245444869800517,-29.93647482558658,-11.518304378237334,4.443885552573693,LumB
TCGA-A8-A08R-01A-11R-A034-07,-83.51848577609849,9.586255806675986,-12.007785066616702,16.37225709678084,-7.793856201100399,Basal
TCGA-A8-A08S-01A-11R-A034-07,32.07394910926275,19.304686247957466,-4.071493967095588,-17.49699195206072,-0.4829997561765549,LumB
TCGA-A8-A08T-01A-21R-A00Z-07,25.330398108956672,-2.6978630923599733,-8.980108367994854,-6.988869618217365,-1.6093564484013387,LumA
TCGA-A8-A08X-01A-21R-A00Z-07,-65.14643315421824,-19.065503890159636,-44.643916498760966,-24.343655500208236,-1.3303944348688912,Her2
TCGA-A8-A08Z-01A-21R-A00Z-07,17.454841625100617,15.858611650893401,0.16999403192646215,-10.360923926344004,1.8106028812102133,LumA
TCGA-A8-A090-01A-11R-A00Z-07,21.009976512119902,13.694762264236845,-7.152569757150092,13.484620018064618,-6.871062934427577,LumA
TCGA-A8-A091-01A-11R-A00Z-07,39.46699409592042,-0.12437573474316428,-11.07248467676946,29.50887468668104,14.677830426330619,LumA
TCGA-A8-A092-01A-11R-A00Z-07,23.040744677989768,16.369050507434658,-1.5163006494414193,-18.47749648167519,14.384758249190229,LumB
TCGA-A8-A093-01A-11R-A00Z-07,46.740563355316695,4.137858737258627,1.6302386851093007,6.827014985992144,-2.19090108192072,LumA
TCGA-A8-A094-01A-11R-A00Z-07,-26.465268577651592,-17.811257137751504,-38.53991655003773,-37.137924038041454,-1.561191345885034,Her2
TCGA-A8-A095-01A-11R-A00Z-07,25.51538019949076,-15.33143444592512,15.760276894580171,-14.493313342687623,-8.242809517193454,LumB
TCGA-A8-A096-01A-11R-A00Z-07,29.08968152644453,-1.4188717370177484,-19.900817191740945,-1.3834718370519767,-32.909983158962085,LumB
TCGA-A8-A097-01A-11R-A034-07,5.4630177856287965,4.342766364980694,5.533860033662855,-2.2367965753164665,17.751418183900793,LumA
TCGA-A8-A099-01A-11R-A00Z-07,47.43846875503112,21.54630461788514,-4.675038489432929,-14.797258300370954,-36.65662163989767,LumA
TCGA-A8-A09A-01A-11R-A00Z-07,4.32336914923235,-9.859727111201776,1.9919499762510915,12.852370741957563,28.908977537442134,LumA
TCGA-A8-A09B-01A-11R-A00Z-07,41.72378806861413,-3.7088051129191926,10.900178681368208,2.0416337451105693,8.574457544784089,LumA
TCGA-A8-A09C-01A-11R-A00Z-07,41.73953851328277,18.75757854039466,5.896581478273295,-5.190788102639003,3.915643683197488,LumB
TCGA-A8-A09D-01A-11R-A00Z-07,11.010232837026647,9.13832481426867,-11.619623482622519,4.9436816580804965,31.071053848947013,LumA
TCGA-A8-A09E-01A-11R-A00Z-07,35.76215972805415,24.413892355369047,-2.054200223648395,-1.625252137396927,-5.642133795055047,LumB
TCGA-A8-A09G-01A-21R-A00Z-07,-11.453114681922365,-15.487933164957465,-23.195864893305835,-35.079773777181295,-11.822559839328031,Her2
TCGA-A8-A09I-01A-22R-A034-07,11.095044957149053,1.6703273865575812,-29.319073624627435,-23.19112373405309,-5.598744793375477,LumB
TCGA-A8-A09K-01A-11R-A00Z-07,25.191442937051164,4.275341169783268,-47.98297292282751,43.19993509127764,-3.29518361590014,LumA
TCGA-A8-A09M-01A-11R-A00Z-07,23.753007717164117,1.4981564181525244,-49.09761687214692,13.1251019897209,-9.01853926031555,LumB
TCGA-A8-A09N-01A-11R-A00Z-07,30.705745102841846,4.397665258846404,-12.579604476874144,-12.505276431417206,-3.004697664036731,LumB
TCGA-A8-A09Q-01A-11R-A00Z-07,17.963012356615977,-16.315437823867928,-37.553054270063875,7.466031973950613,-0.2750545888402386,LumB
TCGA-A8-A09R-01A-11R-A00Z-07,22.33507571105279,12.984017698321804,-18.561450287895248,8.435630327687674,3.742774412187405,LumB
TCGA-A8-A09T-01A-11R-A00Z-07,40.2228466414317,23.695591783845035,18.20528429364536,-10.613790614949036,4.667646577563036,LumA
TCGA-A8-A09V-01A-11R-A034-07,42.10387158351502,-9.82087445697491,10.026527927895565,6.945470088195617,-12.950234904799718,LumA
TCGA-A8-A09W-01A-11R-A00Z-07,18.347350423895275,7.485198609144063,-20.594548999758484,-24.79506318682286,6.416148513088656,LumB
TCGA-A8-A09X-01A-11R-A00Z-07,-29.610759387780117,-18.435497435649317,-42.581727025760266,-36.50588895750338,-0.32382985057428926,Her2
TCGA-A8-A09Z-01A-11R-A00Z-07,14.435450542877128,43.68371696688307,-36.201340925905136,-0.6853839577870069,-14.143942073685661,LumB
TCGA-A8-A0A1-01A-11R-A00Z-07,41.986609505021235,-4.317159140105555,17.650953847204192,-9.270899806235793,-12.684365424455295,LumA
TCGA-A8-A0A2-01A-11R-A034-07,27.741775103212607,-17.427562593222966,-15.699725798533462,9.82861480122411,-8.55140288348921,LumA
TCGA-A8-A0A4-01A-11R-A00Z-07,12.394240562528648,-15.409541945964078,29.298002582448817,2.9080551745764542,10.41937616389121,LumA
TCGA-A8-A0A6-01A-12R-A056-07,-10.170384702836788,-46.386123353853414,-0.3944059538988249,-4.623214463285187,-9.765781403417376,LumA
TCGA-A8-A0A7-01A-11R-A00Z-07,-40.103777696387326,-38.44697311891531,-48.57445856580109,-5.388286050769627,3.559877646529754,Her2
TCGA-A8-A0A9-01A-11R-A00Z-07,44.16812846942981,30.031120593674235,-0.5660626117735562,-4.344917027059559,-3.1657589312044054,LumA
TCGA-A8-A0AB-01A-11R-A034-07,29.51502410811577,8.412043502349437,16.496503599362697,-4.454061652703353,4.458963747998326,LumA
TCGA-A8-A0AD-01A-11R-A056-07,51.544394412916404,22.245085822645912,8.55023222925525,-0.13266196318148837,-7.0511356060720995,LumA
TCGA-AC-A23C-01A-12R-A169-07,7.393217046579174,-30.082379578956964,-13.197879094455953,-14.865538120822725,-2.6987889217099577,LumA
TCGA-AC-A23E-01A-11R-A157-07,31.629688172473998,11.17668294585392,16.418347917514325,-22.117966334481057,2.526566710994406,LumA
TCGA-AC-A23G-01A-11R-A213-07,-3.77326713830458,-12.05260222074869,32.70527953707077,0.8079678893701009,5.506907920245044,LumA
TCGA-AC-A23H-01A-11R-A157-07,6.849805047145738,25.969250044439402,-19.346492853179594,-47.97711272004936,16.55272460457879,Her2
TCGA-AC-A2B8-01A-11R-A17B-07,24.899786980857886,-16.42235725514868,18.40481128465587,-5.581503574208693,9.730857450427786,LumA
TCGA-AC-A2BK-01A-11R-A21T-07,-55.545657531180176,56.58949317799175,2.2484811888626144,19.796506430979814,-3.243241502567719,Basal
TCGA-AC-A2BM-01A-11R-A21T-07,30.94465467683694,6.523874975558764,-29.334932051904797,40.28190035066334,-7.414571551273642,LumB
TCGA-AC-A2FB-01A-11R-A17B-07,-1.364632139844965,-44.69733275305362,10.444065943103622,4.248275351676007,3.2181474336566724,LumA
TCGA-AC-A2FE-01A-11R-A19W-07,9.86548306287409,-26.178522928138307,4.321936900514723,-0.9613701474156849,-1.123937506508011,LumA
TCGA-AC-A2FF-01A-11R-A17B-07,-11.668776903200026,-55.83702356304596,9.776979653732626,17.408393864834878,4.241212077570385,LumA
TCGA-AC-A2FG-01A-11R-A17B-07,5.699111322642818,-47.917621465811365,32.81310405278453,3.296054120032187,-9.683641635281763,LumA
TCGA-AC-A2FK-01A-12R-A180-07,-25.93764736802281,-46.254065265432196,37.68050605528129,2.1115721612979286,2.7206895038513776,Normal
TCGA-AC-A2FM-01A-11R-A19W-07,39.63307858262948,14.887376768548569,-2.50397382313082,27.064076518394362,27.09227985809118,LumA
TCGA-AC-A2FO-01A-11R-A180-07,5.752008684787068,-43.7825136345195,-4.670461051302071,20.893905305827403,10.629085967474929,LumA
TCGA-AC-A2QH-01A-11R-A18M-07,-15.238786593990012,65.74053608838754,11.840353853175523,17.594750229612163,21.970279197102613,Basal
TCGA-AC-A2QI-01A-12R-A19W-07,15.915041935971797,-11.334645985077831,2.1288301726435233,-3.041071156783345,-10.362459835254585,LumA
TCGA-AC-A2QJ-01A-12R-A19W-07,-48.47980276688494,37.30238043192761,11.868714829730665,-9.216138278222356,9.02930040892578,Basal
TCGA-AC-A3BB-01A-21R-A19W-07,10.089230501745769,-45.43253127075812,-0.12756054202688674,4.709669103274455,-4.1570355393087075,LumA
TCGA-AC-A3EH-01A-22R-A22K-07,22.941254102013605,18.17816548412655,16.320432179031073,-30.888790215814527,12.380867143977257,LumA
TCGA-AC-A3HN-01A-11R-A213-07,6.451375411376973,-39.37313273141127,11.462553573615784,3.6254719989767716,-12.347479050319443,LumA
TCGA-AC-A3OD-01A-11R-A21T-07,8.104514368117277,-24.89989680798913,14.789712371086775,9.421180074318924,-2.6990618751331135,LumA
TCGA-AC-A3QP-01A-11R-A22U-07,0.5550741823249232,-31.112737811946328,15.867203916060946,-0.6425137019944565,-4.963781777525247,LumA
TCGA-AC-A3QQ-01B-06R-A22O-07,27.693458350791275,-22.446004705662038,7.789238965022458,9.14765329555973,0.5067213726655507,LumA
TCGA-AC-A3TM-01A-11R-A22K-07,15.119477978568037,-19.797794330859066,16.733327779576726,-2.7206959941411526,8.524637409345551,LumA
TCGA-AC-A3TN-01A-11R-A22K-07,44.03886277896179,-0.3472959404481521,23.916759723919395,-9.58717278651713,-13.002653960167287,LumA
TCGA-AC-A3W5-01A-11R-A22K-07,-19.63832509026097,-16.824897206953903,-14.864377239282513,-41.64583746080811,9.05701219450267,Her2
TCGA-AC-A3W6-01A-12R-A22K-07,20.649854583979124,-15.936406166027014,-2.36203157835628,-8.789781488169668,3.996641190269102,LumA
TCGA-AC-A3W7-01A-11R-A22K-07,17.10841390183458,-23.55502305487604,37.14352411528007,-18.985429379218925,2.7457014016761305,LumA
TCGA-AC-A3YI-01A-21R-A239-07,-13.585819914624022,-28.27870843617846,25.954249036000913,0.46421273382986344,9.820165888383036,Normal
TCGA-AC-A3YJ-01A-11R-A22U-07,47.25575798913113,15.751603228956586,4.448223811494751,-1.9610701590157371,-33.72127784655896,LumA
TCGA-AC-A4ZE-01A-11R-A41B-07,38.817497228936055,2.252398696425247,6.821410508359913,12.560862912000495,-4.084118026707012,LumA
TCGA-AC-A5EH-01A-11R-A28M-07,7.097471956184877,29.537772977847514,0.13085845380964456,-44.87339443859994,13.377661137209001,Her2
TCGA-AC-A5XS-01A-11R-A29R-07,2.2886809791908194,-29.80595670739119,-8.547818819850683,1.5822525781520893,-1.2754648607657801,LumA
TCGA-AC-A5XU-01A-11R-A28M-07,13.050846240906035,7.863189932587977,-31.110812161167143,25.72238622122736,8.077645488699263,LumA
TCGA-AC-A62V-01A-11R-A31O-07,38.7646775497249,42.75903057776652,-17.001599366645415,11.501467688280696,20.515976498594434,NA
TCGA-AC-A62X-01A-11R-A29R-07,-60.29798351808122,50.045047514642846,43.559419301806805,-11.630689512716968,-0.4963104976336601,Basal
TCGA-AC-A62Y-01A-11R-A29R-07,42.56417952267878,6.152439196719933,15.273573964742186,-9.911166552805287,-31.018111753541852,LumA
TCGA-AC-A6IV-01A-12R-A33J-07,6.059481002019552,-19.934582878588426,3.958983984671629,27.703614956713796,12.626406384775072,LumA
TCGA-AC-A6IW-01A-12R-A33J-07,-75.89338626131317,22.760325623535614,1.1085097168894065,19.05470959287976,-19.265095668943566,Basal
TCGA-AC-A6IX-01A-12R-A32P-07,6.613216266083446,-32.75567653117483,-4.160735814176316,3.572185512796317,18.473204077626068,LumA
TCGA-AC-A6NO-01A-12R-A33J-07,20.98374954856205,-10.710474314837441,14.069829403093845,-2.9626350031506847,-4.924755222275992,LumA
TCGA-AC-A7VB-01A-11R-A352-07,34.45653869328864,38.62700415016513,-18.20968037136047,15.491480098631097,11.640095846304844,LumB
TCGA-AC-A7VC-01A-11R-A352-07,-16.26857369594133,59.21603768131265,8.425814254371769,7.480959092109957,10.547713700739465,Basal
TCGA-AC-A8OP-01A-11R-A36F-07,14.652694101109553,-10.32166045489525,5.741725487363298,16.624797071312795,7.309165942086481,LumA
TCGA-AC-A8OQ-01A-11R-A41B-07,-77.81070374868862,-15.725548604133202,-6.833067673441376,25.36569365276017,0.7101370969821945,Basal
TCGA-AC-A8OR-01A-21R-A41B-07,36.39729388051771,52.104450684436046,21.842274595821173,4.565145116247685,-19.54094404462687,LumA
TCGA-AC-A8OS-01A-12R-A41B-07,7.4480297011650505,-42.095347170393566,18.32012765351531,-7.2474981132881275,-3.0197271460352124,LumA
TCGA-AN-A03X-01A-21R-A00Z-07,35.890902959933285,17.683662196397815,-3.503040949249833,-11.867626999491613,14.626295341604699,LumA
TCGA-AN-A03Y-01A-21R-A00Z-07,24.182009377430973,0.20912836259102818,-12.080846895539814,1.534102450484879,0.13993399232096082,LumB
TCGA-AN-A041-01A-11R-A034-07,19.734451013789872,13.780393763415166,-17.80494224965401,8.585818246300757,11.26670570699839,LumA
TCGA-AN-A046-01A-21R-A034-07,24.6344204655349,5.02688521041215,-4.86742161063267,-14.93373847158904,-12.995889726433058,LumA
TCGA-AN-A049-01A-21R-A00Z-07,26.107493838358472,-0.8052674729054425,0.8618489755430807,9.239742079246252,-6.499896104581954,LumA
TCGA-AN-A04A-01A-21R-A034-07,11.060217388943025,-1.2606606956482251,1.4539470021093355,6.281175257465473,18.693202529234913,LumA
TCGA-AN-A04C-01A-21R-A034-07,-26.50093360016669,2.40176078160314,-13.277652243982144,-38.445108008919966,7.388028978990035,Her2
TCGA-AN-A04D-01A-21R-A034-07,-53.547799983260035,55.62371975994021,21.613504843721046,2.353136820394903,1.0323680998448637,Basal
TCGA-AN-A0AJ-01A-11R-A00Z-07,0.6278247745884584,6.269982925155924,-36.646887902225615,-10.198038549155852,5.190240192884783,LumB
TCGA-AN-A0AK-01A-21R-A00Z-07,12.978751960943091,31.70357251669828,-48.769833540121866,2.9189792270716373,4.944050901776555,LumB
TCGA-AN-A0AL-01A-11R-A00Z-07,-68.79280717466924,-6.051531927757349,-14.950619499282881,3.400880317885112,-10.786868284478865,Basal
TCGA-AN-A0AM-01A-11R-A034-07,-17.641572270743225,3.912154491456181,-15.07337884648982,-18.582711994343914,0.6306090334443741,LumB
TCGA-AN-A0AR-01A-11R-A00Z-07,-52.40521528078682,46.45535441355903,25.73536919860736,2.8682039606963663,7.279529715766481,Basal
TCGA-AN-A0AS-01A-11R-A00Z-07,10.795158701074671,38.064342380793136,5.000176335505295,-33.84947625689082,-4.509725513600715,LumA
TCGA-AN-A0AT-01A-11R-A034-07,-80.00944310608571,30.473225563013933,4.663050163066465,20.64128833171442,-5.902410398561516,Basal
TCGA-AN-A0FD-01A-11R-A034-07,16.588589347833764,0.904450733251143,-20.528120850921074,9.995146997199837,2.4603703955804135,LumA
TCGA-AN-A0FF-01A-11R-A034-07,35.54563807385825,-13.462707276134857,-16.09339711814508,16.81147139608849,-13.91156337120707,LumB
TCGA-AN-A0FJ-01A-11R-A00Z-07,-61.61142358355769,44.375592084189854,19.375053539325418,9.990543983400999,-0.5527721096480325,Basal
TCGA-AN-A0FK-01A-11R-A034-07,41.82894411904774,7.491841871375749,-7.524192829218072,-12.767579755323435,-37.65990262524086,LumA
TCGA-AN-A0FL-01A-11R-A034-07,-48.575610504911005,42.04722645296182,27.493203892393186,-9.927131673546691,-6.669395752489509,Basal
TCGA-AN-A0FN-01A-11R-A034-07,8.025278169336788,-35.56055493879116,-6.474428839280573,1.6215867653581288,-10.608442427336705,LumA
TCGA-AN-A0FS-01A-11R-A034-07,23.894802628168275,-23.624181784936848,30.137786605189692,8.018958794269462,3.655028524229619,LumA
TCGA-AN-A0FT-01A-11R-A034-07,23.72040765408814,23.364732987708646,-5.117073357253899,-26.285235777521876,22.077082910724506,LumA
TCGA-AN-A0FV-01A-11R-A00Z-07,4.574149737257067,32.81664598439552,0.36641365963687045,-41.63018854576465,25.535412668366188,Her2
TCGA-AN-A0FW-01A-11R-A034-07,24.31261125670854,-3.932462514617264,-4.068928666455058,15.390019965496993,1.9556257139434228,LumA
TCGA-AN-A0FX-01A-11R-A034-07,-63.404092882714615,8.985149299021584,34.56424638816413,17.439267481219282,11.576249144605379,Basal
TCGA-AN-A0FY-01A-11R-A034-07,23.111205841946035,28.113315724218317,4.230797674935212,9.956543140082772,24.225618689564694,LumB
TCGA-AN-A0FZ-01A-11R-A034-07,30.406296993605043,32.43203737505432,-2.3377797504730924,-1.2880349884444822,26.386612955276664,LumA
TCGA-AN-A0G0-01A-11R-A034-07,-58.555298352536994,30.620290715580396,4.32849016926468,-4.0737048933885145,-10.052865413473548,Basal
TCGA-AN-A0XL-01A-11R-A10J-07,22.988416710913498,-12.240341883279026,24.880915768151578,3.017185318540948,8.834143279072274,LumA
TCGA-AN-A0XN-01A-21R-A109-07,7.90024945415321,25.922951787410376,2.490739919443978,-22.575217302866545,5.629491778338082,LumA
TCGA-AN-A0XO-01A-11R-A109-07,23.03558011257778,12.416848914808442,31.085124598944425,-27.12540383215876,13.524559739728947,LumA
TCGA-AN-A0XP-01A-11R-A109-07,47.41560758965607,16.122803742287278,6.09236435822483,-24.07937945745497,-33.95600104245873,LumA
TCGA-AN-A0XR-01A-11R-A109-07,47.506711096655636,22.88847899179755,0.6279061568674876,-17.698224679504207,-13.517237321825377,LumB
TCGA-AN-A0XS-01A-22R-A109-07,9.383244833276574,-34.80117699985384,-18.383125971179556,11.410402151406881,11.01868013086652,LumA
TCGA-AN-A0XT-01A-11R-A109-07,30.287379110844565,-7.077152866706219,-0.27407182583312023,26.940442725110678,-2.7394475075329443,LumA
TCGA-AN-A0XU-01A-11R-A109-07,-76.22094447046999,16.45819792839985,2.1803052480642804,7.991933878032301,-5.6786450592093605,Basal
TCGA-AN-A0XV-01A-11R-A109-07,18.126415685184277,-25.63166983115948,-3.3544533763930375,1.7202347199240804,-8.968873237262397,LumA
TCGA-AN-A0XW-01A-11R-A109-07,6.382439953161706,-18.55237979750607,-17.796584208512535,-3.3241314564026,-0.37392857736483887,LumA
TCGA-AO-A03L-01A-41R-A056-07,6.011887933554512,-17.886131988812377,-14.90894375227553,-4.223623169351837,9.92531310353383,LumA
TCGA-AO-A03M-01B-11R-A10J-07,-10.461602546801354,-19.888529566437644,-16.501006203980868,6.5620680958123385,12.327595532162594,LumA
TCGA-AO-A03N-01B-11R-A10J-07,22.862358035774484,13.59657608867094,5.673816465759302,-51.30945679136586,6.12881340468817,LumB
TCGA-AO-A03O-01A-11R-A00Z-07,-0.25070412120334806,-2.9321764379410262,-26.73949294419845,-1.8197246191221685,-3.0084988007140825,LumB
TCGA-AO-A03P-01A-11R-A00Z-07,18.63859880398885,28.655065537196307,-33.401468866804734,26.940213251564312,-1.396899859572902,LumB
TCGA-AO-A03R-01A-21R-A034-07,3.8052424169202705,-23.750113656992877,7.895754249227068,21.26191524462738,-11.72389500348735,Normal
TCGA-AO-A03T-01A-21R-A034-07,17.598318028619563,-2.8415820756884536,20.17974431099507,20.750682469315805,16.66712753594247,Normal
TCGA-AO-A03U-01B-21R-A10J-07,-48.996915835001076,-7.7343610839867365,31.436756191967294,-3.2836578396113034,-11.756810690097806,Normal
TCGA-AO-A03V-01A-11R-A115-07,17.28092697492913,-8.718371318151503,0.23128527219326578,7.902759220484126,14.845685421528128,LumA
TCGA-AO-A0J2-01A-11R-A034-07,-28.567595793029426,13.071284434541695,-13.793806895861051,-48.310448722721574,-1.860582157503594,Her2
TCGA-AO-A0J3-01A-11R-A034-07,39.702272794390034,47.19664935274637,-22.766278360888506,31.595787158079474,10.183616425106388,LumB
TCGA-AO-A0J4-01A-11R-A034-07,-87.12652609864234,6.551259063277201,5.690734632049348,21.599126964335593,-6.66563409671445,Basal
TCGA-AO-A0J5-01A-11R-A034-07,15.949051502619936,-1.1737809352552233,-14.225110219444929,8.933330200633959,16.194461600391563,LumA
TCGA-AO-A0J6-01A-11R-A034-07,-72.614521361432935,40.84130245321399,9.41347782162121,-1.6733325367767542,-13.171122512490498,Basal
TCGA-AO-A0J7-01A-11R-A034-07,41.90669930448699,22.8647814983137,1.3174441168875273,12.593780742955577,-12.723954857524385,LumB
TCGA-AO-A0J8-01A-21R-A034-07,29.729416495432538,-5.391129596795031,3.823037573430317,-19.1573133841752,-21.60777834457097,LumA
TCGA-AO-A0J9-01A-11R-A034-07,7.378380984482896,-11.818871368975545,13.245091584621242,8.109006579208438,4.118378923475417,LumA
TCGA-AO-A0JA-01A-11R-A056-07,6.848425589875673,-22.439852860527132,-5.153571832479465,-6.218143830724323,8.849836887831815,LumA
TCGA-AO-A0JB-01A-11R-A32Y-07,-13.579441160243631,-18.105453303656542,21.79462260193021,-10.4465138166095,1.2875036485977602,Normal
TCGA-AO-A0JC-01A-11R-A056-07,-25.930106680535985,-35.0733554921383,-28.985851743336376,25.199250767125307,-13.502615350327567,LumA
TCGA-AO-A0JD-01A-11R-A056-07,-2.2127488644261497,-0.30881779057777925,4.532835399803608,-10.655706413246014,3.484577774523809,LumB
TCGA-AO-A0JE-01A-11R-A056-07,-24.685102952686385,-20.810075192001563,-22.98922620089603,-42.946193736636786,-1.0032606026723416,Her2
TCGA-AO-A0JF-01A-11R-A056-07,25.01476036865815,-18.769770956873337,21.029141632962332,-12.410203194861035,-5.20022484401969,LumA
TCGA-AO-A0JG-01A-31R-A084-07,10.364677899508468,-13.781634309151448,-1.6538074441271695,22.390597338118226,-3.488729541473776,LumA
TCGA-AO-A0JI-01A-21R-A056-07,37.91093865614164,5.830674556108018,-17.678027669419354,40.76406663559274,11.264126384806906,LumA
TCGA-AO-A0JJ-01A-11R-A056-07,0.4969425926577477,-56.14558279140223,3.377499946691756,17.294663053104777,-20.433124063628085,LumA
TCGA-AO-A0JL-01A-11R-A056-07,-55.71984363749312,28.602093803196155,27.83262139195142,2.2001691983341853,8.138109456986806,Basal
TCGA-AO-A0JM-01A-21R-A056-07,25.768448150142376,6.07503183207451,-14.879034274002928,-19.727796952050635,2.860649589053887,LumB
TCGA-AO-A124-01A-11R-A10J-07,-81.07242284935074,38.40469416661137,25.22301119360431,2.3075736224518617,-6.111574648171039,Basal
TCGA-AO-A125-01A-11R-A10J-07,63.0579029068043,42.60376597522549,21.789918511405304,-19.132318501771046,-34.74712182509117,LumA
TCGA-AO-A126-01A-11R-A10J-07,39.841750015831124,11.249840139441421,-1.2107105680215011,1.6810640690985856,6.57774551980203,LumA
TCGA-AO-A128-01A-11R-A10J-07,-61.83646046396882,13.573373442573175,-31.464047192321573,3.109068483521901,-27.244578783031073,Basal
TCGA-AO-A129-01A-21R-A10J-07,-82.91314449032548,-2.9242865460621132,-0.29574474237397264,12.673674764262326,-12.196506064676237,Basal
TCGA-AO-A12A-01A-21R-A115-07,10.754499508501434,-31.72432499615832,32.802922690732224,5.28821336125553,-5.290847349682219,LumA
TCGA-AO-A12B-01A-11R-A10J-07,48.83822559588738,25.43807567874596,-7.198504716449224,17.471959749442814,-39.11722842229843,LumA
TCGA-AO-A12C-01A-11R-A10J-07,17.832368751699608,-8.376029825893342,1.1855405734781344,14.39224047759117,11.570764777191723,LumA
TCGA-AO-A12D-01A-11R-A115-07,-44.63786284572433,-30.75468028488242,-29.023653127116553,-45.68751603339498,-4.7818290303535695,Her2
TCGA-AO-A12E-01A-11R-A10J-07,12.789812362242424,-24.996564638618832,25.358673216480156,7.486990049406668,7.213936775921053,LumA
TCGA-AO-A12F-01A-11R-A115-07,-53.506676942175616,29.852798381393345,29.784588264570676,11.396197906542838,7.3072865770777,Basal
TCGA-AO-A12G-01A-11R-A10J-07,18.37255498502682,-9.240080049097854,7.444009539868867,-4.971450818262519,4.639591220540734,LumA
TCGA-AO-A12H-01A-11R-A115-07,56.85449024805444,49.356692805501766,-8.311131615487561,18.51041616547249,-11.808648703555836,LumA
TCGA-AO-A1KO-01A-31R-A13Q-07,-31.2713236828354,-36.029837222327146,45.09642557193808,14.20582992603914,-5.095847253997284,Normal
TCGA-AO-A1KP-01A-11R-A13Q-07,39.831228452487046,28.17502161829647,5.730505579747711,1.9530744480509352,20.587617447927286,LumB
TCGA-AO-A1KQ-01A-11R-A13Q-07,24.660777153519007,-0.7711516164304135,-31.93071564411185,10.619003584248832,7.438797219999662,NA
TCGA-AO-A1KR-01A-12R-A144-07,-59.19761696308489,23.019109156464857,17.345552351892298,-5.249678459899944,-5.332430696530258,Basal
TCGA-AO-A1KS-01A-11R-A13Q-07,23.864032231220285,5.994078393000115,8.169945194602098,0.45802528433382544,18.683572927789353,LumB
TCGA-AO-A1KT-01A-11R-A13Q-07,12.824836593948032,14.526040932011869,-9.255336302566137,-3.776763868346493,15.875395945185305,LumB
TCGA-AQ-A04H-01B-11R-A10J-07,30.868855274744167,26.25070767107785,-18.617541910587715,18.278479709091034,10.995420711457005,LumB
TCGA-AQ-A04J-01A-02R-A034-07,-75.83287754584616,-13.365708091783256,18.38425017853307,8.780346573174544,-5.6732607671170046,Basal
TCGA-AQ-A04L-01B-21R-A10J-07,6.5906382998657165,29.169820518108793,0.8371610363648657,-48.48496478019626,0.12405415015032258,LumA
TCGA-AQ-A0Y5-01A-11R-A14M-07,19.43896470611019,39.220255661199005,5.305305125824981,-34.62765879118545,27.689327407605003,LumA
TCGA-AQ-A1H2-01A-11R-A13Q-07,49.51886291483567,43.654673055620876,-1.7915313459083064,-4.257106211526162,-15.378062528553627,LumA
TCGA-AQ-A1H3-01A-31R-A13Q-07,16.049957510954908,-24.71503471971542,8.689949209406295,2.873692529327695,-6.472211578400179,LumA
TCGA-AQ-A54N-01A-11R-A266-07,-60.388229659913456,60.34192483472723,32.93556310003022,5.475303016796347,-11.475034140525358,Basal
TCGA-AQ-A54O-01A-11R-A266-07,46.12538696137692,15.731077877466989,0.8004754124189006,11.460008913724334,-14.045202335350767,NA
TCGA-AQ-A7U7-01A-22R-A352-07,2.8694086632665043,-34.109030800089236,-13.50112096244335,12.400300850165069,-9.718023921957661,LumA
TCGA-AR-A0TP-01A-11R-A084-07,-53.640767621042286,67.16042260225505,49.34974990986394,7.198437283669805,8.05391150573654,Basal
TCGA-AR-A0TQ-01A-11R-A084-07,-0.4880741397062481,-5.713572848198619,-35.25878236073533,21.446196265925714,16.861389696636888,LumB
TCGA-AR-A0TR-01A-11R-A084-07,46.034679981213216,3.9607305300352755,-22.132733093927744,20.68534422781329,-41.5599078070624,LumA
TCGA-AR-A0TS-01A-11R-A115-07,-80.10090546576384,-6.686940059295685,-3.0083464232073025,24.521299973127373,-0.019505586724929268,Basal
TCGA-AR-A0TT-01A-31R-A084-07,-15.843914325040682,-23.92339272579118,-60.13646514601961,9.437585245865725,2.92765214973168,LumB
TCGA-AR-A0TU-01A-31R-A109-07,-73.63504278163803,49.365873863286645,-1.0078868104420686,16.653056861034955,-9.6070685192624925,Basal
TCGA-AR-A0TV-01A-21R-A084-07,18.332505554527057,20.404569491162125,-49.19107599354193,28.061378812588973,-25.01438766849111,LumB
TCGA-AR-A0TW-01A-11R-A084-07,2.8301651661719904,4.863671538426073,-61.073426835843335,9.954533712882371,-7.129863177079177,LumA
TCGA-AR-A0TX-01A-11R-A084-07,-12.625277014303089,-27.138036373629255,-28.98920758626947,-22.898707235363013,10.954905482662989,Her2
TCGA-AR-A0TY-01A-12R-A115-07,3.1529266983292987,17.409283567003424,-29.23021268617607,7.933769196441549,21.821611397458,LumB
TCGA-AR-A0TZ-01A-12R-A084-07,47.26610681007461,31.391625059172988,-1.0951923781426258,10.697144593351723,20.83232345795344,LumA
TCGA-AR-A0U0-01A-11R-A109-07,-79.85050512062976,14.109357538100847,-26.879495512238474,-3.868396888518837,-17.553997943392126,Basal
TCGA-AR-A0U2-01A-11R-A109-07,18.771013141985886,32.2502116593851,-31.033632367442788,9.048400153897527,18.974125165115872,LumB
TCGA-AR-A0U3-01A-11R-A109-07,30.713312032504096,5.184001284955278,0.7031685723615971,-5.792567424747693,3.95958007587523,LumA
TCGA-AR-A0U4-01A-11R-A109-07,-66.45956218837487,22.054232661642423,-5.21836237317845,10.629380970818488,-21.181001263003292,Basal
TCGA-AR-A1AH-01A-11R-A12D-07,-52.8134543205444,47.005480856565434,17.972595581143597,-5.353259058355713,-1.3559059141600467,Basal
TCGA-AR-A1AI-01A-11R-A12P-07,-87.91429472130065,11.182463822455503,-22.1182961828518,10.885980126289553,-24.777276138590057,Basal
TCGA-AR-A1AJ-01A-21R-A12P-07,-76.53716854855647,-9.236273292040174,-9.35531628593613,11.335853483266176,-10.319087393193053,Basal
TCGA-AR-A1AK-01A-21R-A12P-07,13.159096051503852,-18.68926501032006,18.087707781974725,16.038886050220967,-0.5210354896665831,LumA
TCGA-AR-A1AL-01A-21R-A12P-07,9.332478305822995,-37.35296051438952,34.2015412678953,4.673090491486712,-0.3876268694518761,LumA
TCGA-AR-A1AM-01A-41R-A22K-07,6.480047835855153,-39.69208579556264,13.981288403106781,3.6295306303720665,-1.1575206372614677,LumA
TCGA-AR-A1AN-01A-11R-A12P-07,29.73667771303878,-3.3390203173018382,10.56356182783573,-7.012409349735718,-9.764792704813747,LumA
TCGA-AR-A1AO-01A-11R-A12P-07,-46.59089339302997,-28.537036636841933,5.782470836264426,-11.067206215208815,5.852260768264385,Normal
TCGA-AR-A1AP-01A-11R-A12P-07,10.603494831121623,-1.8819797374151597,9.812753023179061,-9.309169635913982,4.474093814253888,LumA
TCGA-AR-A1AQ-01A-11R-A12P-07,-91.73543081137538,-7.603454656993685,-22.470147106669447,11.106978208977972,-17.51229712282125,Basal
TCGA-AR-A1AR-01A-31R-A137-07,-51.30406087144558,24.7116229740354,2.799090625885848,8.513828243745415,-8.456032977501605,Basal
TCGA-AR-A1AS-01A-11R-A12P-07,28.673097098168512,29.759019590321522,13.960448766757299,-40.347938578179246,-8.408716436310838,LumA
TCGA-AR-A1AT-01A-11R-A12P-07,-15.532738151249191,-16.34298458997252,-20.28691827925366,-31.038007508471512,-18.62767530131731,Her2
TCGA-AR-A1AU-01A-11R-A12P-07,8.462213038442863,-20.599870175811407,17.517701102354884,23.07721612616092,22.158377235173443,LumA
TCGA-AR-A1AV-01A-21R-A12P-07,57.653867512326585,28.864723661078436,5.357045379766029,-12.362741092027736,-9.98451568138567,NA
TCGA-AR-A1AW-01A-21R-A12P-07,-21.201171476634993,-40.4344103471177,-49.032146127864195,17.627399583469895,-10.426088582288614,LumB
TCGA-AR-A1AX-01A-11R-A12P-07,-8.229403237580035,-37.28605535700427,-10.061809867868497,-2.5058569453453154,-0.38254280179836125,LumA
TCGA-AR-A1AY-01A-21R-A12P-07,-63.66610527978038,36.867486751440026,34.677907050651356,5.462166107892901,4.370464249503144,Basal
TCGA-AR-A24H-01A-11R-A169-07,18.64721936258538,27.024183061690042,-19.85472453227602,-0.7690561840768886,5.156456334427325,LumB
TCGA-AR-A24K-01A-11R-A169-07,36.74457394293364,27.542655840892454,-2.1397375058254586,-6.912417925332619,-14.46621846839748,LumB
TCGA-AR-A24L-01A-11R-A169-07,29.530395319028155,5.381312462192628,3.5644952592497585,28.921758595754333,17.208544210150297,LumA
TCGA-AR-A24M-01A-11R-A169-07,22.41893600755025,-17.943001313159858,23.837746319081432,-10.607001245810405,-15.525927945189999,LumA
TCGA-AR-A24N-01A-11R-A169-07,17.521690653873844,0.7039565953079684,-16.819946174430058,-11.255595649493353,-12.963877632948408,LumB
TCGA-AR-A24O-01A-11R-A169-07,9.694930347028498,-39.89408673966552,23.082633161348014,2.638494093039845,-11.353744712115745,LumA
TCGA-AR-A24P-01A-11R-A169-07,11.280848063042527,-13.88684192964608,5.994681226567664,-0.5458421740096981,-6.986306936910815,LumA
TCGA-AR-A24Q-01A-12R-A169-07,-64.02144094876705,2.3475521305062896,2.317877406797883,24.03789878015819,2.7339774262058145,Basal
TCGA-AR-A24R-01A-11R-A169-07,25.134128143022746,3.270266540407593,-13.783775667508198,22.688376454291998,5.817397355222467,LumB
TCGA-AR-A24S-01A-11R-A169-07,9.507203873361947,-4.889035561753319,-3.5265765778451708,-7.346154022873941,1.0731501035944944,LumB
TCGA-AR-A24T-01A-11R-A169-07,12.483559365921325,-12.144867806541285,8.338368116053653,10.416925007821062,6.055191520946065,LumA
TCGA-AR-A24U-01A-11R-A169-07,-40.701089629267585,-30.80169219391171,-36.05939451558717,-22.21551592907468,-5.509397068094894,Her2
TCGA-AR-A24V-01A-21R-A169-07,26.37169742065255,17.338952636542214,-7.820302951553727,5.133567154082309,10.784134599152543,LumA
TCGA-AR-A24W-01A-11R-A169-07,-0.09242535825403526,-40.85460552559372,36.05126010501054,7.93002048922644,-2.3701331516583646,LumA
TCGA-AR-A24X-01A-11R-A169-07,17.64196800352146,-18.28607628561596,4.524748880247386,-1.029798997734462,-7.154238077960026,LumA
TCGA-AR-A24Z-01A-11R-A169-07,37.97814069453439,11.603038666758167,0.03969183883923998,-10.665693757663327,-11.778063537198797,LumB
TCGA-AR-A250-01A-31R-A169-07,8.349230050364474,0.2654856438225811,-28.263474960825683,-9.206438965212682,15.968095856336673,LumB
TCGA-AR-A251-01A-12R-A169-07,-60.67161303312178,23.975095152068782,17.298702399526732,9.741933342340877,8.235138472130377,Basal
TCGA-AR-A252-01A-11R-A169-07,-10.647792790904555,-41.73199524421684,-21.864312048173122,27.938331998323008,-9.07807690036107,LumA
TCGA-AR-A254-01A-21R-A169-07,-14.56824624359244,-14.438280925373908,-15.75890814568375,-11.551018801168143,3.3535434522598897,Her2
TCGA-AR-A255-01A-11R-A169-07,12.603885874711658,-22.13296613887854,5.709286369299021,0.43982484150348733,6.638070384976243,LumA
TCGA-AR-A256-01A-11R-A169-07,-64.36730894448792,49.01103127403415,35.903196158657536,2.6712364014429966,-4.974021290507438,Basal
TCGA-AR-A2LE-01A-11R-A180-07,27.56196251362041,1.9788291276008396,3.2382068400688486,4.776000501730303,-21.843276672395316,LumA
TCGA-AR-A2LH-01A-31R-A18M-07,-35.20259938887441,-43.92487372116949,7.407558822979869,-14.789914065493665,-4.300646203407713,Normal
TCGA-AR-A2LJ-01A-12R-A19W-07,-1.0775823964197127,-35.42163890458744,8.661226820235393,12.99956964916455,1.6398136477526293,LumA
TCGA-AR-A2LK-01A-11R-A180-07,29.299116198770875,6.758759989379788,-14.729450385237623,7.29827550594406,5.412746565181684,LumB
TCGA-AR-A2LL-01A-11R-A180-07,21.672544880221317,3.779457527852523,-11.761509773601247,11.774803908049789,-0.24068253511640217,LumB
TCGA-AR-A2LM-01A-11R-A180-07,17.307563983655168,-25.001193909839326,29.33645914478328,0.9608270864573921,10.197972329899317,LumA
TCGA-AR-A2LN-01A-21R-A18M-07,0.4583900916482258,-49.62153218036634,20.084786393094127,3.9698342284594568,-2.5069140319833942,LumA
TCGA-AR-A2LO-01A-31R-A18M-07,-6.569476707867091,-31.52336450730818,10.461516392878332,28.47016806404752,10.492158553987197,LumA
TCGA-AR-A2LQ-01A-22R-A18M-07,-24.82203466851231,-49.803232872926436,16.903372320705685,-9.412821358196314,7.594014135695248,Normal
TCGA-AR-A2LR-01A-12R-A18M-07,-51.86200456566498,18.03774557992125,31.226076039735005,24.35268326470775,22.01752479553819,Basal
TCGA-AR-A5QM-01A-11R-A27Q-07,15.051560961655648,-38.431877655127195,2.561835818553253,3.642227327768784,-8.11301769843737,LumA
TCGA-AR-A5QN-01A-12R-A28M-07,17.301344644138773,-14.299895831157219,10.867554536588493,4.333551875479489,14.253401819868817,LumA
TCGA-AR-A5QP-01A-11R-A28M-07,-7.818668081103305,-35.888306717485605,19.189089686933585,8.158857644130505,4.342679157288223,LumA
TCGA-AR-A5QQ-01A-11R-A28M-07,-69.3046344871849,-10.640173504375943,-15.542203892409646,-1.1299483555652063,4.6049173378382,Basal
TCGA-B6-A0I1-01A-11R-A21T-07,-70.03019843616937,48.70395355713275,19.992932977779354,-5.283847822571964,1.1864912731106787,Basal
TCGA-B6-A0I2-01A-11R-A034-07,-83.90914930587675,10.283133056263301,-23.534131219130877,8.36014123860993,-30.52107360659051,Basal
TCGA-B6-A0I5-01A-11R-A034-07,15.65342661760004,-7.725770617679425,17.665030470266057,-15.454918934879716,0.05651401702007825,LumA
TCGA-B6-A0I6-01A-11R-A034-07,-64.62010928442146,31.36828646598901,20.705062355206177,6.177606629232477,1.6676770092831925,Basal
TCGA-B6-A0I8-01A-11R-A034-07,26.35726217250948,10.83160707150994,-4.524836035829951,-7.356447294582203,9.84881191380948,LumA
TCGA-B6-A0I9-01A-11R-A034-07,-6.798398008198028,1.059514987686843,-22.466054816998124,-8.947512689806317,-2.609964464990253,Her2
TCGA-B6-A0IA-01A-11R-A034-07,45.47932660243032,44.236495890310465,18.357165130572778,-13.476790683544754,-27.09899214310709,LumA
TCGA-B6-A0IB-01A-11R-A034-07,42.504095186081685,20.950682071556532,7.887159909239681,-12.892445516551392,1.1694900628875255,LumB
TCGA-B6-A0IC-01A-11R-A034-07,66.3274724633892,47.89278387784519,10.649719649225583,9.084884210639727,-35.197046623084404,LumA
TCGA-B6-A0IE-01A-11R-A034-07,-2.5700479112253607,-31.948740859972066,-10.714701737994163,11.60506366038099,4.3947794938137,LumA
TCGA-B6-A0IG-01A-11R-A034-07,5.786326765427545,-18.61819822500826,-10.31555921170645,-16.461525468529768,8.956178916232048,LumA
TCGA-B6-A0IH-01A-11R-A115-07,-6.261669480039802,-36.29932172588614,13.026421529099984,3.9377714743328394,-0.8171942271892485,LumA
TCGA-B6-A0IJ-01A-11R-A034-07,-83.30046478674026,4.074497005162515,-18.01185509288612,13.74318297733061,-22.576544584569472,Basal
TCGA-B6-A0IK-01A-12R-A056-07,-18.347722994019758,-17.47209310615215,-4.534465829295343,-23.335167744263153,9.961497790077393,Her2
TCGA-B6-A0IM-01A-11R-A034-07,48.007382771624414,31.9935506579019,0.38269623770179956,22.524563364244365,8.535382329013686,LumA
TCGA-B6-A0IN-01A-11R-A034-07,10.443043385471787,-18.741235698677418,-27.28543058195529,20.943708926876074,4.845658162030528,LumB
TCGA-B6-A0IO-01A-11R-A034-07,29.23677696827365,21.523592495722056,6.5830489239992644,3.161910041306897,-1.3050261135703558,LumA
TCGA-B6-A0IP-01A-11R-A034-07,15.41899926274762,-22.705761833971415,17.85091199163664,1.088761063912348,-11.874402243586736,LumA
TCGA-B6-A0IQ-01A-11R-A034-07,-76.0433541914287,15.751966863350344,2.032957934521165,12.82784655589646,-10.127303751981485,Basal
TCGA-B6-A0RE-01A-11R-A056-07,-84.36989236343136,20.012180311208486,15.012859970353803,3.6035812332917465,2.9520568279614245,Basal
TCGA-B6-A0RG-01A-11R-A056-07,18.283184282060247,9.862105098245669,1.91972645335506,9.409716722648241,21.678110638636518,LumA
TCGA-B6-A0RH-01A-21R-A115-07,-1.3077456702296184,-7.052065717937793,-3.7691841563427717,-36.29325356674525,5.1558965801589896,Her2
TCGA-B6-A0RI-01A-11R-A056-07,35.53719342012158,11.841477794681653,16.09944624005743,-9.354874262472235,7.3893650814008485,LumA
TCGA-B6-A0RL-01A-11R-A084-07,43.41345016293051,63.51567163367086,-10.077866982666118,18.993786003984628,9.24873236861738,LumB
TCGA-B6-A0RM-01A-11R-A084-07,49.11835831097111,16.78107757737301,-2.889248410208032,16.94906098029562,6.967146083559818,LumA
TCGA-B6-A0RN-01A-12R-A084-07,31.62968321610433,-4.619305668871147,3.0098828426006454,-2.495843859878719,0.8195324596246355,LumA
TCGA-B6-A0RO-01A-22R-A084-07,27.567191217176465,5.320601006268599,22.751682673252528,-17.571099776494506,4.8074851729406065,LumA
TCGA-B6-A0RP-01A-21R-A084-07,38.75218172570727,-3.263678354020077,-5.022402260715954,-5.878736323796184,-31.73889428456059,LumA
TCGA-B6-A0RQ-01A-11R-A115-07,-3.1011415060081085,-23.677004936632038,58.01812308364628,5.631210500475113,11.544133799036619,Normal
TCGA-B6-A0RS-01A-11R-A084-07,-34.039163333487544,-8.860911952052666,-9.992739494614042,-34.271650344633315,-2.6910011840677805,Her2
TCGA-B6-A0RT-01A-21R-A084-07,-73.07342702979557,-18.246068805491763,-15.433286950548526,19.951899024318408,-8.400252634118104,Basal
TCGA-B6-A0RU-01A-11R-A084-07,-50.444185169678285,2.1630617833741863,43.4583817995923,13.591558496053688,11.512902958432944,Basal
TCGA-B6-A0RV-01A-11R-A084-07,12.546242808092243,-31.169727747879662,10.497391872141671,10.835855163793724,-1.8298858473493913,LumA
TCGA-B6-A0WS-01A-11R-A115-07,8.504624044737511,-21.112462077609734,-18.076695937684754,11.820526654400755,-14.44605000718737,LumA
TCGA-B6-A0WT-01A-11R-A109-07,26.4561786334958,-16.468988568468607,-2.4455714498301875,13.848365706370897,7.217241811325879,LumA
TCGA-B6-A0WV-01A-11R-A109-07,40.4945637307852,31.426056362080438,11.684656558014733,4.856367198495306,10.603802823245932,LumB
TCGA-B6-A0WW-01A-11R-A109-07,25.524066572257464,20.069560684311494,-11.889697560433946,-8.955531662857233,12.223680925518648,LumB
TCGA-B6-A0WX-01A-11R-A109-07,-64.25030002776997,-11.547192392834413,14.324898937979839,2.54491866200042,5.103599233473587,Basal
TCGA-B6-A0WY-01A-11R-A109-07,-1.3490721878198877,-7.733554827761803,23.170837120297247,1.3156013390081969,21.77362308727765,LumA
TCGA-B6-A0WZ-01A-11R-A109-07,48.095189093466026,15.406046567666209,23.459832226381053,-34.18325339386669,-5.152117922713913,LumA
TCGA-B6-A0X0-01A-21R-A115-07,30.333986249361946,9.223777710368976,32.78054501493147,-11.82204879827186,-18.40340863311748,LumA
TCGA-B6-A0X1-01A-11R-A109-07,-57.03241867733527,38.27048465153299,-1.2800619060579486,1.9200455183139076,-11.888790125970191,Basal
TCGA-B6-A0X4-01A-11R-A109-07,54.025751812816,53.83856873935562,21.327770495143653,14.31319544999818,-30.72234915860131,LumA
TCGA-B6-A0X5-01A-21R-A109-07,39.96850409533007,38.09888479879016,-4.865418139680362,-13.631406019754378,-9.371818235444053,LumB
TCGA-B6-A0X7-01A-11R-A10J-07,20.058784623293533,-21.159328486490004,20.444565752635818,8.512950622178652,11.623181323414562,LumA
TCGA-B6-A1KC-01B-11R-A157-07,46.15806442378709,50.955481722489345,-11.83827154064958,37.66707469512902,20.01216570214706,LumB
TCGA-B6-A1KF-01A-11R-A13Q-07,-60.02916767643676,46.92212415875928,32.644201084672005,-8.625545960086951,11.209669001064576,Basal
TCGA-B6-A1KI-01A-11R-A14M-07,38.18179026952473,-0.5288275449448102,26.804058193873974,-17.110156280097804,-20.184645002160064,LumA
TCGA-B6-A1KN-01A-11R-A13Q-07,-3.1542404862716387,-6.348377150408272,-6.96569997234495,-11.716410542786278,14.86501917066087,LumB
TCGA-B6-A2IU-01A-32R-A18M-07,38.30414751825876,-8.525218660624237,19.935580619859184,10.635650682471445,-1.0513962537305703,LumA
TCGA-B6-A3ZX-01A-11R-A239-07,-81.99042210596238,-12.853633127694732,-8.686494524775487,28.156303441189,-11.630731278504955,Basal
TCGA-B6-A400-01A-11R-A239-07,-68.76025876986017,38.613063116369986,29.347510213591782,14.233020941914901,11.258221639348328,Basal
TCGA-B6-A401-01A-11R-A239-07,-1.7208213759766378,-17.64801354487592,16.933920955329814,-16.872227511290625,5.212064072841993,LumA
TCGA-B6-A402-01A-11R-A239-07,-70.53561648886989,51.07775355519515,27.156535287647916,3.2773877410974017,-2.3982373148017646,Basal
TCGA-B6-A408-01A-12R-A24H-07,6.546022438641654,-15.480301071968116,-33.01067842578881,10.828359313172516,-6.0436046639530785,LumA
TCGA-B6-A409-01A-11R-A24H-07,-68.34722002897313,11.467230711871464,18.296495983404153,0.0896615867051833,2.8432332037719017,Basal
TCGA-B6-A40B-01A-11R-A239-07,24.825630725015415,-10.898721499000045,8.849935638557099,-19.35138300009706,-3.178394884310913,LumA
TCGA-B6-A40C-01A-11R-A239-07,24.23695417535106,-0.4970636721516623,0.016536555681192937,8.193691868264281,2.5677329472347457,LumA
TCGA-BH-A0AU-01A-11R-A12P-07,14.053689222399516,-6.868999645837486,-13.720428171813518,16.73948440742921,11.081185842758549,LumB
TCGA-BH-A0AV-01A-31R-A115-07,-68.58259462523137,21.31079529266668,11.91103685250182,12.147903547297911,5.228814965845946,Basal
TCGA-BH-A0AW-01A-11R-A056-07,-31.202725298504635,-28.64659926837928,-29.52828071015831,-25.950525442162167,10.580421660032407,Her2
TCGA-BH-A0AY-01A-21R-A00Z-07,18.77970876598729,4.965027857364842,-1.3094475335090558,-16.615938675786005,14.151459860214327,LumA
TCGA-BH-A0AZ-01A-21R-A12P-07,5.823303183348231,-27.262156814565756,13.404061305330902,2.8472139372550975,-0.7192249426792905,LumA
TCGA-BH-A0B0-01A-21R-A115-07,6.427293955242415,-28.606340285797483,10.222564713422212,-16.055426051389116,-4.317210031403526,LumA
TCGA-BH-A0B1-01A-12R-A056-07,6.993611091954066,-4.674103377511413,10.704283465903481,0.3158458519433088,12.16146130053241,LumA
TCGA-BH-A0B2-01A-11R-A10J-07,-1.7268632767266046,-34.0540597930353,0.48423425259385344,-2.840394633883883,3.4905232850744383,LumA
TCGA-BH-A0B3-01A-11R-A056-07,-84.56065893358026,-4.586605091075679,-13.537183298012195,5.6299940220927756,-1.3633557800381715,Basal
TCGA-BH-A0B4-01A-11R-A00Z-07,15.235270424072052,2.610784637647647,-1.0858037607032454,11.537579588546228,21.98654748921874,NA
TCGA-BH-A0B5-01A-11R-A12P-07,21.129879111243863,-18.34927828370675,10.988271207658567,-1.3760215736802053,4.468563583568549,LumA
TCGA-BH-A0B6-01A-11R-A19W-07,-2.9741866380096145,-39.509701877130304,-33.264611422037156,0.3577189651565941,-8.987483545881304,LumA
TCGA-BH-A0B7-01A-12R-A115-07,-26.41826143007224,-35.36859549372022,-4.3898740219905426,-30.589642951187233,9.74961271242771,Her2
TCGA-BH-A0B8-01A-21R-A056-07,29.078912203910676,10.52561834972879,-1.7478379901606464,22.114031239740093,17.023894332715653,LumA
TCGA-BH-A0B9-01A-11R-A056-07,-71.75410102656443,20.085647117647117,8.077348483056992,10.95712643049164,-11.33165145537244,Basal
TCGA-BH-A0BA-01A-11R-A056-07,1.3620122692392604,-51.353571690269725,1.971909917941171,-12.721301231264873,2.5940934193055702,LumA
TCGA-BH-A0BC-01A-22R-A084-07,15.20334138330363,-19.559300931097685,0.9957899643077759,13.560727126317039,-7.793790221526084,LumA
TCGA-BH-A0BD-01A-11R-A034-07,0.5008049552138031,-16.354146988883816,4.301570191296331,6.428134697919031,-9.935471948487182,LumB
TCGA-BH-A0BF-01A-21R-A12P-07,-12.681690823390177,-26.96516970221655,-27.19459591569832,-6.2479998803599255,3.2873631833651515,LumB
TCGA-BH-A0BG-01A-11R-A115-07,-74.10409776297294,17.25417747023654,11.459062127597978,21.63151669641757,-14.454737795450031,Basal
TCGA-BH-A0BJ-01A-11R-A056-07,14.199855943177175,-31.87501462319391,8.487531737528204,11.945108902402081,-12.924114456239037,LumA
TCGA-BH-A0BL-01A-11R-A115-07,-65.2959820173188,-6.8984269696534115,17.183849670595542,6.807870233097944,6.489157880783124,Basal
TCGA-BH-A0BM-01A-11R-A056-07,-0.29516379042638713,-44.84272921397025,32.99559088099662,-8.274053180484486,-7.680262381445285,LumA
TCGA-BH-A0BO-01A-23R-A12D-07,3.234738737219384,-46.19442614024294,25.975936727098865,2.1060269294263008,-7.0103690749551575,LumA
TCGA-BH-A0BP-01A-11R-A115-07,10.134791649275053,-19.520576824617237,23.168279156264685,-7.784516894773318,19.040945088682605,LumA
TCGA-BH-A0BQ-01A-21R-A115-07,0.25138861370010607,-35.86928320231599,17.18316755882037,-3.610304744188305,-6.0205124813132835,LumA
TCGA-BH-A0BR-01A-21R-A115-07,4.602687560576522,-2.0435851942537617,9.335698567408285,-40.700836620166996,2.351110586545661,LumA
TCGA-BH-A0BS-01A-11R-A12P-07,40.45225223248214,10.864334960335425,26.67622223044289,-10.464128703596087,-29.16252702346698,LumA
TCGA-BH-A0BT-01A-11R-A12P-07,4.332353457793401,3.4883334295454937,9.387245641379062,-17.697040430233127,14.0061550434491,LumA
TCGA-BH-A0BV-01A-11R-A00Z-07,32.14312140012574,-9.901663935021764,-14.87931822436074,5.792911833362204,-23.914088203320954,LumA
TCGA-BH-A0BW-01A-11R-A115-07,-78.38589254446747,12.693544400588486,-9.170403005837313,11.81535235563676,-15.832407997440713,Basal
TCGA-BH-A0BZ-01A-31R-A12P-07,-7.828734591863002,-0.7295702299216072,-38.96056944997979,-0.4947546905967103,16.673196210650993,LumB
TCGA-BH-A0C0-01A-21R-A056-07,-15.602628990644499,-17.08134311170974,-32.511262590489935,-10.870726437144102,2.634461972047574,LumB
TCGA-BH-A0C1-01B-11R-A12D-07,11.360430810752321,-15.956434971397773,0.6751557783896688,-20.469657104687865,0.1369261752551832,LumA
TCGA-BH-A0C3-01A-21R-A12P-07,5.399085618490144,-18.288540911004763,-8.50227981293903,13.132403468313191,9.74116285387492,LumB
TCGA-BH-A0C7-01B-11R-A115-07,21.053883286886077,-5.012878625706291,-4.6129646931093236,12.309359571845047,13.040273962034066,LumB
TCGA-BH-A0DD-01A-31R-A12P-07,36.37394722341688,17.652437917414264,-15.842488091910779,6.920307250288911,0.5217094945066427,NA
TCGA-BH-A0DE-01A-11R-A115-07,19.010994232090255,-9.467253535142767,21.351533166021863,18.458262754010505,4.628147660429526,LumA
TCGA-BH-A0DG-01A-21R-A12P-07,0.05088614049775945,-33.566611691480375,-0.8884061129803332,-2.2190013359946437,6.433041642085049,LumA
TCGA-BH-A0DH-01A-11R-A084-07,19.168562145296494,-30.258070984181657,-15.48703608513033,10.053249848493728,-6.118818280619966,LumA
TCGA-BH-A0DI-01A-21R-A12P-07,-10.708442752886782,-30.348614629623473,5.147160515043091,-1.389356698462726,14.200011765383621,LumA
TCGA-BH-A0DK-01A-21R-A056-07,-8.983507419969103,-36.46591775761995,-9.971104678505418,16.539941602997057,6.792936053057997,LumA
TCGA-BH-A0DL-01A-11R-A115-07,-77.552345902369,-1.5464794247563824,-13.505717161876415,-11.090147000208592,-6.783480353588999,Basal
TCGA-BH-A0DO-01B-11R-A12D-07,10.539037604320908,-40.03971828342039,35.20768313464636,-3.5405784471826784,-14.051899600350408,LumA
TCGA-BH-A0DP-01A-21R-A056-07,9.386918928378737,-32.67542035498223,23.762280309391308,-0.6412456171690453,-2.113972051188254,LumA
TCGA-BH-A0DQ-01A-11R-A084-07,21.354150463531965,-21.702286805710756,7.0371357576203355,10.763947398387199,15.678115009378176,LumA
TCGA-BH-A0DS-01A-11R-A056-07,13.649732889098088,-18.04432096079573,-15.131612562254988,-14.123417660286943,-7.245335775676221,LumA
TCGA-BH-A0DT-01A-21R-A12D-07,13.752740115176534,-30.718759635098174,22.38818139808852,4.491182868871136,-4.5461800900996225,LumA
TCGA-BH-A0DV-01A-21R-A12P-07,4.570714827499915,-39.986786536390724,26.93143725408913,-5.441515656468683,6.59248828963207,LumA
TCGA-BH-A0DX-01A-11R-A115-07,7.457060966482888,-13.640858025971337,7.138497709557034,-21.41444510031064,6.101637026444901,LumA
TCGA-BH-A0DZ-01A-11R-A00Z-07,-6.557262322559885,-3.353421736895861,-15.677945197025723,-23.204265460273426,16.204573990847305,LumA
TCGA-BH-A0E0-01A-11R-A056-07,-41.318295465838645,34.23421701381215,5.427936678145231,-7.574508980483347,8.15849339467072,Basal
TCGA-BH-A0E1-01A-11R-A056-07,31.188587594538888,-4.74782103948507,28.85383205579089,2.3173161941594502,-19.206115534436805,LumA
TCGA-BH-A0E2-01A-11R-A056-07,8.056545888749175,0.702927502943368,-7.626906419727816,15.398450918494719,24.348859521670285,LumA
TCGA-BH-A0E6-01A-11R-A034-07,-71.0710758741249,-7.5078963962863705,11.436516112979339,14.221008512038466,3.653119742079393,Basal
TCGA-BH-A0E7-01A-11R-A034-07,52.298732900806044,25.911064784660272,7.0203760518672444,-1.1375440363552118,8.525620244517603,LumA
TCGA-BH-A0E9-01B-11R-A115-07,5.550162697219,-42.589073341870716,27.78247522839121,3.8515803584795454,4.710064666132952,LumA
TCGA-BH-A0EA-01A-11R-A115-07,8.992613679957294,-31.52686245981068,30.059007060583802,4.988045667315815,-0.744547914954383,LumA
TCGA-BH-A0EB-01A-11R-A034-07,15.974195712667804,-21.574202501413847,-10.052482523161226,-3.3050438752652758,-31.11359755539064,LumA
TCGA-BH-A0EE-01A-11R-A034-07,-32.023335309992014,20.512153250805685,-12.97026572890359,-55.57548868290554,-12.554412482767031,Her2
TCGA-BH-A0EI-01A-11R-A115-07,35.28744943061605,24.072623444100557,9.778615078184668,17.24020280088337,13.465371362921191,LumA
TCGA-BH-A0GY-01A-11R-A056-07,-15.240284725133694,-10.853805149059223,-0.35608894870441343,-9.646846705392706,33.21507287158844,LumA
TCGA-BH-A0GZ-01A-11R-A056-07,17.47153222929243,-5.53124892667197,2.4910629451108397,-1.5570051841231756,9.046243206606864,LumA
TCGA-BH-A0H0-01A-11R-A056-07,33.75194510417847,13.032018596861397,-15.582409160529833,29.218409693059236,-5.969087174771786,LumB
TCGA-BH-A0H3-01A-11R-A12P-07,7.123205296433622,-21.291919283989046,16.998787143544398,10.206671220846115,-2.1339015241073342,LumA
TCGA-BH-A0H5-01A-21R-A115-07,-10.262901888264338,-62.960487097796864,-14.247327383708635,16.973959798457063,-12.61858022458043,LumA
TCGA-BH-A0H6-01A-21R-A056-07,33.29575070893409,11.553389726423289,11.033759782622491,-3.7049725089503163,24.589145875606953,LumA
TCGA-BH-A0H7-01A-13R-A056-07,8.369942088064633,7.809965588315163,-6.27471924521778,-3.800611359892016,32.76657769139809,LumA
TCGA-BH-A0H9-01A-11R-A056-07,20.61110884586937,-2.30078923595404,13.063576546006553,-2.716675289547719,7.825876674704316,LumA
TCGA-BH-A0HA-01A-11R-A12P-07,22.84312376393102,-15.279678855712053,-6.398355827048969,10.26901820751017,2.443390879721316,LumA
TCGA-BH-A0HB-01A-11R-A056-07,3.9642935906119705,-11.39318230371604,-12.43584581621838,12.156643067540852,26.67169200599326,LumA
TCGA-BH-A0HF-01A-11R-A056-07,2.0889988853668084,-31.782463935014928,19.257125509685554,-6.4308972348261495,-3.9433488694599186,LumA
TCGA-BH-A0HI-01A-11R-A084-07,48.32913289802826,-0.33069428989047267,16.976606356956065,-13.111016242162844,-24.427860011736712,LumA
TCGA-BH-A0HK-01A-11R-A056-07,-11.44907456166774,-34.557875200942505,-0.6531812946985378,-1.5720651779717332,-0.6910433126072277,LumA
TCGA-BH-A0HL-01A-11R-A10U-07,55.688894689835884,51.50383023972689,-7.419082905491603,29.48182223002813,15.485452680378515,LumA
TCGA-BH-A0HN-01A-11R-A10U-07,59.58100209169655,32.694103669011575,14.057744898279575,-17.387002796547375,-24.78504497904495,LumA
TCGA-BH-A0HO-01A-11R-A034-07,45.03714562301414,5.208377336575535,6.175857520613403,6.942006964475628,-36.88189245215278,LumA
TCGA-BH-A0HP-01A-12R-A084-07,11.425948653544037,-25.682532987301556,23.89742138791442,-9.8507700108789,-3.645723702911415,LumA
TCGA-BH-A0HQ-01A-11R-A034-07,18.6618886367998,-19.98210582223606,22.672878341834114,-15.517434841946608,8.131952647961906,LumA
TCGA-BH-A0HU-01A-11R-A034-07,23.22346626008218,8.448614171034992,0.2819307855274176,-12.548704680947997,-4.410065375433921,LumB
TCGA-BH-A0HW-01A-11R-A034-07,53.12888023425629,57.629004776875746,-5.640831152572126,32.4293437731179,13.227546435937697,LumB
TCGA-BH-A0HX-01A-21R-A056-07,17.002181633999715,1.7405053447381538,-3.437610861421617,12.788001985021857,26.573474612977925,LumA
TCGA-BH-A0HY-01A-11R-A056-07,10.206308868007058,12.178411406460736,0.03742509177629613,-22.001508343417346,13.699715921467797,LumB
TCGA-BH-A0RX-01A-21R-A084-07,-68.41970754144678,-16.516780908772045,5.493763705297825,14.66408709301412,-0.7884674910900957,Basal
TCGA-BH-A0W3-01A-11R-A109-07,64.62492190285992,20.897725733331708,11.907477210444373,-9.301635481108098,-30.58256081372328,LumB
TCGA-BH-A0W4-01A-11R-A109-07,26.86375515421601,-11.92910154236638,29.095969657045533,9.786284233228253,17.000369566662688,LumA
TCGA-BH-A0W5-01A-11R-A109-07,-2.463831366665746,-46.86118928850838,-6.825818971873156,10.54690812186185,1.285990451429225,LumA
TCGA-BH-A0W7-01A-11R-A115-07,3.154691230759921,-34.98675155766785,-14.046857477589652,-2.8051833680065728,7.16096928411184,LumA
TCGA-BH-A0WA-01A-11R-A109-07,-76.65795104173958,35.62166523656803,28.118117409954145,6.361536506739923,3.3853947619769293,Basal
TCGA-BH-A18F-01A-11R-A12D-07,0.9550295048955799,-36.82574895849091,7.129995323396906,-1.1340781151229713,11.043877970073357,LumA
TCGA-BH-A18G-01A-11R-A12D-07,-51.58812394775501,57.27727868159314,29.574460333489757,-18.94883554640725,-5.2295590446025635,Basal
TCGA-BH-A18H-01A-11R-A12D-07,8.780134261018045,-29.52122041614359,-36.29676181508749,11.852653377292398,-12.368300356383696,LumA
TCGA-BH-A18I-01A-11R-A12D-07,12.592451328066975,-23.459096335964997,-0.8814993413115849,5.7109435916922475,-1.747947638074273,LumA
TCGA-BH-A18J-01A-11R-A12D-07,16.204745004886753,23.51905572439532,8.31693485731187,-25.824310336125695,2.22338578509726,LumA
TCGA-BH-A18K-01A-11R-A12D-07,21.43879045896547,-3.636560500812712,13.838840155001597,-22.061260747256078,9.17912767892568,LumA
TCGA-BH-A18L-01A-32R-A12D-07,31.191665762104343,24.444928630529684,-23.945155953746234,23.47734807555425,6.924939168995926,LumB
TCGA-BH-A18M-01A-11R-A12D-07,20.203960665768733,-28.05649624428286,14.006661450260951,11.839295471887933,5.281728092001785,LumA
TCGA-BH-A18N-01A-11R-A12D-07,53.09482279142373,40.360627492621,8.079666646744595,30.084286568342094,0.12676017144294113,LumA
TCGA-BH-A18P-01A-11R-A12D-07,11.784188431861912,2.4759314513635515,0.10078337986130981,-21.574577332899178,4.706480327275298,Her2
TCGA-BH-A18Q-01A-12R-A12D-07,-57.29950887135112,-4.585898850379655,37.326610961172136,12.05410563390245,-5.867293478986637,Basal
TCGA-BH-A18R-01A-11R-A12D-07,-6.8517890295053725,-10.36153565644182,-10.679958602796018,-0.11663798640876316,15.707202728737643,Her2
TCGA-BH-A18S-01A-11R-A12D-07,48.35832852654796,11.405088643015068,-0.6271476794184707,-7.534101877836611,-40.69755066066619,LumA
TCGA-BH-A18T-01A-11R-A12D-07,-62.388943331440004,51.10927790506479,17.499374750765906,1.8049318870834496,-6.4691064164971905,Basal
TCGA-BH-A18U-01A-21R-A12D-07,5.6316374141808225,-0.46612226506107746,-32.68871147803371,-20.128826604331163,3.8828920668072624,LumB
TCGA-BH-A18V-01A-11R-A12D-07,-78.28710974518104,20.765160989748836,2.1429215450762196,8.996895769775273,-7.058902528963675,Basal
TCGA-BH-A1EN-01A-11R-A13Q-07,7.141851609027425,43.34669398673342,-1.471658303019662,-40.699859765753715,-2.832993083547544,Her2
TCGA-BH-A1EO-01A-11R-A137-07,19.713169119829097,10.566809102717594,8.315066957669167,-3.0155205229200397,15.742957699122615,LumA
TCGA-BH-A1ES-01A-11R-A137-07,26.993636885229705,24.40721366186485,13.31625047240701,14.017228654253818,29.82200938473621,LumA
TCGA-BH-A1ET-01A-11R-A137-07,35.64732711152534,-21.60975385772538,7.3930381491787305,-6.448471212826393,-19.647044052633277,LumA
TCGA-BH-A1EU-01A-11R-A137-07,18.31712408806515,-36.20083757828737,15.418687902914511,13.540517104354565,-15.51193887737902,LumA
TCGA-BH-A1EV-01A-11R-A137-07,19.374237157132473,8.2247565695443825,2.4361824850060647,-44.72890047797657,3.4856271848852565,Her2
TCGA-BH-A1EW-01A-11R-A137-07,12.909743936237803,-15.923731850169661,-2.4080555378501884,4.233599976540524,5.2310226294677875,LumA
TCGA-BH-A1EX-01A-11R-A13Q-07,-5.132562128479412,-14.717638544878223,1.3885434002769945,-40.8428823756727,2.4394260705577495,LumA
TCGA-BH-A1EY-01A-11R-A13Q-07,18.19339543140256,0.3774590663674503,-7.036824813509864,-24.888121848232974,4.049037416077381,LumA
TCGA-BH-A1F0-01A-11R-A137-07,-78.90380114308505,-23.18981297765295,-3.6551944310205524,19.232885513140932,-8.753272211052913,Basal
TCGA-BH-A1F2-01A-31R-A13Q-07,14.615014944944262,13.162505847196504,10.61324045037524,-24.144012736094794,20.546674660427517,LumB
TCGA-BH-A1F5-01A-12R-A13Q-07,37.44110515074066,-1.7643645603969664,0.8427885562506715,4.31229693992633,12.623775380971548,LumA
TCGA-BH-A1F6-01A-11R-A13Q-07,-80.47029559268364,14.220176005435551,1.1499055603805448,8.328838701944582,-2.2071007379246446,Basal
TCGA-BH-A1F8-01A-11R-A13Q-07,15.179914995787037,11.548049546407833,-26.150471741972744,-5.702400289604718,9.970688475605238,LumB
TCGA-BH-A1FB-01A-11R-A13Q-07,-7.227421062620471,-46.1621028983514,18.364981691362395,6.294646043482932,7.6815741057469715,LumA
TCGA-BH-A1FC-01A-11R-A13Q-07,-83.56855833950121,14.978124170998841,-41.60412425654745,20.988221761146974,-20.793009277885755,Basal
TCGA-BH-A1FD-01A-11R-A13Q-07,31.195059626993793,31.31967967540498,-4.8310072157433375,-20.154140956397733,-6.317489501313869,LumB
TCGA-BH-A1FE-01A-11R-A13Q-07,-2.913444091622832,-26.474316405733042,-4.239741741635105,-1.1417760852875944,14.352782232606799,LumA
TCGA-BH-A1FG-01A-11R-A13Q-07,34.48466686016013,6.849237194814693,-1.0753055250766312,13.879127574442014,-6.732176294821892,LumA
TCGA-BH-A1FH-01A-12R-A13Q-07,-3.9376939359425585,-37.18252642302833,21.027916006839313,14.141747174535334,10.238941132553942,LumA
TCGA-BH-A1FJ-01A-11R-A13Q-07,46.14954399365037,21.893406524370405,10.7375153250067,-12.64017888177888,-18.859425995449254,LumB
TCGA-BH-A1FL-01A-11R-A13Q-07,28.924278893721524,-7.497792423250424,3.951500296702213,3.3446043344359184,-0.5001263083980945,LumA
TCGA-BH-A1FM-01A-11R-A13Q-07,26.797220248664157,42.441058761871986,-13.24984369631893,-5.564821462677401,13.13575443023557,LumB
TCGA-BH-A1FN-01A-11R-A13Q-07,5.15551838728433,28.586027754809635,4.939848008137245,-16.044541571581757,6.403343970050926,LumB
TCGA-BH-A1FR-01A-11R-A13Q-07,32.75017647466089,3.3134148512471246,-2.8522068527153674,29.957241773626507,-18.614855537717034,LumA
TCGA-BH-A1FU-01A-11R-A14D-07,-38.1700797980487,-15.228478158737238,5.558676805895287,-21.268722731344305,12.251166544182762,Normal
TCGA-BH-A201-01A-11R-A14M-07,5.955096843185348,-14.207533495755989,32.56713207606533,-0.3411496172205221,8.810676100853446,LumA
TCGA-BH-A202-01A-11R-A14M-07,-8.394653421850775,5.5180946540066,-2.0429565751836116,-33.611538722865546,-8.051397533636575,LumB
TCGA-BH-A203-01A-12R-A169-07,-21.920871764148206,-12.511634509795527,-20.029078064077268,-28.476660084110254,8.078903934271095,Her2
TCGA-BH-A204-01A-11R-A157-07,54.165672094070636,55.771133997783274,-12.475132350234263,25.938900561779228,20.700427898202598,LumB
TCGA-BH-A208-01A-11R-A157-07,-42.75412794067291,-23.748177499319322,2.163226555851607,-24.87787134844316,9.221801845031322,Normal
TCGA-BH-A209-01A-11R-A157-07,-19.64903697211052,-20.88483762388581,-43.8150793252129,3.589471464905018,-15.660820835036809,LumB
TCGA-BH-A28O-01A-11R-A22K-07,-17.652042653234865,-48.99676564977534,36.38533466950805,10.418204256867822,1.5055029839790366,Normal
TCGA-BH-A28Q-01A-11R-A16F-07,31.32091139585657,-10.078626462821266,10.034789619366983,-0.7262412262931381,-11.017996358458875,LumA
TCGA-BH-A2L8-01A-11R-A18M-07,0.7188750928471724,-31.350332396977137,-4.215298347338857,9.348110850414134,4.093890773461311,LumA
TCGA-BH-A42T-01A-11R-A24H-07,28.055807105173866,17.051060377699564,5.562572307179699,5.807745658418875,11.686423538866286,LumB
TCGA-BH-A42U-01A-12R-A24H-07,-24.874697668368086,-45.47141838125558,33.21692189095414,-1.4139635642606554,4.756100430868006,Normal
TCGA-BH-A42V-01A-11R-A24H-07,4.09758661030693,-35.50684988403344,23.817722477632913,19.371286074266447,11.686472815664684,LumA
TCGA-BH-A5IZ-01A-11R-A27Q-07,-72.95191597483486,36.121256642599626,10.094474470368457,-1.3458124044176352,-6.954129819093253,Basal
TCGA-BH-A5J0-01A-11R-A27Q-07,19.096782804139817,-12.10340901397156,-4.897489955009074,-11.222247236950222,7.491878051420332,LumA
TCGA-BH-A6R8-01A-21R-A33J-07,42.42000417023641,14.023185695240821,-24.322777305394343,7.075163585902975,-2.2557769409737696,LumA
TCGA-BH-A6R9-01A-21R-A32P-07,-43.70440793607622,6.955022688041926,-6.569237802788272,9.518713182868526,-0.022439600231506086,Normal
TCGA-BH-A8FY-01A-11R-A36F-07,48.19087220295092,21.15513325794614,27.192116950234507,-2.8104450141008486,-29.25608359161444,LumA
TCGA-BH-A8FZ-01A-11R-A352-07,-15.368018260598623,-49.55661203393842,14.794161288449478,-0.22688269192490113,7.54066656976963,Normal
TCGA-BH-A8G0-01A-11R-A352-07,2.6902139286099165,-45.848906838980724,22.130382548582666,9.826821181564226,-5.5106521823352566,LumA
TCGA-BH-AB28-01A-31R-A41B-07,8.22315296173742,-17.75695875807104,11.704973414706393,-1.593145892252003,-8.39388749285684,LumA
TCGA-C8-A12K-01A-21R-A115-07,-75.41589788354376,16.03271484746296,-12.519620677616926,15.08814234898661,-25.361444882086715,Basal
TCGA-C8-A12L-01A-11R-A115-07,-40.98702016056995,5.731417650302439,-15.239203710106144,-37.32660171688051,4.299615824755362,Her2
TCGA-C8-A12M-01A-11R-A115-07,22.372627739551465,20.14266089456466,-46.61489433011564,34.28804311781449,9.602802887084335,LumB
TCGA-C8-A12N-01A-11R-A115-07,34.518367411060005,10.605616048068262,5.984972486541809,-14.830150997740553,-1.0371134229360168,LumA
TCGA-C8-A12O-01A-11R-A115-07,0.3166316146645801,-7.568564139505702,-14.007667370241363,-11.150677599781725,5.483628409505024,LumA
TCGA-C8-A12P-01A-11R-A115-07,-37.973181358118914,6.305131075543183,-33.747026375262145,-38.062531640900275,3.1606774484726072,Her2
TCGA-C8-A12Q-01A-11R-A115-07,-17.15101589625974,-18.376230269605745,-10.040683862950061,-36.076425536663656,3.6568862455106506,Her2
TCGA-C8-A12T-01A-11R-A115-07,8.769029187397303,11.947999494001563,-14.21687668626869,-9.654693759765546,24.37008128793724,Her2
TCGA-C8-A12U-01A-11R-A115-07,11.207901522373483,20.670715116906674,-53.61033614304508,11.670560890947856,5.298820583935272,LumB
TCGA-C8-A12V-01A-11R-A115-07,-76.11107910508066,-17.62759703034752,-16.236888432982212,21.596946370450045,-23.97013794969051,Basal
TCGA-C8-A12W-01A-11R-A115-07,-1.5777317146061927,-8.402224494128745,-38.268094687091605,2.445906545183171,20.60532213931709,LumB
TCGA-C8-A12X-01A-11R-A115-07,34.0177960691253,28.5254565407247,-21.993078426465924,12.933312707549248,-2.9791508962046294,LumA
TCGA-C8-A12Y-01A-11R-A12D-07,23.86746097882726,-3.070786681695773,-5.051906458323614,3.0237897766234587,-0.015535644895499965,LumA
TCGA-C8-A12Z-01A-11R-A115-07,-6.693843385483436,8.772386550171689,-10.706526206987704,-60.36956411397589,0.4962434763563895,Her2
TCGA-C8-A130-01A-31R-A115-07,2.6014134498689243,4.600367272614312,-6.141056440964845,-7.431804949845472,12.582425945514107,LumB
TCGA-C8-A131-01A-11R-A115-07,-46.98588591286348,8.876040538628503,-8.92560615318512,-50.41325722941489,-0.3884621099546279,Basal
TCGA-C8-A132-01A-31R-A115-07,-15.187752579658195,-32.30318329795698,-10.247264067955273,0.3992977799777531,12.68620367051856,LumA
TCGA-C8-A133-01A-32R-A12D-07,52.42573407610092,55.81184198551272,-6.080194128687701,7.267865063034127,-35.55413013948986,LumA
TCGA-C8-A134-01A-11R-A115-07,-67.67527646559404,23.47415942023337,7.009938875896188,13.444557525332078,-6.666329243472975,Basal
TCGA-C8-A135-01A-11R-A115-07,-34.21338344312685,-14.254175154842654,-5.61555870236886,-29.199863354069823,11.576413137673276,Her2
TCGA-C8-A137-01A-11R-A115-07,-5.987649620358084,16.964436445788245,-14.570804811593018,-38.09098250586039,14.069604769569139,Her2
TCGA-C8-A138-01A-11R-A115-07,-12.09333222653424,-26.160706008090994,-24.97563468293225,-15.952667254610622,11.470546218752594,Her2
TCGA-C8-A1HE-01A-11R-A13Q-07,40.00188857788701,-11.846791365569171,14.667200068248883,-16.25025097047758,-27.28755333469203,LumA
TCGA-C8-A1HF-01A-11R-A137-07,-19.526962990592544,-4.067985981802423,-39.77158085997086,-19.808447558396796,-9.494209049057869,Her2
TCGA-C8-A1HG-01A-11R-A137-07,-1.5874309402047007,-8.551821745057227,-45.730080301363195,30.452341394465194,6.0864780721184095,LumB
TCGA-C8-A1HI-01A-11R-A137-07,6.973121392818284,-18.018835422597412,5.899828820988951,2.432692569846008,3.2488096042111194,LumA
TCGA-C8-A1HJ-01A-11R-A13Q-07,-73.52975230365715,22.353367986602475,19.072818051087232,17.21135244273447,1.6241685559119023,Basal
TCGA-C8-A1HK-01A-21R-A13Q-07,-14.083011471931663,-3.0269088511090194,-33.08950599462861,-27.687252237774235,9.971516100733469,Her2
TCGA-C8-A1HL-01A-11R-A137-07,26.68392214718038,18.631912611479358,-9.921664196033396,-13.173690953988086,-1.0470209478772987,LumB
TCGA-C8-A1HM-01A-12R-A137-07,-3.685456777765683,-1.0727279425438714,-48.554119374970796,-1.7360339245089245,-13.211109292446851,LumB
TCGA-C8-A1HN-01A-11R-A137-07,29.351125370039956,44.94302381791865,-23.251758927610464,2.668469014414481,6.623922965312839,LumB
TCGA-C8-A1HO-01A-11R-A13Q-07,33.45925863715946,15.780529672365711,-39.45385932493076,32.50035970493415,8.083605856866946,LumA
TCGA-C8-A26V-01A-11R-A16F-07,17.958972949319705,13.278059258937994,-3.4411544416977136,-21.68008626141408,-13.823269450509038,LumB
TCGA-C8-A26W-01A-11R-A16F-07,11.442196744156071,-25.134527134520855,-8.694789447825588,6.902207414318391,5.720879669963585,LumB
TCGA-C8-A26X-01A-31R-A16F-07,-46.30792603601285,-29.831200658337693,-44.03234852543366,-36.64775608794037,-12.388859067755464,Her2
TCGA-C8-A26Y-01A-11R-A16F-07,-30.262070419154018,24.50685518554263,-11.63890303250073,-40.00222976834276,7.2410907942320515,Her2
TCGA-C8-A26Z-01A-11R-A16F-07,31.010405577350898,10.869115693732615,-21.220284844588104,14.766916772736742,17.92510526462432,LumA
TCGA-C8-A273-01A-11R-A16F-07,16.15771270683866,7.195977918638064,-12.600513157120158,17.29151052303929,7.728463175742951,LumA
TCGA-C8-A274-01A-11R-A16F-07,32.52536454825281,24.361409295130052,8.14863259456496,-42.20633700288044,-9.929282503410775,LumB
TCGA-C8-A275-01A-21R-A16F-07,-34.666356774168214,-23.554573468316,-41.02290221600443,-34.803894343937934,2.9199413331754562,Her2
TCGA-C8-A278-01A-11R-A169-07,-31.226448458476057,-34.21077042241288,-48.51873008901281,-35.40992484706832,1.470980954899224,Her2
TCGA-C8-A27A-01A-11R-A169-07,16.579706559870377,22.781418483187938,-37.28676127556245,29.69430732905648,13.501964847641108,LumB
TCGA-C8-A27B-01A-11R-A169-07,-85.70441242838369,24.514811749739827,-11.808149897819384,6.996890748111406,-26.181655534083163,Basal
TCGA-C8-A3M7-01A-12R-A21T-07,-20.430373811270535,-40.02573293484877,3.4601796327849295,-18.256590869907875,4.219958442642401,LumA
TCGA-C8-A3M8-01A-11R-A213-07,35.84823016533963,19.37355264826224,-2.31378974122963,16.429843597879763,8.613896429182057,LumB
TCGA-C8-A8HP-01A-11R-A36F-07,-38.723681113924044,-29.0574577731696,-35.689125527705144,-30.95789939694747,9.767653048772367,Her2
TCGA-C8-A8HQ-01A-11R-A36F-07,-0.16235244751357886,-10.654644701661397,-22.078445187363002,-0.5472255442809172,14.481020446830323,LumB
TCGA-C8-A8HR-01A-11R-A36F-07,-9.995496226965429,-17.55382492543091,10.442013209601207,9.189193090597422,12.31645270886084,Normal
TCGA-D8-A13Y-01A-11R-A115-07,18.545429989282507,60.19566568919319,10.86224550362483,2.063760099781972,27.595042573320825,LumB
TCGA-D8-A13Z-01A-11R-A115-07,-44.89198415333442,1.1965414842116935,-8.818251590049845,-32.0923001080808,3.722428725143686,Her2
TCGA-D8-A140-01A-11R-A115-07,14.012211835658904,-14.811671871386892,-44.41986115547476,34.1614894200244,-4.817423605357022,LumA
TCGA-D8-A141-01A-11R-A115-07,0.7112246373902323,-29.670072802216218,-13.563364713326932,-12.23352340228976,-7.841682864756714,LumA
TCGA-D8-A142-01A-11R-A115-07,-69.17454816879513,-3.397528156764621,-3.0251091736567832,-0.3810437619250585,1.746432826080013,Basal
TCGA-D8-A143-01A-11R-A115-07,-61.00893953485768,3.1358149762775325,-15.393362861835785,-13.213439179821206,-3.074289235553099,Basal
TCGA-D8-A145-01A-11R-A115-07,3.7105796509320657,-54.36459592867551,0.04948562327371544,11.670986527888154,1.041061797615997,LumA
TCGA-D8-A146-01A-31R-A115-07,21.13086576592534,-38.950787734994094,12.52949127810136,0.17677565005273052,-10.777596021921195,LumA
TCGA-D8-A147-01A-11R-A115-07,-72.98678459504971,30.00878509187526,17.714837146278466,14.673834918199509,0.5397906539700519,Basal
TCGA-D8-A1J8-01A-11R-A13Q-07,5.892901835491022,3.5202856791554065,-21.935592130193267,-31.588180385990654,-5.332715319095961,LumB
TCGA-D8-A1J9-01A-11R-A13Q-07,11.724507262166899,8.520672807273135,-6.8661590370520464,-48.375151678926215,5.322327410489953,LumB
TCGA-D8-A1JA-01A-11R-A13Q-07,-3.110195421504181,25.084406554044847,-14.711275773509687,-52.630935862049064,7.916499224577398,Her2
TCGA-D8-A1JB-01A-11R-A13Q-07,-6.407846162290069,-39.94669497804431,-6.381416845372071,18.43329060345254,1.8567122945042964,LumA
TCGA-D8-A1JC-01A-11R-A13Q-07,8.173955892778341,7.201893622880946,-10.360127762236091,-2.84755309525533,21.498411048633017,LumB
TCGA-D8-A1JD-01A-11R-A13Q-07,20.46381614959517,-0.9855715457921291,-15.946727681441208,-5.368808576188273,4.163567049910264,LumB
TCGA-D8-A1JE-01A-11R-A13Q-07,54.35811474329476,19.697931044223697,-0.33288862726267815,-6.524122446800148,-30.72912919652409,LumB
TCGA-D8-A1JF-01A-11R-A13Q-07,-26.92674947847944,-18.847032313936957,-38.31647836378197,-39.01808371399737,8.52770158439642,Her2
TCGA-D8-A1JG-01B-11R-A13Q-07,-38.859037153556976,-22.2316127649264,-48.22051906742603,-41.70678590896038,1.8275719766075331,Her2
TCGA-D8-A1JH-01A-11R-A13Q-07,23.886647036410036,-29.251809913370558,12.714984397968713,10.86290317701998,7.461399642149483,LumA
TCGA-D8-A1JI-01A-11R-A13Q-07,64.44347010340829,27.92236958817284,-0.03743036069764832,25.64579773218401,-29.792787546458847,LumB
TCGA-D8-A1JJ-01A-31R-A14M-07,16.86838033612213,24.196064848514233,-10.399668647690934,-30.844160041402155,7.190710884998199,LumB
TCGA-D8-A1JK-01A-11R-A13Q-07,-41.09434376095428,2.272909306087665,-27.929866327008167,-44.681704990031974,-1.3000205259400444,Basal
TCGA-D8-A1JL-01A-11R-A13Q-07,-62.887141064661854,19.4375766322566,10.844157838593748,4.244403715652886,-2.1074292041278673,Basal
TCGA-D8-A1JM-01A-11R-A13Q-07,-64.04901636410254,41.074396113699706,8.928894835904886,4.148745241378986,-7.581196679391942,Basal
TCGA-D8-A1JN-01A-11R-A13Q-07,16.854506635333077,0.47698337984031736,0.14375921825925983,-41.00295268009169,-13.518445418647374,LumA
TCGA-D8-A1JP-01A-11R-A13Q-07,12.019700874809281,3.060437395135029,3.7986151170979956,-8.854925479940237,6.980570838647618,LumA
TCGA-D8-A1JS-01A-11R-A13Q-07,53.12891578744342,32.298525932353904,12.601619519785984,-19.222045084302458,-43.874399806345394,LumA
TCGA-D8-A1JT-01A-31R-A13Q-07,40.13020624395008,41.471584479561315,2.7819489272430524,6.170441796543193,-6.423462377403689,LumB
TCGA-D8-A1JU-01A-11R-A13Q-07,12.477095483224947,-31.203545112011223,15.920126971346596,4.821875283934181,-0.8465125761043616,LumA
TCGA-D8-A1X5-01A-11R-A14D-07,32.78915854364792,17.955072148758372,-33.36658510629572,-5.839814745205381,-8.061726916745531,LumB
TCGA-D8-A1X6-01A-11R-A14M-07,53.62977102744488,40.62276530876587,-7.43936743965104,6.878745167447467,-11.677775721711315,LumB
TCGA-D8-A1X7-01A-11R-A14M-07,36.375217942440415,10.274077226292293,1.9953790282650092,-5.418505078735071,-22.33021978704933,LumB
TCGA-D8-A1X8-01A-11R-A14M-07,28.969219184626738,-22.863080087605788,11.547873797144474,10.960471416109762,-13.410797552364766,LumA
TCGA-D8-A1X9-01A-12R-A157-07,24.12937857184845,22.7555604860976,-28.28549992954199,9.065464732677743,16.549327206517585,LumA
TCGA-D8-A1XA-01A-11R-A14D-07,32.22867047058835,14.03403821213133,-10.769376862942217,9.722105606794752,-10.60080841161898,LumA
TCGA-D8-A1XB-01A-11R-A14D-07,19.26765505342243,-7.905455993794177,12.219368143184132,-6.5712392366536285,16.030687332138196,LumA
TCGA-D8-A1XC-01A-11R-A14D-07,61.91089976269895,47.23401873161182,12.921320202901882,-2.1157088545648084,-45.12059251816167,LumA
TCGA-D8-A1XD-01A-11R-A14D-07,20.12871766058034,11.328796947645433,-1.4017456051267456,20.27691544666026,31.0565118605184,LumA
TCGA-D8-A1XF-01A-11R-A14D-07,21.144916761518825,24.935379981733387,-33.62571671718407,39.75932589712635,12.102898634137805,LumB
TCGA-D8-A1XG-01A-11R-A14D-07,36.680453411105276,29.276539083885975,31.27504006816424,6.99544264638935,-13.926410377064318,LumA
TCGA-D8-A1XJ-01A-11R-A14M-07,2.310981328580329,19.27708946949831,-4.909310089284828,-46.323670171031345,1.3827356292333202,Her2
TCGA-D8-A1XK-01A-21R-A14M-07,-72.24553925246018,29.736501639963194,-3.69967598588514,13.917081488936615,-6.556268230000222,Basal
TCGA-D8-A1XL-01A-11R-A14M-07,-0.7398649683834083,-1.7364939614519803,-37.03732307640973,4.68795437150416,-3.6655160912026026,LumB
TCGA-D8-A1XM-01A-21R-A14M-07,12.646177637349497,-20.012280385016123,5.001226076316251,12.942172840239136,7.60566520676112,LumA
TCGA-D8-A1XO-01A-11R-A14M-07,26.195169487664113,-15.214711793666714,6.618560308104895,-15.02495138341033,-10.565231527726231,LumA
TCGA-D8-A1XQ-01A-11R-A14M-07,-77.28514571927441,11.196444859915989,-23.834114781704873,11.696014506058571,-8.014101916505695,Basal
TCGA-D8-A1XR-01A-11R-A14M-07,50.15493567150618,16.977224686844306,15.860654682115724,-15.260233890850659,-24.864732041890495,LumB
TCGA-D8-A1XS-01A-11R-A14M-07,28.565817949726213,3.325607906789839,-8.93300655564459,3.2495138651829887,2.3122430003470185,NA
TCGA-D8-A1XT-01A-11R-A14M-07,-18.4344820063669,37.45705096099782,-12.612829469282643,-32.064901449670025,8.147430913958718,Her2
TCGA-D8-A1XU-01A-11R-A14M-07,31.91602947303564,-6.579567715126745,6.991137358563989,-7.1925250467132855,-7.228816408957828,LumA
TCGA-D8-A1XV-01A-11R-A14M-07,51.469630438288995,32.52081700511033,9.459186998060982,0.762065134097367,-46.44560895897126,LumA
TCGA-D8-A1XW-01A-11R-A14M-07,-65.3385230621155,21.344940404986612,12.336693479736738,5.112948703790705,-12.352023892810834,Normal
TCGA-D8-A1XY-01A-11R-A14M-07,26.460669455169718,17.132718926380882,9.510825513769811,-10.924183526840876,11.0343739574705,LumA
TCGA-D8-A1XZ-01A-11R-A14M-07,8.609603509389961,14.542043572550375,-36.13607333045837,6.410198730669521,8.383426974657022,LumB
TCGA-D8-A1Y0-01A-11R-A14M-07,14.313046531113384,-20.19702435201864,-6.883128467780702,13.83716560720964,0.33253640803269513,LumA
TCGA-D8-A1Y1-01A-21R-A14M-07,40.03662996023892,41.589622346973776,1.7378337820243492,-14.986162517765084,13.809998125321021,LumB
TCGA-D8-A1Y2-01A-11R-A157-07,-1.4829102335574071,-12.143985117468562,-34.09304946487733,-2.9062363982348414,-8.30355240627368,LumB
TCGA-D8-A1Y3-01A-11R-A157-07,-0.9595272126009354,35.03434653843166,-32.82449549452304,-8.274973818454571,4.1674336494969815,LumB
TCGA-D8-A27E-01A-11R-A16F-07,48.52283738224281,23.26657102996746,-1.2602435454053835,16.435569448516397,-42.23270348369064,LumA
TCGA-D8-A27F-01A-11R-A16F-07,-75.60600663180675,27.45236123862639,28.269621521603955,9.52284089091999,4.7607717827465095,Basal
TCGA-D8-A27G-01A-11R-A16F-07,23.1862723539636,-7.770640541726651,-9.718662509226714,-6.124370578494438,8.574377621202872,LumA
TCGA-D8-A27H-01A-11R-A16F-07,-64.93774356174828,29.54821286839796,30.078792106169004,10.844943598173606,10.861614684848936,Basal
TCGA-D8-A27I-01A-11R-A16F-07,1.531466096410138,-42.491323971650466,12.897279139092145,16.388939263371505,6.85478646835631,LumA
TCGA-D8-A27K-01A-11R-A16F-07,8.461569793838509,-31.149232494270233,9.039437850901672,-7.465217175022257,-13.207969724124542,LumA
TCGA-D8-A27L-01A-11R-A16F-07,9.163329018489007,-38.18443899451802,6.630017030933204,-1.7278929217261845,12.490566039570547,LumA
TCGA-D8-A27M-01A-11R-A16F-07,-78.50250904093828,-6.347198035097059,2.9285038767653804,19.459559662066813,-8.586242434350703,Basal
TCGA-D8-A27N-01A-11R-A16F-07,1.7364076764498397,-10.179912919636136,-26.3817405807918,-14.902925277650933,2.731967228335887,LumB
TCGA-D8-A27P-01A-11R-A16F-07,20.03802721421184,-21.066106977395147,31.114745506344832,-11.813008647360792,-13.996203786225575,LumA
TCGA-D8-A27R-01A-11R-A16F-07,0.2654114749296218,0.20121096685029968,-21.656895445740698,12.808944091020981,25.2611469040988,LumB
TCGA-D8-A27T-01A-11R-A16F-07,22.806888658508502,-20.88381312028092,-10.841103147239043,6.974888958079497,-4.036812888900156,LumA
TCGA-D8-A27V-01A-12R-A17B-07,10.86172513298933,-16.45150008320225,27.334699796875974,-9.487510084490665,3.7289930970327747,LumA
TCGA-D8-A27W-01A-11R-A16F-07,7.872080123626964,-9.189163845465316,-44.939977500490144,30.182741620948295,23.369550370818647,LumB
TCGA-D8-A3Z5-01A-41R-A24H-07,7.282786029365301,-40.92328133007801,30.008388259786237,9.418950474405381,-2.685629650769012,LumA
TCGA-D8-A3Z6-01A-11R-A239-07,30.090184915014508,-16.21520789099481,15.274246270445385,-15.655356723558073,-8.431516415443586,LumA
TCGA-D8-A4Z1-01A-21R-A266-07,3.4519430669951916,-43.04503674612614,34.12204990234842,5.163615627294433,5.6614417829232115,LumA
TCGA-D8-A73U-01A-11R-A33J-07,-7.303459519251961,-48.5865821259229,-29.300818870778972,-14.386847961684675,-25.248652681239083,LumA
TCGA-D8-A73W-01A-22R-A352-07,27.936969074129752,12.063426213445029,-1.6528508173112137,-14.777736253244049,-34.1867455174904,LumA
TCGA-D8-A73X-01A-11R-A32P-07,26.06132422057223,-18.455083353750428,14.604223969888528,-11.177041486027713,0.5147102172592972,LumA
TCGA-E2-A105-01A-11R-A10J-07,35.06176054606228,23.167788684982046,-6.1856896342252545,25.775786423239172,24.910135458480507,LumA
TCGA-E2-A106-01A-11R-A10J-07,38.325475792660875,6.835079774798376,-4.560234435136104,16.37901863060334,-2.01122241513258,LumA
TCGA-E2-A107-01A-11R-A10J-07,32.393425367798145,7.955862569500692,18.3640168152552,-14.84807444083183,1.36868829252574,LumA
TCGA-E2-A108-01A-13R-A10J-07,-23.294456577300792,-42.97958946960003,1.3267322770967334,-0.42493959873706905,4.97665254151294,Normal
TCGA-E2-A109-01A-11R-A10J-07,18.989974596471527,7.171787779347347,-44.36774517727871,14.646430799502843,19.23833375885964,LumB
TCGA-E2-A10A-01A-21R-A115-07,44.455203776578294,21.576899107594052,-10.234112948734984,8.499784377450753,-12.83404792538201,LumA
TCGA-E2-A10B-01A-11R-A10J-07,34.64408478186773,-4.607969412899559,9.313179874852546,2.6141730433196377,-10.382345814446099,LumA
TCGA-E2-A10C-01A-21R-A10J-07,13.723669263331724,-12.378600962987043,-31.180793046759906,-24.49079439441641,4.36314955251759,LumB
TCGA-E2-A10E-01A-21R-A10J-07,33.791515481146234,-6.683820015540464,17.379292073796716,-13.77765230160711,-14.74089043228174,LumA
TCGA-E2-A10F-01A-11R-A10J-07,23.327599979412792,-9.56213053603466,7.63790281399371,6.660984921012262,4.646265204283039,LumA
TCGA-E2-A14N-01A-31R-A137-07,-67.7687952298678,31.751818657723163,14.81927094530723,6.610305138999691,-13.748518035426779,Basal
TCGA-E2-A14O-01A-31R-A115-07,41.0063106602987,23.076556021290635,-13.068415898776403,-7.605288385091264,-3.8854067216324473,LumB
TCGA-E2-A14P-01A-31R-A12D-07,-34.515811750659424,-10.975410057187524,-21.63017007113394,-20.767479856025336,11.255138154899777,Her2
TCGA-E2-A14Q-01A-11R-A12D-07,19.925869093340893,-25.306585340552797,23.67942615740629,11.528079852929256,-3.5149718472598277,LumA
TCGA-E2-A14R-01A-11R-A115-07,-83.18937057512478,30.618816943843573,-13.940012543338504,8.024911392178844,-17.186154582875986,Basal
TCGA-E2-A14S-01A-11R-A12D-07,40.04166632640698,16.157287503579006,-9.881556886113563,22.60087965017592,-5.881279451492794,LumB
TCGA-E2-A14T-01A-11R-A115-07,25.878950365609384,7.746029042935286,-9.410648230900833,25.650838464589672,14.333571017032435,LumA
TCGA-E2-A14U-01A-11R-A22K-07,15.369314584284076,-19.623474765001482,52.09369082696844,4.853135910303086,7.200930526333259,LumA
TCGA-E2-A14V-01A-11R-A12D-07,10.72855296557162,8.964984086681525,8.066262463345591,-20.36881427871112,21.65554365873717,Her2
TCGA-E2-A14W-01A-11R-A12D-07,43.341581532420804,54.73510867172821,7.5002321108466985,-11.352356187181424,6.878048272046017,NA
TCGA-E2-A14X-01A-11R-A115-07,-81.9078431588337,-6.272481242502323,0.5320507048309475,12.378065007042087,-11.055152487180843,Basal
TCGA-E2-A14Y-01A-21R-A12D-07,-76.19395811700964,30.482316357422004,8.994003333483708,-14.920517317559783,4.89330167811678,Basal
TCGA-E2-A14Z-01A-11R-A115-07,0.7536858215006933,-15.9642600881784,3.7565264930455835,-6.050963596567708,2.2923097897648845,LumA
TCGA-E2-A150-01A-11R-A12D-07,-65.442459237002,28.098000494845174,13.039538207701957,-2.1846738590376398,-8.358241734763748,Basal
TCGA-E2-A152-01A-11R-A12D-07,-0.9901594212795759,16.15384460837079,-5.656905583873676,-48.08785161912049,11.298440488143903,Her2
TCGA-E2-A153-01A-12R-A12D-07,33.31976226785862,18.956086740927766,20.30654181987639,-23.817072736119925,2.554680745204885,LumA
TCGA-E2-A154-01A-11R-A115-07,44.16465596720772,23.332307374872908,14.943235119972927,-18.53637921345167,-7.244041166402081,LumA
TCGA-E2-A155-01A-11R-A12D-07,38.56139021662246,19.144719294990075,-29.985225386867178,24.554330177835908,7.853050254350511,LumB
TCGA-E2-A156-01A-11R-A12D-07,67.8834035883556,35.958077854390915,15.011243201543417,2.6518992665550676,-13.621464863631697,LumA
TCGA-E2-A158-01A-11R-A12D-07,-67.6561219130975,51.89558718840451,15.14801181695609,17.906164684445965,-7.842302655017558,Basal
TCGA-E2-A159-01A-11R-A115-07,-65.42102493621411,-12.920683437211158,-21.597750518274655,-28.788195049965548,0.15831938208108082,Basal
TCGA-E2-A15A-01A-11R-A12D-07,9.095853522294828,-0.18458834573763389,-39.43337792893754,5.931507714836011,17.07662124850321,LumB
TCGA-E2-A15C-01A-31R-A12D-07,11.930075306703845,-31.410452674289914,-5.644643140514617,5.198727740390725,8.17842925999048,LumA
TCGA-E2-A15D-01A-11R-A115-07,22.4918250825461,-10.466529739732403,5.197389680415114,-0.5152394471276208,2.022390090127382,LumA
TCGA-E2-A15E-01A-11R-A12D-07,11.426132001696953,-17.74118691563085,39.71388635260629,-11.668384841929113,14.59212864397877,LumA
TCGA-E2-A15F-01A-11R-A115-07,26.434130353287486,-4.227107490819953,4.1455696707736704,27.673031725549478,10.49960243832228,LumA
TCGA-E2-A15G-01A-11R-A12D-07,62.22624167310352,8.962175537616632,15.586399033548888,-9.805631867492842,-18.791105989132884,LumA
TCGA-E2-A15H-01A-11R-A12D-07,14.54950325669595,-9.116135704564405,-3.3210826933158475,-4.407928124426348,1.3286951181689772,LumA
TCGA-E2-A15I-01A-21R-A137-07,26.129758136006213,-22.988998650916198,16.61331327788793,-6.3757862725221,-16.97601514406134,LumA
TCGA-E2-A15J-01A-11R-A12P-07,49.04210989820331,37.08487397128553,13.87828337886943,-21.97220136430393,-24.721615086346343,LumA
TCGA-E2-A15K-01A-11R-A12P-07,23.054855779235076,-19.25668548330103,-22.909963025873076,-7.602014690193727,-26.751898523085192,LumB
TCGA-E2-A15L-01A-11R-A12D-07,38.99320798679304,8.874595140171403,8.560741807391649,-14.750830921918354,-11.089144451643966,LumA
TCGA-E2-A15M-01A-11R-A12D-07,0.4070840018520106,-30.39277025698529,-6.2299977785488085,7.146959992696411,-10.850658847829337,LumA
TCGA-E2-A15O-01A-11R-A115-07,26.091912223422064,12.11131826853436,2.065552212230063,11.485245354825636,18.533702658090792,LumA
TCGA-E2-A15P-01A-11R-A115-07,19.454837803281393,-20.7609055517954,11.0626886343244,10.878653055462111,-12.641971931859967,LumA
TCGA-E2-A15R-01A-11R-A115-07,40.58724934387551,30.688301761668306,-3.5923106786048273,31.64152714960261,26.250190738874203,LumA
TCGA-E2-A15S-01A-11R-A115-07,30.913863298964472,31.55392982966916,-6.297239814472778,28.969762191923753,27.063876100392836,LumB
TCGA-E2-A15T-01A-11R-A115-07,39.31443206402706,10.391718072266842,-9.653094605245824,21.187349243633918,-2.22211591815591,LumB
TCGA-E2-A1AZ-01A-11R-A12P-07,-60.04434091437427,10.444352848890345,-1.7629523634517918,11.942509415814284,-2.789235621422481,Basal
TCGA-E2-A1B0-01A-11R-A12P-07,-46.808141849412884,-4.750003055451137,-11.380572332337554,-31.07968363669469,2.1373335420264756,Her2
TCGA-E2-A1B1-01A-21R-A12P-07,-11.753623254988682,-33.75154436098416,13.286511126080036,-2.7982330807483553,8.427834463412234,LumA
TCGA-E2-A1B4-01A-11R-A12P-07,41.84482294743971,1.6301130010592004,30.148148555332046,-12.37353640448666,-13.722799497435659,LumA
TCGA-E2-A1B5-01A-21R-A12P-07,-11.378053817776623,-42.95499872982466,-17.43922411681614,6.487722014942624,-20.135179674552717,LumA
TCGA-E2-A1B6-01A-31R-A12P-07,-75.30404718262218,-1.5731939527763474,-1.6163360216459897,18.939276509734366,-13.374492108211978,Basal
TCGA-E2-A1BC-01A-11R-A12P-07,21.784607114603723,-15.455857885397178,15.657776737577935,-10.871219490851384,3.244369765505106,LumA
TCGA-E2-A1BD-01A-11R-A12P-07,31.605242779067684,-0.4273823958115127,21.485551658335922,-17.952888713364416,1.6844759963826654,LumA
TCGA-E2-A1IE-01A-11R-A13Q-07,50.27040599967372,15.897057259721795,7.262190729282849,26.398505323532028,9.288409773760208,LumA
TCGA-E2-A1IF-01A-11R-A144-07,7.5993354113554235,-26.47236514712436,24.01297743107558,-12.451357248565637,-8.896420228396911,LumA
TCGA-E2-A1IG-01A-11R-A144-07,25.524423935555046,24.433883095750264,7.0613342243148844,14.218416892987022,21.407894243132237,LumA
TCGA-E2-A1IH-01A-11R-A13Q-07,5.964532190119291,-27.53499606068067,-23.168100724105336,6.497103805844552,6.441137747025171,LumA
TCGA-E2-A1II-01A-11R-A144-07,-71.63557665600561,12.854849885451419,-28.539595813599025,22.51499990441868,-26.45078939721148,Basal
TCGA-E2-A1IJ-01A-11R-A144-07,4.149332539108239,-36.05331872840208,18.00771263025971,-10.87413016009493,-4.097971961153917,LumA
TCGA-E2-A1IK-01A-11R-A144-07,22.994310546306913,-13.022003205549256,7.7212807872816,18.552216982749563,-37.79117262810803,LumA
TCGA-E2-A1IL-01A-11R-A14D-07,25.064981282470306,-15.549810210528802,19.11409879470174,-5.724584456236307,-8.941935451951453,LumA
TCGA-E2-A1IN-01A-11R-A13Q-07,32.29339377704081,11.650391023965767,4.954355832127296,-8.613255838681246,15.659939930234588,LumA
TCGA-E2-A1IO-01A-11R-A144-07,6.5332238613856175,-32.63950087445613,4.659852366111936,13.506192687561887,14.41954378298675,LumA
TCGA-E2-A1IU-01A-11R-A14D-07,23.614960389137618,-29.970665137516473,9.041457907260003,4.7925428556154435,-24.286078594772043,LumA
TCGA-E2-A1L6-01A-11R-A13Q-07,34.230828230743924,-23.1430230252415,40.56591234040173,2.141372629156754,-10.693201557139313,LumA
TCGA-E2-A1L7-01A-11R-A144-07,4.93216803142477,-10.170972644437246,-12.071173400632814,13.29247555659083,8.858842369848226,LumB
TCGA-E2-A1L8-01A-11R-A13Q-07,29.076286309755954,-13.564696507056592,-3.630128402680871,-4.485108224427326,-22.547714894471152,LumA
TCGA-E2-A1L9-01A-11R-A13Q-07,20.870675059223696,6.124888249177819,8.214214225090487,-18.190524945652953,2.29625273054466,LumA
TCGA-E2-A1LA-01A-11R-A144-07,3.9569833056657213,-20.41648813678616,-32.02249160921819,24.970743367872632,-0.028853036940622204,LumA
TCGA-E2-A1LB-01A-11R-A144-07,-4.277625957298378,-0.7929694770191774,-25.768013901536666,-49.49683342060723,1.2509307705605717,Her2
TCGA-E2-A1LE-01A-12R-A19W-07,-19.336267721810355,10.992412131917906,-4.4164475680468955,-37.13225748878871,13.406428284885179,Her2
TCGA-E2-A1LG-01A-21R-A14M-07,-71.36275780571692,22.8278469740552,6.555497203973566,-1.3040018126375053,-2.537036626319721,Basal
TCGA-E2-A1LH-01A-11R-A14D-07,-91.8339689177208,-13.22700362412194,-6.642966243171058,17.77722453736551,-7.064436379133653,Basal
TCGA-E2-A1LI-01A-12R-A157-07,-84.13953078455336,23.007282511617912,0.507251345513719,11.591333800544005,-13.82434898083356,Basal
TCGA-E2-A1LK-01A-21R-A14D-07,-72.1392592550293,74.44440068449364,25.29430014965423,-0.11149948772558013,3.4868032800689326,Basal
TCGA-E2-A1LL-01A-11R-A144-07,-44.84966847514392,18.193208635837763,22.717296733670608,-11.513655413097666,18.21057548839703,Basal
TCGA-E2-A1LS-01A-12R-A157-07,-59.91323276181303,35.47561620047023,50.1803259520512,-3.9374211396596257,-12.935003199904383,Basal
TCGA-E2-A2P5-01A-11R-A19W-07,20.82470806072443,10.646518772994934,7.888521351012363,-17.872029029133458,12.121150136263704,LumA
TCGA-E2-A2P6-01A-11R-A19W-07,37.58370111597405,-6.275048977428435,6.003406111108619,-1.952951003028878,-15.492277127510556,LumA
TCGA-E2-A3DX-01A-21R-A213-07,-0.038072120245180946,-55.371684595399664,-1.279056252877575,0.40925583326454157,-9.097144957530599,LumA
TCGA-E2-A56Z-01A-12R-A29R-07,43.54476990548945,32.518673793093036,-7.345406070691977,16.97870166039626,8.897779424027968,LumB
TCGA-E2-A570-01A-11R-A29R-07,28.79093007278789,3.351726602573424,20.464727857637772,-15.25346177314486,8.195913652525805,LumA
TCGA-E2-A572-01A-13R-A31O-07,43.55505829305066,12.258449119753468,13.9128168936083,11.95024644093966,-24.970606460090462,LumA
TCGA-E2-A573-01A-11R-A29R-07,-92.35978670075605,3.216891255495663,-4.917690708270319,4.833265714916814,-11.537760436215217,Basal
TCGA-E2-A574-01A-11R-A29R-07,-60.89891299984542,60.70701761963889,37.35594660971762,-3.9648553880399766,9.628719895187672,Basal
TCGA-E2-A576-01A-11R-A31O-07,25.322311762886248,-0.15958050733229276,-9.70923248799416,13.027309176813201,21.951173456144236,LumA
TCGA-E2-A9RU-01A-11R-A41B-07,9.27152661851062,24.12052160915535,-9.8324022169652,-26.237856449954556,5.4787699493541355,LumB
TCGA-E9-A1N3-01A-12R-A157-07,44.26605337640535,11.008126621940468,-4.4095461929928526,24.476461733991794,-30.05783986383481,LumA
TCGA-E9-A1N4-01A-11R-A14M-07,17.714773958119356,-9.424579861947134,4.655569266425068,-0.08949764440827242,-28.586539447081126,LumA
TCGA-E9-A1N5-01A-11R-A14D-07,42.16306676002477,10.034337339019809,1.8703299649971943,2.0503061843733357,7.94562547055088,LumA
TCGA-E9-A1N6-01A-11R-A144-07,13.242203208358008,27.19655283959305,-0.1867918755217366,-30.330580180182302,13.877244936501116,LumB
TCGA-E9-A1N8-01A-11R-A144-07,-60.29138575243293,52.2266448170128,33.85530727590775,11.034495599359236,3.685023058598362,Basal
TCGA-E9-A1N9-01A-11R-A14D-07,-8.017180836988146,-5.304261406137017,0.7868636814290676,3.6589609556197336,14.34111432389274,Basal
TCGA-E9-A1NA-01A-11R-A144-07,7.721683398463847,26.776429342015135,-27.505458637060226,-0.9349685501378776,10.434996022478433,LumB
TCGA-E9-A1NC-01A-21R-A26B-07,-91.72583095669577,-7.1849881428452,5.3363966320477045,10.877341616188811,-3.515014591570102,Basal
TCGA-E9-A1ND-01A-11R-A144-07,-74.79987329107209,11.156473273686112,-10.879018649256595,-20.896425502922913,-8.64018844000815,Basal
TCGA-E9-A1NE-01A-21R-A14M-07,-3.2301846345509655,-32.12496782611232,-6.72128781493367,24.025660218445864,3.5334281183995513,LumA
TCGA-E9-A1NF-01A-11R-A14D-07,16.8298418226206,13.296232586329408,-4.7827829153908565,-37.28595911563025,0.4524890527262187,LumB
TCGA-E9-A1NG-01A-21R-A14M-07,10.388099597425748,16.029282800116782,6.818703736864418,-29.684996386928535,-3.2272564744560928,LumA
TCGA-E9-A1NH-01A-11R-A14D-07,21.660599569475554,-13.947841308099134,11.529459805399746,-18.482935981828103,-11.956574383793825,LumA
TCGA-E9-A1NI-01A-11R-A14D-07,42.22299680539283,26.28898449668813,4.133889704569361,-20.586904689795638,4.257885336715615,LumB
TCGA-E9-A1QZ-01A-21R-A169-07,3.371362047091887,-32.0671030114791,8.251397197353432,30.821904622910697,-6.955288608234622,LumA
TCGA-E9-A1R0-01A-22R-A16F-07,23.55095870647796,-34.10947333766302,5.021787095360028,27.236453483742974,3.656900307294897,LumA
TCGA-E9-A1R2-01A-11R-A14D-07,13.517488596496575,8.64037945406407,4.806230694603236,17.484117363027295,16.10753972333836,LumA
TCGA-E9-A1R3-01A-31R-A14M-07,20.16163174010372,3.8703124175503487,16.6232844925576,-15.343716464131424,-10.897453150057428,LumA
TCGA-E9-A1R4-01A-21R-A14D-07,18.033293835384598,-0.39839424651693656,-19.197355343467024,-0.9836650773908769,10.233337855928212,LumB
TCGA-E9-A1R5-01A-11R-A14M-07,27.571680091124005,24.14898773182157,-7.626081470408599,-10.959548016264417,5.525125871536631,LumA
TCGA-E9-A1R6-01A-11R-A14D-07,49.74929689268269,37.82536469381981,-15.533144427774483,20.163527809220678,16.767142391749957,LumA
TCGA-E9-A1R7-01A-11R-A14M-07,24.817830488194275,11.337492256062106,-15.000258346814881,7.694526964993489,2.8015054669411246,LumB
TCGA-E9-A1RA-01A-11R-A14D-07,25.39000998834651,-2.866432850493718,7.3098493201424155,-6.797949957012564,-10.925480636879065,LumA
TCGA-E9-A1RB-01A-11R-A157-07,15.944277107339397,18.212721624072216,13.65778225813792,-16.79946224361079,-8.458193188477402,LumB
TCGA-E9-A1RC-01A-11R-A157-07,36.5806583107221,35.960187166291576,15.375132136725655,-18.67827704012195,3.1347647011066107,LumA
TCGA-E9-A1RD-01A-11R-A157-07,49.84138685794943,1.263454545078246,7.637727565204267,-15.963019314366239,-25.920946946285408,LumA
TCGA-E9-A1RE-01A-11R-A157-07,32.091375415107315,12.418820634899904,-33.01998862295973,24.09407522083491,26.601705635654376,LumB
TCGA-E9-A1RF-01A-11R-A157-07,9.434140826292445,5.564805380158052,-23.732218035776167,1.1065976366120738,7.693688748931773,LumA
TCGA-E9-A1RG-01A-11R-A14D-07,13.401369101226265,13.351666434542366,-19.230859810379336,0.7510194494463037,9.056919503831155,LumB
TCGA-E9-A1RH-01A-21R-A169-07,-36.16820809929208,18.267205624301702,-23.077260809300068,-35.83710471161355,12.806466001978572,Her2
TCGA-E9-A1RI-01A-11R-A169-07,19.92215964674722,-16.056578928661803,-1.8951746932960167,11.045901900129463,7.11433235614178,LumA
TCGA-E9-A226-01A-21R-A157-07,23.44185155247817,15.333892225607029,6.618948874551482,-23.50145247179604,12.802031070290393,LumB
TCGA-E9-A227-01A-11R-A157-07,27.496832131513187,-18.262817338941655,9.123409938287116,0.808681757807032,-23.820501354422657,LumA
TCGA-E9-A228-01A-31R-A157-07,43.87240450070831,48.62404877541834,-12.336390458219027,19.836325965030927,24.59792356781133,LumB
TCGA-E9-A229-01A-31R-A157-07,20.736469421277974,-14.295690379884148,-1.7642454689785132,8.167672637099841,0.3112432874056667,LumA
TCGA-E9-A22A-01A-11R-A157-07,-2.400480470040109,1.4042018289127105,-30.400614512460685,-3.027351517283608,17.564661976593996,LumB
TCGA-E9-A22B-01A-11R-A157-07,22.385043942195924,11.648980073494988,-0.5631318612795397,17.590740989300915,27.046359452182298,LumA
TCGA-E9-A22D-01A-11R-A157-07,19.405315434299055,-13.045241822439346,-47.47742440603835,13.0781392719682,-13.746568559730177,LumB
TCGA-E9-A22E-01A-11R-A157-07,18.112661436333067,3.462326617610129,-16.771603494789552,-17.261306443718063,1.0660439928145553,LumB
TCGA-E9-A22G-01A-11R-A157-07,-72.73297091136376,56.43396505067565,23.306140705776166,8.185878347480843,-4.839843514940426,Basal
TCGA-E9-A22H-01A-11R-A157-07,46.55902753339789,-3.762189539949516,-2.7036519361207443,-0.9555393950784391,-20.714782095676053,LumB
TCGA-E9-A243-01A-21R-A169-07,-69.7209893286046,-20.664055923852548,-25.762718118272176,1.060482300316809,-22.6934403144868,Basal
TCGA-E9-A244-01A-11R-A169-07,-72.18870676062093,19.67823044223508,21.23423576640205,12.600041873107957,-4.703688896845738,Basal
TCGA-E9-A245-01A-22R-A16F-07,30.32811710877301,1.9964358059159386,11.002932192025682,23.731663950407636,-13.745261546876824,LumA
TCGA-E9-A247-01A-11R-A169-07,22.264442900572103,17.403889479037122,11.47434101294059,12.865554836962344,17.099612107113316,LumA
TCGA-E9-A248-01A-11R-A169-07,-55.0521972940749,-26.99078839266112,-42.04674315046472,-11.8662087393494,-2.6846709509993905,Her2
TCGA-E9-A249-01A-11R-A169-07,37.30154455755301,14.561380924559913,7.140801901286373,-11.752799193344341,-26.333748580356353,LumB
TCGA-E9-A24A-01A-11R-A169-07,44.44774513338288,22.012574697952825,11.210404567591528,-13.862290786038876,-31.129337990219312,LumA
TCGA-E9-A295-01A-11R-A16F-07,17.77878074360805,-0.458750942452925,16.183465609856707,3.9145407405283392,26.819949766513272,LumA
TCGA-E9-A2JS-01A-11R-A180-07,22.48973583401846,25.545412141806178,-12.56493484805706,5.204612772351075,30.76219741950231,LumB
TCGA-E9-A2JT-01A-22R-A18M-07,-17.28252638670587,-48.46368082480571,-30.5970176810138,14.809547985434111,-5.534604173120602,LumA
TCGA-E9-A3HO-01A-11R-A213-07,22.433327051408682,4.776248512438298,5.041808628995624,5.600503931357227,-10.994660847431216,LumB
TCGA-E9-A3Q9-01A-11R-A21T-07,34.63709583108601,-15.722858867704234,-7.76089289733578,19.984145960926238,-40.50220546876751,LumA
TCGA-E9-A3QA-01A-61R-A22K-07,-82.63863085940366,-2.058375032311614,-12.188665105039554,15.860963287903633,-16.8673625892742,Basal
TCGA-E9-A3X8-01A-31R-A22U-07,-1.5555065233970455,-39.14240808433258,12.963620789345985,-2.6938720284917297,-7.1991918519912845,LumA
TCGA-E9-A54X-01A-11R-A266-07,58.15763064521139,51.37321709811593,16.371331714486963,-0.276012571384854,-19.0536365216798,LumB
TCGA-E9-A54Y-01A-11R-A466-07,34.62203102954351,35.0182942874857,-19.947802383102747,2.494125704163593,-5.852356015942381,LumB
TCGA-E9-A5FK-01A-11R-A27Q-07,-2.653393394744864,-48.151006589834005,-2.188117593476843,3.2675445413627298,-2.483682889326016,LumA
TCGA-E9-A5FL-01A-11R-A27Q-07,-40.04419314687266,31.51878791418198,25.374881275690527,-10.990749547237163,31.79358421566609,Basal
TCGA-E9-A5UO-01A-11R-A28M-07,60.05730095224737,69.04894033519345,-8.446230134942798,19.57345529538205,-19.75859267653808,LumB
TCGA-E9-A5UP-01A-11R-A28M-07,38.59604958317536,55.598410212869986,-0.797937118939159,-10.48871262336612,-10.499465536897905,LumA
TCGA-E9-A6HE-01A-11R-A31O-07,19.8396533607325,-4.912162006479435,15.219198596209996,-4.428397325621138,1.6102103275267001,LumA
TCGA-EW-A1IW-01A-11R-A13Q-07,3.547923102009034,-18.875585095476143,15.392435185803043,-3.2036395719056987,13.411597481749972,LumA
TCGA-EW-A1IX-01A-12R-A144-07,24.563091539872058,-23.22715956946269,11.109076299488178,6.439732964956382,-0.2174537518921373,LumA
TCGA-EW-A1IY-01A-11R-A13Q-07,2.0755069748165718,-18.75868464973216,-3.597067370231527,-9.894409463236958,-16.63381788117999,LumB
TCGA-EW-A1IZ-01A-11R-A13Q-07,-11.89049217884802,-33.172406251599064,-43.491952589025715,16.136513616244226,-0.30857937775935984,LumA
TCGA-EW-A1J1-01A-11R-A13Q-07,41.99278640716672,5.277175614065049,-26.535232890959975,33.21898042003511,-15.94776269434919,LumA
TCGA-EW-A1J2-01A-21R-A13Q-07,17.276578259400896,-26.875420779420523,31.422655303722447,1.182881206125439,1.2835350164126482,LumA
TCGA-EW-A1J3-01A-11R-A13Q-07,41.79328686593623,-1.684170344343529,32.66210435186762,-8.444422804844546,4.661576022723072,LumA
TCGA-EW-A1J5-01A-11R-A13Q-07,18.18260682709329,-15.446085694148058,-4.248117594535489,13.156162387064084,-3.7278431294684014,LumA
TCGA-EW-A1J6-01A-11R-A13Q-07,17.63208833309143,17.64602683823134,-11.791254992126124,25.355293815373876,-8.901429627940262,LumB
TCGA-EW-A1OV-01A-11R-A144-07,-33.51620278452688,-18.290070915640406,-35.982067149272524,-4.966004139241435,-4.527308166529725,Her2
TCGA-EW-A1OW-01A-21R-A144-07,-81.49938333295404,18.155406387575752,22.285450992606137,15.27248381448283,1.2304862100745828,Basal
TCGA-EW-A1OX-01A-11R-A144-07,52.45463624031085,65.24746514481707,-11.559913676980113,26.96596295801469,-1.581909164964576,LumB
TCGA-EW-A1OY-01A-11R-A144-07,18.48965091222613,1.6130725561054389,-10.69083651157556,5.633145795381023,2.808077080268909,LumB
TCGA-EW-A1OZ-01A-11R-A144-07,16.16260364389763,9.20999273393775,-22.475701927630254,-11.133776840664924,25.81306594639741,LumB
TCGA-EW-A1P0-01A-11R-A144-07,38.216157556089314,26.95264934950159,-15.33141235424892,12.338827708395556,-9.514279501866792,LumB
TCGA-EW-A1P1-01A-31R-A14D-07,-23.333805957087268,-22.748560454739334,30.19552921878141,-9.14112071776254,19.603177661095785,Normal
TCGA-EW-A1P3-01A-11R-A144-07,29.623061411512907,-13.99834827559291,14.27656064811846,2.963973115784244,2.0346076774788395,LumA
TCGA-EW-A1P4-01A-21R-A144-07,-72.7110440733073,19.086812374013697,-1.038476596727176,9.037697606383162,-3.858069057617861,Basal
TCGA-EW-A1P5-01A-11R-A144-07,38.4924417371647,11.933574312985645,3.1076931452766083,0.006935391643883657,-14.773476587379411,LumA
TCGA-EW-A1P6-01A-11R-A144-07,19.128200856702122,-15.282154410612446,-9.89267541748764,0.8950421008801606,7.8292123706580705,LumA
TCGA-EW-A1P7-01A-21R-A144-07,-70.31655384333762,-37.54887972244662,10.748998457448682,21.534875756722087,-7.925347193098373,Normal
TCGA-EW-A1P8-01A-11R-A144-07,-67.95268546937446,20.7237498641581,18.666605187722435,5.232359097057956,-6.370366971005332,Basal
TCGA-EW-A1PA-01A-11R-A144-07,8.967001696735009,-17.04908531849831,-15.325427540857797,31.876742205904044,17.005989507700406,LumA
TCGA-EW-A1PB-01A-11R-A144-07,-70.48535791072622,38.034409293960266,-12.059469871464781,-5.700893244876936,-22.312385172781912,Basal
TCGA-EW-A1PC-01B-11R-A21T-07,7.319936136040911,42.05294821046934,5.432497899259583,-26.35663530517018,12.268059700648246,LumB
TCGA-EW-A1PD-01A-11R-A144-07,26.79416971736048,11.922522877464074,18.238457756865174,10.081393166919511,12.883909273960136,NA
TCGA-EW-A1PE-01A-11R-A144-07,20.09393167330306,-35.64663622280544,-14.730207783839488,-8.741358260309294,-32.08105221227949,LumA
TCGA-EW-A1PF-01A-11R-A144-07,11.283930967761407,-21.850157832051032,-1.8633333878018588,6.889862063314073,9.518391157830626,LumA
TCGA-EW-A1PG-01A-11R-A144-07,-10.747799754666216,-24.965507987592886,35.32711692960801,-8.311900765437748,7.766039417295262,Normal
TCGA-EW-A1PH-01A-11R-A14M-07,-79.99021724739606,19.91067732684019,11.225479420528677,8.519032288032228,8.849675159376899,Basal
TCGA-EW-A2FR-01A-11R-A21T-07,-21.440773453483594,-2.7442681007206313,-18.306301934791684,-28.128208590195726,26.902218285670052,Her2
TCGA-EW-A2FS-01A-11R-A17B-07,-2.0995326753675854,-25.6744702662833,-15.035587868019899,33.30838923052359,10.690000132893331,LumA
TCGA-EW-A2FV-01A-11R-A17B-07,-14.295830762661828,-22.74166616321879,-6.752507147091569,5.4867507809371485,13.636761153843517,LumA
TCGA-EW-A2FW-01A-11R-A17B-07,41.63866230413505,25.32660021056929,-15.391650818253451,21.564791869631964,-3.6200539846367947,LumB
TCGA-EW-A3E8-01B-11R-A24H-07,16.07037695195947,-42.52271606249984,-10.513619372544328,13.023639492315324,5.740480051245343,LumA
TCGA-EW-A3U0-01A-11R-A22K-07,-76.31030679925746,-9.258901569196354,0.27503307999654786,26.245217955471524,-3.4482887984454864,Basal
TCGA-EW-A423-01A-11R-A24H-07,31.045139707068635,11.215364326808658,-2.61450459449651,-15.570446144315127,-9.206731538538277,LumA
TCGA-EW-A424-01A-11R-A24H-07,15.531565371404207,-15.65598637703386,19.520636274534635,3.4224600308970508,9.11130279832832,LumA
TCGA-EW-A6S9-01A-22R-A33J-07,0.7284746178184811,-7.040153504823528,-19.096715123275168,-7.525107992922779,13.630814082864116,LumA
TCGA-EW-A6SA-01A-21R-A32P-07,40.063169165157426,53.36840590583932,-21.843924915443676,26.71698301541514,10.036013367859011,NA
TCGA-EW-A6SB-01A-12R-A32P-07,-98.00931814588347,2.3505273802984665,-24.393616392292106,15.079834362447006,-29.317183452863553,Basal
TCGA-EW-A6SC-01A-12R-A32P-07,23.930285118720064,-21.540398424361715,-1.0814973881083747,18.891521519305904,12.141306388302002,LumA
TCGA-EW-A6SD-01A-12R-A33J-07,-38.868378911076796,-14.877038080479876,-42.82990183949472,-38.950123050264594,2.249912274124213,Her2
TCGA-GI-A2C8-01A-11R-A16F-07,22.92714113327941,1.5889820123083842,-3.287256468241319,-15.331227275973808,3.048038693794118,LumA
TCGA-GI-A2C9-01A-11R-A21T-07,-60.56348019255394,45.387028087131306,43.19829024024139,1.6534921735739474,-0.17124175781533615,Basal
TCGA-GM-A2D9-01A-11R-A18M-07,34.125859175635185,-5.928012561764494,12.462587262723385,-18.117090862896088,-2.681052458114779,LumA
TCGA-GM-A2DA-01A-11R-A18M-07,7.394565588420445,-35.99831040312946,-3.9334343733956962,-2.1990986642285857,4.158393718993792,LumA
TCGA-GM-A2DB-01A-31R-A18M-07,-41.8085866586001,-3.084556734901265,-10.436848644869226,-39.133700127285415,2.8205946478895,Her2
TCGA-GM-A2DC-01A-11R-A18M-07,32.61271747839406,14.701049426432487,-14.779582244775336,29.11018177065432,5.099956558520499,LumA
TCGA-GM-A2DD-01A-11R-A180-07,-33.3803647695616,-19.747390746087692,-7.811137725453503,-30.67961803394766,9.698133355307801,Normal
TCGA-GM-A2DF-01A-11R-A180-07,-88.28351860771964,-6.550676841800286,-16.469474519967253,18.179127697153852,-4.595636816704006,Basal
TCGA-GM-A2DH-01A-11R-A180-07,-16.065725466251823,4.625738271447605,-16.48486243674498,-10.83222411098076,7.683173001880237,Her2
TCGA-GM-A2DI-01A-31R-A18M-07,-4.999889295106772,-40.3552249396035,-6.951197594885288,14.94893290668484,2.0974179034835134,LumA
TCGA-GM-A2DK-01A-21R-A180-07,14.649497643191596,-11.505865365275557,10.834843400820574,24.685939997909205,21.001774858768545,LumA
TCGA-GM-A2DL-01A-11R-A18M-07,19.770068165788153,10.505307242980605,3.210690702489415,-16.890106557617923,6.684402478900415,LumA
TCGA-GM-A2DM-01A-11R-A180-07,42.86367428970588,42.99912136325056,7.129452189362767,7.833858990690089,-35.338474270042504,LumA
TCGA-GM-A2DN-01A-11R-A180-07,-7.758992107412973,-36.6888728848597,1.9325119822603898,-9.975154343333044,-25.441672024676688,LumA
TCGA-GM-A2DO-01A-11R-A18M-07,-0.315255233994865,-20.703515008781213,-37.85666643679627,28.166271707933355,-7.20948863368145,LumB
TCGA-GM-A3NW-01A-21R-A22K-07,26.996457221794987,-9.059417848849922,15.326229979271236,16.278661875326716,3.9125903381477665,LumA
TCGA-GM-A3NY-01A-11R-A21T-07,15.909550734619684,-27.684471772699677,18.422204557069282,-8.396345724465391,-7.032810525117256,LumA
TCGA-GM-A3XG-01A-31R-A24H-07,3.3380089558452903,-13.062346904535874,58.35992720542259,3.267551904399698,10.263426613911172,LumA
TCGA-GM-A3XL-01A-11R-A22U-07,-75.93369979527945,14.542572954342434,-18.309160249515617,1.5614804386471703,-17.899110395180756,Basal
TCGA-GM-A3XN-01A-12R-A22U-07,0.8396148103378919,-35.88020344665978,13.43908574655947,11.59309952606019,1.4330039404388824,LumA
TCGA-GM-A4E0-01A-12R-A266-07,-1.159244915582328,-30.146414047572254,25.37907489431354,2.0428462199097206,-3.0244086777137653,LumA
TCGA-GM-A5PV-01A-11R-A28M-07,28.44154383246871,-15.699303075875635,39.34219825604686,2.9082308940831645,-3.8516775852989236,LumA
TCGA-GM-A5PX-01A-12R-A28M-07,19.553072014670658,-16.121212568706753,20.26902113488108,-4.3994950141009195,-3.0640251228241913,LumA
TCGA-HN-A2NL-01A-11R-A18M-07,-64.47147417662086,21.438290319191086,-4.396560785778073,28.395571120036415,-5.944891142085403,Basal
TCGA-HN-A2OB-01A-21R-A27Q-07,6.226946504705116,-37.43550501324776,29.773431485350557,8.756364229936445,13.619257435165517,LumA
TCGA-JL-A3YW-01A-12R-A239-07,-41.3020372572578,-1.9094498987558735,-13.188054276632132,-38.34415760988332,14.410065940071481,Her2
TCGA-JL-A3YX-01A-11R-A22U-07,21.872265803011864,-8.0081439382779,11.845839664132887,-10.788036637481243,13.279454390601527,LumA
TCGA-LD-A66U-01A-11R-A31O-07,14.944694242830392,-36.06323770904805,9.155157033004846,11.510816699311734,1.5072697702674707,LumA
TCGA-LD-A74U-01A-13R-A33J-07,-0.5888095971657366,-26.018400004688015,27.55231495808902,-7.059727497622039,10.12234362111272,LumA
TCGA-LD-A7W5-01A-22R-A352-07,-10.796842501387836,-33.9715348235769,-16.34299623988029,18.23422606087224,10.971002907357754,LumA
TCGA-LD-A7W6-01A-81R-A352-07,24.647896028440833,-38.30127918690302,16.05757050491589,18.08289465140987,-13.331571280296464,LumA
TCGA-LD-A9QF-01A-32R-A41B-07,-42.245323921176634,-33.31620545792256,-14.795610955449328,-19.660740785996662,1.5936897649268709,Normal
TCGA-LL-A440-01A-11R-A24H-07,0.3139664187402759,-27.897430299376,35.02613421126036,9.787810901395991,3.9976659300559683,LumA
TCGA-LL-A441-01A-11R-A24H-07,-55.33381642261085,-21.093512684783743,9.985902368243693,20.672658844054162,-7.421541612471809,Normal
TCGA-LL-A442-01A-11R-A24H-07,61.60176678993277,48.632063571815785,1.0532830411894185,4.341319814317156,-42.053174483177756,LumA
TCGA-LL-A50Y-01A-11R-A266-07,35.3338533231984,-13.680603361735926,-3.2406321657000117,-10.775387412287953,-22.77290708019602,LumA
TCGA-LL-A5YL-01A-12R-A29R-07,-3.7426813978510256,-11.756247274291212,13.819714084268304,-27.8569549449076,4.157160702802999,LumA
TCGA-LL-A5YM-01A-11R-A28M-07,24.16212100695311,20.91970891744797,-19.256018137268534,19.62652153543961,1.3772582520256627,LumB
TCGA-LL-A5YN-01A-11R-A28M-07,-0.0260001056989873,-31.65750473245442,-8.943483167846523,-9.383696343816169,-6.6168374029851265,LumA
TCGA-LL-A5YO-01A-21R-A28M-07,-56.60591263774921,-32.84998305184688,-34.716852018745115,-23.51014040694066,-3.1794306958601566,Her2
TCGA-LL-A5YP-01A-21R-A28M-07,-72.52700780876187,11.331187398529343,13.162488350098956,15.035323687494525,1.732186967790286,Basal
TCGA-LL-A6FP-01A-11R-A31O-07,46.961031517489815,32.38094479655556,8.763630699018249,-22.350008239028057,-3.8154234421031488,LumA
TCGA-LL-A6FQ-01A-11R-A31O-07,39.35780006813127,17.005270784686264,3.5168041408031945,-9.261583670044164,-11.23026780726449,LumA
TCGA-LL-A6FR-01A-12R-A31O-07,-62.98717575973911,49.29618515279507,46.92629517416901,-11.764568645483608,11.160420459148996,Basal
TCGA-LL-A73Y-01A-11R-A33J-07,-70.08575589707003,5.123985178695743,22.110731837634017,23.44231978240054,1.6760182215066757,Basal
TCGA-LL-A73Z-01A-11R-A32P-07,-30.878725570691913,-26.125856913773013,22.160496782838326,-11.19577563154032,9.183465411958345,Normal
TCGA-LL-A740-01A-21R-A32P-07,-19.187367261400997,1.639919983629089,-0.3399205931771416,-40.03679983999868,16.22374398463446,LumA
TCGA-LL-A7SZ-01A-32R-A352-07,-10.53093557782433,-31.26795707986935,-49.535375696369215,7.018398819518073,-6.296159691091883,LumA
TCGA-LL-A7T0-01A-31R-A352-07,-3.505966179986965,-2.821421291632646,-25.512556710370806,14.17859208449105,17.948470834559846,LumB
TCGA-LL-A8F5-01A-11R-A36F-07,-76.176027857924,11.785715374480905,-24.077860929573458,17.409968825789335,-5.2205876216803615,Basal
TCGA-LL-A9Q3-01A-11R-A41B-07,17.005857071282588,3.511149872942006,-19.74058661907495,-7.867320164495351,10.534079884922377,LumA
TCGA-LQ-A4E4-01A-11R-A266-07,32.43629352062281,13.865352852238448,19.196638058433106,-17.668652737660775,-0.4674251293052557,LumA
TCGA-MS-A51U-01A-31R-A266-07,7.799987815412763,-43.634730617801246,19.570541768993827,11.88655870918795,-4.247399437845289,LumA
TCGA-OK-A5Q2-01A-11R-A27Q-07,-7.441436447289503,-35.10665260741626,11.295430421527032,-10.700934881947934,12.452049222741016,LumA
TCGA-OL-A5D6-01A-21R-A27Q-07,-23.81112511621051,-14.028599763647357,4.343681747155138,-47.83697996135381,15.167806595858805,Normal
TCGA-OL-A5D7-01A-11R-A27Q-07,-75.55031608370813,20.04144593685384,-22.567242890380598,15.100958319390493,-17.592369862830584,Basal
TCGA-OL-A5D8-01A-11R-A27Q-07,33.1895753504817,2.393597131306694,-10.895415156072628,9.051240609745088,3.9447258279434703,LumA
TCGA-OL-A5DA-01A-11R-A27Q-07,26.632865715971395,-3.8066770874188958,18.147709228834078,7.410550011557559,12.10033416428425,LumA
TCGA-OL-A5RU-01A-11R-A28M-07,4.520293526886569,-51.54738927144269,-11.07132813858098,1.1252032359085893,-23.138104348692558,LumA
TCGA-OL-A5RV-01A-12R-A28M-07,14.46197845879931,-37.79083276340375,27.608951627904464,-5.627973881154197,2.787810554845572,LumA
TCGA-OL-A5RW-01A-11R-A28M-07,-70.26567230951753,32.94615844595466,22.279559184428717,0.5412833006574398,4.142604549896237,Basal
TCGA-OL-A5RX-01A-11R-A28M-07,0.11133466468988075,-39.59853656093666,29.426814052103587,0.8860598334000319,-6.613510820994666,LumA
TCGA-OL-A5RY-01A-21R-A28M-07,-55.427460217314554,-44.64829944461731,-6.012809169701411,-12.814015272700034,3.1975745475250106,Normal
TCGA-OL-A5RZ-01A-11R-A28M-07,-9.126293597715021,21.409947016573373,-13.702060677176723,-17.255366775189685,24.590694364531565,Her2
TCGA-OL-A5S0-01A-11R-A28M-07,-76.59039746600324,23.078930574770627,20.411526340373143,11.976294983422425,5.102298905870538,Basal
TCGA-OL-A66H-01A-11R-A29R-07,27.6685006382282,5.750039062955856,-21.198093224261022,17.444784350399196,-27.087890823342853,LumA
TCGA-OL-A66I-01A-21R-A29R-07,-73.10654471515484,9.188500529791886,-6.648324161428075,21.11099687679855,-4.796659982128433,Basal
TCGA-OL-A66J-01A-11R-A29R-07,24.495072444165526,-0.40681191337517386,14.477389604752696,21.236502897385147,17.098405263524075,LumA
TCGA-OL-A66K-01A-11R-A29R-07,29.392811624877627,-11.528528287770275,13.54475472179338,8.799080627884207,-5.102007428520345,LumA
TCGA-OL-A66L-01A-12R-A31O-07,10.082986047728067,-28.344032747295305,19.66503090831075,-4.325342108090593,-3.9623910898012262,LumA
TCGA-OL-A66N-01A-12R-A31O-07,-6.201385491004271,-28.41085119480714,-0.1480022879009521,-7.163822278858321,-2.341887168966963,LumA
TCGA-OL-A66O-01A-11R-A31O-07,32.08159623247732,6.486310682596171,-19.012066088519394,23.334961459890135,5.555629375944721,LumA
TCGA-OL-A66P-01A-11R-A31O-07,-39.88533069700598,-35.036501933899935,-38.04518896836902,-26.449131424256443,-3.613153138004058,Her2
TCGA-OL-A6VO-01A-12R-A33J-07,-66.03348964925813,38.01637182896992,4.359344075569145,8.341023381024831,-5.592089567521628,Basal
TCGA-OL-A6VQ-01A-12R-A41B-07,12.786842629393593,-40.70866982658541,24.98841983111418,4.788649897720814,5.652379686917767,LumA
TCGA-OL-A6VR-01A-32R-A33J-07,31.563738470789797,-11.610404497521541,18.052869078247348,13.944765636380755,7.117483528610578,LumA
TCGA-OL-A97C-01A-32R-A41B-07,8.52727308211203,11.191494963798466,23.739460187556432,11.166297759358146,10.236090847278435,Normal
TCGA-PE-A5DC-01A-12R-A27Q-07,23.94676498481195,16.21407392414945,10.071981908112559,5.325584660051886,21.964349209711173,LumA
TCGA-PE-A5DD-01A-12R-A27Q-07,27.962397842982693,-22.86416477045323,-7.056840239537252,-9.330605068141645,-5.296620799003536,LumA
TCGA-PE-A5DE-01A-11R-A27Q-07,7.686496055879329,-44.36089955556834,-11.439288157916465,2.1093024281654436,-32.014750492671375,LumA
TCGA-PL-A8LV-01A-21R-A41B-07,-74.26121348091577,-3.7372600622395917,-5.01947932648392,10.746206223553099,-0.3741087333136447,Basal
TCGA-PL-A8LX-01A-11R-A41B-07,44.51090649132487,59.33703117630774,-11.519353917857886,24.359043861831122,-19.847447587078058,LumA
TCGA-PL-A8LY-01A-11R-A41B-07,-22.942298960346484,-11.513668358086695,46.996208124930725,6.93949316425775,-1.736855861364133,Normal
TCGA-PL-A8LZ-01A-31R-A36F-07,-69.9931799404989,4.844255201136924,-8.621830022513223,13.196044567605059,-16.686131194033713,Basal
TCGA-S3-A6ZF-01A-32R-A32P-07,11.185301989445255,-2.184601767527188,-18.16508547543626,1.4087478355447178,13.723456048462134,LumB
TCGA-S3-A6ZG-01A-22R-A32P-07,24.774647828081076,-20.275876492460696,-12.092235651963954,9.772903575575793,-5.44942433004171,LumA
TCGA-S3-A6ZH-01A-22R-A32P-07,17.66104490240275,4.11316666607824,-9.000495334542483,9.672017831291928,2.8924338567321315,LumA
TCGA-S3-AA0Z-01A-11R-A41B-07,-66.49760904744417,13.503665352383488,-1.0356651387303843,5.496133631936657,-16.221695799951096,Basal
TCGA-S3-AA10-01A-21R-A41B-07,-91.3599874617134,5.043827483455276,-20.43670415509235,26.09479312392312,-13.786663946583452,Basal
TCGA-S3-AA11-01A-31R-A41B-07,31.12283598179855,5.30659861269654,17.6795791379867,-3.3534087240988937,10.535941791685818,LumA
TCGA-S3-AA12-01A-11R-A41B-07,42.159288005335604,29.298695917882817,-33.97353139853225,25.680312939574893,7.480243801171393,LumA
TCGA-S3-AA14-01A-11R-A41B-07,13.639122779094906,-30.174467611275986,9.491206813782073,-7.266390562111558,15.143089533247162,LumA
TCGA-S3-AA15-01A-11R-A41B-07,-77.2077398877189,-45.46111345497155,-16.686471746697826,26.44245054423093,-10.962565463192732,Basal
TCGA-S3-AA17-01A-11R-A41B-07,3.5918510313534493,-26.586168361413485,-48.67732159787181,17.049841773437677,-19.2630694203458,LumB
TCGA-UL-AAZ6-01A-11R-A41B-07,12.51928464745333,26.53068461400803,-16.455362735808695,-4.394677292148099,22.899262261092186,LumA
TCGA-UU-A93S-01A-21R-A41B-07,-27.272350945250672,22.357610068412892,-19.147887748589966,-46.26522011179,-6.702270606431881,Her2
TCGA-V7-A7HQ-01A-11R-A33J-07,22.06963879758979,-11.528651265121011,9.053248997382575,-3.726653098954463,21.534779412446415,LumA
TCGA-W8-A86G-01A-21R-A36F-07,10.760847536124722,-24.10966625195512,46.951315426571256,-1.4067891242080475,8.602648479039482,LumA
TCGA-WT-AB41-01A-11R-A41B-07,1.2364486278403244,-14.855039009581459,-26.818562593431505,22.25989734148329,0.48721215525142436,LumA
TCGA-WT-AB44-01A-11R-A41B-07,5.559654484374969,-2.210030458149641,17.521997504229898,-35.550913319484415,-1.1515088293771618,LumA
TCGA-XX-A899-01A-11R-A36F-07,2.7979941185758976,-36.04270711287218,9.139314110291012,8.943076893320697,0.9233292688434541,LumA
TCGA-XX-A89A-01A-11R-A36F-07,-11.450494219471501,-39.74494299346331,1.2250752345665066,-1.549339528321602,-0.91984374700018,LumA
TCGA-Z7-A8R5-01A-42R-A41B-07,-17.044753357400726,-28.096931976223924,37.24078451304889,-9.058116111635186,1.3854722121261251,LumA
TCGA-Z7-A8R6-01A-11R-A41B-07,29.204933070785188,6.069687691955433,7.854671537469098,-2.4224807622476483,8.966265806400877,LumB
