full_barcode,PC1,PC2,PC3,PC4,PC5,PAM50
TCGA-3C-AAAU-01A-11R-A41B-07,16.568251507119125,-10.093242938008954,6.486712355490032,-14.01665846120764,0.655668882655641,LumA
TCGA-3C-AALI-01A-11R-A41B-07,-6.509018592488328,0.38983922327916415,20.125043861369633,7.6690953781444895,3.9623690214665555,Her2
TCGA-3C-AALJ-01A-31R-A41B-07,7.802516923888244,-3.0779834105753903,14.839308831593735,-8.488419533946379,6.599467752535734,LumB
TCGA-3C-AALK-01A-11R-A41B-07,4.286629803826866,15.034507245730106,-1.622662258004499,5.343518234513549,5.9141757274683044,LumA
TCGA-4H-AAAK-01A-12R-A41B-07,4.264265104382859,8.203576244044879,-7.126992746690168,1.797435694748927,7.38438579138708,LumA
TCGA-5L-AAT0-01A-12R-A41B-07,5.199589638221683,15.165813478845006,-4.533098007987596,-2.0116898283117184,-0.7276065109334958,LumA
TCGA-5L-AAT1-01A-12R-A41B-07,0.1658200082013379,13.792046249323798,6.473968958882355,5.228487165705712,-2.680155430750185,LumA
TCGA-5T-A9QA-01A-11R-A41B-07,16.392267285057883,-29.431730717414766,5.699358737757386,-2.9114205438653458,-2.8445573729883757,LumB
TCGA-A1-A0SB-01A-11R-A144-07,-20.46451488999136,-11.335939135557531,-31.15751600125308,-1.2166766458931553,5.330561754921616,Normal
TCGA-A1-A0SD-01A-11R-A115-07,4.58462632647921,12.176989885294656,-4.124119647087694,-3.4646568545447787,8.044233119392203,LumA
TCGA-A1-A0SE-01A-11R-A084-07,6.149055226584122,12.047148269059651,-11.968922902131737,-3.1537946217331227,1.7921678609466882,LumA
TCGA-A1-A0SF-01A-11R-A144-07,4.886463254552219,20.3185931313971,-2.14995569026505,-2.000013227821996,0.08766425706943201,LumA
TCGA-A1-A0SG-01A-11R-A144-07,11.203708441414076,4.567435929531812,0.08261745990420723,1.3367325122536493,4.0941282817428855,LumA
TCGA-A1-A0SH-01A-11R-A084-07,2.3627865059837503,6.635384893240407,-8.071380962370506,8.816481889217858,11.328040464638805,LumA
TCGA-A1-A0SI-01A-11R-A144-07,-3.4462713363702493,12.064551342460533,5.492574521405298,13.376901359442538,-1.4009368175107038,LumB
TCGA-A1-A0SJ-01A-11R-A084-07,1.1020007150916622,10.650043242196583,0.8431981419891472,-11.191028250336801,10.607030015175912,LumA
TCGA-A1-A0SK-01A-12R-A084-07,-18.84536784340854,-21.20185830886768,-10.256315905356528,-9.746746115727857,17.04401813166764,Basal
TCGA-A1-A0SM-01A-11R-A084-07,10.921931116487517,-6.112601412432902,-7.3014830489240055,14.136261297340834,6.326585485678387,NA
TCGA-A1-A0SN-01A-11R-A144-07,5.333427845478795,-1.1767771872963548,3.852803361169246,5.243684019746151,6.289079892600579,LumB
TCGA-A1-A0SO-01A-22R-A084-07,-26.01003574108444,-21.739687615480168,-2.154390599799647,-7.236017976470423,1.5152859096552085,Basal
TCGA-A1-A0SP-01A-11R-A084-07,-34.766298334816526,-2.8485146126644287,-3.4729381900364578,-7.821932285912208,4.918772704080009,Basal
TCGA-A1-A0SQ-01A-21R-A144-07,15.058806563641566,-0.6571652328575247,2.3151749664664165,-10.804807939997124,-1.00915494896376,LumA
TCGA-A2-A04N-01A-11R-A115-07,12.836361104171795,6.203408721478744,-2.5474798320274084,3.938018336478146,4.2045162726116345,LumA
TCGA-A2-A04P-01A-31R-A034-07,-34.838461201092485,-1.3672152319956377,-1.2623129897052743,1.5343314371307573,-8.000836294229018,Basal
TCGA-A2-A04Q-01A-21R-A034-07,-33.910956266371535,11.607324053061388,9.219072308278456,-4.743225729778371,-7.712018218183909,Basal
TCGA-A2-A04R-01A-41R-A109-07,16.792660728815324,-8.001997155905554,-0.6099055208047132,-10.374936068202027,5.872548479422305,LumB
TCGA-A2-A04T-01A-21R-A034-07,-39.40303277474781,-9.809058078773955,-5.2894613192224,-9.660933970738135,1.3355180043837545,Basal
TCGA-A2-A04U-01A-11R-A115-07,-31.047877387554976,-21.97890267899953,-10.259734521155083,-2.1418422941472786,0.7973067869626129,Basal
TCGA-A2-A04V-01A-21R-A034-07,21.244238889167136,-6.434648547517026,-2.783097378652375,-6.548947140937341,3.8545371262297268,LumA
TCGA-A2-A04W-01A-31R-A115-07,-8.627025439601548,-1.3218165473198644,2.860006383316144,23.945483323920524,5.00058792603773,Her2
TCGA-A2-A04X-01A-21R-A034-07,-2.2443657958735446,3.9989050718771737,23.424601619211558,3.5951767640312506,-5.781077086647102,Her2
TCGA-A2-A04Y-01A-21R-A034-07,3.4558576551260476,3.5498425138134504,7.146271634004201,-1.0291950152922733,0.1690416444337087,LumB
TCGA-A2-A0CK-01A-11R-A22K-07,7.903840957935915,11.363088908286711,-9.75836335296865,-9.465389527527943,-3.093317052405801,LumA
TCGA-A2-A0CL-01A-11R-A115-07,-11.648535242216726,14.619248180114841,16.85358424755308,-10.299412283194377,1.784163917460004,Normal
TCGA-A2-A0CM-01A-31R-A034-07,-36.98635234707605,-10.06827617134446,7.6828264370678445,-3.7175392282903097,-4.2940850095064675,Basal
TCGA-A2-A0CO-01A-13R-A22K-07,1.3878966568481046,21.365098187141083,-9.245837988319831,-3.8026990592943015,-6.353841391319933,LumA
TCGA-A2-A0CP-01A-11R-A034-07,2.3945396854913024,13.720648340759828,-9.803262384373562,0.38146666617545605,5.267035686645361,LumA
TCGA-A2-A0CQ-01A-21R-A034-07,23.685595274156974,-7.901003911396323,-7.535115567282425,6.196993938255667,-16.3723642200463,LumA
TCGA-A2-A0CR-01A-11R-A22K-07,-7.6624066708653356,26.78486472881839,1.31511151322193,-4.653998675283517,-10.437885922009288,LumA
TCGA-A2-A0CS-01A-11R-A115-07,22.53206465428002,-7.531322542881601,-8.585470469141852,11.994547998282748,-4.892856708934097,LumA
TCGA-A2-A0CT-01A-31R-A056-07,8.660949554851236,-8.456132747275511,0.6582563259685931,-5.640829209289226,15.925991585419284,LumA
TCGA-A2-A0CU-01A-12R-A034-07,15.669521514799776,-1.2262991466018272,-8.262840832605525,-13.323444312889087,8.455254593595,LumA
TCGA-A2-A0CV-01A-31R-A115-07,0.49648226365186404,14.34784396203869,-9.281964511501346,1.83635225980074,-6.214115281475037,LumA
TCGA-A2-A0CW-01A-21R-A115-07,5.985953721898885,-9.685428094701752,12.57524210315024,1.4807690958833275,4.0684432752301065,LumB
TCGA-A2-A0CX-01A-21R-A00Z-07,-5.062923950888255,-2.066300074015165,9.373549709778123,18.82745726523114,6.154771996537643,Her2
TCGA-A2-A0CY-01A-12R-A034-07,-7.864132567850809,-22.19465556368577,-9.440902953538677,10.360253909576148,2.6304141114104995,LumB
TCGA-A2-A0CZ-01A-11R-A034-07,-7.65855316455006,19.237678048434528,-5.307940877596186,-6.527109143209738,7.699848108583732,Normal
TCGA-A2-A0D0-01A-11R-A00Z-07,-32.87228963835148,-23.855513086218856,-6.681646353502009,1.3854968991385408,-7.5780725826124,Basal
TCGA-A2-A0D1-01A-11R-A034-07,-2.757102084302555,-17.91285766992742,8.852586830655627,7.62210654972923,8.016655042487768,Her2
TCGA-A2-A0D2-01A-21R-A034-07,-33.79819023914914,-5.550096710281476,-1.8973572838966204,-6.850709361348723,-3.352748407208174,Basal
TCGA-A2-A0D3-01A-11R-A115-07,11.038006706163056,3.004525318825849,2.2910936071463044,5.785399870226827,-9.692244538978885,LumA
TCGA-A2-A0D4-01A-11R-A00Z-07,16.14282421323807,-7.280038158409192,0.756423262990354,-8.687380287063505,4.225813482961122,LumB
TCGA-A2-A0EM-01A-11R-A034-07,18.999435462232224,2.003620459403694,-11.976585786595429,3.248160106732936,-5.189730979774207,LumA
TCGA-A2-A0EN-01A-13R-A084-07,2.38170570606299,19.01718419352886,-0.8053905993646872,4.812608446477956,-4.005792835523383,LumA
TCGA-A2-A0EO-01A-11R-A034-07,2.175687127615644,17.42011697787002,-7.5529394737325015,-1.5044397548581026,4.41529683108468,LumA
TCGA-A2-A0EP-01A-52R-A22U-07,-3.6528893517679917,21.943953629815315,4.558181577208464,-0.6987833048299327,-4.185979716141366,LumA
TCGA-A2-A0EQ-01A-11R-A034-07,-10.370907910683707,5.36871034405133,22.46622928670614,-1.9038932237031583,2.1100425504261593,Her2
TCGA-A2-A0ER-01A-21R-A034-07,20.792649630096378,-1.2657315625038912,-0.30816970305720726,-13.73584167850054,-0.3033606316829959,LumA
TCGA-A2-A0ES-01A-11R-A115-07,1.6727585874503292,18.056504917464657,-21.53545967468776,-3.4778916653807426,2.680445685639841,LumA
TCGA-A2-A0ET-01A-31R-A034-07,22.040068329912703,-11.317540599827419,7.554654125386255,-13.316202008917609,-9.028929086752932,LumA
TCGA-A2-A0EU-01A-22R-A056-07,11.512508400186706,-3.48530006401415,-1.2479070429050099,-3.7316547674392937,8.351254626911622,LumA
TCGA-A2-A0EV-01A-11R-A034-07,5.2962910719302805,8.036852646365805,5.471155259877497,1.227669061835928,1.6324000781123666,LumA
TCGA-A2-A0EW-01A-21R-A115-07,2.781943362978865,21.44456549143282,-15.804987006333622,-1.2704249527778453,1.5540453589135976,LumA
TCGA-A2-A0EX-01A-21R-A034-07,5.781617302155392,14.252883205888493,-5.8570930762798366,-0.17960394822440925,7.63535655798766,LumA
TCGA-A2-A0EY-01A-11R-A034-07,0.07008338860372779,8.532094638125631,9.903594923402867,15.684212590356756,1.760509177663296,LumB
TCGA-A2-A0ST-01A-12R-A084-07,-33.3948986775817,17.00756926630143,5.862415546299443,-9.246915310183457,-9.08778580496062,Basal
TCGA-A2-A0SU-01A-11R-A084-07,9.93789321173665,4.382878085066702,-8.017458394546269,-5.779611009616298,0.29397188745938135,LumA
TCGA-A2-A0SV-01A-11R-A084-07,7.030367222454985,-14.114319786123499,7.743400000253463,12.382079014421876,-0.9441899712547629,LumB
TCGA-A2-A0SW-01A-11R-A084-07,-6.404984383935917,14.117366100756946,25.272778872011646,2.6136169815481023,-2.7597283939394686,LumB
TCGA-A2-A0SX-01A-12R-A084-07,-35.96136439330901,8.362769626737148,0.6416919256235153,-5.316489065847609,-0.0019692617576806447,Basal
TCGA-A2-A0SY-01A-31R-A084-07,4.702186823023485,17.105996652415946,-5.383348566087614,-2.3486080974319807,1.8623467703697627,LumA
TCGA-A2-A0T0-01A-22R-A084-07,-30.82112160787554,-20.231874409907434,-4.249205251082031,5.891124650867013,0.25191427795864285,Basal
TCGA-A2-A0T1-01A-21R-A084-07,-15.722818426330063,12.616703462059782,19.7464600071556,10.323676832556643,-0.6896925006157941,Her2
TCGA-A2-A0T2-01A-11R-A084-07,-28.801381816505984,-21.0591023195554,-7.946289719614937,6.964239248307991,-3.510735731106692,Basal
TCGA-A2-A0T3-01A-21R-A115-07,8.179887626070707,-1.9341663349866818,-6.676622643600702,-3.658439816746286,8.029606513862372,LumB
TCGA-A2-A0T4-01A-31R-A084-07,7.525135999455467,12.526854935127178,-0.630115398470337,-5.955426872131536,6.4315300975892535,LumA
TCGA-A2-A0T5-01A-21R-A084-07,6.325690022010759,1.7071861633990062,-13.578795388578841,4.1516367117499975,-1.0738493542609255,LumA
TCGA-A2-A0T6-01A-11R-A084-07,3.507969045284532,13.416816775274533,0.0721504818747652,2.601218803638025,5.4602371346427105,LumA
TCGA-A2-A0T7-01A-21R-A084-07,-5.618043298798178,5.347251548439288,-10.103449404851332,7.050256599489723,9.715061652703515,LumA
TCGA-A2-A0YC-01A-11R-A109-07,20.10124443128895,2.260021837646054,1.6540245527684865,-2.5843534898711087,-6.35799773005513,LumA
TCGA-A2-A0YD-01A-11R-A109-07,7.1050819449473925,13.542508549611135,-7.222942067986202,2.1105802579813413,-0.09582532379593954,LumA
TCGA-A2-A0YE-01A-11R-A109-07,-32.41339915236367,-13.04805302421092,-7.592778494803171,-1.3181593956042663,2.801281601575319,Basal
TCGA-A2-A0YF-01A-21R-A109-07,17.009790498769046,2.1051486193720454,-0.5502491637107256,-0.6431701271038166,-6.128602986631671,LumA
TCGA-A2-A0YG-01A-21R-A109-07,3.243513810787839,-3.308923021984141,8.203106456588515,9.629094830453333,6.415264369902272,LumB
TCGA-A2-A0YH-01A-11R-A109-07,2.7172212101336983,7.390754230570341,17.469199723881943,-4.310598567740264,6.04876589528146,LumB
TCGA-A2-A0YI-01A-31R-A10J-07,7.501571093848358,20.470866335055465,2.2823507002572527,-3.2801857250869095,-8.853004241824523,LumA
TCGA-A2-A0YJ-01A-11R-A109-07,-35.852217786051924,-26.43735514010696,-12.8374022601895,2.587042977566672,0.0829084818499388,Basal
TCGA-A2-A0YK-01A-22R-A109-07,-11.21070955591836,28.692386109388437,-6.970320853883868,-2.7341687038711733,-0.3753754434743075,Normal
TCGA-A2-A0YL-01A-21R-A109-07,0.30089157416662643,16.472188996571514,-14.314330618486443,-1.5984812597304898,1.8203012620303816,LumA
TCGA-A2-A0YM-01A-11R-A109-07,-36.84017159531547,-14.9840272471411,-6.00693943534247,-5.956558361381233,0.6164092648732059,Basal
TCGA-A2-A0YT-01A-11R-A109-07,5.606648842740104,-7.126086141804704,10.036009258162752,-0.18782738392117992,4.3942985023774135,LumB
TCGA-A2-A1FV-01A-11R-A13Q-07,16.010440178337152,-1.091772524193626,-12.819534555195439,-14.540306760392463,11.871695410409377,LumA
TCGA-A2-A1FW-01A-11R-A13Q-07,8.178316727367681,2.687129214835141,8.47438782812508,-10.738378339404694,13.543189288364987,LumB
TCGA-A2-A1FX-01A-11R-A13Q-07,16.541975082914167,-8.610318153999064,2.9081687309563655,-16.249813458430207,6.1069159637020975,LumB
TCGA-A2-A1FZ-01A-51R-A14D-07,9.12427935573663,10.344105114513383,-10.026715439940226,0.163190487262164,-0.5054119534683413,LumA
TCGA-A2-A1G0-01A-11R-A13Q-07,7.362985975532065,18.631847742641654,-3.9466259928345173,-14.54667323510516,1.04244803944873,LumA
TCGA-A2-A1G1-01A-21R-A13Q-07,-33.688664532997166,-8.37528084622535,4.2804672911915755,0.18704707429676368,2.7024439591284657,Basal
TCGA-A2-A1G4-01A-11R-A13Q-07,13.373333550837335,1.1613092230123134,7.15325886512205,-10.712298146707942,-0.3864745914349028,LumB
TCGA-A2-A1G6-01A-11R-A13Q-07,-7.8314160874664065,20.270533575330607,-17.536992400126074,-7.990490091407795,0.6990750664156504,Normal
TCGA-A2-A259-01A-11R-A16F-07,6.1556629139672605,12.74848000662187,-5.076943826188238,-9.382078851996901,3.016712486443203,LumA
TCGA-A2-A25A-01A-12R-A16F-07,-1.9526923754987324,19.21326968793822,-12.640168276594625,-3.4399056782331976,1.1302856997292958,Normal
TCGA-A2-A25B-01A-11R-A169-07,8.090993695179858,-7.015995427779435,15.354078870418036,2.7431440104544382,6.326272528614997,LumB
TCGA-A2-A25C-01A-11R-A169-07,10.180507060776199,5.9749886468879945,3.9981359717498397,0.7021580844692104,2.403979280302185,LumB
TCGA-A2-A25D-01A-12R-A16F-07,0.6134809543153071,8.828370009131348,9.749281050704075,-5.999997264069014,-2.9960707708051038,LumA
TCGA-A2-A25E-01A-11R-A169-07,12.54858533531158,-4.859919884337147,3.4989279262737387,-10.88225271411298,2.6037810298224,LumB
TCGA-A2-A25F-01A-11R-A169-07,-29.612312131438472,8.72673318636508,10.971637306205192,-12.429326883620176,1.3641269448444278,Basal
TCGA-A2-A3KC-01A-11R-A213-07,3.5120014293719146,13.601874578873813,-7.102240937250804,-3.5877100858428257,2.1119202486289272,LumA
TCGA-A2-A3KD-01A-12R-A213-07,7.0646381500326605,11.475855278400886,-8.333793621331557,-4.244340662750005,-4.032461245028067,LumA
TCGA-A2-A3XS-01A-11R-A22U-07,-35.08671244985543,-6.403297265072223,-9.395296601639753,-4.59729035548219,-2.615060197889029,Basal
TCGA-A2-A3XT-01A-11R-A22U-07,-28.926787776253125,-10.346453953759195,1.610154935178544,-6.853938996477654,-10.337296777975327,Basal
TCGA-A2-A3XU-01A-12R-A22U-07,-30.95605568039561,-16.264070547579575,-12.296130288149406,-1.3283206242350907,-5.9913998552564625,Basal
TCGA-A2-A3XV-01A-21R-A239-07,-0.8633343629033755,-13.14438297291366,6.986744846106125,24.658573712932775,-3.8625039050523124,Her2
TCGA-A2-A3XW-01A-11R-A239-07,-7.266076167423682,0.8190093047501702,-9.458944397699202,-1.614620718502728,1.530434142535572,Normal
TCGA-A2-A3XX-01A-21R-A239-07,-38.22320221161079,-3.8166695193766564,-4.594462051819527,-6.103476256702227,-2.0497721055859457,Basal
TCGA-A2-A3XY-01A-11R-A239-07,-34.779474156741955,1.4988441829005041,-7.161129437000695,-5.954827314843656,1.495626311101909,Basal
TCGA-A2-A3XZ-01A-42R-A239-07,-13.967416711221441,11.910454776319039,10.033992559276193,3.5973282367443655,-4.871727476885485,Her2
TCGA-A2-A3Y0-01A-11R-A239-07,-35.267639754429446,-10.099660428393916,9.743015443289664,3.4786581753583814,-5.791357783472391,Basal
TCGA-A2-A4RW-01A-21R-A266-07,6.404013389742661,8.67940529663099,-2.3980143140384627,-2.710853909585358,7.327312634775299,LumA
TCGA-A2-A4RX-01A-11R-A266-07,-31.834220109326946,6.405605573402636,-10.680090339389672,-3.576002327497532,8.165065103413099,Basal
TCGA-A2-A4RY-01A-31R-A266-07,-6.2467502468114775,22.87407457672894,-16.7323515233594,-5.109845977802151,1.9085364294892289,Normal
TCGA-A2-A4S0-01A-21R-A266-07,25.160744225099396,-20.464116606076857,-6.255728648773682,-15.51750303012193,-5.5409722837214295,LumA
TCGA-A2-A4S1-01A-21R-A266-07,-10.71484087191776,-19.37048262899887,-0.16825737936163387,-0.28559150610669914,3.7813712779854587,Basal
TCGA-A2-A4S2-01A-12R-A266-07,9.031564290735593,6.578441429038627,-3.2653344205243493,-0.37436300925427474,-7.624895409491133,LumA
TCGA-A2-A4S3-01A-21R-A266-07,0.8213934834874517,-4.494290008439157,11.788278623382334,1.3639212071972762,5.106017307903758,LumB
TCGA-A7-A0CD-01A-11R-A00Z-07,18.277988180649157,-6.538287807532287,2.8820977825807503,-6.859438720086116,-3.0467978894348446,LumA
TCGA-A7-A0CE-01A-11R-A00Z-07,-27.289309888193465,-7.474790135918782,-11.747656568501746,-6.42365092577272,0.757383374914049,Basal
TCGA-A7-A0CG-01A-12R-A056-07,-5.37063790400563,26.037628506817974,-4.358394114587292,4.373419021495568,-0.17388945204894118,LumA
TCGA-A7-A0CH-01A-21R-A00Z-07,17.15685135763806,-0.5980831873218676,-11.832087759363032,11.878159644337542,-6.4068381141662885,LumA
TCGA-A7-A0CJ-01A-21R-A00Z-07,10.950877974390282,-14.738345418064915,3.1512104181881693,0.45327460439025063,-5.0977009350323925,LumB
TCGA-A7-A0D9-01A-31R-A056-07,4.909309961245963,-7.363371009329582,-1.5502423516467305,-4.834726013766059,14.469851543826662,LumA
TCGA-A7-A0DA-01A-31R-A115-07,-29.99061988841046,-17.82003983493318,-15.444175553579429,4.046208312965153,3.8437758733851997,Basal
TCGA-A7-A0DB-01A-11R-A00Z-07,8.550180335606598,9.700707505548575,-12.072342982148163,7.889878339635497,-1.6110046051351898,LumA
TCGA-A7-A0DC-01A-11R-A00Z-07,23.590525235541424,-18.604134132837782,-5.593034223589328,-15.46511852411504,8.378369909153353,LumA
TCGA-A7-A13D-01A-13R-A12P-07,-28.63436266228522,-23.880087544778835,-14.872444860660545,5.556483094305972,6.180878767622769,Basal
TCGA-A7-A13E-01A-11R-A12P-07,-32.54892671088852,-24.371938772380357,-10.210713504840719,-2.0716035617106323,-4.4423814470086045,Basal
TCGA-A7-A13F-01A-11R-A12P-07,16.916088614281428,-9.520103529273642,-3.8126784046050513,-6.104898787711499,1.3138211702235372,LumB
TCGA-A7-A13G-01A-11R-A13Q-07,23.425956255772626,-4.043021661263215,-11.97857309311634,4.346081521349191,-6.830949804261386,LumA
TCGA-A7-A13H-01A-11R-A22K-07,2.397135191827949,18.667191123065273,-5.188363392013353,-1.8809906227248916,-3.603202142194072,LumA
TCGA-A7-A26E-01A-11R-A169-07,15.120369935535354,6.469666820202398,-11.158303819214844,5.262227674622998,3.8367458531951804,LumA
TCGA-A7-A26F-01A-21R-A169-07,-24.65132565555381,2.1738238729520245,6.1786600569780425,13.712458615887172,8.335547964313886,Basal
TCGA-A7-A26G-01A-21R-A169-07,-29.00207941402356,10.262274806497834,-1.9658444317288026,-0.5511094445593923,2.892428445959339,Basal
TCGA-A7-A26H-01A-11R-A169-07,11.053801632326932,5.564051378494494,-0.4207804145242185,5.187264537624996,-0.6649294701880625,LumA
TCGA-A7-A26I-01A-11R-A169-07,-22.078121440859977,-14.73811334304334,-8.54080058099255,2.211432224786456,9.625164901441323,Basal
TCGA-A7-A26J-01A-11R-A169-07,13.360986192237986,-1.102119987327008,-2.4366513622811463,-0.3397199590113219,3.216156591196159,LumA
TCGA-A7-A2KD-01A-31R-A21T-07,4.632240812992007,2.5786900775308426,6.155689532527198,4.710620793781989,2.360280056704612,LumB
TCGA-A7-A3IY-01A-21R-A21T-07,5.226039286776044,-5.072598682014662,-17.092112030336924,-0.5181763985165775,-5.557593417626104,LumA
TCGA-A7-A3IZ-01A-11R-A213-07,28.952142196910824,-13.741429815634824,-4.388369786529418,-10.127984277480971,-0.19968033499231297,LumA
TCGA-A7-A3J0-01A-11R-A213-07,8.068091918296838,-7.412012278123333,-2.2140253011787348,-12.203671780556308,-3.463015289511676,LumA
TCGA-A7-A3J1-01A-11R-A213-07,8.439647253132389,16.75268888677464,-0.11071337853354085,-4.042802836802663,-8.094459790977556,LumA
TCGA-A7-A3RF-01A-11R-A22K-07,25.91386894184495,-20.222012854106676,1.8591593826535695,-11.387772662816035,-2.5284702115544104,LumA
TCGA-A7-A425-01A-11R-A24H-07,5.91277877351886,13.074840956085001,-10.652245669293748,3.2919177353169706,-6.721679776117356,LumA
TCGA-A7-A426-01A-22R-A24H-07,3.3345340340826066,20.387591950065996,-13.674506207612179,-7.159074891121889,-2.0865241224090427,LumA
TCGA-A7-A4SA-01A-11R-A266-07,2.382713035902632,12.727098095895942,-1.3308539568725406,-8.728906879962409,-0.14643426870853915,LumA
TCGA-A7-A4SB-01A-21R-A266-07,11.50409248202414,1.7855497123173323,-6.691191728064702,-8.170606281080207,0.476444596538979,LumA
TCGA-A7-A4SC-01A-12R-A266-07,3.1744963917644577,14.181110228290626,-10.089231544540006,3.8840568712514525,-3.9530324843680154,LumA
TCGA-A7-A4SD-01A-11R-A266-07,-36.60495852866348,-3.112637555434295,7.925672158315005,-0.7214348179435325,-4.856199050311619,Basal
TCGA-A7-A4SE-01A-11R-A266-07,-27.299633664117586,-8.150160016978,-16.3051140883663,0.9461327483446071,5.866722552161876,Basal
TCGA-A7-A4SF-01A-11R-A266-07,7.920904788716662,-4.794505378261212,15.60604901436635,4.223436845074066,-2.2950257048095883,Her2
TCGA-A7-A56D-01A-11R-A27Q-07,2.6019099336061804,-6.7254743278811695,10.024097097704567,13.807599899267881,-0.9426577537498878,LumA
TCGA-A7-A5ZV-01A-11R-A28M-07,-26.11765083945945,-29.443772779403595,-15.228800420778743,-1.57660140665004,-0.2775436687148001,Basal
TCGA-A7-A5ZW-01A-12R-A29R-07,5.675547229075477,10.83404262775917,-12.219981139528759,4.209428217700346,1.9363271390963244,LumA
TCGA-A7-A5ZX-01A-12R-A29R-07,4.915392395481347,13.945736837592332,-18.705878289894574,1.1075626802158793,2.4932044441555696,LumA
TCGA-A7-A6VV-01A-22R-A33J-07,-33.8900418308074,-6.536270823345845,-4.648032833260233,0.8641047515181435,1.732256153982991,Basal
TCGA-A7-A6VW-01A-21R-A33J-07,-32.5857930990384,-11.46131596413158,-5.61612468878834,8.7056267764136,-4.950492548343145,Basal
TCGA-A7-A6VX-01A-12R-A33J-07,9.891566878998304,-9.205426786322422,-1.8328248930148334,11.574917038489373,-0.016812328796783665,LumB
TCGA-A7-A6VY-01A-12R-A33J-07,-39.92628734153883,-1.9454849183807543,6.327033707955862,0.6513905968003665,-4.254843807598404,Basal
TCGA-A8-A06N-01A-11R-A00Z-07,27.391245786912194,-25.590661785552353,9.575866514312512,-19.274880474185753,-0.0031220869605331734,LumB
TCGA-A8-A06O-01A-11R-A00Z-07,10.351955348262605,0.7282925165563902,10.303857359409927,-4.191638391974612,-1.0622896438032225,LumB
TCGA-A8-A06P-01A-11R-A00Z-07,10.947927443544042,5.49862387942129,1.782281483700125,-0.7228340497226567,5.150322158530113,LumA
TCGA-A8-A06Q-01A-11R-A034-07,11.255099935771346,-13.078683821107559,5.223650802464208,8.834368090350248,-11.2284594250993,LumB
TCGA-A8-A06R-01A-11R-A00Z-07,-3.268542708040341,0.23192856574028747,18.967101998288864,5.945885469943395,7.166943171813245,LumB
TCGA-A8-A06T-01A-11R-A00Z-07,16.197487826875633,-5.309331563278295,11.106208243152611,-5.232538979789063,-12.28001414918891,LumA
TCGA-A8-A06U-01A-11R-A00Z-07,-0.09075063783878663,-2.460160373344457,9.511616419707005,0.8391236479756082,-1.4373290952813818,LumA
TCGA-A8-A06X-01A-21R-A00Z-07,4.415418062228994,-10.90419640691729,18.832066960326845,-4.67747598092605,-1.2281776123113943,LumB
TCGA-A8-A06Y-01A-21R-A00Z-07,13.88921188970856,-17.11722938715671,-3.3693228926005254,3.091650589875908,-8.11424726490917,LumA
TCGA-A8-A06Z-01A-11R-A00Z-07,26.683091991933324,-22.62510377491566,4.640055517322147,-2.157078317710992,-5.530208469833788,LumB
TCGA-A8-A075-01A-11R-A084-07,0.19441722561470676,3.7948148556776453,17.057647327816643,12.73742382274078,-0.012041226786703222,LumB
TCGA-A8-A076-01A-21R-A00Z-07,7.934945793334763,-1.8727750726941372,12.374365701960311,11.283247875248362,6.156235159786491,LumB
TCGA-A8-A079-01A-21R-A00Z-07,13.216588115202637,-6.885544360264823,9.91359095862699,-5.717341116606869,-3.099173158178367,LumB
TCGA-A8-A07B-01A-11R-A00Z-07,6.460185311097391,-9.45294341366709,-3.631084354285471,17.478858261982314,2.9151855753229845,LumA
TCGA-A8-A07C-01A-11R-A034-07,-33.71583567753632,-11.333447258812077,2.0992671699896217,-8.341976594609811,0.12862981385501152,Basal
TCGA-A8-A07E-01A-11R-A034-07,4.2728374446654565,4.279306132879071,-9.816277434708622,8.088097252874292,6.016289333562577,LumA
TCGA-A8-A07F-01A-11R-A00Z-07,8.312252651386096,1.567076585225535,1.409031320296663,10.120765463059984,1.422351212379955,LumA
TCGA-A8-A07G-01A-11R-A034-07,3.085129485046037,8.43869385755725,-4.633365189669857,11.525037682976247,2.333539505700123,LumA
TCGA-A8-A07I-01A-11R-A00Z-07,1.567942916391009,4.24008208060644,14.909256920859796,4.3815202458406475,4.632811461170708,Her2
TCGA-A8-A07J-01A-11R-A00Z-07,12.306208547892286,5.770250035926815,-2.61451474843054,-0.4072769145220602,3.6584735026107245,LumA
TCGA-A8-A07L-01A-11R-A00Z-07,10.57584324355117,-17.786753718966526,3.3807008293288234,-4.042613870900806,13.246271278222412,LumB
TCGA-A8-A07O-01A-11R-A00Z-07,-27.08086319996491,-22.549149760215325,0.15764357172515578,-2.482425442950541,-5.770092100372907,Basal
TCGA-A8-A07P-01A-11R-A00Z-07,20.15768771593965,-5.454518261090413,4.818899486302621,-1.8195482456129886,3.4547821205333182,LumA
TCGA-A8-A07R-01A-21R-A034-07,-34.34024013237903,-17.296190166358755,-4.528223263281766,-1.8802145979912255,1.1757252397993754,Basal
TCGA-A8-A07S-01A-11R-A034-07,21.980923457521275,-10.95631259896857,-6.117454945822644,4.6854505295150055,-13.566327087134107,LumB
TCGA-A8-A07U-01A-11R-A034-07,-35.34173943463148,10.627409436335865,14.601910005803182,-3.493724039324179,-5.343465737463495,Basal
TCGA-A8-A07W-01A-11R-A00Z-07,8.886022160025249,-9.647991050993026,10.87241792595845,2.2258877103803925,10.07649074320095,LumB
TCGA-A8-A07Z-01A-11R-A00Z-07,20.190730338456106,-9.255792793868034,1.7634463898264885,-6.873258280214281,-10.747291121736847,LumA
TCGA-A8-A081-01A-11R-A00Z-07,1.5444711614323592,1.6613380909040292,21.19314503005286,2.845210216112832,-2.502571556050261,LumB
TCGA-A8-A082-01A-11R-A00Z-07,22.997836395968115,-20.785474860512334,-4.555436819405788,-5.127585377512978,6.849472353437094,LumB
TCGA-A8-A083-01A-21R-A00Z-07,27.424514272508233,-14.461673656410063,-0.7917084991314394,1.1069598876117634,-14.64586904308225,LumA
TCGA-A8-A084-01A-21R-A00Z-07,11.701003717631023,-6.04447317122398,1.7526004816319047,22.87248912289536,-1.983019325772645,LumB
TCGA-A8-A085-01A-11R-A00Z-07,24.737971179808426,-25.195077607507823,-1.2054596102055328,-3.752195408311313,5.5740433392297835,NA
TCGA-A8-A086-01A-11R-A00Z-07,15.786143797931498,-7.3120413395341215,-4.653281469375128,-6.917679892578578,8.947230932035845,LumA
TCGA-A8-A08A-01A-11R-A32Y-07,22.017417137940004,-2.876125720068273,-1.3778251161313932,6.251214654893534,-9.922112378757832,LumA
TCGA-A8-A08B-01A-11R-A00Z-07,-0.8503364288913692,-1.0637150043138104,8.783864109678534,15.442430136421025,-9.624775296618438,Her2
TCGA-A8-A08C-01A-11R-A00Z-07,19.374811501144585,-11.976228964664893,-6.805680141608064,7.118972248372679,-13.595513224820472,LumA
TCGA-A8-A08F-01A-11R-A00Z-07,11.656787927545533,-13.935732550436732,12.618529014429072,-2.7907883400383073,5.535531903450129,LumB
TCGA-A8-A08G-01A-11R-A00Z-07,13.261972444089409,-11.787393139626948,4.431421288545396,-7.658480891716004,2.3985920632247595,LumB
TCGA-A8-A08H-01A-21R-A00Z-07,-7.666132887135546,4.258134740331679,-5.103545598166718,-5.18416321900329,3.019157611506635,Normal
TCGA-A8-A08I-01A-11R-A00Z-07,4.067552112340028,6.193143909783632,16.13512647541197,-12.549473434719493,-5.592394590001303,LumB
TCGA-A8-A08J-01A-11R-A00Z-07,4.555595901285182,-4.100039842891584,16.710544413845902,3.595239832058262,11.780832009676562,Her2
TCGA-A8-A08L-01A-11R-A00Z-07,-5.429704222468196,-6.488461587868426,8.297634747278941,3.493945178864163,8.074914638066447,Her2
TCGA-A8-A08O-01A-21R-A056-07,10.017312951915464,4.1333687831796215,-8.221780209330305,-9.75245260523208,7.426783059757544,LumA
TCGA-A8-A08P-01A-11R-A00Z-07,1.2214044895680447,-3.332457277579984,16.473906839201724,5.680273585068835,-0.011257338350321635,LumB
TCGA-A8-A08R-01A-11R-A034-07,-38.78118372661486,-5.033676641473436,4.89641041426523,-6.5703960249227364,-1.666962366731795,Basal
TCGA-A8-A08S-01A-11R-A034-07,15.306061733879643,-8.856108452149712,3.489324459814666,7.843471800591058,-2.904370367389375,LumB
TCGA-A8-A08T-01A-21R-A00Z-07,11.97157609066257,-0.08105809768719278,2.9758083986572106,4.173414618628606,-0.15509363275095242,LumA
TCGA-A8-A08X-01A-21R-A00Z-07,-28.64825391269768,6.5285566905573225,21.184970910193886,10.464521633499686,2.391090473483856,Her2
TCGA-A8-A08Z-01A-21R-A00Z-07,8.464340664237465,-4.766708220961587,-1.1002444651149819,8.289268943677685,3.468940471200464,LumA
TCGA-A8-A090-01A-11R-A00Z-07,11.142110293100062,-6.222693387077374,3.412665512206,-4.589880466187974,-3.3849134569740413,LumA
TCGA-A8-A091-01A-11R-A00Z-07,19.453446257199325,0.102565386924651,3.2399133486625833,-15.110447768316245,9.808707941649947,LumA
TCGA-A8-A092-01A-11R-A00Z-07,9.75611993034523,-9.005655107722067,2.4090731809977752,8.563913666124108,3.6782300129304812,LumB
TCGA-A8-A093-01A-11R-A00Z-07,22.6733652741408,-2.642774334760443,-2.9270383951561545,-0.36005570683996413,-0.628215022576557,LumA
TCGA-A8-A094-01A-11R-A00Z-07,-12.193396018200442,4.745114709999875,20.79108812781762,14.596745664714112,2.115960394813019,Her2
TCGA-A8-A095-01A-11R-A00Z-07,11.078182100620637,6.707987857237898,-5.798690446482158,7.457992774845112,-3.8396832696489285,LumB
TCGA-A8-A096-01A-11R-A00Z-07,12.891318679934102,1.408752160979467,8.45662102155459,3.074969916837382,-8.279862073023034,LumB
TCGA-A8-A097-01A-11R-A034-07,3.290207162684677,-1.5465814712368535,-2.1642902974240164,1.8892422982984467,9.876231693639522,LumA
TCGA-A8-A099-01A-11R-A00Z-07,21.83176316525284,-9.878754531700002,2.457269117206056,7.0882798348585805,-14.200592480187616,LumA
TCGA-A8-A09A-01A-11R-A00Z-07,1.2543903816834139,5.396706770888426,-1.2620010329427176,-4.541443196721386,14.465765847223404,LumA
TCGA-A8-A09B-01A-11R-A00Z-07,19.339542030645134,1.414592981563132,-5.797714718686671,-0.6410566435820193,1.7244140692041259,LumA
TCGA-A8-A09C-01A-11R-A00Z-07,18.66173460696474,-7.803512706442436,-3.1313397107800203,4.167510286167127,0.3655515339675242,LumB
TCGA-A8-A09D-01A-11R-A00Z-07,4.080366119807121,-2.5447421519030957,3.9057884902908664,-2.2478513844759953,14.738690008252076,LumA
TCGA-A8-A09E-01A-11R-A00Z-07,16.439090514698325,-11.9681588384227,1.7399900880504757,0.09892295739132938,-6.234681194689455,LumB
TCGA-A8-A09G-01A-21R-A00Z-07,-4.82597999789138,5.468130945566782,13.252695321378942,12.814385074099707,-4.096120538605732,Her2
TCGA-A8-A09I-01A-22R-A034-07,5.295816901308505,-3.4198346095803265,15.483650414749592,9.82321504502737,-2.2739722665969517,LumB
TCGA-A8-A09K-01A-11R-A00Z-07,14.021120039662481,-3.606802947759696,21.31898020281616,-22.08494769207436,-3.208358645331361,LumA
TCGA-A8-A09M-01A-11R-A00Z-07,10.974238367103984,-2.796822417340591,21.777117186043206,-7.06892124817123,-5.529030423870672,LumB
TCGA-A8-A09N-01A-11R-A00Z-07,14.431575256178274,-1.5436773819327143,6.766276448004051,7.203612023106166,-1.4204609381565576,LumB
TCGA-A8-A09Q-01A-11R-A00Z-07,8.348597533017015,6.216932986243547,17.46034293169314,-3.9417613745824056,0.029778096573848136,LumB
TCGA-A8-A09R-01A-11R-A00Z-07,10.157644757601888,-6.850569698043125,7.968515237572333,-5.782123127864847,10.27565907585905,LumB
TCGA-A8-A09T-01A-11R-A00Z-07,19.26958052033271,-10.999115848705609,-8.271446833864866,7.6738633145458115,1.1905068110614787,LumA
TCGA-A8-A09V-01A-11R-A034-07,20.804092936857337,4.264338877766414,-7.335287167080511,-0.45854586145585313,-2.4929417264496694,LumA
TCGA-A8-A09W-01A-11R-A00Z-07,8.907481264263351,-3.21022736067892,9.032745496474822,11.145903316697634,4.246004961680153,LumB
TCGA-A8-A09X-01A-11R-A00Z-07,-13.128767968881993,7.329036938048653,21.93637393381638,14.985675143723226,1.0235111515900819,Her2
TCGA-A8-A09Z-01A-11R-A00Z-07,8.20373121021866,-19.109411837087993,17.336667388170035,-1.1384786740312753,-9.060128171116407,LumB
TCGA-A8-A0A1-01A-11R-A00Z-07,17.206602308546355,4.774904296798805,-5.813920380592605,5.156481723313544,-4.703346999406354,LumA
TCGA-A8-A0A2-01A-11R-A034-07,14.496675919761383,7.890580266628332,5.7136484369940845,-2.613962214014817,-2.2908836039833034,LumA
TCGA-A8-A0A4-01A-11R-A00Z-07,5.618012638821528,7.885104954052002,-13.660672362552065,-0.729731000158155,3.08405271154633,LumA
TCGA-A8-A0A6-01A-12R-A056-07,-5.218627053162338,20.071228850449387,1.5783326747992463,0.44849995964635436,-3.5053229696562456,LumA
TCGA-A8-A0A7-01A-11R-A00Z-07,-18.33592321542137,17.7219556336739,24.00165960956868,1.6715044987639336,3.0536720287030374,Her2
TCGA-A8-A0A9-01A-11R-A00Z-07,19.61733979316358,-12.600055404697393,0.25770278686885384,2.697194104132404,-2.6956928612345328,LumA
TCGA-A8-A0AB-01A-11R-A034-07,14.954583209831883,-5.33151585941737,-9.014072791668411,3.4824539451953442,0.23811852380794923,LumA
TCGA-A8-A0AD-01A-11R-A056-07,23.621056634439395,-8.47742438582271,-5.7793682312668455,2.0655116648483753,1.9649938237972717,LumA
TCGA-AC-A23C-01A-12R-A169-07,3.673362523409099,12.776294222340061,6.609057766274512,6.796673329507353,0.8879478656686558,LumA
TCGA-AC-A23E-01A-11R-A157-07,14.740514658931897,-4.070654796456329,-7.692727692703422,12.609927288684856,5.753771597357541,LumA
TCGA-AC-A23G-01A-11R-A213-07,-1.710561155539831,8.736392557434382,-15.606718833304912,2.7383986826229507,3.8227722812608507,LumA
TCGA-AC-A23H-01A-11R-A157-07,3.7752802369641163,-13.44924591476514,9.390172316874166,21.271445952189598,10.592024216304127,Her2
TCGA-AC-A2B8-01A-11R-A17B-07,11.079926395824168,9.983459156480864,-8.091125122892368,4.515106378202066,3.118604314856783,LumA
TCGA-AC-A2BK-01A-11R-A21T-07,-27.318258669061535,-27.666540657681843,-5.778490449142745,-8.88005239810839,1.7334204529508004,Basal
TCGA-AC-A2BM-01A-11R-A21T-07,15.377207364082656,-3.742321620801225,12.343311756482114,-19.564344379136866,-1.5280326568368734,LumB
TCGA-AC-A2FB-01A-11R-A17B-07,-1.405402409078466,22.930076208130046,-2.878145020846678,-4.510116711991438,-1.2162948607013906,LumA
TCGA-AC-A2FE-01A-11R-A19W-07,4.13060723049061,13.558086692762533,-0.4475130904098391,-1.4069289057514986,-3.5561067525856753,LumA
TCGA-AC-A2FF-01A-11R-A17B-07,-5.127362241839037,27.64449416358759,-4.804875535408421,-7.31205760370345,3.7869643154570554,LumA
TCGA-AC-A2FG-01A-11R-A17B-07,3.4735709508471264,21.918842821844617,-15.357632302859907,-1.6920060858288934,-5.426407773283352,LumA
TCGA-AC-A2FK-01A-12R-A180-07,-12.760018706409012,22.62647038016532,-18.348584749490527,-2.0682752346355397,3.026926631912789,Normal
TCGA-AC-A2FM-01A-11R-A19W-07,19.052440753175986,-7.605139836627453,0.29572717542617494,-14.902255283251542,10.422746824304228,LumA
TCGA-AC-A2FO-01A-11R-A180-07,2.7019354762535066,21.51243753767728,2.1243842966944984,-10.177503137599773,2.852277762835497,LumA
TCGA-AC-A2QH-01A-11R-A18M-07,-9.161735875668143,-24.794563678092707,-11.453326540730629,-5.742281635739336,23.05447619418317,Basal
TCGA-AC-A2QI-01A-12R-A19W-07,8.231907810105959,6.258809034414277,-0.8529165734509472,2.1549565950378833,-4.335472310579407,LumA
TCGA-AC-A2QJ-01A-12R-A19W-07,-21.185851933324233,-14.725411828658274,-4.00380447630827,5.102292638996737,0.684698123090892,Basal
TCGA-AC-A3BB-01A-21R-A19W-07,4.348424898793814,22.34208208138428,1.0023600500552354,-1.7771588855448976,-4.613559267052321,LumA
TCGA-AC-A3EH-01A-22R-A22K-07,11.450308122298912,-7.194484102158356,-6.37895530604686,14.541381953719721,1.04653023412006,LumA
TCGA-AC-A3HN-01A-11R-A213-07,3.174910448020737,19.38362142371992,-5.316956994772186,-0.46603249685538695,-3.624673631759474,LumA
TCGA-AC-A3OD-01A-11R-A21T-07,1.19189722827902,12.072245360055522,-6.141925944216274,-5.265776565723074,2.935723674155108,LumA
TCGA-AC-A3QP-01A-11R-A22U-07,1.2428927918025807,14.226627152775123,-6.54079587626964,0.9326313482591494,-5.781096392764016,LumA
TCGA-AC-A3QQ-01B-06R-A22O-07,12.22161379112279,11.968004439682025,-4.745928447796679,-4.578377883851145,4.066352322632803,LumA
TCGA-AC-A3TM-01A-11R-A22K-07,8.056279992216016,8.295676704004084,-6.171335246344895,1.355218113861182,-6.37605000127408,LumA
TCGA-AC-A3TN-01A-11R-A22K-07,20.55874442726216,0.2914565269025131,-9.781410224700126,4.592944101808202,-11.90307552013114,LumA
TCGA-AC-A3W5-01A-11R-A22K-07,-9.597338301337906,7.669536612291203,8.7767274096792125,17.031160567774013,3.6576635241414155,Her2
TCGA-AC-A3W6-01A-12R-A22K-07,8.539452354592699,10.610760527867555,0.678306175675955,4.7501782818074405,0.31547096641427197,LumA
TCGA-AC-A3W7-01A-11R-A22K-07,7.638316343589144,12.054246727572647,-16.175785298652638,9.201740837353535,-2.8651806323609463,LumA
TCGA-AC-A3YI-01A-21R-A239-07,-6.150662635234247,14.064674745244467,-12.356013704625354,0.4857918006739653,3.4723774651075066,Normal
TCGA-AC-A3YJ-01A-11R-A22U-07,22.298258439073326,-8.206417966127697,-2.485262271734455,0.25518362029763686,-16.299084869586316,LumA
TCGA-AC-A4ZE-01A-11R-A41B-07,18.304311838927354,-0.6294636678222131,-3.138605352103277,-7.206894749729783,-9.035649819897637,LumA
TCGA-AC-A5EH-01A-11R-A28M-07,3.9696446898362434,-11.949757003514197,1.5084544262237038,20.02734846083495,8.916734708642773,Her2
TCGA-AC-A5XS-01A-11R-A29R-07,0.9315236729564096,13.18997161780285,5.9381693523364385,-1.6911995222719338,-6.045069970744078,LumA
TCGA-AC-A5XU-01A-11R-A28M-07,7.686600351871641,-5.6160401968435,11.138017797920424,-13.148867178650042,9.826228673446131,LumA
TCGA-AC-A62V-01A-11R-A31O-07,17.928075574579385,-19.65637026817542,6.542862081408071,-4.654320278630087,5.2896461713266145,NA
TCGA-AC-A62X-01A-11R-A29R-07,-30.001696923918505,-24.119904424394765,-19.44151407602404,4.379873905277156,-6.3117233048957075,Basal
TCGA-AC-A62Y-01A-11R-A29R-07,18.25473123080422,-1.2585440796986882,-6.434301720495217,4.1677962057924764,-14.602754684344903,LumA
TCGA-AC-A6IV-01A-12R-A33J-07,1.9571012691515859,11.807195049468648,-2.852714131792068,-11.520216958560024,6.281106653315677,LumA
TCGA-AC-A6IW-01A-12R-A33J-07,-36.15734657401966,-11.232322602001522,0.7940092435428987,-11.04066221443119,-11.850846714947977,Basal
TCGA-AC-A6IX-01A-12R-A32P-07,2.94051948744171,16.14651643911264,0.7307382794174015,-1.6960565552837676,6.313970334478108,LumA
TCGA-AC-A6NO-01A-12R-A33J-07,11.331113512206203,4.458937549712541,-6.271245167220069,2.032802226447059,-5.521649649403244,LumA
TCGA-AC-A7VB-01A-11R-A352-07,17.99261149529243,-19.043595647300798,7.1268172645088015,-9.375519616432667,-0.25291306118133333,LumB
TCGA-AC-A7VC-01A-11R-A352-07,-8.11970957040718,-23.490424441518105,-6.944931421254871,-1.1337714462845556,9.802329371603937,Basal
TCGA-AC-A8OP-01A-11R-A36F-07,6.906339697992208,6.1101073173335525,-3.091375314767989,-8.598218861589869,0.9716928386549821,LumA
TCGA-AC-A8OQ-01A-11R-A41B-07,-35.98621009216757,7.20396558779802,2.3189234610693457,-11.666979443544518,-0.21885639631152387,Basal
TCGA-AC-A8OR-01A-21R-A41B-07,17.501923481623574,-23.905247875190874,-9.744635348528618,-3.5599174667631868,-10.600521160358142,LumA
TCGA-AC-A8OS-01A-12R-A41B-07,2.596748839493329,20.467064553248445,-7.096294187858637,2.4138884987879403,-2.6892887809905943,LumA
TCGA-AN-A03X-01A-21R-A00Z-07,16.221193513143856,-7.1921835151504645,0.12493444137446265,6.7185236360339955,8.491493781199214,LumA
TCGA-AN-A03Y-01A-21R-A00Z-07,10.830092370466366,-1.121487295436411,5.851459200157809,-1.7293932284896358,-3.105276313968739,LumB
TCGA-AN-A041-01A-11R-A034-07,9.795227524006382,-6.760412335627848,6.48731049925294,-3.191074178083227,10.529847627613037,LumA
TCGA-AN-A046-01A-21R-A034-07,10.568566014733214,-0.9594938959379861,5.144612742307648,6.649340996225734,-6.245493744087381,LumA
TCGA-AN-A049-01A-21R-A00Z-07,12.142139834694083,0.6508228529435583,0.4715239612423038,-3.0182382353643185,-2.687483450324076,LumA
TCGA-AN-A04A-01A-21R-A034-07,5.212343077642286,-0.275661210561186,-1.4811650400862966,-2.254082348208007,13.006982335868205,LumA
TCGA-AN-A04C-01A-21R-A034-07,-12.055979570617906,-3.9368715963569927,8.727362295152005,14.853963405654556,-1.735219768297265,Her2
TCGA-AN-A04D-01A-21R-A034-07,-25.148563560486206,-26.544209589959173,-12.047525878984322,-1.3997713555818407,-1.9636129175168244,Basal
TCGA-AN-A0AJ-01A-11R-A00Z-07,-0.056160532840082114,-3.585917321782717,17.8412249454525,4.3559201674287715,1.796879579102393,LumB
TCGA-AN-A0AK-01A-21R-A00Z-07,5.877495155745669,-17.930036084973686,22.25436547198555,-2.9023511609993484,3.4369048795856174,LumB
TCGA-AN-A0AL-01A-11R-A00Z-07,-31.849621758834935,2.5632554094899547,6.787612379318797,0.5192957636447002,-0.7076690887335411,Basal
TCGA-AN-A0AM-01A-11R-A034-07,-9.38476273572312,-4.235330525117862,8.430622399432298,7.524766348419943,-0.2843459597715888,LumB
TCGA-AN-A0AR-01A-11R-A00Z-07,-25.306880468570636,-20.879303396254677,-14.078398371183576,-0.2400985376076203,2.511030909218771,Basal
TCGA-AN-A0AS-01A-11R-A00Z-07,4.331070740554552,-16.822496426356263,-1.543026020520842,16.728581645121434,-0.655245861290076,LumA
TCGA-AN-A0AT-01A-11R-A034-07,-37.20935936447931,-14.567123933169954,-3.877368368562039,-8.613339183771236,-1.4245384544257678,Basal
TCGA-AN-A0FD-01A-11R-A034-07,8.02280487106906,-1.365229315562027,8.17117441912639,-3.1448322056335574,5.695083186634955,LumA
TCGA-AN-A0FF-01A-11R-A034-07,15.88025683110815,5.9711762099565195,6.709708085444075,-6.957005813575101,-5.812405908002967,LumB
TCGA-AN-A0FJ-01A-11R-A00Z-07,-28.761400978308366,-19.412750658593616,-11.076994596158645,-3.4514092477685616,2.4263836766512554,Basal
TCGA-AN-A0FK-01A-11R-A034-07,19.560452826595856,-5.127949242942012,2.9270373703380463,4.719558709844231,-13.678781886133066,LumA
TCGA-AN-A0FL-01A-11R-A034-07,-23.652842835619904,-19.68478896753949,-13.449648168553894,5.040961267911803,-5.054138361371984,Basal
TCGA-AN-A0FN-01A-11R-A034-07,2.3153698974177437,19.292427159565744,2.734728675948644,0.8138102944527456,0.863923628632513,LumA
TCGA-AN-A0FS-01A-11R-A034-07,11.42276244746399,12.060434051499453,-15.646839603503691,-2.5746623661045493,2.431683934303585,LumA
TCGA-AN-A0FT-01A-11R-A034-07,10.409385023824921,-10.549140777916506,3.840792573439452,9.921488948770014,3.3858382512502665,LumA
TCGA-AN-A0FV-01A-11R-A00Z-07,2.7532496649373344,-15.602520789598627,0.9113161165664669,19.00852265440259,15.3026149374347,Her2
TCGA-AN-A0FW-01A-11R-A034-07,10.824448659567361,1.8185796741835167,1.860399349977558,-6.950355771499846,2.9975287418690395,LumA
TCGA-AN-A0FX-01A-11R-A034-07,-30.420268592379088,-4.100627103243248,-18.546010305360543,-6.804376407496888,7.462485836589356,Basal
TCGA-AN-A0FY-01A-11R-A034-07,9.601997297416462,-12.414390431731071,-2.901987249529477,-3.69378107196769,10.693616906305005,LumB
TCGA-AN-A0FZ-01A-11R-A034-07,15.134837247692042,-15.485374278679574,0.933352628608211,0.3328046333800355,9.662735928902103,LumA
TCGA-AN-A0G0-01A-11R-A034-07,-27.065972228845904,-14.362900392454115,-3.8638748891785686,4.2158891147379185,0.026236612213482995,Basal
TCGA-AN-A0XL-01A-11R-A10J-07,10.596561188877716,8.237049180178204,-12.345509198314318,-1.0293772362900953,1.7574939828386436,LumA
TCGA-AN-A0XN-01A-21R-A109-07,2.651007338775619,-10.424563643857624,-1.4780891214893501,12.725038496733228,7.708815232430701,LumA
TCGA-AN-A0XO-01A-11R-A109-07,10.08786143200612,-5.821529702325057,-13.969625129960049,15.129373315760919,5.284824323950978,LumA
TCGA-AN-A0XP-01A-11R-A109-07,21.7431564401079,-8.751849501486895,-1.241548283899996,12.001336629637866,-12.866431273510978,LumA
TCGA-AN-A0XR-01A-11R-A109-07,22.217623247362784,-11.662554753859741,0.3402491940122361,9.474349890006472,-8.241919618661667,LumB
TCGA-AN-A0XS-01A-22R-A109-07,5.158615749209882,15.697609882820734,8.296473211321556,-3.840631729340033,2.5791140106205876,LumA
TCGA-AN-A0XT-01A-11R-A109-07,15.007875375261031,3.302001617618479,-1.8632638910536885,-12.763159352265012,-1.0800481851402204,LumA
TCGA-AN-A0XU-01A-11R-A109-07,-35.30624797666019,-8.183916446081728,-2.8433703731309743,-3.167940629983622,-2.2417089428731267,Basal
TCGA-AN-A0XV-01A-11R-A109-07,8.391617633388924,12.224621424800885,1.728849172759894,-0.7245750514319107,-2.7781938998687856,LumA
TCGA-AN-A0XW-01A-11R-A109-07,2.34878807589816,8.267062019133773,8.269809917392621,2.6578181909819283,5.519227423839312,LumA
TCGA-AO-A03L-01A-41R-A056-07,2.995481672058166,7.036423988221661,8.031837454521776,2.460425481949494,5.351597951054175,LumA
TCGA-AO-A03M-01B-11R-A10J-07,-5.161537679338507,8.07384404949095,9.399928661942608,-3.819285145687781,4.75748738271672,LumA
TCGA-AO-A03N-01B-11R-A10J-07,10.414554901024754,-7.4965220368652314,-0.7484007426058248,23.659262543200064,-0.21510004782595224,LumB
TCGA-AO-A03O-01A-11R-A00Z-07,0.3301012662069255,-0.47362933411982283,14.258744554633331,-0.23884229871609458,-4.157756654616942,LumB
TCGA-AO-A03P-01A-11R-A00Z-07,9.829651893409713,-14.501529098834505,12.491752632190128,-11.536847712898245,2.1915646863711467,LumB
TCGA-AO-A03R-01A-21R-A034-07,1.0973228563064978,10.566344076685072,-1.7487918476975848,-11.205939420391624,-8.456988293018213,Normal
TCGA-AO-A03T-01A-21R-A034-07,6.652047899092192,1.215511977944477,-8.149357623022379,-12.507603410466675,3.0641659058506847,Normal
TCGA-AO-A03U-01B-21R-A10J-07,-22.72091243410371,5.669746811480148,-14.108952404421533,2.4318493772451135,-2.1989132110075933,Normal
TCGA-AO-A03V-01A-11R-A115-07,8.431185930270805,3.727301290945541,-0.892921931087794,-3.5233707083816648,6.585079014637172,LumA
TCGA-AO-A0J2-01A-11R-A034-07,-13.556555804793998,-7.442327211022984,9.706458379417954,19.38007620664419,-2.9683216384367817,Her2
TCGA-AO-A0J3-01A-11R-A034-07,20.042990748324275,-22.904202519724294,8.901798807872359,-16.881760485345588,6.025828452480155,LumB
TCGA-AO-A0J4-01A-11R-A034-07,-40.92610010183496,-2.514979832568525,-3.3707290073982312,-8.68600676782844,-2.0225433811456917,Basal
TCGA-AO-A0J5-01A-11R-A034-07,7.60194520681071,2.649476132590424,3.3397056694188327,-1.8281955420171028,12.75007911939546,LumA
TCGA-AO-A0J6-01A-11R-A034-07,-33.67874657392311,-19.512018171071887,-2.5449893131480694,-0.11122880398141093,-8.998969788099602,Basal
TCGA-AO-A0J7-01A-11R-A034-07,20.425846710554318,-12.075941179473617,-1.1031521393129393,-5.927501646333607,-2.448935386177253,LumB
TCGA-AO-A0J8-01A-21R-A034-07,13.462105187689756,3.071134950822831,-0.6479834310313487,9.973035332002508,-9.624721780274447,LumA
TCGA-AO-A0J9-01A-11R-A034-07,3.141313068803774,8.13399183355879,-5.910929613043818,-2.2429480376383206,-1.617759970868301,LumA
TCGA-AO-A0JA-01A-11R-A056-07,3.19702774851529,9.754032471098775,2.5518893790065613,3.6435350324604725,5.815898411271901,LumA
TCGA-AO-A0JB-01A-11R-A32Y-07,-6.399746288446177,7.570134327838212,-8.490444669401434,3.6210990402515697,-6.257921981340928,Normal
TCGA-AO-A0JC-01A-11R-A056-07,-12.698089381958422,18.75504357996061,15.735385943438882,-13.724577806360715,-8.306432195087865,LumA
TCGA-AO-A0JD-01A-11R-A056-07,-0.8238890945389897,-0.9377085615885516,0.4315191371851311,4.583517666830403,-0.6890001739318089,LumB
TCGA-AO-A0JE-01A-11R-A056-07,-10.72065937814118,8.77267380039558,13.585959026860792,19.084740864549683,1.8469522364066748,Her2
TCGA-AO-A0JF-01A-11R-A056-07,10.222811813382977,11.665193442640897,-8.83911079280895,7.301687593087887,0.33698499441789675,LumA
TCGA-AO-A0JG-01A-31R-A084-07,4.861917205455471,8.22607332119414,0.6824971305662497,-10.80174662425239,1.562413378125831,LumA
TCGA-AO-A0JI-01A-21R-A056-07,18.346787045318813,-2.906375092208058,6.202137788528426,-20.94942245995717,5.266929484746506,LumA
TCGA-AO-A0JJ-01A-11R-A056-07,-0.02679127191867412,26.627867922615895,-1.7324082728253816,-7.8578712642476205,-6.659000298286456,LumA
TCGA-AO-A0JL-01A-11R-A056-07,-27.399982181348925,-14.18918057813376,-14.885198084864204,-0.45218935559570916,-0.30466241001481864,Basal
TCGA-AO-A0JM-01A-21R-A056-07,10.959089628509986,-3.3176877031953373,7.562488059312764,10.293572624031935,3.3045989091943624,LumB
TCGA-AO-A124-01A-11R-A10J-07,-38.38188810738036,-18.876830384519526,-12.145570308544688,-0.7052314216259109,-4.7494305693160275,Basal
TCGA-AO-A125-01A-11R-A10J-07,29.78298078577336,-20.736431775922732,-8.729994178198924,7.8038887562532135,-22.94687425851573,LumA
TCGA-AO-A126-01A-11R-A10J-07,18.246755004365983,-2.9038788227874197,-1.2695669910160465,0.1234592860229638,1.1290359115361017,LumA
TCGA-AO-A128-01A-11R-A10J-07,-29.061636729096744,-5.717266831621497,16.987137511736144,-3.723308800622231,-12.191327464551609,Basal
TCGA-AO-A129-01A-21R-A10J-07,-39.116680421338685,0.7876623528534342,-0.3036686352535338,-6.293627560032208,-5.908081488525497,Basal
TCGA-AO-A12A-01A-21R-A115-07,4.533840708315771,15.737543681301483,-14.740273658037465,-0.8301134719676605,-2.3340242977257795,LumA
TCGA-AO-A12B-01A-11R-A10J-07,22.913111525776962,-12.604587564260456,2.081957627289023,-10.70303973245751,-16.948657128809693,LumA
TCGA-AO-A12C-01A-11R-A10J-07,9.446475284055136,3.871853428345549,-2.9804994486849616,-3.723821051090423,10.607824080102622,LumA
TCGA-AO-A12D-01A-11R-A115-07,-20.670550961987175,11.248245225664364,15.865922514554507,18.15400986800512,1.1668225804199266,Her2
TCGA-AO-A12E-01A-11R-A10J-07,5.514669279154176,11.199489350626603,-11.083559889076438,-4.134019715072275,-1.0230450037488716,LumA
TCGA-AO-A12F-01A-11R-A115-07,-24.65188937638733,-12.906792301191237,-16.052746203750118,-3.799182950920989,4.819844233617752,Basal
TCGA-AO-A12G-01A-11R-A10J-07,8.82528651060301,4.383926835933367,-2.9293994058733546,2.541442601248528,-0.14342628641787583,LumA
TCGA-AO-A12H-01A-11R-A115-07,26.799264219419218,-21.810677462934137,1.2567228023610777,-9.01691106183782,-2.7330955528227836,LumA
TCGA-AO-A1KO-01A-31R-A13Q-07,-15.553703793681793,17.780093455001065,-23.16581118858042,-6.506265596109953,0.5292911515925185,Normal
TCGA-AO-A1KP-01A-11R-A13Q-07,18.82321752251111,-13.194626529818978,-3.8197077065276233,-1.4838223998433309,7.239905080052051,LumB
TCGA-AO-A1KQ-01A-11R-A13Q-07,10.707318158317248,-1.743230162123759,15.230621856617187,-7.500651884083819,3.367729621957593,NA
TCGA-AO-A1KR-01A-12R-A144-07,-28.168615347206853,-12.082697823173232,-7.0100615538569055,1.5916731345673945,-7.6559966329970965,Basal
TCGA-AO-A1KS-01A-11R-A13Q-07,9.736790577623776,-2.109872297190487,-2.916223087350442,-1.3832955235915945,10.586046352131113,LumB
TCGA-AO-A1KT-01A-11R-A13Q-07,7.360355657260184,-6.744071583037181,3.1363188739436816,3.0077649607108206,7.152453908087509,LumB
TCGA-AQ-A04H-01B-11R-A10J-07,15.391150868627463,-12.314199374308837,8.137769958957836,-8.770617505044097,5.303735783312802,LumB
TCGA-AQ-A04J-01A-02R-A034-07,-36.300286454783304,7.69241996546201,-8.801378696365836,-4.592665992912959,-1.432235825548075,Basal
TCGA-AQ-A04L-01B-21R-A10J-07,3.683508431554971,-14.099244184219035,0.7990553148420907,21.26115751384301,0.11390422190626477,LumA
TCGA-AQ-A0Y5-01A-11R-A14M-07,8.674811767452441,-15.805611113541426,-2.346103231596699,15.721904226766721,14.950126957127665,LumA
TCGA-AQ-A1H2-01A-11R-A13Q-07,23.013771430625408,-19.088026551680148,0.9585154224565171,2.0769967334923036,-10.494508591299128,LumA
TCGA-AQ-A1H3-01A-31R-A13Q-07,7.703907997091374,12.74539423166326,-4.050243747374499,-0.7453249860540432,-1.6937289861540807,LumA
TCGA-AQ-A54N-01A-11R-A266-07,-28.93102363235385,-28.644529526983522,-16.40657131689558,-2.845693237813282,-15.029367438159145,Basal
TCGA-AQ-A54O-01A-11R-A266-07,20.678605291004473,-7.614774631654797,0.1297271965299103,-5.068907204307075,-10.046940663023005,NA
TCGA-AQ-A7U7-01A-22R-A352-07,0.33734608122313625,17.87983202697529,7.219288735981649,-5.513060181572803,-4.0072245569164355,LumA
TCGA-AR-A0TP-01A-11R-A084-07,-26.79195606005093,-28.80039124462267,-26.839785488399592,-1.9652777093095157,5.220516416280375,Basal
TCGA-AR-A0TQ-01A-11R-A084-07,-0.1848216062761506,2.47203343917007,16.27853171266128,-11.427002882097984,7.4267316435121336,LumB
TCGA-AR-A0TR-01A-11R-A084-07,21.70849806123233,-3.5750911682029463,9.289005866406784,-11.234232635850388,-19.283241234189003,LumA
TCGA-AR-A0TS-01A-11R-A115-07,-37.51072305542153,4.744717044743369,0.8868630876294111,-10.921583331535507,0.9171350890054879,Basal
TCGA-AR-A0TT-01A-31R-A084-07,-6.910006443482571,10.598573063853602,27.15900069842386,-6.202548752364564,3.589751717486822,LumB
TCGA-AR-A0TU-01A-31R-A109-07,-34.96367305759912,-22.431957155374874,0.18598813095119582,-8.112946971148203,-5.041126756441376,Basal
TCGA-AR-A0TV-01A-21R-A084-07,9.173061710608808,-10.219067785935666,21.51677049326401,-14.163625755846022,-13.742638399596965,LumB
TCGA-AR-A0TW-01A-11R-A084-07,2.5903455010756242,-4.091945816657711,27.386452547950242,-5.296955095187279,-0.42260722470205686,LumA
TCGA-AR-A0TX-01A-11R-A084-07,-6.1396686674902785,12.640677170446638,14.55261513010822,8.33213219115963,4.938501089692574,Her2
TCGA-AR-A0TY-01A-12R-A115-07,3.0355495940163935,-9.906734918641282,12.30033914011628,-4.762409677301436,8.946219271968792,LumB
TCGA-AR-A0TZ-01A-12R-A084-07,22.127165869486774,-12.793985312188994,-0.7287633156752135,-3.8880310664336877,10.327607117914528,LumA
TCGA-AR-A0U0-01A-11R-A109-07,-36.2909750681325,-8.405688393511218,14.33627593392553,1.4066327391129048,-8.17475510484034,Basal
TCGA-AR-A0U2-01A-11R-A109-07,6.788941478130135,-15.523791179206697,13.893583185021798,-8.642511759474884,15.351034189152319,LumB
TCGA-AR-A0U3-01A-11R-A109-07,14.472357162228175,-3.1635010956889342,0.9671553422162126,0.48942611102703854,1.629952140471031,LumA
TCGA-AR-A0U4-01A-11R-A109-07,-31.356095086065874,-9.716962862985888,1.670198945156146,-5.2486016337038786,-5.837426160197587,Basal
TCGA-AR-A1AH-01A-11R-A12D-07,-24.124565006369018,-21.934412140081974,-10.162513906373208,2.972310739582687,0.4368095018139503,Basal
TCGA-AR-A1AI-01A-11R-A12P-07,-39.84838021436576,-6.599975782149102,10.615328715760885,-5.116750479626145,-11.003488203169407,Basal
TCGA-AR-A1AJ-01A-21R-A12P-07,-35.93829163792213,6.222061718361093,5.695738290127567,-5.844313277697912,-4.333405591867518,Basal
TCGA-AR-A1AK-01A-21R-A12P-07,5.466021922897229,10.178788069736175,-7.32246956353154,-8.525713721471938,-3.338450425351651,LumA
TCGA-AR-A1AL-01A-21R-A12P-07,4.094543869517581,19.5501966591145,-16.061732817650952,-1.3695521701629831,0.36609721980078047,LumA
TCGA-AR-A1AM-01A-41R-A22K-07,3.309740989033153,18.5096745596415,-6.342026642351308,-1.3524811185321193,-1.3700450500098433,LumA
TCGA-AR-A1AN-01A-11R-A12P-07,12.558069428600568,3.492623819740886,-5.695598654058998,3.832644502383204,-2.224009870095034,LumA
TCGA-AR-A1AO-01A-11R-A12P-07,-22.462466890520652,14.919541868459858,-1.0331999845137858,3.249055059927142,4.116524433576601,Normal
TCGA-AR-A1AP-01A-11R-A12P-07,5.173715704387311,1.5958405477078463,-3.4926046513053106,4.696356384560127,-0.01367158277427849,LumA
TCGA-AR-A1AQ-01A-11R-A12P-07,-42.214700822430075,2.267955033795751,10.17576233401495,-5.885064882466767,-5.99654277913113,Basal
TCGA-AR-A1AR-01A-31R-A137-07,-24.781735712186318,-8.209505036252052,-1.0487732423488123,-2.848114693748099,-1.2783877122383327,Basal
TCGA-AR-A1AS-01A-11R-A12P-07,15.012101440344571,-15.69512300017312,-4.77634734737486,19.53192818674848,-6.357492294367506,LumA
TCGA-AR-A1AT-01A-11R-A12P-07,-7.010497865573627,6.530129177701909,11.643593719258737,11.906654864581856,-9.053258363696512,Her2
TCGA-AR-A1AU-01A-11R-A12P-07,4.251351569237489,9.715130940812095,-9.717272789167346,-10.785502947920113,9.333883179888392,LumA
TCGA-AR-A1AV-01A-21R-A12P-07,25.82586095155675,-12.69775559074061,-2.763600600015348,6.737352358062161,-0.8903158057797285,NA
TCGA-AR-A1AW-01A-21R-A12P-07,-10.330297968433033,17.853632857941793,23.57858418898757,-10.67634710563972,-4.9038956056083505,LumB
TCGA-AR-A1AX-01A-11R-A12P-07,-4.225290452512305,18.554584313988013,6.468468289649049,-0.5871468452645331,-0.8203817358688481,LumA
TCGA-AR-A1AY-01A-21R-A12P-07,-30.3591710822198,-16.844415178142093,-17.306956636060058,-1.2978649162261433,4.988069012309784,Basal
TCGA-AR-A24H-01A-11R-A169-07,7.897152011168539,-13.236632629097965,10.270202481673097,-1.922245409401273,1.5074332981675425,LumB
TCGA-AR-A24K-01A-11R-A169-07,18.339565973352634,-13.218631736311195,-0.2449726876194776,5.551428382094618,-5.487902178852445,LumB
TCGA-AR-A24L-01A-11R-A169-07,13.48101265425619,-2.28198789762792,-4.240684532320042,-11.659495410455401,14.588020502230407,LumA
TCGA-AR-A24M-01A-11R-A169-07,10.725923695840597,7.561455312513949,-11.410889237631707,7.553069292414685,0.2284702589316364,LumA
TCGA-AR-A24N-01A-11R-A169-07,10.031260322459735,-0.5380898122805889,7.055101283449737,7.4790126087556095,-6.538509041894244,LumB
TCGA-AR-A24O-01A-11R-A169-07,3.607572445454068,20.270631297304444,-10.19980173512131,-0.4005381815217165,-0.6024934852893226,LumA
TCGA-AR-A24P-01A-11R-A169-07,6.2100731790933015,6.549809746189102,-3.641202645287211,2.0412189418359143,0.6527916298818512,LumA
TCGA-AR-A24Q-01A-12R-A169-07,-30.83951586307486,-0.993112707682919,-4.516093937843714,-8.615199195309506,7.740293470449014,Basal
TCGA-AR-A24R-01A-11R-A169-07,11.588993332126433,-1.6574782429192105,7.451351050374393,-10.191646202812795,2.7188643710750595,LumB
TCGA-AR-A24S-01A-11R-A169-07,3.1496520890594475,3.6424566479757012,2.5268262665662147,4.364600270364538,0.592299224403846,LumB
TCGA-AR-A24T-01A-11R-A169-07,6.3650140977388645,7.046000836247956,-5.735010589913466,-2.4584329769226354,6.495815040193489,LumA
TCGA-AR-A24U-01A-11R-A169-07,-18.707273495255446,14.342270352007187,17.549866956475874,9.05694348554262,0.7151099557600953,Her2
TCGA-AR-A24V-01A-21R-A169-07,12.787340386067717,-7.247487065529068,2.2383321345202485,-0.6873045055041381,9.664404996810614,LumA
TCGA-AR-A24W-01A-11R-A169-07,-0.7465804901053369,19.58038199878838,-18.10359682879582,-2.9890186759397963,2.8847926364198084,LumA
TCGA-AR-A24X-01A-11R-A169-07,9.213151977009243,8.691881977109956,-2.3905837572009037,2.4774414643446216,-1.4103309719536856,LumA
TCGA-AR-A24Z-01A-11R-A169-07,16.11118960719747,-7.048699245001007,0.5308537973290774,3.184443388246605,-2.2483147838731687,LumB
TCGA-AR-A250-01A-31R-A169-07,4.412010096838135,-1.0057776209831089,12.705163560131938,5.73802757484695,11.928997131629076,LumB
TCGA-AR-A251-01A-12R-A169-07,-29.942729645285766,-10.381845927431002,-9.502616142301758,-3.2839166883557986,4.32267854283614,Basal
TCGA-AR-A252-01A-11R-A169-07,-6.59232110056526,19.76729877546955,10.345358899787033,-14.619401351172215,2.1023806788930095,LumA
TCGA-AR-A254-01A-21R-A169-07,-6.395873113445968,4.755127428652863,8.053226227028402,4.455773952070709,3.0792599618586443,Her2
TCGA-AR-A255-01A-11R-A169-07,5.297485807081709,11.151766713013997,-1.6615936630648225,0.17644585096332013,3.225074310473569,LumA
TCGA-AR-A256-01A-11R-A169-07,-31.347194126170457,-21.243685121690714,-16.749789620289754,0.17958510230753597,-1.0879293471319849,Basal
TCGA-AR-A2LE-01A-11R-A180-07,13.533790232624291,1.2164919025962169,-2.9239397815741586,-0.9551115667216034,-7.884499927301818,LumA
TCGA-AR-A2LH-01A-31R-A18M-07,-16.7053643928968,20.685883044390394,-1.0364332791557584,4.4525431293131605,-4.231104642656026,Normal
TCGA-AR-A2LJ-01A-12R-A19W-07,-0.5103319267813136,16.649178252520247,-3.0710092197917214,-5.86959472814979,-4.951351490202739,LumA
TCGA-AR-A2LK-01A-11R-A180-07,14.492426128679812,-3.966674630622573,5.256039478687087,-1.903362779890955,2.7313491286812,LumB
TCGA-AR-A2LL-01A-11R-A180-07,11.397272198867862,-2.2820818096624187,4.082754038386013,-4.318554073909351,-3.090106700216389,LumB
TCGA-AR-A2LM-01A-11R-A180-07,8.047441062747039,14.117847485236222,-14.596425038953864,2.0137278635278193,5.8536645799466385,LumA
TCGA-AR-A2LN-01A-21R-A18M-07,0.29995925664337136,25.07490149303725,-10.636853345169586,-0.5213884621667623,0.20770985064932684,LumA
TCGA-AR-A2LO-01A-31R-A18M-07,-3.1750563282449797,16.512657154603325,-5.378715030047552,-11.851253420834439,2.2610219391284043,LumA
TCGA-AR-A2LQ-01A-22R-A18M-07,-10.929724119946357,24.5250294240621,-9.325308045640371,4.7661344692900744,6.645538826240142,Normal
TCGA-AR-A2LR-01A-12R-A18M-07,-25.726825268242855,-6.119533748004168,-18.84976469814454,-9.38377194569622,14.718079533298011,Basal
TCGA-AR-A5QM-01A-11R-A27Q-07,7.198666164265059,17.666691169313207,-0.7567800734554841,-1.5320398107145505,-4.965357704361579,LumA
TCGA-AR-A5QN-01A-12R-A28M-07,7.761612089077355,7.465374147755783,-4.615723703693441,-3.832113973121788,4.240336462093406,LumA
TCGA-AR-A5QP-01A-11R-A28M-07,-2.8527898716043083,17.09387509475567,-9.22781544212473,-2.5793099304356315,-0.7912066223760039,LumA
TCGA-AR-A5QQ-01A-11R-A28M-07,-31.63567502387072,4.724796955514224,9.210661189818866,0.9022488725102846,2.5247108063187933,Basal
TCGA-B6-A0I1-01A-11R-A21T-07,-32.56692136614274,-25.411030563434327,-9.958597619667628,1.6185935534545977,-7.013799592093752,Basal
TCGA-B6-A0I2-01A-11R-A034-07,-38.29997889783681,-6.208869903825917,12.04889375583907,-5.138686423808873,-16.729912824157875,Basal
TCGA-B6-A0I5-01A-11R-A034-07,7.716859571554183,3.1660187705452296,-6.2964288469965775,7.086393597243988,-5.9150984986498205,LumA
TCGA-B6-A0I6-01A-11R-A034-07,-29.917226297183955,-13.934001677771587,-12.648644775938358,-0.9441346352852923,3.8423872189009716,Basal
TCGA-B6-A0I8-01A-11R-A034-07,13.207045565244858,-6.596770805439823,1.5796367363894965,3.5515456857769174,3.761709631555498,LumA
TCGA-B6-A0I9-01A-11R-A034-07,-1.1332755258364393,-2.122570583243891,10.556850287522133,4.047104191705252,-1.3195891559768247,Her2
TCGA-B6-A0IA-01A-11R-A034-07,21.375360937467534,-22.736722001641866,-6.447013819776363,5.7062200594281265,-16.04305546197419,LumA
TCGA-B6-A0IB-01A-11R-A034-07,19.439920973767403,-10.19600643077959,-3.2558690681131455,6.005041309046168,-4.507304882544306,LumB
TCGA-B6-A0IC-01A-11R-A034-07,32.108606037963625,-22.66346289041861,-5.776557462237396,-4.382065832056767,-17.26309295090049,LumA
TCGA-B6-A0IE-01A-11R-A034-07,-0.5908349786188772,12.016226570321491,4.303674517371061,-5.682729606496551,-2.4594322368577086,LumA
TCGA-B6-A0IG-01A-11R-A034-07,3.9543100790950616,6.51138856143024,6.573190338425988,7.438949399694911,-0.4029549188658743,LumA
TCGA-B6-A0IH-01A-11R-A115-07,-2.685547409339068,18.38342182545603,-6.3533875710809795,-1.780050303883355,0.66428266732237,LumA
TCGA-B6-A0IJ-01A-11R-A034-07,-39.115811489851225,-4.3581869929080765,8.834826185127474,-8.131323652009382,-10.559055898354861,Basal
TCGA-B6-A0IK-01A-12R-A056-07,-9.275825427151226,6.006653262196747,3.858217371200259,9.640115867749742,5.266594428314997,Her2
TCGA-B6-A0IM-01A-11R-A034-07,21.51107041449496,-12.772548377440199,-2.7091557877115098,-8.610695765309984,7.421833274696756,LumA
TCGA-B6-A0IN-01A-11R-A034-07,3.5628046515352167,8.9142991009587,11.275925973752331,-12.068958069918494,3.340737526079601,LumB
TCGA-B6-A0IO-01A-11R-A034-07,13.103793321774916,-9.835779710474322,-2.305484884182435,-2.1978640812372556,-2.3519417559183515,LumA
TCGA-B6-A0IP-01A-11R-A034-07,7.837430554202853,10.470549622891362,-7.277655165466678,1.6598739057582086,-7.138824698304144,LumA
TCGA-B6-A0IQ-01A-11R-A034-07,-35.054385112318165,-8.39667772734381,-3.0036653765493138,-7.093612057526586,-4.353989106885658,Basal
TCGA-B6-A0RE-01A-11R-A056-07,-38.49252459970089,-11.24649788802557,-8.66522972079052,-0.2714016296197216,2.821030941879988,Basal
TCGA-B6-A0RG-01A-11R-A056-07,9.447044268677233,-5.516527762156154,-1.8132008180107109,-3.3999338022472747,8.762547713099377,LumA
TCGA-B6-A0RH-01A-21R-A115-07,-0.7385546281938493,1.2123931941735062,3.4867130396570682,16.67625549224661,-0.4075274136939883,Her2
TCGA-B6-A0RI-01A-11R-A056-07,16.89914720001391,-5.157200896612324,-8.054307537890438,7.862264781896277,3.5848120612925247,LumA
TCGA-B6-A0RL-01A-11R-A084-07,21.62026037952718,-31.42504620856198,4.331929083111572,-11.892179676131752,-2.8932265229457865,LumB
TCGA-B6-A0RM-01A-11R-A084-07,22.891404401833054,-7.060220092002091,-0.5626945932103044,-8.850134380561634,-0.3476563301869091,LumA
TCGA-B6-A0RN-01A-12R-A084-07,15.974397637500108,3.605160935968821,-3.6836763623421858,4.674013238156095,1.5885460689260327,LumA
TCGA-B6-A0RO-01A-22R-A084-07,12.974187335725484,-3.609483066301276,-8.180209834680996,7.095127289617263,-1.7928851954757954,LumA
TCGA-B6-A0RP-01A-21R-A084-07,17.724754770046165,2.4141280512677867,1.205215743553308,4.555654076860798,-9.89186391060675,LumA
TCGA-B6-A0RQ-01A-11R-A115-07,-1.7927527228576505,11.551474135042815,-27.742052357792478,-1.9326151703220946,1.920682629414445,Normal
TCGA-B6-A0RS-01A-11R-A084-07,-16.460476067092074,2.3473110207636605,6.636707496841071,14.663436082268275,-3.4669891768388372,Her2
TCGA-B6-A0RT-01A-21R-A084-07,-34.60721740129589,10.008779472530978,8.452690525163073,-10.974870137528796,-3.9806987923716797,Basal
TCGA-B6-A0RU-01A-11R-A084-07,-25.345124025205678,0.5183749054628635,-22.53121722519378,-5.587813711827981,7.515588225590886,Basal
TCGA-B6-A0RV-01A-11R-A084-07,5.34208416295838,14.310104689740252,-4.252021348336212,-5.934084169003291,-3.1732508321124335,LumA
TCGA-B6-A0WS-01A-11R-A115-07,3.7547841699427225,9.61014426344311,9.095512334114494,-5.944494118884578,-4.86290006761646,LumA
TCGA-B6-A0WT-01A-11R-A109-07,12.851194639191212,5.898794768761203,-0.517274777867187,-4.191429423375305,8.317007893679108,LumA
TCGA-B6-A0WV-01A-11R-A109-07,18.533473378763883,-15.370348760823298,-5.0788964720037795,-1.4864415351257865,4.72708032060937,LumB
TCGA-B6-A0WW-01A-11R-A109-07,12.398561519322287,-10.003505521052437,5.312694594233074,5.802700119152864,5.234233592032104,LumB
TCGA-B6-A0WX-01A-11R-A109-07,-29.768881712509398,6.957841891462336,-7.746263695873834,0.7653637080421992,3.250663181732715,Basal
TCGA-B6-A0WY-01A-11R-A109-07,-1.1756995070105856,4.722955906836752,-10.297711167622031,-1.1151440297035515,8.393055293465842,LumA
TCGA-B6-A0WZ-01A-11R-A109-07,22.353966108782746,-7.4690507530942325,-8.656384118001332,15.650606298079403,-6.322449885073139,LumA
TCGA-B6-A0X0-01A-21R-A115-07,14.746800625683138,-4.1409703742919035,-13.548576837110794,5.553184077110636,-11.982142818910974,LumA
TCGA-B6-A0X1-01A-11R-A109-07,-26.8724414217074,-18.245438540367545,1.3123537707578756,-3.0569675655933266,-6.79249590017087,Basal
TCGA-B6-A0X4-01A-11R-A109-07,24.616058252569914,-25.194896849873523,-10.538450823732921,-9.675206720752431,-6.264451762549326,LumA
TCGA-B6-A0X5-01A-21R-A109-07,19.020284147651587,-18.503322191863706,1.1818569261213085,4.939112147190758,-2.1282093750106514,LumB
TCGA-B6-A0X7-01A-11R-A10J-07,9.926933182090993,10.492147351813058,-10.690247268793522,-1.7061079144874993,4.702179133600855,LumA
TCGA-B6-A1KC-01B-11R-A157-07,21.60698698185235,-22.514804945531036,1.565381692921753,-21.59281313077582,15.399941305196174,LumB
TCGA-B6-A1KF-01A-11R-A13Q-07,-27.916953027422544,-22.963606961287123,-17.454263980241116,5.520777736539776,4.2161181944268415,Basal
TCGA-B6-A1KI-01A-11R-A14M-07,17.504705641815782,0.4557281441781851,-11.943911061129612,7.616848746313446,-7.646870765512892,LumA
TCGA-B6-A1KN-01A-11R-A13Q-07,-1.1786877236109325,2.043796438504789,4.947156707884528,5.1484840097022975,5.9805571793299555,LumB
TCGA-B6-A2IU-01A-32R-A18M-07,18.74599191927405,3.5465063774856023,-9.40683966906911,-3.753646034627443,-5.1533106026481,LumA
TCGA-B6-A3ZX-01A-11R-A239-07,-38.388800254103025,6.471431182142917,4.072767417424986,-14.734125623095723,-4.948578022734229,Basal
TCGA-B6-A400-01A-11R-A239-07,-33.329426973012595,-15.732044473878883,-14.81252373354402,-4.851368440792101,3.1699689984060857,Basal
TCGA-B6-A401-01A-11R-A239-07,0.16316581135495103,7.557374059201636,-5.470863630366879,6.15028508950225,-3.1323204761244514,LumA
TCGA-B6-A402-01A-11R-A239-07,-32.42168351889998,-25.24161679848633,-13.769460298921247,-0.22590119395951455,-4.948487931332255,Basal
TCGA-B6-A408-01A-12R-A24H-07,4.739793020042683,6.2995266619613615,15.356852243311753,-4.358410841780343,-4.858358029502367,LumA
TCGA-B6-A409-01A-11R-A24H-07,-32.225218351354414,-7.09569732881325,-7.74739517476653,0.08590125449893272,-5.297172353483934,Basal
TCGA-B6-A40B-01A-11R-A239-07,12.095696327648492,4.533913600558282,-3.410519959704636,11.080327838060002,-4.869392060551306,LumA
TCGA-B6-A40C-01A-11R-A239-07,12.007409807899396,0.4933538397185392,-0.15021245037120812,-3.3761605267772596,-1.4834871261968356,LumA
TCGA-BH-A0AU-01A-11R-A12P-07,7.330353613879058,3.580853579247418,5.092855063790003,-7.191676721010174,5.835267003330579,LumB
TCGA-BH-A0AV-01A-31R-A115-07,-31.428020830428988,-9.157946085500136,-8.511902766871481,-1.2348287763840982,8.142913949352502,Basal
TCGA-BH-A0AW-01A-11R-A056-07,-14.573777714449454,12.186425735664345,16.53011154806215,10.200468094611978,5.115505000021839,Her2
TCGA-BH-A0AY-01A-21R-A00Z-07,7.332984740896014,0.43382393702390476,1.366192591126071,8.325243698679456,3.420535178348331,LumA
TCGA-BH-A0AZ-01A-21R-A12P-07,2.40770618421271,12.790125232765885,-6.644035928878818,0.6723248019536311,5.106710219293777,LumA
TCGA-BH-A0B0-01A-21R-A115-07,2.5916363766560826,15.384418910196798,-2.8333789066671957,7.854826603780832,-2.658617833465349,LumA
TCGA-BH-A0B1-01A-12R-A056-07,3.5924835099832535,3.153467347877218,-4.785168985295274,1.6670393242273234,4.6703878814251665,LumA
TCGA-BH-A0B2-01A-11R-A10J-07,-1.3146076662013308,16.965408308172645,1.5349408432345752,2.010088690108158,0.4147367306267143,LumA
TCGA-BH-A0B3-01A-11R-A056-07,-38.460605660985145,0.5058652294588653,6.478899673268223,-0.6315388157888955,0.45125899941160597,Basal
TCGA-BH-A0B4-01A-11R-A00Z-07,7.411908478402134,-0.21123826232790852,0.6790405865892067,-4.195631954407903,9.200529546360498,NA
TCGA-BH-A0B5-01A-11R-A12P-07,10.20416203181618,9.788035086709957,-4.767422143558751,2.171268623587874,1.3283785640780847,LumA
TCGA-BH-A0B6-01A-11R-A19W-07,-1.9841135052383705,18.334197833029084,17.911601754543657,-2.0091152765321034,-5.878118431475695,LumA
TCGA-BH-A0B7-01A-12R-A115-07,-12.646173254556883,16.684632199253635,4.300149309643547,11.84281807990788,4.787748832413508,Her2
TCGA-BH-A0B8-01A-21R-A056-07,14.03670282169206,-4.859664514983678,-0.5082530043300366,-11.54707360624196,10.189864878106231,LumA
TCGA-BH-A0B9-01A-11R-A056-07,-34.30916417028946,-8.939825051422071,-3.3722254758284396,-6.018940633091578,-7.482826642014738,Basal
TCGA-BH-A0BA-01A-11R-A056-07,0.3685040712783475,23.061508191274687,-0.22371901553067308,4.554220656976054,2.2004020052414086,LumA
TCGA-BH-A0BC-01A-22R-A084-07,6.933645649896385,9.416529836449177,-0.5292973628042795,-4.369672196267723,-3.392870747483551,LumA
TCGA-BH-A0BD-01A-11R-A034-07,0.5822197093031899,7.371984605743511,-0.7038425023208006,-3.058979987555512,-6.3905511337174765,LumB
TCGA-BH-A0BF-01A-21R-A12P-07,-5.751949507182876,13.161496420841925,13.946481561457711,2.877599651642122,2.149900810460997,LumB
TCGA-BH-A0BG-01A-11R-A115-07,-35.794836184719145,-6.474951510438316,-5.0739218894179325,-8.618850236003233,-5.581292006209944,Basal
TCGA-BH-A0BJ-01A-11R-A056-07,6.664814854480333,15.115872522772076,-4.587028635599202,-2.886633655835661,-1.4352586247169348,LumA
TCGA-BH-A0BL-01A-11R-A115-07,-31.13093839678458,5.084033071771027,-8.428523415159699,-1.9990234242822407,4.679692291813763,Basal
TCGA-BH-A0BM-01A-11R-A056-07,-0.6271308590586118,20.964430089463253,-14.884714240648767,4.055717124169529,-3.8613320479889954,LumA
TCGA-BH-A0BO-01A-23R-A12D-07,1.7757184466247824,22.625384394379687,-12.878646619614797,-0.14069215431351387,-0.8667048423916511,LumA
TCGA-BH-A0BP-01A-11R-A115-07,4.1012346875008125,9.79745062901112,-10.067032067485055,3.713361912943052,8.326200088022146,LumA
TCGA-BH-A0BQ-01A-21R-A115-07,0.7170409707358408,17.714670431380803,-6.999577609150301,3.714398060711888,-3.3755366473390644,LumA
TCGA-BH-A0BR-01A-21R-A115-07,1.4997173305438012,2.095213155680877,-1.7379920732060452,19.41811769762994,3.0225761196095657,LumA
TCGA-BH-A0BS-01A-11R-A12P-07,20.18772763398412,-5.138898233342412,-11.601972507969379,5.940686195856993,-12.435409273464773,LumA
TCGA-BH-A0BT-01A-11R-A12P-07,2.6207341720902515,-0.620422923048685,-1.6090435047742568,8.713596131179935,-0.6346697767078533,LumA
TCGA-BH-A0BV-01A-11R-A00Z-07,14.491834882361353,3.5399092511935932,7.256947385750856,-1.9046929211637917,-7.0830590524642,LumA
TCGA-BH-A0BW-01A-11R-A115-07,-37.278982947566426,-5.7042833449571315,3.922874321025473,-4.823168012719066,-4.711241896824142,Basal
TCGA-BH-A0BZ-01A-31R-A12P-07,-3.184792189291496,0.12903459757830907,19.098877417180013,0.41947777535537967,8.007536872316013,LumB
TCGA-BH-A0C0-01A-21R-A056-07,-7.360013197548606,6.190951845757011,18.4876571256854,2.8831540673831846,-4.608971166944533,LumB
TCGA-BH-A0C1-01B-11R-A12D-07,5.113031113064714,8.260207543067732,0.4569299105302121,9.586069922369013,1.42236386380116,LumA
TCGA-BH-A0C3-01A-21R-A12P-07,2.6392569278510036,12.059624189063024,2.7051826370231593,-6.052672448053827,5.595138624964952,LumB
TCGA-BH-A0C7-01B-11R-A115-07,10.022562000329705,2.2486817486276975,1.6985264218820093,-6.5161688229230394,5.633737757581511,LumB
TCGA-BH-A0DD-01A-31R-A12P-07,16.24604932768899,-8.333437625032346,6.185446949320363,-2.2488764816989217,0.8632602729982009,NA
TCGA-BH-A0DE-01A-11R-A115-07,8.597371721602682,6.238629636603437,-9.918351927973667,-8.107482650590043,4.53877283815968,LumA
TCGA-BH-A0DG-01A-21R-A12P-07,-1.1869331234033744,15.648305556575522,1.3475610169572216,1.7574529766903226,6.267244863439011,LumA
TCGA-BH-A0DH-01A-11R-A084-07,9.799690697378264,11.237386486078062,7.477048625462458,-4.823692465261314,-5.005486110070881,LumA
TCGA-BH-A0DI-01A-21R-A12P-07,-4.811625270165057,15.53474731420958,-3.21930396128833,1.9620577037134852,10.937792104874681,LumA
TCGA-BH-A0DK-01A-21R-A056-07,-5.146056279613291,17.518757889512553,5.270800172598698,-7.148469124047459,3.8053862039747206,LumA
TCGA-BH-A0DL-01A-11R-A115-07,-35.42264185522874,-0.48983028809279344,8.024631132684773,4.315959458082557,-4.216329657593654,Basal
TCGA-BH-A0DO-01B-11R-A12D-07,5.2779484523177835,18.453791181612527,-16.5896155897871,0.7816446207198686,-6.268696810099056,LumA
TCGA-BH-A0DP-01A-21R-A056-07,4.6510974183066836,15.98221881474425,-10.941565315176803,2.1568972424160275,-1.0668826765490762,LumA
TCGA-BH-A0DQ-01A-11R-A084-07,9.6969664545532,9.927375708193411,-3.4543617450555573,-3.2258897711818757,7.139368193537847,LumA
TCGA-BH-A0DS-01A-11R-A056-07,6.950179019443257,7.66505297933519,6.828545071833003,6.975530856379808,-4.862751969713038,LumA
TCGA-BH-A0DT-01A-21R-A12D-07,6.577393710763725,15.29815173163036,-9.88316175784752,-0.7913412575079526,-3.413843813929727,LumA
TCGA-BH-A0DV-01A-21R-A12P-07,2.2541510415543,21.18865356502513,-13.305213908248593,4.067224891013793,5.478679807908628,LumA
TCGA-BH-A0DX-01A-11R-A115-07,3.367500955646686,7.885313740049553,-2.1275932319474076,11.44628183019515,4.522746853512367,LumA
TCGA-BH-A0DZ-01A-11R-A00Z-07,-2.5797314187264706,0.4424261067230337,7.822380403304894,12.611948741558612,10.255828824198161,LumA
TCGA-BH-A0E0-01A-11R-A056-07,-20.636837428703394,-15.973963886954845,-2.8979884220947874,1.4469336346321522,-0.7165200787716891,Basal
TCGA-BH-A0E1-01A-11R-A056-07,13.872285537845103,1.1359071303926231,-13.826021994334074,-0.5919836857925245,-5.7253807065696085,LumA
TCGA-BH-A0E2-01A-11R-A056-07,3.8071985706724316,-0.3899060580476956,2.4016868389299573,-5.881238895381376,13.401929900252565,LumA
TCGA-BH-A0E6-01A-11R-A034-07,-33.882477481418896,1.164591930695265,-6.04821212217872,-7.7898795355403045,-2.0035283789120912,Basal
TCGA-BH-A0E7-01A-11R-A034-07,25.10420393397082,-12.501503155643329,-4.315977606991793,2.4184436107784686,2.3077947750361876,LumA
TCGA-BH-A0E9-01B-11R-A115-07,2.1209258198775047,20.51981320754678,-13.01984020260513,-2.5895635434390485,1.4891867744756204,LumA
TCGA-BH-A0EA-01A-11R-A115-07,4.552537356191552,16.58930464595201,-15.046643587478645,-0.49294354402909457,-0.398495150597409,LumA
TCGA-BH-A0EB-01A-11R-A034-07,8.13372037510766,9.557148174117652,4.7602942435717095,3.533789412782402,-9.114956745894697,LumA
TCGA-BH-A0EE-01A-11R-A034-07,-16.55432675250232,-11.432426582134603,10.053615022499516,22.106547305231324,-8.570070989454335,Her2
TCGA-BH-A0EI-01A-11R-A115-07,17.900873849781597,-9.817973460634843,-7.791297695036253,-6.080330205867543,13.42288247911756,LumA
TCGA-BH-A0GY-01A-11R-A056-07,-7.493109374047137,4.421175271430478,1.3683298891457258,5.251448807715468,12.32266434626756,LumA
TCGA-BH-A0GZ-01A-11R-A056-07,8.335398159610978,1.8329607303943065,-2.5568759483522925,1.8118221467857247,4.014420772735209,LumA
TCGA-BH-A0H0-01A-11R-A056-07,17.429962551942936,-6.471543448390143,5.210134656223002,-15.313526752120465,-4.424461205745412,LumB
TCGA-BH-A0H3-01A-11R-A12P-07,3.60972650029654,12.156220036436697,-9.006356148367058,-2.472812048226686,1.9426014964494631,LumA
TCGA-BH-A0H5-01A-21R-A115-07,-5.390262914824018,29.559197912743716,8.781419834378765,-9.541182380800667,-7.581815928093992,LumA
TCGA-BH-A0H6-01A-21R-A056-07,15.954558563128758,-4.832257462463827,-6.502736855839844,3.9218615503869665,9.078460847786006,LumA
TCGA-BH-A0H7-01A-13R-A056-07,4.391572257541423,-3.379346354516246,3.192009039524638,3.6439243082251394,16.14776269334573,LumA
TCGA-BH-A0H9-01A-11R-A056-07,9.252057788658886,0.9928044673073688,-5.440934358612358,1.320258958976769,3.3832822837076875,LumA
TCGA-BH-A0HA-01A-11R-A12P-07,10.04562539318158,8.442448588680683,2.907126440350995,-2.2713454831931608,3.2078018812656675,LumA
TCGA-BH-A0HB-01A-11R-A056-07,1.0708726725112248,4.199737390000931,7.317997682463046,-4.711089072244136,8.951789195289736,LumA
TCGA-BH-A0HF-01A-11R-A056-07,0.18243572520725415,14.814600850173806,-7.749151835475828,3.9535553553564733,0.5400837692992022,LumA
TCGA-BH-A0HI-01A-11R-A084-07,22.035378027799368,0.22872535409997025,-7.281323021809286,8.174414620610559,-8.993233334209414,LumA
TCGA-BH-A0HK-01A-11R-A056-07,-4.358876807506439,15.826413921118405,-0.624167325615258,0.5858057098863491,-1.8405710193930063,LumA
TCGA-BH-A0HL-01A-11R-A10U-07,25.216993247202055,-24.895679462522917,-0.8731403185153597,-16.883252363822418,10.996019098023105,LumA
TCGA-BH-A0HN-01A-11R-A10U-07,28.88021343598105,-15.631898061301092,-5.513227355412647,6.737868553569898,-17.030803985686568,LumA
TCGA-BH-A0HO-01A-11R-A034-07,20.27692859745343,-2.0582793696624204,-3.2291959484393535,-2.102898258277108,-11.842555849949909,LumA
TCGA-BH-A0HP-01A-12R-A084-07,5.711281470611659,12.718306872198003,-10.785656929382073,4.594842074518605,-3.2950443540733616,LumA
TCGA-BH-A0HQ-01A-11R-A034-07,9.18686497982275,8.180434362356802,-10.43674020291709,8.596076124911788,2.764296835878473,LumA
TCGA-BH-A0HU-01A-11R-A034-07,10.015907914476895,-5.309696313590274,0.7274287137750878,5.8430346982967905,-4.04437147003404,LumB
TCGA-BH-A0HW-01A-11R-A034-07,25.250867005279467,-27.265053430692657,-0.24940638687776254,-16.764463371247107,5.350366369176818,LumB
TCGA-BH-A0HX-01A-21R-A056-07,7.223008216041526,-0.6083493285788242,0.414082927821379,-4.2282152102674475,13.836480671201427,LumA
TCGA-BH-A0HY-01A-11R-A056-07,4.9434130601129285,-5.743305888322464,-0.005548202453084384,11.4166628911592,7.020215549053159,LumB
TCGA-BH-A0RX-01A-21R-A084-07,-33.358264785870375,8.494715304261144,-1.9877406095931889,-6.415577401827382,-0.6355563486090818,Basal
TCGA-BH-A0W3-01A-11R-A109-07,30.306453501430436,-9.710340490193085,-4.530906194120106,3.2917770032448037,-15.136194580974934,LumB
TCGA-BH-A0W4-01A-11R-A109-07,13.149965974668918,6.921120857885768,-15.122409634287608,-1.7803661262379984,6.895125748883774,LumA
TCGA-BH-A0W5-01A-11R-A109-07,-1.3592203499355275,22.055422161084785,4.156123330434797,-5.054905502130687,-0.5189738128542607,LumA
TCGA-BH-A0W7-01A-11R-A115-07,1.596862985483118,16.399869671937893,8.075447886826892,2.0245207958189324,2.7910090257719475,LumA
TCGA-BH-A0WA-01A-11R-A109-07,-36.52131358340432,-15.53771032677007,-14.508395507900993,-0.7396923209830842,2.6637271486164216,Basal
TCGA-BH-A18F-01A-11R-A12D-07,0.7496070792017477,18.18853051808305,-2.749064505758534,1.2398319635402393,4.095905388005211,LumA
TCGA-BH-A18G-01A-11R-A12D-07,-24.07572006576044,-25.345228197664174,-13.39846376107825,10.347150342872249,-2.2030383146123587,Basal
TCGA-BH-A18H-01A-11R-A12D-07,4.447200459908798,12.505196904353495,17.731195060628636,-5.920854055981234,-4.670510863078967,LumA
TCGA-BH-A18I-01A-11R-A12D-07,5.851508140998708,11.745130713724738,0.9987954322720191,-0.08615494548460188,2.308202949292575,LumA
TCGA-BH-A18J-01A-11R-A12D-07,7.299939692451047,-10.94761787305915,-4.41041075275393,13.598226154723752,1.5513637999803271,LumA
TCGA-BH-A18K-01A-11R-A12D-07,9.587533225911752,1.5333558412320574,-5.1385340604951555,11.124274272881163,2.447960788057383,LumA
TCGA-BH-A18L-01A-32R-A12D-07,15.065020393606542,-13.600268590373933,9.751958296758476,-14.4775829139171,4.772227594478883,LumB
TCGA-BH-A18M-01A-11R-A12D-07,9.00715205841407,14.368265450624552,-7.479778371350954,-2.8848563249830117,3.5564549935203242,LumA
TCGA-BH-A18N-01A-11R-A12D-07,26.262795366437267,-17.986374894702475,-6.2034394555787635,-12.448732396276363,-0.6775180726769937,LumA
TCGA-BH-A18P-01A-11R-A12D-07,5.569688154155633,-1.260345836583773,0.8779514621804221,10.14696289179605,3.105648934436533,Her2
TCGA-BH-A18Q-01A-12R-A12D-07,-29.192578677096552,2.036143017168059,-17.69066713916411,-6.144298336590842,-2.352948849298403,Basal
TCGA-BH-A18R-01A-11R-A12D-07,-2.6107852370282627,4.915006779545064,4.617886875805173,-1.1873149082552699,6.822381337519576,Her2
TCGA-BH-A18S-01A-11R-A12D-07,23.18781119534491,-6.877789535244179,-0.6967332164727037,2.1498619699026826,-15.225041978634792,LumA
TCGA-BH-A18T-01A-11R-A12D-07,-29.63818755604018,-23.646367006501677,-7.247001144503155,0.050180936115918603,-3.8486521489141303,Basal
TCGA-BH-A18U-01A-21R-A12D-07,2.44330174599695,-2.7055753063808172,15.055384061139534,8.249049151130073,4.781694859507838,LumB
TCGA-BH-A18V-01A-11R-A12D-07,-36.54648898269469,-9.432537322096165,-1.4000820733023747,-2.9048981866365287,-0.7680296270901344,Basal
TCGA-BH-A1EN-01A-11R-A13Q-07,3.3987325707669953,-19.623612322112667,1.1765234900956756,16.87795569649002,0.7256376962103069,Her2
TCGA-BH-A1EO-01A-11R-A137-07,8.323436712341302,-1.2848590089191032,-4.592806296214422,3.6919816193322244,10.536516523743625,LumA
TCGA-BH-A1ES-01A-11R-A137-07,12.554073341766918,-11.23918110863778,-8.664843013675243,-4.873636766749414,19.04013260385799,LumA
TCGA-BH-A1ET-01A-11R-A137-07,16.55034840289924,10.109211249489787,-2.9308360521487318,3.715156429376074,-6.035744563082736,LumA
TCGA-BH-A1EU-01A-11R-A137-07,7.233032677737854,19.23026139326866,-6.363149060099418,-6.136539964065727,-4.142114408367238,LumA
TCGA-BH-A1EV-01A-11R-A137-07,9.488258543405776,-5.598539980633472,-0.9429277819866485,20.973182156197737,1.6960510303488363,Her2
TCGA-BH-A1EW-01A-11R-A137-07,5.456979926830424,7.8130899668754195,1.7274543122790529,-3.0677373414506435,0.869290849712193,LumA
TCGA-BH-A1EX-01A-11R-A13Q-07,-1.807941638201097,6.40487655603159,0.9544073906811499,17.692608286506726,2.723376988343535,LumA
TCGA-BH-A1EY-01A-11R-A13Q-07,7.058444502711054,1.818549402344853,4.745754196333604,11.024303745242495,2.5674489275039454,LumA
TCGA-BH-A1F0-01A-11R-A137-07,-36.82287216945773,12.471407941108996,1.7556484442430584,-8.5779896462935,-0.5647074923967953,Basal
TCGA-BH-A1F2-01A-31R-A13Q-07,5.793601746818865,-3.3070193758399067,-5.2992610042091455,12.233741402566329,12.012947854990859,LumB
TCGA-BH-A1F5-01A-12R-A13Q-07,18.306786486064894,-0.9564346044726808,-1.0583752430700444,-2.414796268902167,4.781094996379054,LumA
TCGA-BH-A1F6-01A-11R-A13Q-07,-37.026813476740806,-7.4864367133812095,-1.0425590530086655,-3.8691820284141905,-0.6167578559190439,Basal
TCGA-BH-A1F8-01A-11R-A13Q-07,7.627720882645239,-6.818883058132396,11.78271762677858,2.1732155446778574,7.24658031085836,LumB
TCGA-BH-A1FB-01A-11R-A13Q-07,-4.152249780034975,23.324742129696833,-7.749654609833026,-2.2858519944290707,4.732179969689388,LumA
TCGA-BH-A1FC-01A-11R-A13Q-07,-38.246977806797155,-8.394078595442899,17.734403026434762,-10.259009028668912,-6.168580321579656,Basal
TCGA-BH-A1FD-01A-11R-A13Q-07,13.991047338806549,-14.380413852115256,2.5706649227617637,9.403584705171829,-2.277526744526925,LumB
TCGA-BH-A1FE-01A-11R-A13Q-07,-2.0644575100695572,13.970717346252588,3.231466371606955,1.5142779867145013,9.089782429124918,LumA
TCGA-BH-A1FG-01A-11R-A13Q-07,17.13954485329974,-4.3450006615952805,0.8160311299367048,-5.319784059103728,-6.462741031572225,LumA
TCGA-BH-A1FH-01A-12R-A13Q-07,-2.891643423238719,18.91160962524861,-11.99680841706145,-5.765121248730687,10.227364842228607,LumA
TCGA-BH-A1FJ-01A-11R-A13Q-07,21.700806919383812,-11.319623915882769,-5.126598352011095,6.946052667644933,-7.181054985714529,LumB
TCGA-BH-A1FL-01A-11R-A13Q-07,14.400435441044092,4.128638339447705,-2.7729525544255247,-0.08374723819045139,-2.92344536402106,LumA
TCGA-BH-A1FM-01A-11R-A13Q-07,11.837667047174206,-19.434871528061585,4.366144153434574,4.37555520239958,12.576589890591245,LumB
TCGA-BH-A1FN-01A-11R-A13Q-07,0.48360502889729806,-13.135629348737266,-3.558207307432807,8.231951889320115,5.019904789893675,LumB
TCGA-BH-A1FR-01A-11R-A13Q-07,15.37160283198813,-2.059522590084636,-0.4748553703271216,-16.672794216168423,0.33626171333914445,LumA
TCGA-BH-A1FU-01A-11R-A14D-07,-18.003768739898238,8.816004649396016,-2.3641481124167187,10.12347627431199,8.924808127003365,Normal
TCGA-BH-A201-01A-11R-A14M-07,2.6472297889896788,6.896802954737642,-15.745433733287772,2.0919669785352624,5.038014198498566,LumA
TCGA-BH-A202-01A-11R-A14M-07,-5.1191759729902735,-3.3384698014408607,2.969223158976894,13.720540046027994,-0.8196271187256394,LumB
TCGA-BH-A203-01A-12R-A169-07,-9.972400844383985,4.777544522808562,10.933591716154199,12.064125230728497,4.065513676763886,Her2
TCGA-BH-A204-01A-11R-A157-07,24.707825369322862,-25.343603752256875,2.2359936735003125,-15.055877235233195,16.342348976482665,LumB
TCGA-BH-A208-01A-11R-A157-07,-19.45843478124151,11.312187779000832,-1.9193238989167432,12.806358421567836,10.572733559693246,Normal
TCGA-BH-A209-01A-11R-A157-07,-9.959817894814364,8.903245630886104,21.38981099527483,-3.0481841033066184,-8.050700969974615,LumB
TCGA-BH-A28O-01A-11R-A22K-07,-8.761654963709814,24.157220503774436,-18.7382833231913,-4.882080464089768,0.816636304285844,Normal
TCGA-BH-A28Q-01A-11R-A16F-07,15.207262738350256,5.214509297434726,-5.17059995167154,1.49722941616415,-4.027069017277142,LumA
TCGA-BH-A2L8-01A-11R-A18M-07,0.49084383205101395,16.063507201219956,3.204236433426366,-3.3364683852120645,0.5246637914572659,LumA
TCGA-BH-A42T-01A-11R-A24H-07,11.973874859515561,-6.420303825210455,-3.1801276755079213,-2.9395254933505397,-1.564285411070043,LumB
TCGA-BH-A42U-01A-12R-A24H-07,-12.193100439319778,22.228582732394937,-13.831557046346779,-0.8067088055065426,-3.9970980441598507,Normal
TCGA-BH-A42V-01A-11R-A24H-07,2.1963469476321884,18.113889562839923,-11.095241119284442,-8.879387944541634,1.4888449452297834,LumA
TCGA-BH-A5IZ-01A-11R-A27Q-07,-33.11875462166243,-18.262002659993364,-5.917315503110739,1.0650915548711912,-3.8414486274716535,Basal
TCGA-BH-A5J0-01A-11R-A27Q-07,8.279763279122415,6.726393650418906,4.1602724693467055,6.268019723204229,-1.509923667929093,LumA
TCGA-BH-A6R8-01A-21R-A33J-07,19.800018004695286,-8.38159824354665,13.17735033124906,-4.653400224538887,-6.757697814482612,LumA
TCGA-BH-A6R9-01A-21R-A32P-07,-19.47215493979559,0.06465604610967542,1.3775325172847221,-1.1277171109687962,7.636550976459185,Normal
TCGA-BH-A8FY-01A-11R-A36F-07,23.03753694879291,-10.161526317232012,-11.537893551261158,0.4666612350164586,-19.019021300909447,LumA
TCGA-BH-A8FZ-01A-11R-A352-07,-7.607098337502009,23.814184373692665,-5.676309576737365,-1.3196049428038334,0.36242935872230053,Normal
TCGA-BH-A8G0-01A-11R-A352-07,1.2572672457318514,23.451735681932462,-9.796034162485318,-3.6899353623646998,-2.9540678107018326,LumA
TCGA-BH-AB28-01A-31R-A41B-07,4.469689746504712,9.269162781855503,-4.808212430104606,0.4753834737952679,-7.956456093912986,LumA
TCGA-C8-A12K-01A-21R-A115-07,-36.046346271592434,-7.2778544162720005,6.210978268589598,-7.350737137631573,-8.408068744963595,Basal
TCGA-C8-A12L-01A-11R-A115-07,-18.34512252430799,-4.958504290161111,7.264957597907497,15.946999576011146,4.994592168514107,Her2
TCGA-C8-A12M-01A-11R-A115-07,11.296162006470983,-10.493365779970707,17.94918361040812,-19.251641738269154,8.096904777616347,LumB
TCGA-C8-A12N-01A-11R-A115-07,16.5899890522996,-4.12345196327397,-2.786534095088179,9.255334186830027,-0.7035750262127806,LumA
TCGA-C8-A12O-01A-11R-A115-07,0.5210410186568605,2.179162589834477,7.042109380045687,5.9102659095122565,4.960834037867765,LumA
TCGA-C8-A12P-01A-11R-A115-07,-16.73963850932918,-5.528925724742973,15.817391765611054,16.878541911139894,4.492265473310041,Her2
TCGA-C8-A12Q-01A-11R-A115-07,-6.6938921986738364,7.227575535459275,6.162408546005814,14.780505647252973,5.034013874831503,Her2
TCGA-C8-A12T-01A-11R-A115-07,4.419026637426006,-6.139439525798939,6.076357277858384,6.945595588678201,13.300102456341248,Her2
TCGA-C8-A12U-01A-11R-A115-07,5.385538449177342,-11.821704157880363,25.09058316242858,-9.093933540118158,2.7791774325574092,LumB
TCGA-C8-A12V-01A-11R-A115-07,-35.778140142353216,8.798345244399668,8.467461325252295,-11.131508435992341,-9.172320238283039,Basal
TCGA-C8-A12W-01A-11R-A115-07,0.7032907826967216,0.9762214085090962,17.259065893776064,-0.13850645332293685,9.787828933731173,LumB
TCGA-C8-A12X-01A-11R-A115-07,15.68785147380813,-15.056648867767326,9.734418503421919,-8.879416719312022,-2.4206166547003267,LumA
TCGA-C8-A12Y-01A-11R-A12D-07,11.118307977382338,0.1291093240810815,2.449241002302537,-0.284741586123464,-3.4008925289068177,LumA
TCGA-C8-A12Z-01A-11R-A115-07,-1.8982434731838311,-7.581528651073122,6.308154619180982,26.202470864584654,0.13601016589382084,Her2
TCGA-C8-A130-01A-31R-A115-07,0.8898520808651357,-2.880127506430937,3.328079920605691,4.090320385158844,2.3594111648287357,LumB
TCGA-C8-A131-01A-11R-A115-07,-20.94876609953882,-5.295021373605157,5.839002226701781,22.85182581352188,-0.9751827859099075,Basal
TCGA-C8-A132-01A-31R-A115-07,-7.425889374752043,14.61664044705399,5.602390479292697,0.18298622978519224,7.7680469539404555,LumA
TCGA-C8-A133-01A-32R-A12D-07,25.10403938970286,-27.18154607345809,3.080256859725134,-5.997117900891292,-15.736363836595613,LumA
TCGA-C8-A134-01A-11R-A115-07,-32.211581904585614,-10.401642269556826,-2.9838231052074264,-6.36619289969933,-5.259125085026905,Basal
TCGA-C8-A135-01A-11R-A115-07,-15.562537418346755,6.59864417259554,3.6148129154868145,13.358376612921877,6.92390684978616,Her2
TCGA-C8-A137-01A-11R-A115-07,-1.6453667531110825,-9.503327529477977,6.263635063226512,18.26831663447446,8.83483549523942,Her2
TCGA-C8-A138-01A-11R-A115-07,-4.533458066676078,11.101201175000472,13.989743734466078,7.03747697558285,2.0596140469110606,Her2
TCGA-C8-A1HE-01A-11R-A13Q-07,18.74251302756212,4.802874939647146,-5.575187166156406,7.46197695193617,-12.390568948482892,LumA
TCGA-C8-A1HF-01A-11R-A137-07,-9.018906974893984,0.143306820118654,18.83953886474728,8.163489211287247,-1.1302069391816592,Her2
TCGA-C8-A1HG-01A-11R-A137-07,-1.5723245247267412,1.3231080536960775,21.096947525385023,-16.094112468762173,7.654700010659129,LumB
TCGA-C8-A1HI-01A-11R-A137-07,2.467841874313134,6.98820818774182,-3.21619807355384,-1.1972333374187658,4.692654278136306,LumA
TCGA-C8-A1HJ-01A-11R-A13Q-07,-35.11280567902441,-10.180562147796682,-10.220663861709607,-8.0484671842618,2.744734317242573,Basal
TCGA-C8-A1HK-01A-21R-A13Q-07,-6.590533176142531,-1.8031992261135485,16.153095475933583,9.939836639711494,8.718170558431304,Her2
TCGA-C8-A1HL-01A-11R-A137-07,12.210338792060313,-9.714737687284543,5.429079416013138,4.900905505466827,1.2573030405259271,LumB
TCGA-C8-A1HM-01A-12R-A137-07,-2.2408954328475046,-0.9212941822124588,24.416559415961796,-1.2918872622174757,-8.279038046952227,LumB
TCGA-C8-A1HN-01A-11R-A137-07,13.952155306030798,-21.489674729243657,9.34344340007233,-2.1382831407140377,3.650012522242926,LumB
TCGA-C8-A1HO-01A-11R-A13Q-07,15.321308906781375,-8.98363687717604,15.077071084175492,-18.13874877032266,8.597005427694109,LumA
TCGA-C8-A26V-01A-11R-A16F-07,7.670745840363358,-7.6025369731416745,2.358777140950864,11.098067425589281,-6.063042582480932,LumB
TCGA-C8-A26W-01A-11R-A16F-07,5.030531205562274,11.506102149934609,4.939290371986241,-2.0623415655979147,-0.1448909381237743,LumB
TCGA-C8-A26X-01A-31R-A16F-07,-20.381618101422927,12.363348569234889,22.478200647367743,14.406607273059896,-2.429901961696869,Her2
TCGA-C8-A26Y-01A-11R-A16F-07,-13.81749386412771,-12.423467600711682,6.873995253302084,15.464772914126756,0.709489340762131,Her2
TCGA-C8-A26Z-01A-11R-A16F-07,15.354773507652308,-6.626952519943472,8.031369390123748,-7.175171936400413,9.754218417101693,LumA
TCGA-C8-A273-01A-11R-A16F-07,8.165291125347578,-4.110632480192868,5.098476923543395,-6.272481629454367,4.915339984740015,LumA
TCGA-C8-A274-01A-11R-A16F-07,14.983436409882462,-11.613510030580818,-2.3905286786335926,18.44348239759141,-6.88584222576019,LumB
TCGA-C8-A275-01A-21R-A16F-07,-15.717975713364035,8.895939980473987,21.807761493462568,14.081353456589166,2.9524741481661994,Her2
TCGA-C8-A278-01A-11R-A169-07,-13.708080091980651,13.236563227753528,24.185632719313883,14.39506984963665,4.837268570729964,Her2
TCGA-C8-A27A-01A-11R-A169-07,7.310821626081243,-13.622556805667118,14.069811250488723,-17.480593914787555,15.172546875516291,LumB
TCGA-C8-A27B-01A-11R-A169-07,-40.027420094356486,-12.84488101888666,6.571994802740217,-3.728206977759512,-10.4017786413626,Basal
TCGA-C8-A3M7-01A-12R-A21T-07,-8.748889438199173,18.555402115424,-1.5274363236723856,6.092609608507837,1.401517971121583,LumA
TCGA-C8-A3M8-01A-11R-A213-07,16.2337667411087,-9.166059475740887,-0.32679153913481557,-8.1010405354332,4.457823161816909,LumB
TCGA-C8-A8HP-01A-11R-A36F-07,-17.7949003616534,10.53369263067498,19.346222910469933,10.291326761557563,0.46015015245168567,Her2
TCGA-C8-A8HQ-01A-11R-A36F-07,0.11083237885032703,3.683382327492615,10.413590336427456,-0.14759710588056416,6.267470111785543,LumB
TCGA-C8-A8HR-01A-11R-A36F-07,-4.580149520497546,10.781320835256311,-4.5158792237039815,-4.605675479586482,3.3246561293308616,Normal
TCGA-D8-A13Y-01A-11R-A115-07,7.077733717925335,-25.911467054773876,-9.470005518596677,-3.2821966724953358,18.602225243131997,LumB
TCGA-D8-A13Z-01A-11R-A115-07,-21.151540913890496,-1.4755855103508204,5.5154230161316,14.168308024748304,4.4591718512948715,Her2
TCGA-D8-A140-01A-11R-A115-07,8.293676895628757,6.05868344406221,18.204929433759236,-15.934692164556834,0.30928144468784274,LumA
TCGA-D8-A141-01A-11R-A115-07,0.4829433796427698,15.179032770688465,7.551720148132503,6.593117252665222,-1.1492485387584572,LumA
TCGA-D8-A142-01A-11R-A115-07,-31.26222547443525,1.3093484189279034,-0.24610097376384255,2.6374306446942324,4.728424791164762,Basal
TCGA-D8-A143-01A-11R-A115-07,-27.644607594315136,-3.34543255252762,5.6976433820349675,4.495035054252909,0.6920504085762357,Basal
TCGA-D8-A145-01A-11R-A115-07,1.910194486639766,24.956714655012913,-1.033514785433626,-6.216219540805038,2.989983982894322,LumA
TCGA-D8-A146-01A-31R-A115-07,9.641431455862312,18.20209400628562,-5.822249861775338,1.6273428237234322,-0.7725186488867591,LumA
TCGA-D8-A147-01A-11R-A115-07,-34.72456729850494,-12.751928985094338,-9.633835057149614,-5.297218968426082,1.326646608973943,Basal
TCGA-D8-A1J8-01A-11R-A13Q-07,1.773136242155648,-2.2008568096105607,12.323221191737076,13.705591608002473,0.7846390632970396,LumB
TCGA-D8-A1J9-01A-11R-A13Q-07,4.966651456164885,-4.956462159119815,4.269038384447437,21.706614280759727,7.490064971395132,LumB
TCGA-D8-A1JA-01A-11R-A13Q-07,-1.084398735730719,-12.128521386971558,7.686004653818227,23.445833951957297,9.83198296252799,Her2
TCGA-D8-A1JB-01A-11R-A13Q-07,-3.9383027251758005,19.34089490749449,3.1051535523927876,-9.289335252707431,2.7088396342287284,LumA
TCGA-D8-A1JC-01A-11R-A13Q-07,4.173687887181919,-3.4425025604644888,5.579966478921558,1.2606957138922874,9.040514973994672,LumB
TCGA-D8-A1JD-01A-11R-A13Q-07,9.763250347633734,7.15052926564614e-4,6.970765102246945,4.87065197740948,5.385806175688979,LumB
TCGA-D8-A1JE-01A-11R-A13Q-07,23.762951518789446,-8.114267149427953,-0.42397932534187094,5.65102958676819,-5.6371764307223655,LumB
TCGA-D8-A1JF-01A-11R-A13Q-07,-10.88500380269573,8.054934126121848,17.86925260976267,17.91190558180166,9.40352349897111,Her2
TCGA-D8-A1JG-01B-11R-A13Q-07,-17.37819233369492,8.379433289879831,23.86026619285418,16.726549311206195,5.848806240064159,Her2
TCGA-D8-A1JH-01A-11R-A13Q-07,10.333451959191695,14.99415199360995,-7.026507671099553,-2.7198020689197455,6.770938918944559,LumA
TCGA-D8-A1JI-01A-11R-A13Q-07,30.108734807051572,-12.78478740483454,-1.495810133386017,-13.564259409740327,-12.397598061387159,LumB
TCGA-D8-A1JJ-01A-31R-A14M-07,7.768945591900563,-10.277541463056817,4.39926320585051,15.626752435940048,5.2249981598845565,LumB
TCGA-D8-A1JK-01A-11R-A13Q-07,-18.90155596083368,-2.61097409609514,15.251430454641921,19.95240485162156,0.7480224372935166,Basal
TCGA-D8-A1JL-01A-11R-A13Q-07,-30.37747616826526,-7.0660235121346435,-4.972514732117305,-1.2147893698270458,0.7091252641829424,Basal
TCGA-D8-A1JM-01A-11R-A13Q-07,-30.93269845786015,-19.36313179260592,-5.570741854593409,-2.800011158768017,-2.69405945417093,Basal
TCGA-D8-A1JN-01A-11R-A13Q-07,7.453222621433724,-1.276018451261717,1.7398868419696574,16.6931888874331,-11.339290991001985,LumA
TCGA-D8-A1JP-01A-11R-A13Q-07,5.2689480898107,-0.5850833088624182,-2.4855431194174953,4.853272599598123,4.483732784735824,LumA
TCGA-D8-A1JS-01A-11R-A13Q-07,25.281917300773227,-17.052592576359462,-3.9473498348122003,6.80626498234376,-23.82372638371395,LumA
TCGA-D8-A1JT-01A-31R-A13Q-07,19.42240831140735,-19.952732310715174,0.12959065424898056,-3.2384909988301933,-5.1804355111491835,LumB
TCGA-D8-A1JU-01A-11R-A13Q-07,5.701174546632882,17.55796447089601,-8.8347495067460855,0.4659658436111112,3.3044122782977796,LumA
TCGA-D8-A1X5-01A-11R-A14D-07,15.657103053848832,-8.142321295227132,13.147909322594506,3.849402074274826,-2.1069168143604164,LumB
TCGA-D8-A1X6-01A-11R-A14M-07,25.21942106121989,-17.944434996349216,3.4125939278429587,-3.4963841784915943,-7.774768036242831,LumB
TCGA-D8-A1X7-01A-11R-A14M-07,16.93122601673233,-5.685664120797563,-1.9133641663143723,1.7661982805510368,-4.267647253679358,LumB
TCGA-D8-A1X8-01A-11R-A14M-07,13.44025957286436,11.806556929517651,-5.603650983078456,-5.00472600429375,-5.165279198717992,LumA
TCGA-D8-A1X9-01A-12R-A157-07,11.312249926217094,-10.349335579334996,11.776753900624326,-3.352328654533144,10.7953929899391,LumA
TCGA-D8-A1XA-01A-11R-A14D-07,16.06396364053761,-6.4332073165215125,4.320213091044653,-2.714067798129373,-4.9475200388939005,LumA
TCGA-D8-A1XB-01A-11R-A14D-07,9.812622052765187,4.035936331065264,-7.23036035473683,5.885687429780951,10.21705937546823,LumA
TCGA-D8-A1XC-01A-11R-A14D-07,28.76904588565929,-22.026282657586652,-7.10146578833597,-3.5655007626331474,-13.280463326168732,LumA
TCGA-D8-A1XD-01A-11R-A14D-07,11.203789181706966,-5.46742437326604,-3.370758333001081,-7.216181833672466,19.06459943075458,LumA
TCGA-D8-A1XF-01A-11R-A14D-07,10.698800832866286,-15.41995214040821,13.549746305151364,-21.916627304110534,7.277156045841679,LumB
TCGA-D8-A1XG-01A-11R-A14D-07,16.5024835082253,-13.710334684108862,-15.38555259624859,-4.075630246985012,0.5762236317090502,LumA
TCGA-D8-A1XJ-01A-11R-A14M-07,0.8436682114877467,-11.43911700909516,2.675052161528502,19.911835982676322,0.8366436586439264,Her2
TCGA-D8-A1XK-01A-21R-A14M-07,-34.24762841351318,-14.250506866590632,0.360013959701887,-6.055603635263085,-1.6349050109907353,Basal
TCGA-D8-A1XL-01A-11R-A14M-07,0.5377985203397964,-0.45818957426660206,18.516659230436368,-2.9043581700061516,-6.4674901259813025,LumB
TCGA-D8-A1XM-01A-21R-A14M-07,5.5660058530010135,10.601635432356538,-2.5442402062284257,-4.25201658883306,5.788110947138938,LumA
TCGA-D8-A1XO-01A-11R-A14M-07,12.557852136271846,7.32749608875687,-3.393286176615704,7.899030199675999,-2.771119703279835,LumA
TCGA-D8-A1XQ-01A-11R-A14M-07,-34.940053556759985,-6.015926323437531,10.336565323591872,-3.3909266618336207,-2.962673959198529,Basal
TCGA-D8-A1XR-01A-11R-A14M-07,22.854024203783556,-7.701772791937119,-7.1366505620582155,7.5610033027903105,-9.36270475080782,LumB
TCGA-D8-A1XS-01A-11R-A14M-07,13.783065431458178,-1.7602792099238354,3.5056817413587886,0.8948538033249754,2.8660053380461155,NA
TCGA-D8-A1XT-01A-11R-A14M-07,-8.754839540529954,-15.872741872263097,5.604316034186557,15.132792216638592,7.639827908923366,Her2
TCGA-D8-A1XU-01A-11R-A14M-07,14.074976297077171,3.3922748569772496,-3.5684632959045395,5.246664335196163,1.2506438993184805,LumA
TCGA-D8-A1XV-01A-11R-A14M-07,24.120534530711044,-16.70067345990011,-4.879077834141313,-4.450702371999986,-11.912474310612259,LumA
TCGA-D8-A1XW-01A-11R-A14M-07,-30.417635181699907,-10.227788547310743,-7.248179264469777,-0.7727742937313228,-3.931495673510807,Normal
TCGA-D8-A1XY-01A-11R-A14M-07,12.249676589544295,-7.157013024884804,-4.140928098844682,6.53369640075147,6.319261783073083,LumA
TCGA-D8-A1XZ-01A-11R-A14M-07,4.7066844431308565,-7.347011570257957,15.027742009524456,-2.3305940932892866,5.212522135584561,LumB
TCGA-D8-A1Y0-01A-11R-A14M-07,6.821594559402031,11.450212162656737,2.871544162013279,-6.097053247973298,0.9557750913259201,LumA
TCGA-D8-A1Y1-01A-21R-A14M-07,17.668391902769834,-16.56617815347574,-1.1325908647832752,9.279337707859147,7.049540583677811,LumB
TCGA-D8-A1Y2-01A-11R-A157-07,-0.7874757694626751,5.921649221014869,15.494357640313574,1.0652300249966122,0.14670613354957107,LumB
TCGA-D8-A1Y3-01A-11R-A157-07,0.21841282758304403,-17.08345154602793,17.019339175826712,3.1236335068370944,-3.5707123764817905,LumB
TCGA-D8-A27E-01A-11R-A16F-07,22.079829919237927,-10.564451870465788,-1.419821284434621,-10.127795108979573,-9.87610304834107,LumA
TCGA-D8-A27F-01A-11R-A16F-07,-36.16106697570061,-12.161575109541788,-15.554291513207042,-2.224345786461065,4.775985885801931,Basal
TCGA-D8-A27G-01A-11R-A16F-07,9.889858083114076,5.0530463302625,4.571727173647903,2.5505522769851394,4.188864957206808,LumA
TCGA-D8-A27H-01A-11R-A16F-07,-30.154246795514084,-12.172245998295402,-17.219184072134045,-1.4803243727971358,9.222967009660142,Basal
TCGA-D8-A27I-01A-11R-A16F-07,0.4920789896049431,21.81243247102653,-7.093829440796357,-7.190105073921062,3.143899137221817,LumA
TCGA-D8-A27K-01A-11R-A16F-07,4.623463032273414,14.527625842781644,-3.549440622915601,3.8689330767497268,-5.071618187382742,LumA
TCGA-D8-A27L-01A-11R-A16F-07,4.78578581607358,17.995993679114004,-2.8841157035579545,2.548030068414901,6.297572273754322,LumA
TCGA-D8-A27M-01A-11R-A16F-07,-36.83496546564588,4.651012027215288,-1.791400156460567,-6.7533214664066445,0.6364189611319465,Basal
TCGA-D8-A27N-01A-11R-A16F-07,0.4247994723544311,2.700237655003667,12.220685386642966,8.208794632142236,4.758841967066314,LumB
TCGA-D8-A27P-01A-11R-A16F-07,10.340723182271947,9.218673727433265,-14.959028116411668,6.3628442140806225,-3.85746331792746,LumA
TCGA-D8-A27R-01A-11R-A16F-07,0.07810590683501989,-1.0389929592966827,10.049246087259899,-7.993285689750334,8.8264498015013,LumB
TCGA-D8-A27T-01A-11R-A16F-07,10.559684100419796,11.852681713262553,3.4208774618420983,-1.1351335442742565,-0.17430814807239206,LumA
TCGA-D8-A27V-01A-12R-A17B-07,5.203794847190498,8.621205555620602,-11.638535835299093,4.794109727621541,0.9950546240950707,LumA
TCGA-D8-A27W-01A-11R-A16F-07,3.955720418599891,2.1022165781431865,18.12270407666054,-16.145817002560943,15.340446414641246,LumB
TCGA-D8-A3Z5-01A-41R-A24H-07,3.3497009881945923,18.442948194054186,-14.222761158522026,-4.880687186995357,-7.084486650670038,LumA
TCGA-D8-A3Z6-01A-11R-A239-07,14.667193175323318,6.574072724838467,-6.152524966518758,8.385125252569456,-5.527096441359414,LumA
TCGA-D8-A4Z1-01A-21R-A266-07,1.203859616682009,21.088553171080875,-15.725261217334477,-2.1738320541428178,0.8880486867497156,LumA
TCGA-D8-A73U-01A-11R-A33J-07,-4.07770795069599,22.317699594281493,15.665625073685076,4.778704871298977,-10.092655889104288,LumA
TCGA-D8-A73W-01A-22R-A352-07,11.783807080998189,-5.87555473037584,1.3431238968875154,4.651995622309812,-12.039902026912927,LumA
TCGA-D8-A73X-01A-11R-A32P-07,13.47754458619555,8.508120286812773,-7.39467577969885,6.405029616468936,-1.300850457498835,LumA
TCGA-E2-A105-01A-11R-A10J-07,16.391448050820024,-12.783009724783401,1.738112842758342,-14.14702571895366,10.888272842178788,LumA
TCGA-E2-A106-01A-11R-A10J-07,18.011353103978855,-6.22805300491561,0.9520190381609878,-8.741885449865041,1.5247142536264453,LumA
TCGA-E2-A107-01A-11R-A10J-07,14.800760439836674,-3.6377072275992948,-6.215916218023625,6.11836464244792,-6.18375804370377,LumA
TCGA-E2-A108-01A-13R-A10J-07,-11.302453784826984,22.346415573422533,1.4101208675462684,-0.6624948894540833,1.4210437055298288,Normal
TCGA-E2-A109-01A-11R-A10J-07,9.064026504833752,-4.774615276458071,18.791408194839438,-7.882509189228209,12.300769904501019,LumB
TCGA-E2-A10A-01A-21R-A115-07,20.552589934077066,-11.411231784934573,2.7195559804720264,-3.1401584088897456,-0.4134546884453412,LumA
TCGA-E2-A10B-01A-11R-A10J-07,15.546253417450455,2.563979854838298,-3.747052736253354,-1.1709799492141673,-0.9810216826428492,LumA
TCGA-E2-A10C-01A-21R-A10J-07,5.8119263282138,3.944342957493861,16.77185056795322,8.93749000971473,-4.509246240749114,LumB
TCGA-E2-A10E-01A-21R-A10J-07,15.017250989832082,3.532249164488156,-6.593757914230465,6.463719028941447,-6.431098339469233,LumA
TCGA-E2-A10F-01A-11R-A10J-07,10.713264995851542,6.496309595075116,-4.1768063567233265,0.36796717666054746,2.5603757392895288,LumA
TCGA-E2-A14N-01A-31R-A137-07,-33.23776040294854,-14.120942004480403,-6.317726940092254,-2.812199451915971,-5.969336563391091,Basal
TCGA-E2-A14O-01A-31R-A115-07,19.1012583213689,-11.835166768189247,6.764590466295178,3.927617577487453,-7.498751441244063,LumB
TCGA-E2-A14P-01A-31R-A12D-07,-15.458510095345705,3.9263422333392546,11.598973495505817,7.30908902133056,4.14959874499806,Her2
TCGA-E2-A14Q-01A-11R-A12D-07,8.727248966232844,11.87397519674323,-10.531024271928432,-4.466583185215139,-1.9946294980089305,LumA
TCGA-E2-A14R-01A-11R-A115-07,-38.25246723732822,-15.442783556813083,6.850054515420451,-5.154575878651066,-11.373678659060086,Basal
TCGA-E2-A14S-01A-11R-A12D-07,18.7635654103758,-7.455097610245691,2.984565140388296,-10.795739932125711,-4.070152560363791,LumB
TCGA-E2-A14T-01A-11R-A115-07,12.472148087887096,-5.068371188056179,3.2188018969470407,-14.101707468269874,9.813327587710114,LumA
TCGA-E2-A14U-01A-11R-A22K-07,6.970610836659447,9.464618981259187,-23.97453706085861,-3.1137736821515456,-2.687905005530466,LumA
TCGA-E2-A14V-01A-11R-A12D-07,5.351426177381199,-4.99850723147576,-2.9311867464732924,10.065035780434926,8.210719087843861,Her2
TCGA-E2-A14W-01A-11R-A12D-07,19.793520812808787,-24.916789222844418,-4.4457817969486,5.721862819635463,1.202703764281567,NA
TCGA-E2-A14X-01A-11R-A115-07,-38.133504097612686,1.8933912164125428,0.2248504762146532,-6.988089520218462,-5.690895112778661,Basal
TCGA-E2-A14Y-01A-21R-A12D-07,-35.59012437334752,-15.876360735469774,-3.843028936953795,7.280934914272492,2.0262113679816696,Basal
TCGA-E2-A14Z-01A-11R-A115-07,-0.44722100632601175,8.625587966697871,0.9497242635238579,2.7701287804543817,-3.0623572252702584,LumA
TCGA-E2-A150-01A-11R-A12D-07,-30.77682722792575,-11.76955670994842,-5.944342412216692,2.7146284208242153,-4.21821929551382,Basal
TCGA-E2-A152-01A-11R-A12D-07,0.01902304339528947,-7.35113355249947,3.410387574966411,23.30334282053496,9.475305041618322,Her2
TCGA-E2-A153-01A-12R-A12D-07,15.039164762837084,-6.5129759850548545,-9.421497259902349,13.220713847320757,2.7434981905656404,LumA
TCGA-E2-A154-01A-11R-A115-07,21.0982811769337,-10.891222445547955,-7.316214348727107,10.28616848765684,-4.480050808839339,LumA
TCGA-E2-A155-01A-11R-A12D-07,18.661030180169643,-9.639456176575901,11.124225506972708,-12.768708786563828,3.410098280838162,LumB
TCGA-E2-A156-01A-11R-A12D-07,31.750378833308947,-17.073699549971096,-7.866365105802296,-1.5151169239727365,-7.680865143869726,LumA
TCGA-E2-A158-01A-11R-A12D-07,-31.288200412193344,-25.229159033987543,-9.739249357512199,-8.905569911536771,-4.9050328580724205,Basal
TCGA-E2-A159-01A-11R-A115-07,-30.140176786098763,3.35802962650513,12.175075483725498,11.408345491629715,0.4037678636723761,Basal
TCGA-E2-A15A-01A-11R-A12D-07,5.044754409241545,-2.179090548852654,18.537492403802712,-3.915077589444099,6.744410239810989,LumB
TCGA-E2-A15C-01A-31R-A12D-07,6.603283321471403,13.337404079002125,2.7635670770996117,-0.7243032722127777,2.747160228226033,LumA
TCGA-E2-A15D-01A-11R-A115-07,11.063779706970083,6.171767356072942,-3.8686406538603184,0.44094033365057855,0.3273251722427725,LumA
TCGA-E2-A15E-01A-11R-A12D-07,5.180313938737791,9.3382473759987,-18.247235583150854,5.86691897102016,5.431005238152042,LumA
TCGA-E2-A15F-01A-11R-A115-07,12.178800494435773,1.963080585118261,-2.8423877979151175,-13.411619410103574,4.772082120876031,LumA
TCGA-E2-A15G-01A-11R-A12D-07,28.68689668511422,-3.866689962532811,-7.2290044133131675,5.03770452973176,-9.650621890725994,LumA
TCGA-E2-A15H-01A-11R-A12D-07,8.264990279917397,2.6508534897160776,1.9039181807418883,3.1256573794502254,1.4954489399532889,LumA
TCGA-E2-A15I-01A-21R-A137-07,12.553716472813537,12.940833048122224,-6.5761811345817645,2.985280116782938,-5.64182904583132,LumA
TCGA-E2-A15J-01A-11R-A12P-07,23.63905802596966,-16.408418103661244,-5.874927384512374,10.732410831293521,-12.023494540527178,LumA
TCGA-E2-A15K-01A-11R-A12P-07,10.621428823348042,8.760750415056142,11.894188935193332,4.300170825196393,-13.062341591942957,LumB
TCGA-E2-A15L-01A-11R-A12D-07,18.91264540846103,-4.76662079973342,-4.778081183912034,8.95421347774857,-2.8868504054669195,LumA
TCGA-E2-A15M-01A-11R-A12D-07,-1.2877234644893791,15.360753312684519,4.033213469710239,-4.5485590598796675,-0.9215415004357023,LumA
TCGA-E2-A15O-01A-11R-A115-07,12.601250901323073,-6.2921291447377685,-0.09537917501015132,-6.197968219969174,3.3238386778938867,LumA
TCGA-E2-A15P-01A-11R-A115-07,10.3908283953738,10.425631728382063,-5.982755987944134,-3.3523628907759595,-4.351834150980883,LumA
TCGA-E2-A15R-01A-11R-A115-07,20.871529479733745,-15.010751682799851,-1.299350601410731,-16.735405480470476,15.877101196302904,LumA
TCGA-E2-A15S-01A-11R-A115-07,15.043969293037042,-15.76838437406896,0.9835183416871911,-16.160313569512315,12.100275717856944,LumB
TCGA-E2-A15T-01A-11R-A115-07,19.17153086134218,-6.719870205720758,2.3144166177494783,-10.970140851672054,-0.42496732729736225,LumB
TCGA-E2-A1AZ-01A-11R-A12P-07,-28.1281828499821,-2.880218873016731,0.09303060266308126,-4.778937708952176,1.7832958019184935,Basal
TCGA-E2-A1B0-01A-11R-A12P-07,-21.282829711287675,0.9725803790220098,5.878509149014433,13.58126866977138,3.660150052175123,Her2
TCGA-E2-A1B1-01A-21R-A12P-07,-6.540894957493949,17.19780508629909,-5.077041009612857,1.3768950806832279,6.7429497006161325,LumA
TCGA-E2-A1B4-01A-11R-A12P-07,20.191933629289252,-1.3054332409997214,-12.9782021795332,7.275475704003314,-7.945392849166326,LumA
TCGA-E2-A1B5-01A-21R-A12P-07,-5.91242778568339,20.56780874981526,10.104148317869441,-5.942425195985553,-8.588842595749494,LumA
TCGA-E2-A1B6-01A-31R-A12P-07,-36.695080763743185,1.458090125233565,2.787938123735765,-10.68741376924486,-10.19754428205517,Basal
TCGA-E2-A1BC-01A-11R-A12P-07,10.819553774886637,9.107966014124948,-8.202542086132851,6.79177997655137,4.049238020436077,LumA
TCGA-E2-A1BD-01A-11R-A12P-07,15.971452659055943,-0.19830084553279562,-8.76380985736926,8.201623713301332,-3.7573815302055635,LumA
TCGA-E2-A1IE-01A-11R-A13Q-07,23.17271370180225,-8.56456002365555,-5.313910030503531,-12.834839870961897,6.963036871608094,LumA
TCGA-E2-A1IF-01A-11R-A144-07,3.2078426986292476,11.594815720556596,-10.057079059779083,6.569783719740411,-6.494304127724075,LumA
TCGA-E2-A1IG-01A-11R-A144-07,11.185418303746538,-11.520612071679817,-4.931996159684029,-5.375569159039662,11.663738770300673,LumA
TCGA-E2-A1IH-01A-11R-A13Q-07,0.9981006718958627,13.81406145036256,9.726414778065688,-3.1143588998979683,6.331825779043461,LumA
TCGA-E2-A1II-01A-11R-A144-07,-33.680361480598435,-5.613939906818357,12.978925919912466,-11.68753776669534,-8.527652679577026,Basal
TCGA-E2-A1IJ-01A-11R-A144-07,1.8158299037091843,17.656427244898264,-7.40913198298116,6.236691718686832,-0.3584655777884254,LumA
TCGA-E2-A1IK-01A-11R-A144-07,10.493200109325496,5.515264895745771,-2.547752003819711,-12.425649428722538,-12.19227912504539,LumA
TCGA-E2-A1IL-01A-11R-A14D-07,12.870506804382817,8.271384726804767,-9.431743543361339,4.732345873176592,-4.157747604615613,LumA
TCGA-E2-A1IN-01A-11R-A13Q-07,15.675524823632754,-5.027792014102153,-3.5776540949154736,7.064792337735143,9.2588400363294,LumA
TCGA-E2-A1IO-01A-11R-A144-07,3.4883485731624035,16.85200503935005,-2.9534555940729104,-4.199414333142513,7.758451057405909,LumA
TCGA-E2-A1IU-01A-11R-A14D-07,11.743294470947806,12.522116195275071,-3.5526816632837113,-2.3266672404600524,-9.875963787809239,LumA
TCGA-E2-A1L6-01A-11R-A13Q-07,14.507751761836872,11.639895642658484,-18.051120240983032,-0.3943031601608914,-4.070626277255438,LumA
TCGA-E2-A1L7-01A-11R-A144-07,0.8052631553677787,4.444079925007667,5.157144339157886,-8.452378088638234,7.266856158250151,LumB
TCGA-E2-A1L8-01A-11R-A13Q-07,13.551994651906906,6.524109154763607,1.145647484754667,4.571146586945788,-7.710940299953139,LumA
TCGA-E2-A1L9-01A-11R-A13Q-07,10.113571061765928,-2.155951343013145,-2.6950589783327232,10.57825067248191,1.962212170053439,LumA
TCGA-E2-A1LA-01A-11R-A144-07,2.9358693824792903,8.355650583734276,14.887810186523483,-9.967817556695204,-2.3561413142245593,LumA
TCGA-E2-A1LB-01A-11R-A144-07,-0.6509380439116782,-0.8828904878116822,11.830987300847355,22.939363815155296,4.841355315388698,Her2
TCGA-E2-A1LE-01A-12R-A19W-07,-8.675229259811724,-2.7715296478715987,4.194879982196559,15.77451641089379,4.968540167614946,Her2
TCGA-E2-A1LG-01A-21R-A14M-07,-32.985523567461556,-11.947266387495697,-3.5969464978858148,1.1102099332245519,-1.6859159383835898,Basal
TCGA-E2-A1LH-01A-11R-A14D-07,-42.644990595391846,5.159711302147897,4.29916778488714,-8.63847118012117,-5.803906853228561,Basal
TCGA-E2-A1LI-01A-12R-A157-07,-40.08055487995312,-11.998274863645854,-0.5930883324718383,-5.824114677654735,-7.0838303705535735,Basal
TCGA-E2-A1LK-01A-21R-A14D-07,-33.57608496465594,-35.59762103179631,-12.007654376156632,-0.6844286700929527,-4.461861048156387,Basal
TCGA-E2-A1LL-01A-11R-A144-07,-20.958501650907547,-8.71439056067845,-10.078856267656588,6.4386510970466535,8.671008509191857,Basal
TCGA-E2-A1LS-01A-12R-A157-07,-29.17411747826609,-16.10862576305458,-23.882986225468333,1.8087357032849563,-6.192796671530346,Basal
TCGA-E2-A2P5-01A-11R-A19W-07,9.780629916137508,-3.579684261548132,-1.74360727819302,9.878190072911137,1.270690999172574,LumA
TCGA-E2-A2P6-01A-11R-A19W-07,17.538695966244177,1.5421732762742324,-2.5343018974019222,0.19587580704510046,-12.57137346171378,LumA
TCGA-E2-A3DX-01A-21R-A213-07,0.4238688003829933,26.899542188334767,0.8971786835380053,-1.4961353329018439,-1.5099762103671597,LumA
TCGA-E2-A56Z-01A-12R-A29R-07,19.348055263253467,-15.589286655968102,3.2167550386062143,-11.276968840693769,4.202591372728923,LumB
TCGA-E2-A570-01A-11R-A29R-07,13.931181248929734,-1.2298654708932264,-9.420373213315681,9.229961432004918,0.7193815164784961,LumA
TCGA-E2-A572-01A-13R-A31O-07,20.9880964442431,-6.877295835050316,-5.411553081176679,-6.524831730742008,-18.475616399260183,LumA
TCGA-E2-A573-01A-11R-A29R-07,-43.16057994440352,-2.5358805726828213,3.3830989898833264,-2.819320452497333,-8.650751674239604,Basal
TCGA-E2-A574-01A-11R-A29R-07,-28.750551586775824,-29.03328544784319,-18.33067946059371,2.8458103804213883,0.8380945113575123,Basal
TCGA-E2-A576-01A-11R-A31O-07,12.494325626566278,-0.6875444643606027,4.4424075778284715,-7.265754736043294,0.24491584173043832,LumA
TCGA-E2-A9RU-01A-11R-A41B-07,3.5366040419643996,-13.603240690809454,5.862919656709227,12.164512577183919,-2.360927462448797,LumB
TCGA-E9-A1N3-01A-12R-A157-07,21.326176133287643,-6.597361501254553,-0.5655249612110994,-14.21369932173453,-5.2274390191086395,LumA
TCGA-E9-A1N4-01A-11R-A14M-07,8.065383213071314,5.225035162143242,-0.46527866320713995,0.003963659099773718,-8.743485209028329,LumA
TCGA-E9-A1N5-01A-11R-A14D-07,17.981596201189557,-1.4387586357734103,-0.713016758568416,-0.29113268553747856,3.415980946409758,LumA
TCGA-E9-A1N6-01A-11R-A144-07,5.056803751779289,-11.476746732648262,0.4886470912440159,16.389913927104946,9.432977143537238,LumB
TCGA-E9-A1N8-01A-11R-A144-07,-28.967900183489153,-23.811925919229775,-18.215566701076625,-4.837566590254913,2.492572334320732,Basal
TCGA-E9-A1N9-01A-11R-A14D-07,-4.444290257123301,3.0642289147839854,-0.8556260321112746,-1.3311873162473435,8.776349562690983,Basal
TCGA-E9-A1NA-01A-11R-A144-07,3.6347280328701843,-11.900954408979366,10.078489953697463,2.4962055299940262,8.865048233404321,LumB
TCGA-E9-A1NC-01A-21R-A26B-07,-42.44426013207533,2.7376044703734177,-2.558283856766947,-3.1847631109445964,-3.1464068637345193,Basal
TCGA-E9-A1ND-01A-11R-A144-07,-34.288022940073425,-5.7456959416513564,7.68373748535157,9.131044490089753,-4.838108558451717,Basal
TCGA-E9-A1NE-01A-21R-A14M-07,-2.7038488526248767,16.47284606684558,3.821165630232927,-11.761620946742513,1.8989611237728945,LumA
TCGA-E9-A1NF-01A-11R-A14D-07,7.029234993877057,-5.6121155549229265,3.1398020758336487,17.354310654775645,3.8248169602477278,LumB
TCGA-E9-A1NG-01A-21R-A14M-07,4.201711990888537,-6.0135519308024605,-2.7757206727264423,16.109714493515916,4.2522225503275415,LumA
TCGA-E9-A1NH-01A-11R-A14D-07,11.220327683808897,6.531418403146786,-5.051494471789405,11.111519567743798,-3.308886194731866,LumA
TCGA-E9-A1NI-01A-11R-A14D-07,19.281145476506087,-11.43413333817769,-1.3205901368329782,10.334323903891184,-0.4434023021898394,LumB
TCGA-E9-A1QZ-01A-21R-A169-07,0.8797693269597009,16.821750491444654,-2.5704719937924407,-14.303134759404735,-4.4793580388805685,LumA
TCGA-E9-A1R0-01A-22R-A16F-07,11.468577678928806,17.04227239509869,-3.9737346826067075,-10.511839315118449,0.7988112108488834,LumA
TCGA-E9-A1R2-01A-11R-A14D-07,6.690934468066191,-2.5414669581466227,-2.1812191327786463,-8.589568979318331,3.8172767299768036,LumA
TCGA-E9-A1R3-01A-31R-A14M-07,9.130395913856503,-1.7831542214624743,-6.000740906498111,9.256039940184628,-2.5794395527863347,LumA
TCGA-E9-A1R4-01A-21R-A14D-07,7.514425881247577,-0.3374017203927489,10.06827067502705,-1.1113462833751195,1.778655791971262,LumB
TCGA-E9-A1R5-01A-11R-A14M-07,14.289410881509424,-9.332536926238115,1.4276725643335755,6.2200059195728254,3.2913307658185733,LumA
TCGA-E9-A1R6-01A-11R-A14D-07,23.875069037057973,-17.556539987742156,4.721928295923233,-8.423930836978808,7.088773004429227,LumA
TCGA-E9-A1R7-01A-11R-A14M-07,11.62601877360576,-6.638368710967078,5.630910266073441,-4.058456469731569,3.909819586234913,LumB
TCGA-E9-A1RA-01A-11R-A14D-07,11.896537109775418,1.692189405946758,-2.474385702709016,4.164240112760825,-5.147746555912127,LumA
TCGA-E9-A1RB-01A-11R-A157-07,6.264264809002456,-9.24334612756661,-5.526207135200701,7.87779152321639,-2.484510928204957,LumB
TCGA-E9-A1RC-01A-11R-A157-07,17.081800333446303,-16.57595337108379,-7.3319153484718775,10.52117143325514,1.040673274771489,LumA
TCGA-E9-A1RD-01A-11R-A157-07,23.1653012405045,-1.774883993882043,-2.8419066841002865,8.017801013296587,-8.7394736132968,LumA
TCGA-E9-A1RE-01A-11R-A157-07,16.15427607894847,-6.11339275769101,12.190100944667332,-11.240232929604021,11.357755266654081,LumB
TCGA-E9-A1RF-01A-11R-A157-07,3.5320781592370265,-2.5456602176240875,12.080817157342855,1.184583812723751,5.654625290838309,LumA
TCGA-E9-A1RG-01A-11R-A14D-07,7.272355557410413,-7.661137917969498,10.042314450082088,0.8326247273053545,-3.250463815935556,LumB
TCGA-E9-A1RH-01A-21R-A169-07,-15.15888019947881,-9.712906001220928,9.54590779627891,17.436092131091627,9.509406533382531,Her2
TCGA-E9-A1RI-01A-11R-A169-07,10.082196080234693,7.85770814028818,-0.9317743828798667,-1.628599750098125,8.497100778516314,LumA
TCGA-E9-A226-01A-21R-A157-07,11.695897256990524,-6.660540616293322,-3.117942021381573,13.914275937061111,8.399207906533471,LumB
TCGA-E9-A227-01A-11R-A157-07,11.522777802720437,9.781178281034219,-3.1660521509087354,-1.0081435960125618,-8.297490983564568,LumA
TCGA-E9-A228-01A-31R-A157-07,19.273278944837006,-21.620752582608123,2.7397268328214146,-11.118963590353635,12.919773456688928,LumB
TCGA-E9-A229-01A-31R-A157-07,9.404588988366655,7.106807870114148,0.315586926325903,-0.2029443862324158,4.410768586033412,LumA
TCGA-E9-A22A-01A-11R-A157-07,-0.22499107684522307,0.11950926671761078,13.790494438049379,2.4341173583803246,10.022119030488678,LumB
TCGA-E9-A22B-01A-11R-A157-07,10.211898508838063,-4.915360541194636,-0.007389565541609754,-8.02773696518005,13.319068802994572,LumA
TCGA-E9-A22D-01A-11R-A157-07,7.4939970445076955,5.009965881824022,23.612076615057216,-7.739637788804389,-4.142662922481567,LumB
TCGA-E9-A22E-01A-11R-A157-07,7.652385116449454,-0.2945775894681983,7.118144863068722,9.385018482588755,5.552218125756953,LumB
TCGA-E9-A22G-01A-11R-A157-07,-35.946139049852285,-25.45997143124894,-11.535591935880058,-3.650427725970173,-1.325618046402313,Basal
TCGA-E9-A22H-01A-11R-A157-07,20.596814104603602,0.3369821033393887,2.5778716847486,0.44584032759619463,-9.637407266295428,LumB
TCGA-E9-A243-01A-21R-A169-07,-32.57844059851042,10.233766455489482,12.52645075821821,-1.8038740200744865,-5.316243192069055,Basal
TCGA-E9-A244-01A-11R-A169-07,-33.59460768554436,-9.626058226907352,-11.138851500513622,-3.379614298902128,0.48031704035232126,Basal
TCGA-E9-A245-01A-22R-A16F-07,12.988304814613613,-1.489128894009537,-7.548039703749056,-13.588575869113486,3.2397490343078448,LumA
TCGA-E9-A247-01A-11R-A169-07,11.112390359456484,-8.491034132393398,-5.269483048531446,-5.230216377738454,4.22069287684964,LumA
TCGA-E9-A248-01A-11R-A169-07,-26.013416159137932,11.363347297440953,21.22471838738401,3.3845210687267637,1.064153454213107,Her2
TCGA-E9-A249-01A-11R-A169-07,17.789611322439256,-6.553331626349977,-2.2375649081854836,6.249220271672614,-13.29658889138516,LumB
TCGA-E9-A24A-01A-11R-A169-07,20.02704915796139,-9.082519181801366,-3.971833195013973,8.05386762079546,-9.281644910621276,LumA
TCGA-E9-A295-01A-11R-A16F-07,7.464030698384339,1.6506204581819384,-6.815468637049007,-1.770596735125433,9.155076844408196,LumA
TCGA-E9-A2JS-01A-11R-A180-07,10.433135241775982,-13.268726802685409,5.343900380180176,-4.370461983957124,15.567933117320864,LumB
TCGA-E9-A2JT-01A-22R-A18M-07,-9.200634242561511,23.75843999867902,16.055602618363075,-9.653900192728585,-3.6719361274497473,LumA
TCGA-E9-A3HO-01A-11R-A213-07,9.774480661531923,-2.826502838166072,-0.06763414008448265,-6.40260399861898,-8.270171463382727,LumB
TCGA-E9-A3Q9-01A-11R-A21T-07,15.856261039162474,6.4686714581611096,1.7022951970431652,-12.134491809954561,-13.683986985516922,LumA
TCGA-E9-A3QA-01A-61R-A22K-07,-39.00785333253939,0.646947969661471,6.377648295753267,-8.762229516544524,-9.094122564577606,Basal
TCGA-E9-A3X8-01A-31R-A22U-07,-0.33629830384666515,18.430445346780814,-3.8078518103286068,1.2588938994789114,-10.25110139516958,LumA
TCGA-E9-A54X-01A-11R-A266-07,26.430294128337337,-25.54465738812798,-8.323193243970513,-2.847430263673577,-7.659459888738516,LumB
TCGA-E9-A54Y-01A-11R-A466-07,17.77327148133311,-19.144590464256112,10.511388039675058,-2.8903006996316054,-14.991596867369214,LumB
TCGA-E9-A5FK-01A-11R-A27Q-07,-2.1935300315223896,22.257250024403884,4.318330121414727,-3.639927503531137,-8.589686859204626,LumA
TCGA-E9-A5FL-01A-11R-A27Q-07,-20.078138778998547,-10.939771176497016,-11.18317930244572,6.098663784808013,9.900389117300012,Basal
TCGA-E9-A5UO-01A-11R-A28M-07,27.377459256993816,-32.695349258982226,2.5790497099676735,-11.903989010273222,-8.418286016878808,LumB
TCGA-E9-A5UP-01A-11R-A28M-07,18.769887269227507,-26.6542316923625,1.9807037465411101,1.0372448346076013,-13.679028765532982,LumA
TCGA-E9-A6HE-01A-11R-A31O-07,9.897909285904706,2.523956878656284,-6.071744024278776,3.785663604912092,-6.108209291414005,LumA
TCGA-EW-A1IW-01A-11R-A13Q-07,1.1689568006216497,9.961845775248568,-6.732202143986463,2.0624261834343307,4.212422189659082,LumA
TCGA-EW-A1IX-01A-12R-A144-07,11.959017972134315,12.450356662020024,-6.649666322371297,0.17125768875115424,4.29044533049613,LumA
TCGA-EW-A1IY-01A-11R-A13Q-07,0.8556978730428175,9.942209608596645,3.090863580773735,5.397839035664671,-2.9581997501752464,LumB
TCGA-EW-A1IZ-01A-11R-A13Q-07,-4.317998282319378,14.501605157190388,21.68307497883072,-10.052692301059816,-5.054260863279459,LumA
TCGA-EW-A1J1-01A-11R-A13Q-07,19.844152778731303,-3.3925126194349513,11.27065675559845,-15.56993113000551,-3.1835895843257838,LumA
TCGA-EW-A1J2-01A-21R-A13Q-07,7.223333772055027,13.949684708208652,-14.038715004359627,1.5541239282473354,1.4992740281483066,LumA
TCGA-EW-A1J3-01A-11R-A13Q-07,18.72330103864506,1.6838672054077508,-13.521647529359878,5.43387518330971,-0.100430143142164,LumA
TCGA-EW-A1J5-01A-11R-A13Q-07,8.463558331444922,7.524982054427696,3.772903113437801,-6.280532859803699,-4.947864114628994,LumA
TCGA-EW-A1J6-01A-11R-A13Q-07,7.9463206890167335,-7.902307435703379,6.1631780843230315,-13.07894298254902,-8.804821733444271,LumB
TCGA-EW-A1OV-01A-11R-A144-07,-14.336467669016562,10.249545518389318,18.13114287784785,0.7005081676915396,-2.9148140415742736,Her2
TCGA-EW-A1OW-01A-21R-A144-07,-37.878605317314715,-7.873546037122866,-12.481732426350039,-4.142278840548508,3.1478047789546184,Basal
TCGA-EW-A1OX-01A-11R-A144-07,24.4280086868328,-31.168497100454204,3.1117286655631378,-15.32688039928201,3.5612001776659277,LumB
TCGA-EW-A1OY-01A-11R-A144-07,8.574539500421546,-3.1631806840779126,5.054060348136466,-3.4349328488353277,-0.3597970142257199,LumB
TCGA-EW-A1OZ-01A-11R-A144-07,7.558208330489543,-4.768171867910407,10.920486238431232,6.199823562365429,9.630648639298844,LumB
TCGA-EW-A1P0-01A-11R-A144-07,17.270390605338427,-11.837205076778208,6.948478872216412,-6.453057680907218,-2.8856667930357145,LumB
TCGA-EW-A1P1-01A-31R-A14D-07,-11.424159824194437,14.323769104934685,-13.287904938833403,4.64958966401196,9.630560661549753,Normal
TCGA-EW-A1P3-01A-11R-A144-07,14.220163080819821,6.094260942038851,-6.469488924791868,-1.1376523964239451,-4.619760580237435,LumA
TCGA-EW-A1P4-01A-21R-A144-07,-34.474250026295024,-7.40859697137091,0.012010453267025283,-3.002379079284084,1.6758629045204947,Basal
TCGA-EW-A1P5-01A-11R-A144-07,17.3402098540116,-5.762973885466026,-0.3437118075389327,0.4992174770711751,-5.130204535210071,LumA
TCGA-EW-A1P6-01A-11R-A144-07,10.286015969925423,5.196916714398065,3.9455652362769293,1.1788695462440824,0.5795844845391565,LumA
TCGA-EW-A1P7-01A-21R-A144-07,-33.80459469142305,18.963035865251264,-4.332739115936165,-9.847614098375848,-1.7561063920443207,Normal
TCGA-EW-A1P8-01A-11R-A144-07,-31.79349141485169,-9.232836517248904,-9.115032451252082,-1.2796320030230146,-4.916208873989268,Basal
TCGA-EW-A1PA-01A-11R-A144-07,4.980900914134579,7.116750412120815,6.08081545576467,-14.360287966278182,7.074690231719848,LumA
TCGA-EW-A1PB-01A-11R-A144-07,-33.44311831941957,-17.474415626215524,9.319299008056912,0.923091011139327,-14.741639502998964,Basal
TCGA-EW-A1PC-01B-11R-A21T-07,2.1324723315986813,-19.45826659117454,-1.405986146161934,11.214391416099392,2.7200624991358375,LumB
TCGA-EW-A1PD-01A-11R-A144-07,11.627986191055761,-4.053342106653576,-9.222948426763061,-3.3213291548761825,8.422089633081939,NA
TCGA-EW-A1PE-01A-11R-A144-07,8.973950376783447,14.571346818465152,8.68601680896294,3.715349594795599,-12.752562960862484,LumA
TCGA-EW-A1PF-01A-11R-A144-07,5.343660828393214,10.422126955217536,0.5719251416697155,-2.5617110196560606,7.022524353300132,LumA
TCGA-EW-A1PG-01A-11R-A144-07,-5.368472824651874,12.05355803758564,-17.014173550238144,5.392632173461506,6.281232897434634,Normal
TCGA-EW-A1PH-01A-11R-A14M-07,-37.893794026244095,-9.43595378724945,-6.621352065340675,-2.2734378755266422,2.9325684328328454,Basal
TCGA-EW-A2FR-01A-11R-A21T-07,-9.693597076923359,0.7721098696918748,7.7714626992225115,14.030477648609672,15.667774302684537,Her2
TCGA-EW-A2FS-01A-11R-A17B-07,-0.817009645217113,11.214377326863053,6.203697104392818,-16.509369809830822,2.0492909595378825,LumA
TCGA-EW-A2FV-01A-11R-A17B-07,-6.43507611967016,10.586692861186021,3.792718801350708,-3.481626046874616,5.50301839317964,LumA
TCGA-EW-A2FW-01A-11R-A17B-07,19.292828191400964,-13.417108065840049,6.231094734995571,-11.843506406124039,0.347537478412663,LumB
TCGA-EW-A3E8-01B-11R-A24H-07,7.229868267359923,20.442140295144423,5.709174207909952,-6.078872751124978,-1.9328022101386637,LumA
TCGA-EW-A3U0-01A-11R-A22K-07,-36.892129311666466,6.6438931197232485,-0.48017404601011343,-12.837240747110298,-0.3499903583598767,Basal
TCGA-EW-A423-01A-11R-A24H-07,14.048833084778346,-6.468782711754652,2.9866761774568835,5.012804054273769,-11.352878084174815,LumA
TCGA-EW-A424-01A-11R-A24H-07,8.937445683674225,6.6124544191531145,-10.52110084852626,-0.9237093602705763,-0.7430598289996355,LumA
TCGA-EW-A6S9-01A-22R-A33J-07,1.998841840398894,2.3498259957346925,7.688455784986886,5.648489205239142,9.4480355829257,LumA
TCGA-EW-A6SA-01A-21R-A32P-07,20.226386037574592,-25.84262523617231,7.001788084171073,-13.489449489241284,2.9177606350329413,NA
TCGA-EW-A6SB-01A-12R-A32P-07,-44.76659053292326,-3.455479101553079,12.720756750903378,-8.984238728735951,-16.38293132698715,Basal
TCGA-EW-A6SC-01A-12R-A32P-07,11.251249209030538,10.44453843854216,-0.49116284626604645,-7.13351264828029,4.842329904881579,LumA
TCGA-EW-A6SD-01A-12R-A33J-07,-16.634489784688444,4.117970669937721,21.003274943624763,15.932905248069808,1.8011113356968236,Her2
TCGA-GI-A2C8-01A-11R-A16F-07,11.616343438568427,0.5059218755618965,1.0629997059646659,6.604466166863004,4.938240784034587,LumA
TCGA-GI-A2C9-01A-11R-A21T-07,-29.97587642324669,-18.493056488709463,-21.236765351819503,0.8370482000921302,0.8437140531382974,Basal
TCGA-GM-A2D9-01A-11R-A18M-07,15.40672534938326,2.8827550669973507,-4.292525891375493,8.359522738537422,-4.835829774698753,LumA
TCGA-GM-A2DA-01A-11R-A18M-07,3.07990744823179,17.705812905202077,3.0467347943606047,0.7294148447011889,0.2803205863769489,LumA
TCGA-GM-A2DB-01A-31R-A18M-07,-19.391655421709338,0.5583721926582558,8.115445358162802,16.980997913030613,-2.766351939950474,Her2
TCGA-GM-A2DC-01A-11R-A18M-07,16.13467044522359,-7.421965184649934,5.015649106992795,-14.501090158198046,0.6497868594440578,LumA
TCGA-GM-A2DD-01A-11R-A180-07,-15.46022322323375,10.494900640065383,6.680525425888399,13.01913644878682,2.577808908667034,Normal
TCGA-GM-A2DF-01A-11R-A180-07,-40.03407816662091,2.178311477984165,7.252319241673412,-8.293038159445794,-5.079049830146209,Basal
TCGA-GM-A2DH-01A-11R-A180-07,-8.188159724146093,-1.0886115089314572,8.722436785936445,2.596332257781651,3.0395434951598292,Her2
TCGA-GM-A2DI-01A-31R-A18M-07,-2.1523929306038045,20.765650903911023,4.767136441778953,-7.102174479862395,0.5987036798855188,LumA
TCGA-GM-A2DK-01A-21R-A180-07,6.42114379723496,6.4197722890480655,-5.262386083123996,-11.744593999915315,6.984258968583316,LumA
TCGA-GM-A2DL-01A-11R-A18M-07,8.22909188534813,-2.91662787684564,-1.8233132191472217,9.482154445575807,2.723945992860058,LumA
TCGA-GM-A2DM-01A-11R-A180-07,19.767423799568775,-18.942406488002593,-3.755904021217464,-3.793227830824956,-11.206799519172275,LumA
TCGA-GM-A2DN-01A-11R-A180-07,-3.4319161134746587,16.66695444138839,0.8170732900756156,4.527277403146673,-11.323312638341239,LumA
TCGA-GM-A2DO-01A-11R-A18M-07,-0.450169576179616,9.780864899395011,19.692371842067892,-16.199181970874292,-8.859415011630395,LumB
TCGA-GM-A3NW-01A-21R-A22K-07,13.120025523018297,4.89569166919529,-6.84613686945307,-8.863781820286047,-2.1878714553669836,LumA
TCGA-GM-A3NY-01A-11R-A21T-07,7.579218699355094,11.64853679514676,-7.631943744208957,4.149914220280438,-9.080910376718933,LumA
TCGA-GM-A3XG-01A-31R-A24H-07,0.7807123773735676,7.306815497836729,-27.357388300761585,-2.2109529702232407,-0.15896472030887498,LumA
TCGA-GM-A3XL-01A-11R-A22U-07,-34.530400443496184,-9.222852828547525,10.3505526443069,-3.5527456408746416,-13.794797230965301,Basal
TCGA-GM-A3XN-01A-12R-A22U-07,0.8519347733061157,18.000711203207057,-6.519075695055523,-3.707078769199248,-2.306948538590717,LumA
TCGA-GM-A4E0-01A-12R-A266-07,-0.5164008103915725,16.931591099072467,-10.974757383328358,-1.921725258172692,-5.4517094711010765,LumA
TCGA-GM-A5PV-01A-11R-A28M-07,13.648422086772541,7.679976182924059,-16.19273125219869,-2.017271043375251,-8.382509935765937,LumA
TCGA-GM-A5PX-01A-12R-A28M-07,9.448979184032503,9.549534994986056,-10.440475627222042,4.110933894397668,-2.948517143832734,LumA
TCGA-HN-A2NL-01A-11R-A18M-07,-31.01342124268042,-10.286521352583042,-1.6974386855005015,-14.536547781954784,2.3206415724534915,Basal
TCGA-HN-A2OB-01A-21R-A27Q-07,3.420978357227511,18.843931154520533,-15.17182514388194,-2.7551629834853513,5.488584362771824,LumA
TCGA-JL-A3YW-01A-12R-A239-07,-18.251640809180802,1.1938525972365694,7.740406351538441,17.964838773025086,6.398259152460929,Her2
TCGA-JL-A3YX-01A-11R-A22U-07,10.864803684619968,2.871971732701525,-5.337961041461428,4.905659102330441,-0.04192146705681361,LumA
TCGA-LD-A66U-01A-11R-A31O-07,7.3666808656988065,17.278496665927626,-3.210325017590404,-4.891838207043095,-6.808170983639847,LumA
TCGA-LD-A74U-01A-13R-A33J-07,-0.36820341498146275,13.244632245142988,-12.593131881300485,3.4461578770894974,2.076581958988159,LumA
TCGA-LD-A7W5-01A-22R-A352-07,-4.977222812512597,16.58302399135264,8.431111029790824,-10.063601839395734,1.0982942920626315,LumA
TCGA-LD-A7W6-01A-81R-A352-07,10.71422064303084,17.132057229934304,-7.251313590881325,-8.515782326323723,-7.469210659729973,LumA
TCGA-LD-A9QF-01A-32R-A41B-07,-19.746917951046917,15.837428877279695,9.37139381085913,7.433340086007574,-1.34066786710028,Normal
TCGA-LL-A440-01A-11R-A24H-07,-0.7505102087584953,15.803233075463067,-15.892935962110046,-4.774185645034056,0.8765863877678579,LumA
TCGA-LL-A441-01A-11R-A24H-07,-27.699971842350763,11.146214318787079,-4.003729541515839,-10.552953629149298,-4.4899504558762,Normal
TCGA-LL-A442-01A-11R-A24H-07,28.0841879951467,-23.404076381719094,-0.9952207239714264,-4.874806962432214,-19.800764062067604,LumA
TCGA-LL-A50Y-01A-11R-A266-07,17.085790284786988,4.610107643548588,3.4015710544581017,4.945425105493145,-16.07582140596988,LumA
TCGA-LL-A5YL-01A-12R-A29R-07,-2.6034397336843536,5.305185650739111,-3.51312587562295,12.166933592927855,-5.392974236652452,LumA
TCGA-LL-A5YM-01A-11R-A28M-07,11.156828348052786,-10.832752344918596,7.527551969443689,-10.791733470793304,-3.3641665945192893,LumB
TCGA-LL-A5YN-01A-11R-A28M-07,-0.6959506198818329,13.979378751562942,8.456931264988663,1.8869232373485338,-12.162822832544755,LumA
TCGA-LL-A5YO-01A-21R-A28M-07,-26.77858857616757,14.022054158754154,19.194000867325062,7.000088136576071,-3.5089064438668913,Her2
TCGA-LL-A5YP-01A-21R-A28M-07,-33.351213739292604,-4.386532474080201,-8.093793101335299,-4.580319948770365,3.1379478649022183,Basal
TCGA-LL-A6FP-01A-11R-A31O-07,23.08425242730561,-16.914546111433705,-2.373906693230343,7.976744133984841,-10.483306539751618,LumA
TCGA-LL-A6FQ-01A-11R-A31O-07,18.830194250765878,-7.650641482798623,-0.19841915552365483,5.072176925237906,-12.70467907877443,LumA
TCGA-LL-A6FR-01A-12R-A31O-07,-30.87326805788242,-23.202263326026205,-22.340546294921808,7.235326333399841,-1.0053760170707529,Basal
TCGA-LL-A73Y-01A-11R-A33J-07,-33.10954604896123,0.544912814493669,-13.067502138608441,-9.257533219123147,3.84764456670719,Basal
TCGA-LL-A73Z-01A-11R-A32P-07,-15.991061389726216,12.372949531497682,-8.523741687671812,4.197747772276056,0.9880360651708511,Normal
TCGA-LL-A740-01A-21R-A32P-07,-7.934420914258065,0.29895064008568306,1.289981942380193,19.638443284793695,9.028254041620208,LumA
TCGA-LL-A7SZ-01A-32R-A352-07,-4.240868038845804,11.278720809658072,25.53117652637231,-5.411762572701008,-9.70103149829294,LumA
TCGA-LL-A7T0-01A-31R-A352-07,-0.06147035474978081,-0.5171535055919786,11.938200907949273,-6.857294327286757,3.1833873589063404,LumB
TCGA-LL-A8F5-01A-11R-A36F-07,-34.48513836782202,-6.502129327731424,9.66315178323881,-7.8562424366012396,-2.562491201891513,Basal
TCGA-LL-A9Q3-01A-11R-A41B-07,8.118022080922913,-2.6691151573606215,10.222695218129964,2.849509145612556,0.08303532513769366,LumA
TCGA-LQ-A4E4-01A-11R-A266-07,15.189424041985554,-5.0355950404774665,-8.878000731302972,7.316496158484667,-4.2156459562757265,LumA
TCGA-MS-A51U-01A-31R-A266-07,3.4037023803569135,20.24397953827716,-8.821238431872922,-4.820502094113931,-2.6608258462009515,LumA
TCGA-OK-A5Q2-01A-11R-A27Q-07,-3.870231662436887,17.16562276882347,-3.4292684144547216,2.8488939697758253,0.09560947304478863,LumA
TCGA-OL-A5D6-01A-21R-A27Q-07,-10.060997535341905,6.245085528957401,-0.4878473354498674,21.329805078373155,7.174348249470516,Normal
TCGA-OL-A5D7-01A-11R-A27Q-07,-35.454597428572605,-10.754682494323358,12.15665509000972,-8.93057685945227,-11.982702040632098,Basal
TCGA-OL-A5D8-01A-11R-A27Q-07,16.031586885107828,-2.517202372731858,5.149153649309563,-5.327369269884269,-2.495045605974339,LumA
TCGA-OL-A5DA-01A-11R-A27Q-07,12.376744896503912,1.9969800747277597,-8.036649891385649,-3.1085229187741668,0.0822561517456972,LumA
TCGA-OL-A5RU-01A-11R-A28M-07,2.5086337092482704,23.701162267397827,6.148585636913469,-1.5463761948122123,-12.259122947682378,LumA
TCGA-OL-A5RV-01A-12R-A28M-07,7.11489252866338,17.005815043237302,-12.64761892623586,1.8137545203935792,-1.6958661110159732,LumA
TCGA-OL-A5RW-01A-11R-A28M-07,-33.37405032770603,-16.391684811898017,-10.299562500050389,0.4433030589826588,-2.66925330869666,Basal
TCGA-OL-A5RX-01A-11R-A28M-07,0.5259503062585446,18.850812666684927,-13.063942722182215,-0.5947711524219456,-5.8530776227461265,LumA
TCGA-OL-A5RY-01A-21R-A28M-07,-26.39546124618362,21.439690045311966,4.694333865529962,5.006177397303311,0.8137732068004045,Normal
TCGA-OL-A5RZ-01A-11R-A28M-07,-3.8365977088527403,-11.702302441762292,6.446968316640684,6.1401887281360015,7.230247320569232,Her2
TCGA-OL-A5S0-01A-11R-A28M-07,-35.771477511275194,-8.888717095170524,-9.370405715930954,-4.032764541559347,-1.3392914373648264,Basal
TCGA-OL-A66H-01A-11R-A29R-07,12.86814655488696,-2.9531631988605547,9.825303471530873,-9.280896892855225,-11.261416279723369,LumA
TCGA-OL-A66I-01A-21R-A29R-07,-34.37531542417275,-2.7188900833462872,4.026705426526234,-9.769853839477156,-1.9925067402460683,Basal
TCGA-OL-A66J-01A-11R-A29R-07,11.538825301550155,2.092020605890154,-7.969577430553921,-9.44423101953648,4.100267033320813,LumA
TCGA-OL-A66K-01A-11R-A29R-07,14.77794047670628,5.401758245621775,-8.027916925728999,-2.5080888977190434,-3.602371633582978,LumA
TCGA-OL-A66L-01A-12R-A31O-07,4.57924963965726,13.871077526910165,-6.706792374388672,1.5517143626933272,-11.102791665431065,LumA
TCGA-OL-A66N-01A-12R-A31O-07,-2.714403818420171,13.233531093215104,0.2356045042311372,2.357034800340168,-5.340461069366834,LumA
TCGA-OL-A66O-01A-11R-A31O-07,16.69575265718956,-5.01481958208162,7.6565739094794045,-10.5511466869138,-2.083151652284305,LumA
TCGA-OL-A66P-01A-11R-A31O-07,-17.95555045477763,14.991733424518403,21.140893556639924,8.783108017555096,-4.508717058471289,Her2
TCGA-OL-A6VO-01A-12R-A33J-07,-31.201245398497267,-17.828373493084673,-2.2887194506846877,-4.704924689934665,-5.334964802703677,Basal
TCGA-OL-A6VQ-01A-12R-A41B-07,6.213275938649787,20.2741375986039,-11.424639131255171,-1.350989127987134,-0.20623097075683897,LumA
TCGA-OL-A6VR-01A-32R-A33J-07,16.080006911319018,3.548074407000041,-8.804173368419832,-8.6725016900991,-1.5960656151537465,LumA
TCGA-OL-A97C-01A-32R-A41B-07,2.9036175222576706,-2.468432547081524,-12.536891634499554,-5.923991136285557,5.403613335770586,Normal
TCGA-PE-A5DC-01A-12R-A27Q-07,10.780776312880079,-6.940865181241517,-3.0306309956148834,-3.6199326300488397,3.9995531082850935,LumA
TCGA-PE-A5DD-01A-12R-A27Q-07,12.694460370760833,10.41953489798092,3.736703450418451,3.9936854788717753,-5.562133912176097,LumA
TCGA-PE-A5DE-01A-11R-A27Q-07,2.8174050323994404,19.684595909193348,8.77715448149933,-2.169763325826277,-14.966916775155928,LumA
TCGA-PL-A8LV-01A-21R-A41B-07,-33.93981533710395,0.3588701374999551,2.3665486883081486,-5.255055292610541,-1.4365091378386856,Basal
TCGA-PL-A8LX-01A-11R-A41B-07,21.288667928227635,-26.79136360007886,3.0364020257009745,-13.69307159082421,-7.653274716132415,LumA
TCGA-PL-A8LY-01A-11R-A41B-07,-11.782344713067584,5.831041334583935,-22.220356446548426,-4.5692558986164515,-5.681381646492891,Normal
TCGA-PL-A8LZ-01A-31R-A36F-07,-32.54519995158568,-0.7465849300091194,4.758728587042342,-5.321200288558165,-6.324313674845385,Basal
TCGA-S3-A6ZF-01A-32R-A32P-07,5.467818194952095,0.7998365758940242,9.346828763661936,-0.1444200121862344,4.2859203525231155,LumB
TCGA-S3-A6ZG-01A-22R-A32P-07,12.568038489519422,7.961484168701224,5.190112727595469,-3.2242633985591618,-4.358264061640007,LumA
TCGA-S3-A6ZH-01A-22R-A32P-07,8.939499047782613,-3.250940696754155,5.268161530447591,-6.18626874013083,-2.7349517579691156,LumA
TCGA-S3-AA0Z-01A-11R-A41B-07,-30.582299899703095,-7.230322346013503,0.19866603572650451,-3.4880809571125333,-8.279508023818499,Basal
TCGA-S3-AA10-01A-21R-A41B-07,-42.208924522054254,-3.4692949710221153,9.963280077774407,-11.881940202160864,-6.634202241937847,Basal
TCGA-S3-AA11-01A-31R-A41B-07,15.445286432392164,-2.5531072853914796,-8.289878026549932,2.2400311014807244,2.3472565550165974,LumA
TCGA-S3-AA12-01A-11R-A41B-07,22.227090085763532,-14.337346544234395,11.940506682088495,-12.023970985097227,2.6334163577398457,LumA
TCGA-S3-AA14-01A-11R-A41B-07,7.300651050092364,13.96987295738614,-4.908095635387102,4.613543620423019,7.123902584402345,LumA
TCGA-S3-AA15-01A-11R-A41B-07,-34.797602100327225,21.625913082795034,7.213267698993547,-12.178392905471938,-2.7718464586843976,Basal
TCGA-S3-AA17-01A-11R-A41B-07,1.4307528747760037,11.081039802161545,23.11744193646499,-11.303323611492653,-11.501528091790176,LumB
TCGA-UL-AAZ6-01A-11R-A41B-07,5.612746536692667,-14.84891259748534,8.812672725820908,-0.5733540972990574,5.1001093608518735,LumA
TCGA-UU-A93S-01A-21R-A41B-07,-12.3148651892826,-14.843687923285543,11.942374901592402,17.692155780473662,-10.386437227994683,Her2
TCGA-V7-A7HQ-01A-11R-A33J-07,11.435099157481973,3.3799345609474556,-3.3881316168927564,2.0166423702882255,-1.518856065806632,LumA
TCGA-W8-A86G-01A-21R-A36F-07,5.428023491008336,11.291540178562677,-22.639482144855958,1.159494445527246,-0.9487512618256051,LumA
TCGA-WT-AB41-01A-11R-A41B-07,0.696730055270222,6.7677077546036415,13.82387776955759,-12.335461249700781,-7.644485910048772,LumA
TCGA-WT-AB44-01A-11R-A41B-07,3.037160462355884,1.605091685821253,-7.354310669806906,17.40763013652938,-4.674526783570853,LumA
TCGA-XX-A899-01A-11R-A36F-07,0.1535842591526038,18.389840141195734,-3.1322950962109846,-5.15975157331324,-1.3369622141811481,LumA
TCGA-XX-A89A-01A-11R-A36F-07,-4.64509382754445,20.04161566925826,-0.5734060392921649,1.22391763342643,0.5868470943194847,LumA
TCGA-Z7-A8R5-01A-42R-A41B-07,-8.504380132642117,13.638234320325147,-15.35884518255649,3.1251086139002306,-5.607611782445598,LumA
TCGA-Z7-A8R6-01A-11R-A41B-07,13.501364244298028,-3.3276491340187797,-2.1004881522115753,2.3988719427665686,-0.9878884755789765,LumB
