sample_id,assigned_cluster,best_correlation,second_best_correlation,confidence_gap,high_confidence
MB-0362,SNF_C1,0.30975242259669244,-0.30975242259669244,0.6195048451933849,TRUE
MB-0346,SNF_C2,0.1439045671985765,-0.1439045671985766,0.2878091343971531,TRUE
MB-0386,SNF_C1,0.11741297126595786,-0.11741297126595784,0.2348259425319157,TRUE
MB-0574,SNF_C1,0.2645404173274644,-0.2645404173274644,0.5290808346549288,TRUE
MB-0185,SNF_C2,0.11562283109732585,-0.11562283109732585,0.2312456621946517,TRUE
MB-0503,SNF_C1,0.21306953159640907,-0.2130695315964091,0.42613906319281813,TRUE
MB-0641,SNF_C2,0.028923595682408276,-0.028923595682408227,0.0578471913648165,TRUE
MB-0201,SNF_C2,0.18590800255718967,-0.1859080025571897,0.3718160051143794,TRUE
MB-0218,SNF_C1,0.22035187288196198,-0.22035187288196204,0.440703745763924,TRUE
MB-0316,SNF_C2,0.5472744981519932,-0.5472744981519932,1.0945489963039865,TRUE
MB-0189,SNF_C1,0.007577305696605887,-0.007577305696605826,0.015154611393211713,FALSE
MB-0891,SNF_C1,0.24188022288673058,-0.24188022288673056,0.4837604457734611,TRUE
MB-0658,SNF_C2,0.5243169810845704,-0.5243169810845705,1.048633962169141,TRUE
MB-0899,SNF_C1,0.16799786584648602,-0.167997865846486,0.33599573169297203,TRUE
MB-0605,SNF_C1,0.22005919384065825,-0.22005919384065817,0.4401183876813164,TRUE
MB-0258,SNF_C1,0.2020270501173932,-0.2020270501173932,0.4040541002347864,TRUE
MB-0506,SNF_C2,0.20379659955015053,-0.20379659955015056,0.4075931991003011,TRUE
MB-0420,SNF_C2,0.4365975460905853,-0.4365975460905854,0.8731950921811706,TRUE
MB-0223,SNF_C1,0.1460343032405871,-0.1460343032405871,0.2920686064811742,TRUE
MB-0445,SNF_C1,0.24074996478792227,-0.24074996478792232,0.4814999295758446,TRUE
MB-0199,SNF_C1,0.2663349926078761,-0.2663349926078761,0.5326699852157522,TRUE
MB-0517,SNF_C1,0.3413524694544035,-0.34135246945440356,0.6827049389088071,TRUE
MB-0155,SNF_C1,0.03134678469744878,-0.03134678469744874,0.06269356939489752,TRUE
MB-0428,SNF_C2,0.02630853218544702,-0.026308532185446987,0.05261706437089401,TRUE
MB-0117,SNF_C1,0.12308102482044088,-0.12308102482044084,0.24616204964088173,TRUE
MB-0906,SNF_C2,0.3313016962804867,-0.3313016962804867,0.6626033925609734,TRUE
MB-0249,SNF_C2,0.23661660271048085,-0.2366166027104809,0.47323320542096176,TRUE
MB-0660,SNF_C2,0.11883632135168733,-0.11883632135168734,0.23767264270337468,TRUE
MB-0497,SNF_C1,0.18137015914852328,-0.1813701591485233,0.36274031829704656,TRUE
MB-0434,SNF_C1,0.008713489975506986,-0.008713489975507053,0.01742697995101404,FALSE
MB-0143,SNF_C1,0.186608137149489,-0.186608137149489,0.373216274298978,TRUE
MB-0513,SNF_C1,0.16477301218294071,-0.1647730121829407,0.32954602436588143,TRUE
MB-0541,SNF_C1,0.14414296351632835,-0.14414296351632835,0.2882859270326567,TRUE
MB-0653,SNF_C2,0.10020248846742316,-0.10020248846742319,0.20040497693484635,TRUE
MB-0455,SNF_C2,0.21529303790846666,-0.2152930379084667,0.43058607581693337,TRUE
MB-0540,SNF_C2,0.2673140532016866,-0.26731405320168666,0.5346281064033733,TRUE
MB-0384,SNF_C1,0.12674013838789477,-0.12674013838789475,0.25348027677578955,TRUE
MB-0637,SNF_C2,0.0904392851442883,-0.09043928514428831,0.18087857028857662,TRUE
MB-0157,SNF_C2,0.46693887730266814,-0.46693887730266825,0.9338777546053364,TRUE
MB-0443,SNF_C1,0.04153379377228361,-0.041533793772283605,0.08306758754456722,TRUE
MB-0584,SNF_C1,0.10288111109786542,-0.10288111109786538,0.20576222219573082,TRUE
MB-0292,SNF_C2,0.18572960472279548,-0.18572960472279548,0.37145920944559097,TRUE
MB-0322,SNF_C1,0.2557499600548947,-0.25574996005489464,0.5114999201097894,TRUE
MB-0501,SNF_C1,0.24671142140041585,-0.24671142140041583,0.4934228428008317,TRUE
MB-0401,SNF_C2,0.40615601531157547,-0.4061560153115755,0.812312030623151,TRUE
MB-0140,SNF_C1,0.2522131352924281,-0.2522131352924281,0.5044262705848562,TRUE
MB-0606,SNF_C1,0.19004786605939186,-0.19004786605939186,0.3800957321187837,TRUE
MB-0666,SNF_C2,0.02949783358958956,-0.029497833589589552,0.05899566717917911,TRUE
MB-0598,SNF_C2,0.04241392842653869,-0.042413928426538634,0.08482785685307732,TRUE
MB-0453,SNF_C2,0.07991844414018988,-0.07991844414018988,0.15983688828037976,TRUE
MB-0138,SNF_C1,0.3236365642009209,-0.32363656420092085,0.6472731284018418,TRUE
MB-0579,SNF_C1,0.2674605483286811,-0.26746054832868116,0.5349210966573623,TRUE
MB-0405,SNF_C1,0.2268323652623833,-0.22683236526238326,0.4536647305247665,TRUE
MB-0471,SNF_C1,0.25383038383606177,-0.2538303838360618,0.5076607676721236,TRUE
MB-0347,SNF_C2,0.21782403484573182,-0.2178240348457318,0.43564806969146364,TRUE
MB-0619,SNF_C1,0.0010365241760615324,-0.0010365241760615744,0.002073048352123107,FALSE
MB-0171,SNF_C1,0.11171272208934482,-0.11171272208934482,0.22342544417868965,TRUE
MB-0310,SNF_C1,0.06257713132080109,-0.06257713132080109,0.12515426264160218,TRUE
MB-0621,SNF_C1,0.13015492629107675,-0.1301549262910767,0.26030985258215344,TRUE
MB-0614,SNF_C2,0.05642441459976238,-0.056424414599762426,0.1128488291995248,TRUE
MB-0372,SNF_C2,0.4118528420449131,-0.4118528420449131,0.8237056840898263,TRUE
MB-0374,SNF_C1,0.062265054111814426,-0.06226505411181444,0.12453010822362887,TRUE
MB-0382,SNF_C1,0.19438224633461576,-0.19438224633461568,0.3887644926692314,TRUE
MB-0327,SNF_C1,0.2723540660066039,-0.27235406600660383,0.5447081320132077,TRUE
MB-0066,SNF_C1,0.16091191358120646,-0.1609119135812064,0.32182382716241287,TRUE
MB-0144,SNF_C1,0.12856977133790493,-0.12856977133790487,0.2571395426758098,TRUE
MB-0596,SNF_C1,0.10480054347781564,-0.10480054347781557,0.20960108695563123,TRUE
MB-0164,SNF_C2,0.49034792367907365,-0.4903479236790736,0.9806958473581473,TRUE
MB-0215,SNF_C1,0.12822686499963423,-0.12822686499963415,0.2564537299992684,TRUE
MB-0146,SNF_C1,0.23213681819705015,-0.2321368181970501,0.46427363639410024,TRUE
MB-0229,SNF_C1,0.28652905192942274,-0.2865290519294227,0.5730581038588454,TRUE
MB-0505,SNF_C1,0.1897688783531922,-0.18976887835319217,0.37953775670638434,TRUE
MB-0102,SNF_C1,0.04664299261321152,-0.04664299261321153,0.09328598522642305,TRUE
MB-0569,SNF_C2,0.0563731086265027,-0.05637310862650269,0.11274621725300539,TRUE
MB-0516,SNF_C2,0.4987916609902892,-0.49879166099028927,0.9975833219805785,TRUE
MB-0272,SNF_C1,0.17002049365860888,-0.17002049365860886,0.34004098731721777,TRUE
MB-0585,SNF_C1,0.13671932936953551,-0.13671932936953551,0.27343865873907103,TRUE
MB-0494,SNF_C2,0.3578655144120952,-0.35786551441209513,0.7157310288241903,TRUE
MB-0306,SNF_C2,6.112619003952061e-4,-6.112619003951603e-4,0.0012225238007903664,FALSE
MB-0463,SNF_C1,0.2756277611160256,-0.27562776111602555,0.5512555222320512,TRUE
MB-0198,SNF_C1,0.10630989251524241,-0.10630989251524238,0.2126197850304848,TRUE
MB-0203,SNF_C1,0.0941023640371264,-0.09410236403712641,0.18820472807425281,TRUE
MB-0607,SNF_C1,0.007373251621338983,-0.0073732516213389455,0.014746503242677927,FALSE
MB-0631,SNF_C1,0.22104700526247367,-0.22104700526247367,0.44209401052494735,TRUE
MB-0363,SNF_C2,0.08129807665508586,-0.08129807665508589,0.16259615331017174,TRUE
MB-0427,SNF_C1,7.013508424173105e-4,-7.013508424173562e-4,0.0014027016848346667,FALSE
MB-0519,SNF_C2,0.2152864297255701,-0.2152864297255701,0.4305728594511402,TRUE
MB-0371,SNF_C1,0.026250986068820783,-0.02625098606882075,0.05250197213764153,TRUE
MB-0380,SNF_C1,0.036799577378818296,-0.036799577378818345,0.07359915475763665,TRUE
MB-0221,SNF_C2,0.11879919054109793,-0.11879919054109794,0.2375983810821959,TRUE
MB-0348,SNF_C1,0.34632507400856544,-0.34632507400856544,0.6926501480171309,TRUE
MB-0261,SNF_C1,0.2870921114900807,-0.2870921114900806,0.5741842229801613,TRUE
MB-0576,SNF_C1,0.08623324813228347,-0.0862332481322834,0.1724664962645669,TRUE
MB-0385,SNF_C1,0.07767007083832445,-0.07767007083832447,0.15534014167664892,TRUE
MB-0659,SNF_C2,0.23725605029423452,-0.2372560502942345,0.47451210058846904,TRUE
MB-0270,SNF_C1,0.11916493757652027,-0.11916493757652034,0.2383298751530406,TRUE
MB-0379,SNF_C1,0.14296118652071543,-0.1429611865207154,0.28592237304143087,TRUE
MB-0432,SNF_C2,0.18735881393387643,-0.1873588139338764,0.37471762786775287,TRUE
MB-0527,SNF_C1,0.1574802030118077,-0.15748020301180765,0.31496040602361536,TRUE
MB-0624,SNF_C1,0.15034528340070485,-0.15034528340070483,0.3006905668014097,TRUE
MB-0273,SNF_C1,0.25040383733549815,-0.2504038373354981,0.5008076746709962,TRUE
MB-0050,SNF_C1,0.06783108375496333,-0.0678310837549633,0.13566216750992663,TRUE
MB-0460,SNF_C2,0.0252121012947468,-0.025212101294746787,0.05042420258949359,TRUE
MB-0654,SNF_C1,0.3651866102085116,-0.3651866102085115,0.7303732204170231,TRUE
MB-0454,SNF_C1,0.20073917417106005,-0.20073917417106008,0.40147834834212015,TRUE
MB-0392,SNF_C2,0.06840104013435075,-0.06840104013435075,0.1368020802687015,TRUE
MB-0336,SNF_C1,0.14748853729462066,-0.1474885372946207,0.2949770745892414,TRUE
MB-0467,SNF_C2,0.20729388689972197,-0.20729388689972195,0.4145877737994439,TRUE
MB-0349,SNF_C1,0.12307442737288687,-0.12307442737288692,0.2461488547457738,TRUE
MB-0378,SNF_C2,0.26146590104920403,-0.26146590104920403,0.5229318020984081,TRUE
MB-0176,SNF_C1,0.11657459090963346,-0.11657459090963347,0.23314918181926692,TRUE
MB-0429,SNF_C1,0.19679412097354082,-0.19679412097354082,0.39358824194708164,TRUE
MB-0397,SNF_C1,0.18143104775711155,-0.18143104775711152,0.3628620955142231,TRUE
MB-0571,SNF_C1,0.20112734842669538,-0.2011273484266954,0.40225469685339077,TRUE
MB-0426,SNF_C1,0.0900818179913331,-0.09008181799133305,0.18016363598266616,TRUE
MB-0135,SNF_C1,0.20810648247105182,-0.20810648247105182,0.41621296494210364,TRUE
MB-0112,SNF_C1,0.07242473391513785,-0.07242473391513783,0.1448494678302757,TRUE
MB-0352,SNF_C2,0.2783205686605614,-0.2783205686605614,0.5566411373211227,TRUE
MB-0644,SNF_C1,0.009583480127314921,-0.009583480127314891,0.019166960254629814,FALSE
MB-0601,SNF_C2,0.06198298976745338,-0.0619829897674534,0.12396597953490679,TRUE
MB-0568,SNF_C1,0.18015634124515456,-0.18015634124515448,0.360312682490309,TRUE
MB-0328,SNF_C1,0.09601938351918562,-0.09601938351918561,0.19203876703837125,TRUE
MB-0325,SNF_C2,0.22845053452055197,-0.228450534520552,0.45690106904110395,TRUE
MB-0358,SNF_C2,0.12058007398073062,-0.1205800739807306,0.24116014796146124,TRUE
MB-0413,SNF_C1,0.13707572967318818,-0.13707572967318812,0.2741514593463763,TRUE
MB-0158,SNF_C2,0.27549873102968275,-0.2754987310296828,0.5509974620593656,TRUE
MB-0636,SNF_C1,0.06868989142046422,-0.06868989142046424,0.13737978284092844,TRUE
MB-0145,SNF_C1,0.29019362452862885,-0.2901936245286288,0.5803872490572577,TRUE
MB-0195,SNF_C1,0.0975328132033688,-0.09753281320336885,0.19506562640673764,TRUE
MB-0422,SNF_C1,0.24933620656937744,-0.24933620656937738,0.4986724131387548,TRUE
MB-0483,SNF_C1,0.02260921317332012,-0.022609213173320156,0.04521842634664028,TRUE
MB-0317,SNF_C1,0.2181629030303005,-0.21816290303030048,0.436325806060601,TRUE
MB-0486,SNF_C1,0.1906365414033109,-0.1906365414033109,0.3812730828066218,TRUE
MB-0139,SNF_C1,0.1728548708288783,-0.1728548708288783,0.3457097416577566,TRUE
MB-0257,SNF_C1,0.3255955028032861,-0.32559550280328603,0.6511910056065722,TRUE
MB-0345,SNF_C1,0.25308462210944205,-0.25308462210944205,0.5061692442188841,TRUE
MB-0375,SNF_C2,0.4347382585675143,-0.4347382585675143,0.8694765171350286,TRUE
MB-0419,SNF_C1,0.23388289509508567,-0.23388289509508564,0.4677657901901713,TRUE
MB-0480,SNF_C1,0.2830012951408175,-0.28300129514081745,0.566002590281635,TRUE
MB-0311,SNF_C1,0.09287991705616573,-0.0928799170561657,0.18575983411233143,TRUE
MB-0324,SNF_C1,0.20156555352120212,-0.20156555352120212,0.40313110704240424,TRUE
MB-0368,SNF_C1,0.0854380663595798,-0.08543806635957979,0.17087613271915958,TRUE
MB-0389,SNF_C2,0.04178528893785747,-0.04178528893785743,0.0835705778757149,TRUE
MB-0248,SNF_C1,0.16628495939315996,-0.16628495939316,0.3325699187863199,TRUE
MB-0035,SNF_C1,0.05593973356087317,-0.05593973356087319,0.11187946712174636,TRUE
MB-0667,SNF_C2,0.01872824036103412,-0.018728240361034126,0.037456480722068246,TRUE
MB-0423,SNF_C1,0.1170395397678886,-0.11703953976788853,0.2340790795357771,TRUE
MB-0904,SNF_C1,0.2377896550195591,-0.2377896550195591,0.4755793100391182,TRUE
MB-0119,SNF_C1,0.14831011982438777,-0.14831011982438777,0.29662023964877554,TRUE
MB-0650,SNF_C1,0.055052829538765925,-0.0550528295387659,0.11010565907753182,TRUE
MB-0204,SNF_C1,0.21800988560787918,-0.21800988560787912,0.4360197712157583,TRUE
MB-0184,SNF_C1,0.13921994290227732,-0.1392199429022773,0.2784398858045546,TRUE
MB-0600,SNF_C1,0.2543069198106175,-0.25430691981061754,0.508613839621235,TRUE
MB-0400,SNF_C2,0.41163109318582625,-0.41163109318582625,0.8232621863716525,TRUE
MB-0511,SNF_C1,0.14789833000281885,-0.14789833000281877,0.29579666000563765,TRUE
MB-0059,SNF_C1,0.2097768544538347,-0.2097768544538347,0.4195537089076694,TRUE
MB-0500,SNF_C2,0.49398279398950534,-0.49398279398950534,0.9879655879790107,TRUE
MB-0150,SNF_C2,0.4698625963542302,-0.4698625963542301,0.9397251927084603,TRUE
MB-0895,SNF_C2,0.07369797502480495,-0.07369797502480499,0.14739595004960993,TRUE
MB-0366,SNF_C1,0.20548464834632685,-0.20548464834632682,0.4109692966926537,TRUE
MB-0173,SNF_C1,0.08864988735349412,-0.08864988735349415,0.17729977470698827,TRUE
MB-0131,SNF_C1,0.16169365839787206,-0.16169365839787206,0.3233873167957441,TRUE
MB-0206,SNF_C2,0.5292711714003392,-0.5292711714003392,1.0585423428006784,TRUE
MB-0315,SNF_C1,0.12545141045310118,-0.12545141045310115,0.2509028209062023,TRUE
MB-0361,SNF_C2,0.17776171411768255,-0.1777617141176826,0.35552342823536515,TRUE
MB-0545,SNF_C1,0.0353407166139428,-0.03534071661394277,0.07068143322788557,TRUE
MB-0370,SNF_C1,0.020853435700565717,-0.02085343570056579,0.04170687140113151,TRUE
MB-0642,SNF_C1,0.311223094249135,-0.31122309424913497,0.6224461884982699,TRUE
MB-0431,SNF_C1,0.14450359207350147,-0.1445035920735014,0.2890071841470029,TRUE
MB-0181,SNF_C1,0.21183589742846795,-0.21183589742846795,0.4236717948569359,TRUE
MB-0603,SNF_C1,0.28317719695056937,-0.2831771969505693,0.5663543939011386,TRUE
MB-0295,SNF_C1,0.1977899684874766,-0.19778996848747657,0.3955799369749532,TRUE
MB-0618,SNF_C1,0.3062200405845754,-0.3062200405845754,0.6124400811691508,TRUE
MB-0496,SNF_C1,0.09620320696638532,-0.09620320696638528,0.19240641393277058,TRUE
MB-0411,SNF_C1,0.08923671774446539,-0.08923671774446537,0.17847343548893074,TRUE
MB-0285,SNF_C1,0.03249102745878134,-0.03249102745878134,0.06498205491756268,TRUE
MB-0360,SNF_C1,0.2590448750752972,-0.2590448750752973,0.5180897501505946,TRUE
MB-0359,SNF_C1,0.08818737467442189,-0.08818737467442184,0.17637474934884373,TRUE
MB-0344,SNF_C1,0.1404891949745201,-0.14048919497452006,0.2809783899490401,TRUE
MB-0583,SNF_C1,0.39274577137072364,-0.3927457713707236,0.7854915427414473,TRUE
MB-0202,SNF_C1,0.10091418110416651,-0.10091418110416653,0.20182836220833306,TRUE
MB-0485,SNF_C1,0.09110840312554883,-0.09110840312554884,0.18221680625109765,TRUE
MB-0609,SNF_C1,0.15969175398824306,-0.15969175398824303,0.31938350797648607,TRUE
MB-0538,SNF_C1,0.05837970177669865,-0.058379701776698635,0.11675940355339728,TRUE
MB-0197,SNF_C2,0.1591057729519113,-0.15910577295191133,0.3182115459038226,TRUE
MB-0410,SNF_C2,0.010971625401398474,-0.010971625401398432,0.021943250802796906,FALSE
MB-0528,SNF_C1,7.112052294473493e-4,-7.112052294473247e-4,0.0014224104588946738,FALSE
MB-0165,SNF_C2,0.04060418962869737,-0.04060418962869733,0.0812083792573947,TRUE
MB-0152,SNF_C2,0.18940214121183935,-0.18940214121183935,0.3788042824236787,TRUE
MB-0546,SNF_C1,0.041129314482080785,-0.04112931448208076,0.08225862896416154,TRUE
MB-0148,SNF_C2,0.27363788623874685,-0.27363788623874685,0.5472757724774937,TRUE
MB-0594,SNF_C1,0.027206796065996464,-0.027206796065996533,0.054413592131993,TRUE
MB-0521,SNF_C1,0.03523363437642239,-0.035233634376422344,0.07046726875284473,TRUE
MB-0532,SNF_C2,0.1798605778605042,-0.17986057786050416,0.3597211557210084,TRUE
MB-0536,SNF_C2,0.13488470397513358,-0.13488470397513355,0.26976940795026716,TRUE
MB-0319,SNF_C1,0.16945970150696807,-0.16945970150696807,0.33891940301393614,TRUE
MB-0491,SNF_C1,0.07980074498782458,-0.07980074498782454,0.1596014899756491,TRUE
MB-0404,SNF_C1,0.19075131655949587,-0.19075131655949587,0.38150263311899174,TRUE
MB-0243,SNF_C1,0.257692149334685,-0.25769214933468493,0.51538429866937,TRUE
MB-0580,SNF_C2,0.09719638928106122,-0.09719638928106124,0.19439277856212245,TRUE
MB-0312,SNF_C1,0.22427264150307383,-0.22427264150307388,0.4485452830061477,TRUE
MB-0060,SNF_C2,0.22503254848095958,-0.22503254848095955,0.4500650969619191,TRUE
MB-0635,SNF_C2,0.1623236484031098,-0.1623236484031098,0.3246472968062196,TRUE
MB-0649,SNF_C1,0.08917320656745636,-0.08917320656745628,0.17834641313491265,TRUE
MB-0643,SNF_C2,0.37532922806403524,-0.37532922806403524,0.7506584561280705,TRUE
MB-0581,SNF_C2,0.21978198526057136,-0.21978198526057136,0.4395639705211427,TRUE
MB-0383,SNF_C1,0.03912785655264082,-0.03912785655264085,0.07825571310528168,TRUE
MB-0142,SNF_C1,0.21724500207455397,-0.21724500207455397,0.43449000414910793,TRUE
MB-0320,SNF_C1,0.25703499491973,-0.2570349949197299,0.5140699898394598,TRUE
MB-0207,SNF_C1,0.24780644628180226,-0.2478064462818022,0.49561289256360447,TRUE
MB-0167,SNF_C1,0.0034326454918525745,-0.003432645491852615,0.00686529098370519,FALSE
MB-0591,SNF_C1,0.1826305609024589,-0.18263056090245888,0.36526112180491777,TRUE
MB-0613,SNF_C2,0.232759952880065,-0.23275995288006496,0.46551990576012997,TRUE
MB-0313,SNF_C2,0.025159814744149314,-0.02515981474414933,0.05031962948829864,TRUE
MB-0599,SNF_C1,0.14704270815834902,-0.14704270815834905,0.29408541631669805,TRUE
MB-0286,SNF_C1,0.04359494417372423,-0.04359494417372415,0.08718988834744838,TRUE
MB-0575,SNF_C1,0.030051219024432096,-0.030051219024432082,0.06010243804886418,TRUE
MB-0549,SNF_C1,0.08584650607035364,-0.08584650607035368,0.1716930121407073,TRUE
MB-0214,SNF_C2,0.3342537819080531,-0.33425378190805316,0.6685075638161062,TRUE
MB-0589,SNF_C1,0.172161112582817,-0.17216111258281702,0.34432222516563404,TRUE
MB-0406,SNF_C1,0.14287815590248745,-0.14287815590248745,0.2857563118049749,TRUE
MB-0452,SNF_C1,0.05845499186457178,-0.05845499186457177,0.11690998372914355,TRUE
MB-0524,SNF_C2,0.0034453413490315317,-0.003445341349031513,0.006890682698063045,FALSE
MB-0880,SNF_C1,0.2822155737760224,-0.28221557377602235,0.5644311475520447,TRUE
MB-0573,SNF_C2,0.012248046501334762,-0.012248046501334727,0.02449609300266949,FALSE
MB-0664,SNF_C2,0.5417263167743577,-0.5417263167743578,1.0834526335487156,TRUE
MB-0446,SNF_C2,0.41268760165696333,-0.4126876016569633,0.8253752033139266,TRUE
MB-0008,SNF_C1,0.06158867381769406,-0.0615886738176941,0.12317734763538817,TRUE
MB-0656,SNF_C2,0.43197060030450607,-0.43197060030450607,0.8639412006090121,TRUE
MB-0154,SNF_C1,0.222339377432224,-0.22233937743222393,0.44467875486444797,TRUE
MB-0597,SNF_C1,0.050325841906302356,-0.05032584190630232,0.10065168381260467,TRUE
MB-0550,SNF_C1,0.0035739733399316274,-0.003573973339931576,0.007147946679863204,FALSE
MB-0616,SNF_C1,0.16966199780622748,-0.16966199780622748,0.33932399561245496,TRUE
MB-0448,SNF_C1,0.18873032955969749,-0.18873032955969749,0.37746065911939497,TRUE
MB-0412,SNF_C1,0.008306300164579434,-0.008306300164579455,0.01661260032915889,FALSE
MB-0122,SNF_C1,0.301075455533652,-0.30107545553365195,0.602150911067304,TRUE
MB-0425,SNF_C1,0.24853240306520322,-0.2485324030652032,0.4970648061304064,TRUE
MB-0314,SNF_C2,0.09711800886091629,-0.09711800886091627,0.19423601772183258,TRUE
MB-0356,SNF_C1,0.17299843007757776,-0.17299843007757776,0.3459968601551555,TRUE
MB-0440,SNF_C1,0.08690009879810112,-0.08690009879810115,0.17380019759620227,TRUE
MB-0398,SNF_C2,0.07762589191825647,-0.07762589191825647,0.15525178383651295,TRUE
MB-0438,SNF_C2,0.18738633762803994,-0.18738633762803988,0.3747726752560798,TRUE
MB-0449,SNF_C1,0.2817091068185887,-0.28170910681858863,0.5634182136371773,TRUE
MB-0162,SNF_C1,0.31058949558593857,-0.31058949558593846,0.621178991171877,TRUE
MB-0593,SNF_C2,0.2504297142630305,-0.2504297142630304,0.5008594285260609,TRUE
MB-0301,SNF_C1,0.24159558867527503,-0.24159558867527497,0.48319117735055,TRUE
MB-0628,SNF_C1,0.10934990497789315,-0.10934990497789314,0.2186998099557863,TRUE
MB-0283,SNF_C2,0.0038077336832325003,-0.0038077336832324834,0.007615467366464984,FALSE
MB-0106,SNF_C1,0.16986627950126493,-0.1698662795012649,0.33973255900252985,TRUE
MB-0341,SNF_C1,0.059543232073504364,-0.059543232073504315,0.11908646414700869,TRUE
MB-0474,SNF_C2,0.015955876305640534,-0.015955876305640545,0.03191175261128108,FALSE
MB-0394,SNF_C1,0.1678767106502301,-0.16787671065023013,0.33575342130046026,TRUE
MB-0373,SNF_C2,0.058266531491882205,-0.0582665314918822,0.1165330629837644,TRUE
MB-0247,SNF_C1,0.0685702962705701,-0.06857029627057003,0.13714059254114014,TRUE
MB-0225,SNF_C1,0.14878451305513976,-0.1487845130551398,0.2975690261102796,TRUE
MB-0424,SNF_C2,0.10304101704131577,-0.10304101704131574,0.2060820340826315,TRUE
MB-0209,SNF_C2,0.12605203352466665,-0.12605203352466665,0.2521040670493333,TRUE
MB-0115,SNF_C2,0.5184823927394657,-0.5184823927394657,1.0369647854789315,TRUE
MB-0136,SNF_C1,0.12378227799531459,-0.12378227799531454,0.24756455599062913,TRUE
MB-0542,SNF_C2,0.1521047611152625,-0.15210476111526255,0.30420952223052505,TRUE
MB-0354,SNF_C2,0.3393549066198365,-0.3393549066198365,0.678709813239673,TRUE
MB-0151,SNF_C1,0.17649933865173764,-0.17649933865173767,0.35299867730347534,TRUE
MB-0590,SNF_C2,0.01469464412960225,-0.014694644129602337,0.029389288259204588,FALSE
MB-0608,SNF_C2,0.44485445025792036,-0.44485445025792036,0.8897089005158407,TRUE
MB-0657,SNF_C2,0.018186198869942105,-0.018186198869942105,0.03637239773988421,FALSE
MB-0559,SNF_C1,0.24832778513018952,-0.24832778513018955,0.4966555702603791,TRUE
MB-0893,SNF_C2,0.18191256354207275,-0.18191256354207272,0.3638251270841455,TRUE
MB-0514,SNF_C1,0.19596535526775744,-0.19596535526775738,0.3919307105355148,TRUE
MB-0395,SNF_C2,0.12586154426978352,-0.12586154426978352,0.25172308853956704,TRUE
MB-0294,SNF_C2,0.04911403817310242,-0.04911403817310238,0.0982280763462048,TRUE
MB-0439,SNF_C1,0.1491187746981743,-0.14911877469817428,0.2982375493963486,TRUE
MB-0481,SNF_C2,0.44627746163613025,-0.4462774616361303,0.8925549232722605,TRUE
MB-0529,SNF_C1,0.2857681177772888,-0.2857681177772887,0.5715362355545774,TRUE
MB-0224,SNF_C1,0.13797726189996362,-0.1379772618999636,0.27595452379992724,TRUE
MB-0302,SNF_C1,0.0585439360123516,-0.05854393601235155,0.11708787202470314,TRUE
MB-0126,SNF_C1,0.1928369840831383,-0.19283698408313824,0.3856739681662765,TRUE
MB-0220,SNF_C2,0.24632959719423916,-0.2463295971942392,0.4926591943884784,TRUE
MB-0192,SNF_C2,0.21045416249219506,-0.21045416249219503,0.4209083249843901,TRUE
MB-0121,SNF_C1,0.21235406418801386,-0.21235406418801386,0.4247081283760277,TRUE
MB-0239,SNF_C1,0.1159995006682198,-0.11599950066821975,0.23199900133643955,TRUE
MB-0364,SNF_C1,0.21797492567833648,-0.21797492567833646,0.43594985135667297,TRUE
MB-0232,SNF_C1,0.2540200407852757,-0.2540200407852757,0.5080400815705514,TRUE
MB-0884,SNF_C1,0.041738165608652227,-0.04173816560865221,0.08347633121730444,TRUE
MB-0238,SNF_C2,0.47329956445954596,-0.4732995644595461,0.946599128919092,TRUE
MB-0194,SNF_C1,0.15865695055643603,-0.15865695055643597,0.317313901112872,TRUE
MB-0882,SNF_C1,0.166246747246581,-0.166246747246581,0.332493494493162,TRUE
MB-0010,SNF_C1,0.13672656565388447,-0.13672656565388444,0.27345313130776894,TRUE
MB-0236,SNF_C1,0.09324273332724044,-0.09324273332724042,0.18648546665448085,TRUE
MB-0377,SNF_C1,0.05339455901948227,-0.05339455901948224,0.10678911803896451,TRUE
MB-0123,SNF_C1,0.0809074763689535,-0.08090747636895353,0.16181495273790703,TRUE
MB-0504,SNF_C1,0.3031514746516464,-0.3031514746516464,0.6063029493032928,TRUE
MB-0564,SNF_C2,0.14460293840402172,-0.14460293840402166,0.2892058768080434,TRUE
MB-0475,SNF_C2,0.023628652522949725,-0.023628652522949708,0.047257305045899436,TRUE
MB-0321,SNF_C1,0.1043130785270597,-0.10431307852705975,0.20862615705411947,TRUE
MB-0482,SNF_C2,0.1981525656104237,-0.19815256561042371,0.39630513122084743,TRUE
MB-0101,SNF_C1,0.08429818895753925,-0.08429818895753928,0.16859637791507853,TRUE
MB-0662,SNF_C2,0.21599486903882983,-0.21599486903882983,0.43198973807765967,TRUE
MB-0291,SNF_C1,0.04276772803634541,-0.042767728036345425,0.08553545607269084,TRUE
MB-0465,SNF_C2,0.035165139825988685,-0.03516513982598869,0.07033027965197738,TRUE
MB-0630,SNF_C1,0.052588383485822295,-0.05258838348582232,0.10517676697164462,TRUE
MB-0036,SNF_C1,0.24589086062191784,-0.24589086062191784,0.4917817212438357,TRUE
MB-0166,SNF_C1,0.22465595561496998,-0.22465595561497,0.44931191122993996,TRUE
MB-0180,SNF_C1,0.32989821857841567,-0.32989821857841556,0.6597964371568312,TRUE
MB-0525,SNF_C2,0.23935405300884174,-0.23935405300884177,0.47870810601768354,TRUE
MB-0307,SNF_C2,0.11306014896338078,-0.11306014896338078,0.22612029792676155,TRUE
MB-0002,SNF_C1,0.2670658421714209,-0.2670658421714209,0.5341316843428418,TRUE
MB-0408,SNF_C1,0.19534474318095443,-0.1953447431809544,0.3906894863619088,TRUE
MB-0466,SNF_C1,0.16578571555696742,-0.16578571555696747,0.3315714311139349,TRUE
MB-0632,SNF_C1,0.14252688853536538,-0.14252688853536535,0.28505377707073076,TRUE
MB-0120,SNF_C2,0.057774635841291694,-0.057774635841291645,0.11554927168258333,TRUE
MB-0507,SNF_C1,0.11592012473391661,-0.11592012473391655,0.23184024946783316,TRUE
MB-0287,SNF_C1,0.2041972322529704,-0.2041972322529704,0.4083944645059408,TRUE
MB-0869,SNF_C2,0.5833570139924313,-0.5833570139924315,1.1667140279848627,TRUE
MB-4633,SNF_C1,0.3510489833996699,-0.3510489833996698,0.7020979667993397,TRUE
MB-4627,SNF_C1,0.24620935850085707,-0.24620935850085704,0.49241871700171413,TRUE
MB-4004,SNF_C1,0.1527006347575963,-0.15270063475759627,0.30540126951519253,TRUE
MB-4708,SNF_C1,0.15471136169307065,-0.1547113616930706,0.30942272338614124,TRUE
MB-4618,SNF_C1,0.16479912968487379,-0.1647991296848738,0.3295982593697476,TRUE
MB-4641,SNF_C1,0.356115330810673,-0.3561153308106729,0.7122306616213459,TRUE
MB-4622,SNF_C2,0.47339707817409193,-0.473397078174092,0.9467941563481839,TRUE
MB-4634,SNF_C1,0.15627913136738422,-0.15627913136738428,0.3125582627347685,TRUE
MB-4688,SNF_C2,0.035092609568228364,-0.035092609568228385,0.07018521913645676,TRUE
MB-4665,SNF_C1,0.23344756660006236,-0.23344756660006236,0.4668951332001247,TRUE
MB-4666,SNF_C1,0.24054365466169608,-0.24054365466169605,0.48108730932339216,TRUE
MB-4640,SNF_C2,0.08399580806665631,-0.08399580806665631,0.16799161613331262,TRUE
MB-4691,SNF_C1,0.16992189165754285,-0.1699218916575428,0.33984378331508563,TRUE
MB-4671,SNF_C1,0.22931430161436897,-0.22931430161436892,0.4586286032287379,TRUE
MB-4667,SNF_C2,0.21514109497898384,-0.21514109497898387,0.43028218995796774,TRUE
MB-4721,SNF_C1,0.31583996648402585,-0.31583996648402585,0.6316799329680517,TRUE
MB-4723,SNF_C1,0.20130233659558217,-0.20130233659558214,0.40260467319116433,TRUE
MB-4718,SNF_C1,0.1275793209684019,-0.12757932096840185,0.25515864193680377,TRUE
MB-4716,SNF_C1,0.06386035937725681,-0.06386035937725677,0.12772071875451357,TRUE
MB-4729,SNF_C1,0.05261568178013755,-0.05261568178013758,0.10523136356027513,TRUE
MB-4717,SNF_C2,0.44403652531362175,-0.44403652531362175,0.8880730506272435,TRUE
MB-4724,SNF_C2,0.23862278552671434,-0.23862278552671434,0.4772455710534287,TRUE
MB-4770,SNF_C2,0.4130894399241563,-0.41308943992415625,0.8261788798483125,TRUE
MB-4752,SNF_C1,0.14856163532422043,-0.14856163532422037,0.2971232706484408,TRUE
MB-4762,SNF_C1,0.2671788223972859,-0.26717882239728585,0.5343576447945717,TRUE
MB-5169,SNF_C1,0.17047601369759743,-0.1704760136975975,0.3409520273951949,TRUE
MB-4796,SNF_C1,0.1463040560037966,-0.14630405600379662,0.2926081120075932,TRUE
MB-4790,SNF_C1,0.2709126359366028,-0.27091263593660275,0.5418252718732055,TRUE
MB-4797,SNF_C1,0.15628811230326733,-0.15628811230326733,0.31257622460653467,TRUE
MB-4800,SNF_C1,0.10031502243758107,-0.10031502243758107,0.20063004487516214,TRUE
MB-5541,SNF_C1,0.09462029011154313,-0.0946202901115431,0.18924058022308624,TRUE
MB-5549,SNF_C2,0.289346962751073,-0.289346962751073,0.578693925502146,TRUE
MB-5519,SNF_C1,0.15261893947087013,-0.1526189394708701,0.30523787894174026,TRUE
MB-5495,SNF_C1,0.17075093650812864,-0.17075093650812861,0.34150187301625723,TRUE
MB-4832,SNF_C1,0.24485798357089963,-0.24485798357089958,0.4897159671417992,TRUE
MB-4745,SNF_C2,0.31741687723638323,-0.31741687723638323,0.6348337544727665,TRUE
MB-4825,SNF_C1,0.2921500345243928,-0.2921500345243928,0.5843000690487856,TRUE
MB-4814,SNF_C2,0.12744583752760036,-0.12744583752760033,0.2548916750552007,TRUE
MB-4757,SNF_C2,0.4782141067965417,-0.47821410679654175,0.9564282135930835,TRUE
MB-4694,SNF_C2,0.47058461223355935,-0.4705846122335593,0.9411692244671186,TRUE
MB-4698,SNF_C1,0.2038956680404881,-0.203895668040488,0.40779133608097606,TRUE
MB-4715,SNF_C2,0.48006275511032453,-0.4800627551103246,0.9601255102206492,TRUE
MB-4685,SNF_C1,0.1674908627369876,-0.16749086273698763,0.3349817254739752,TRUE
MB-4712,SNF_C2,0.10406959587178699,-0.10406959587178699,0.20813919174357398,TRUE
MB-4672,SNF_C1,0.23630878626888974,-0.2363087862688897,0.4726175725377795,TRUE
MB-4704,SNF_C1,0.12586512362974853,-0.12586512362974853,0.25173024725949705,TRUE
MB-4655,SNF_C1,0.042525774021253265,-0.042525774021253265,0.08505154804250653,TRUE
MB-4651,SNF_C2,0.04607625165543678,-0.04607625165543681,0.09215250331087359,TRUE
MB-4661,SNF_C1,0.2676609879282189,-0.2676609879282189,0.5353219758564378,TRUE
MB-4649,SNF_C1,0.09779115032173855,-0.09779115032173853,0.1955823006434771,TRUE
MB-4642,SNF_C1,0.1375287915958579,-0.13752879159585787,0.2750575831917158,TRUE
MB-4674,SNF_C1,0.3229824626584295,-0.32298246265842945,0.6459649253168589,TRUE
MB-4648,SNF_C1,0.1506121308738015,-0.15061213087380146,0.301224261747603,TRUE
MB-5197,SNF_C1,0.16480671451502266,-0.16480671451502263,0.3296134290300453,TRUE
MB-5152,SNF_C1,0.2343949348034748,-0.2343949348034748,0.4687898696069496,TRUE
MB-5201,SNF_C1,0.33143379739940326,-0.33143379739940326,0.6628675947988065,TRUE
MB-5189,SNF_C1,0.22332379885117043,-0.22332379885117043,0.44664759770234086,TRUE
MB-5281,SNF_C1,0.027703406506206722,-0.02770340650620667,0.05540681301241339,TRUE
MB-5212,SNF_C2,0.02616180495495778,-0.02616180495495779,0.05232360990991557,TRUE
MB-5172,SNF_C2,0.12043822393568805,-0.12043822393568804,0.24087644787137608,TRUE
MB-5183,SNF_C1,0.2592317810197974,-0.2592317810197975,0.5184635620395949,TRUE
MB-5185,SNF_C1,0.0739631457056068,-0.07396314570560679,0.1479262914112136,TRUE
MB-5022,SNF_C1,0.08649850388595072,-0.08649850388595078,0.1729970077719015,TRUE
MB-5014,SNF_C1,0.25975586238844195,-0.2597558623884419,0.5195117247768839,TRUE
MB-4994,SNF_C1,0.26480636599057505,-0.26480636599057505,0.5296127319811501,TRUE
MB-5017,SNF_C2,0.1933653307720158,-0.19336533077201581,0.3867306615440316,TRUE
MB-4982,SNF_C2,0.21971443105287916,-0.2197144310528791,0.43942886210575827,TRUE
MB-5004,SNF_C2,0.05219016684101049,-0.05219016684101055,0.10438033368202104,TRUE
MB-4986,SNF_C1,0.02109793300659482,-0.02109793300659482,0.04219586601318964,TRUE
MB-5327,SNF_C2,0.18943864077974995,-0.1894386407797499,0.37887728155949985,TRUE
MB-5341,SNF_C1,0.3032056871702385,-0.30320568717023855,0.6064113743404771,TRUE
MB-5323,SNF_C2,0.48097210892357967,-0.48097210892357967,0.9619442178471593,TRUE
MB-5328,SNF_C1,0.1494558330213664,-0.14945583302136645,0.29891166604273284,TRUE
MB-5318,SNF_C1,0.03665823407572784,-0.03665823407572786,0.0733164681514557,TRUE
MB-5287,SNF_C1,0.22858803120975196,-0.22858803120975196,0.4571760624195039,TRUE
MB-5324,SNF_C1,0.22825509728344592,-0.22825509728344584,0.4565101945668918,TRUE
MB-4682,SNF_C1,0.16195631933767585,-0.16195631933767585,0.3239126386753517,TRUE
MB-4710,SNF_C1,0.2347908691645724,-0.2347908691645723,0.46958173832914474,TRUE
MB-4701,SNF_C1,0.2261297099955391,-0.2261297099955391,0.4522594199910782,TRUE
MB-4709,SNF_C1,0.23669150838507216,-0.23669150838507216,0.4733830167701443,TRUE
MB-4686,SNF_C1,0.08311561095796015,-0.08311561095796012,0.16623122191592027,TRUE
MB-4706,SNF_C1,0.051773191912989854,-0.05177319191298983,0.1035463838259797,TRUE
MB-4719,SNF_C1,0.3428360445148887,-0.34283604451488864,0.6856720890297774,TRUE
MB-4702,SNF_C1,0.007753861891061618,-0.007753861891061665,0.015507723782123284,FALSE
MB-4908,SNF_C1,0.11911221295245256,-0.11911221295245256,0.2382244259049051,TRUE
MB-4871,SNF_C2,0.2781393025656606,-0.27813930256566055,0.5562786051313211,TRUE
MB-4906,SNF_C1,0.19645019419730506,-0.19645019419730508,0.39290038839461017,TRUE
MB-4911,SNF_C2,0.5559776778725428,-0.5559776778725427,1.1119553557450854,TRUE
MB-4866,SNF_C1,0.25651607822089323,-0.25651607822089323,0.5130321564417865,TRUE
MB-4858,SNF_C1,0.0059840363841381335,-0.005984036384138107,0.011968072768276241,FALSE
MB-4862,SNF_C2,0.1519780775600358,-0.15197807756003584,0.3039561551200717,TRUE
MB-4872,SNF_C1,0.059707923100271634,-0.0597079231002716,0.11941584620054324,TRUE
MB-4887,SNF_C2,0.004848771764418963,-0.004848771764418962,0.009697543528837924,FALSE
MB-4867,SNF_C1,0.23502206287545355,-0.23502206287545346,0.47004412575090704,TRUE
MB-4888,SNF_C2,0.4739882233300926,-0.47398822333009266,0.9479764466601852,TRUE
MB-4929,SNF_C1,0.01986853400276858,-0.019868534002768584,0.03973706800553717,TRUE
MB-4945,SNF_C2,0.48536091184820424,-0.48536091184820435,0.9707218236964086,TRUE
MB-4930,SNF_C2,0.025267318528844642,-0.025267318528844656,0.0505346370576893,TRUE
MB-4894,SNF_C1,0.09003196581585532,-0.0900319658158553,0.18006393163171064,TRUE
MB-4898,SNF_C1,0.3315178485171115,-0.3315178485171115,0.663035697034223,TRUE
MB-4670,SNF_C1,0.29917235243845924,-0.29917235243845924,0.5983447048769185,TRUE
MB-5013,SNF_C1,0.31761584454663866,-0.3176158445466386,0.6352316890932772,TRUE
MB-4977,SNF_C1,0.19690646231790299,-0.19690646231790293,0.3938129246358059,TRUE
MB-4967,SNF_C1,0.21825398919135594,-0.21825398919135588,0.4365079783827118,TRUE
MB-4981,SNF_C1,0.14602741652452478,-0.14602741652452472,0.2920548330490495,TRUE
MB-4003,SNF_C2,0.13399057453143437,-0.13399057453143437,0.26798114906286874,TRUE
MB-4968,SNF_C1,0.25430079404386546,-0.25430079404386546,0.5086015880877309,TRUE
MB-5052,SNF_C2,0.34143965185512004,-0.34143965185512,0.6828793037102401,TRUE
MB-5049,SNF_C1,0.1781568656599204,-0.1781568656599204,0.3563137313198408,TRUE
MB-5041,SNF_C2,0.27211749549074643,-0.27211749549074643,0.5442349909814929,TRUE
MB-5044,SNF_C1,0.1322830059031063,-0.13228300590310627,0.26456601180621253,TRUE
MB-5072,SNF_C2,0.06906124246705177,-0.06906124246705177,0.13812248493410353,TRUE
MB-4171,SNF_C1,0.0193746916048206,-0.01937469160482067,0.03874938320964127,TRUE
MB-5053,SNF_C1,0.27128572597174744,-0.2712857259717474,0.5425714519434948,TRUE
MB-5045,SNF_C2,0.1456588482214763,-0.14565884822147634,0.29131769644295263,TRUE
MB-5116,SNF_C1,0.1725263343650857,-0.17252633436508574,0.34505266873017143,TRUE
MB-5120,SNF_C2,0.12919331639574244,-0.1291933163957425,0.25838663279148494,TRUE
MB-5074,SNF_C1,0.13870367970073366,-0.1387036797007336,0.27740735940146727,TRUE
MB-5119,SNF_C1,0.15565612242357013,-0.15565612242357008,0.3113122448471402,TRUE
MB-5114,SNF_C2,0.37935090332250493,-0.379350903322505,0.75870180664501,TRUE
MB-4230,SNF_C1,0.10077579720455132,-0.10077579720455133,0.20155159440910264,TRUE
MB-4154,SNF_C2,0.22386195175528595,-0.22386195175528595,0.4477239035105719,TRUE
MB-5115,SNF_C2,0.5203728367127807,-0.5203728367127808,1.0407456734255613,TRUE
MB-4737,SNF_C1,0.06636664303225678,-0.0663666430322568,0.13273328606451357,TRUE
MB-4764,SNF_C1,0.10144398168648543,-0.10144398168648543,0.20288796337297085,TRUE
MB-4735,SNF_C1,0.2602838931673673,-0.2602838931673673,0.5205677863347346,TRUE
MB-4730,SNF_C1,0.24737230829565932,-0.24737230829565934,0.49474461659131863,TRUE
MB-4733,SNF_C2,0.4289626132699205,-0.4289626132699206,0.8579252265398412,TRUE
MB-4758,SNF_C2,0.3837589746581424,-0.38375897465814246,0.7675179493162849,TRUE
MB-5033,SNF_C1,0.21408350723976932,-0.21408350723976938,0.4281670144795387,TRUE
MB-4741,SNF_C1,0.22161426645182908,-0.22161426645182905,0.44322853290365816,TRUE
MB-4732,SNF_C2,0.4809003142477194,-0.48090031424771956,0.961800628495439,TRUE
MB-5305,SNF_C1,0.23411720950395584,-0.2341172095039559,0.46823441900791174,TRUE
MB-5256,SNF_C1,0.2543493737343917,-0.2543493737343917,0.5086987474687834,TRUE
MB-5273,SNF_C1,0.10865263960478168,-0.10865263960478172,0.21730527920956338,TRUE
MB-5236,SNF_C2,0.5503893355654692,-0.5503893355654694,1.1007786711309386,TRUE
MB-5238,SNF_C2,0.23666776991156582,-0.23666776991156582,0.47333553982313165,TRUE
MB-5233,SNF_C1,0.20536595090405477,-0.20536595090405482,0.4107319018081096,TRUE
MB-5244,SNF_C1,0.2693854262501603,-0.2693854262501604,0.5387708525003208,TRUE
MB-5253,SNF_C1,0.074854624001247,-0.074854624001247,0.149709248002494,TRUE
MB-5260,SNF_C1,0.27515935072374403,-0.27515935072374403,0.5503187014474881,TRUE
MB-4998,SNF_C1,0.20761426110175651,-0.20761426110175651,0.41522852220351303,TRUE
MB-4993,SNF_C2,0.16272531985170718,-0.16272531985170716,0.32545063970341437,TRUE
MB-5001,SNF_C1,0.25379202999636946,-0.25379202999636946,0.5075840599927389,TRUE
MB-5084,SNF_C1,0.1880688227444558,-0.1880688227444558,0.3761376454889116,TRUE
MB-4969,SNF_C1,0.33868610135293437,-0.3386861013529344,0.6773722027058688,TRUE
MB-4999,SNF_C1,0.2482291742270029,-0.24822917422700294,0.4964583484540058,TRUE
MB-5011,SNF_C1,0.2776128973617813,-0.27761289736178135,0.5552257947235626,TRUE
MB-4959,SNF_C1,0.2556382995299636,-0.25563829952996353,0.5112765990599271,TRUE
MB-4599,SNF_C1,0.29530028204631825,-0.29530028204631825,0.5906005640926365,TRUE
MB-4616,SNF_C1,0.36403581379256733,-0.36403581379256733,0.7280716275851347,TRUE
MB-4623,SNF_C1,0.11166950678705781,-0.1116695067870578,0.22333901357411562,TRUE
MB-4644,SNF_C1,0.20768982018681198,-0.20768982018681198,0.41537964037362396,TRUE
MB-4869,SNF_C1,0.2958069688012028,-0.2958069688012027,0.5916139376024054,TRUE
MB-4878,SNF_C1,0.09142732838752571,-0.09142732838752571,0.18285465677505142,TRUE
MB-4851,SNF_C1,0.25758988248555004,-0.25758988248555004,0.5151797649711001,TRUE
MB-4233,SNF_C1,0.07908424478638257,-0.07908424478638264,0.1581684895727652,TRUE
MB-4937,SNF_C2,0.09735479672220074,-0.09735479672220076,0.1947095934444015,TRUE
MB-4934,SNF_C1,0.1797000635616416,-0.17970006356164156,0.3594001271232832,TRUE
MB-4899,SNF_C1,0.17357409000619775,-0.17357409000619772,0.34714818001239545,TRUE
MB-4912,SNF_C1,0.21420897313457674,-0.2142089731345768,0.4284179462691535,TRUE
MB-4935,SNF_C2,0.3219489926554934,-0.32194899265549354,0.643897985310987,TRUE
MB-4933,SNF_C2,0.03903608910873228,-0.039036089108732304,0.0780721782174646,TRUE
MB-4900,SNF_C1,0.08504003866134367,-0.08504003866134364,0.17008007732268732,TRUE
MB-4941,SNF_C1,0.14433656356066532,-0.1443365635606653,0.28867312712133064,TRUE
MB-5221,SNF_C1,0.2875874901128486,-0.2875874901128486,0.5751749802256972,TRUE
MB-5139,SNF_C1,0.046035184579443944,-0.04603518457944394,0.09207036915888789,TRUE
MB-5222,SNF_C2,0.4540887514425394,-0.45408875144253946,0.9081775028850789,TRUE
MB-5097,SNF_C1,0.01851606201783179,-0.018516062017831784,0.037032124035663576,TRUE
MB-5338,SNF_C2,0.13607605794728878,-0.13607605794728883,0.2721521158945776,TRUE
MB-5315,SNF_C2,0.306937403205122,-0.3069374032051221,0.6138748064102441,TRUE
MB-5195,SNF_C2,0.06133840835372348,-0.06133840835372344,0.12267681670744693,TRUE
MB-5226,SNF_C1,0.16533146681722335,-0.16533146681722338,0.33066293363444677,TRUE
MB-5232,SNF_C2,0.4564653627357116,-0.4564653627357116,0.9129307254714232,TRUE
MB-5160,SNF_C1,0.20632184188442027,-0.20632184188442032,0.4126436837688406,TRUE
MB-5126,SNF_C2,0.5023866113593595,-0.5023866113593596,1.0047732227187192,TRUE
MB-5124,SNF_C1,0.2303700317257261,-0.2303700317257261,0.4607400634514522,TRUE
MB-4855,SNF_C1,0.17686441647952442,-0.17686441647952436,0.3537288329590488,TRUE
MB-5279,SNF_C1,0.29559738787980494,-0.2955973878798049,0.5911947757596099,TRUE
MB-4173,SNF_C1,0.34777991742320724,-0.34777991742320724,0.6955598348464145,TRUE
MB-5145,SNF_C2,0.4469278111346621,-0.4469278111346621,0.8938556222693242,TRUE
MB-4944,SNF_C1,0.22089589102621027,-0.2208958910262103,0.44179178205242053,TRUE
MB-4961,SNF_C1,0.2534366268506325,-0.25343662685063245,0.506873253701265,TRUE
MB-5121,SNF_C1,0.2577679387063244,-0.25776793870632436,0.5155358774126488,TRUE
MB-4956,SNF_C1,0.08573537181534918,-0.08573537181534922,0.17147074363069842,TRUE
MB-4886,SNF_C2,0.1912508309357651,-0.19125083093576514,0.38250166187153023,TRUE
MB-4950,SNF_C1,0.21559872278992037,-0.21559872278992037,0.43119744557984074,TRUE
MB-4965,SNF_C1,0.20742210719837365,-0.20742210719837365,0.4148442143967473,TRUE
MB-4962,SNF_C1,0.3166623280453323,-0.3166623280453323,0.6333246560906646,TRUE
MB-4952,SNF_C2,0.3099900377219064,-0.3099900377219064,0.6199800754438128,TRUE
MB-5267,SNF_C1,0.10158957072551628,-0.10158957072551626,0.20317914145103255,TRUE
MB-5266,SNF_C2,0.044719298929621676,-0.04471929892962176,0.08943859785924343,TRUE
MB-5396,SNF_C1,0.032667743206847885,-0.03266774320684789,0.06533548641369577,TRUE
MB-4938,SNF_C2,0.4687768789462209,-0.4687768789462209,0.9375537578924418,TRUE
MB-5351,SNF_C2,0.08495030055349713,-0.08495030055349712,0.16990060110699423,TRUE
MB-5347,SNF_C1,0.16577700506488802,-0.16577700506488802,0.33155401012977603,TRUE
MB-5312,SNF_C2,0.35978906972330904,-0.35978906972330904,0.7195781394466181,TRUE
MB-5311,SNF_C2,0.007641526026633459,-0.007641526026633403,0.015283052053266862,FALSE
MB-5284,SNF_C1,0.24971759459650958,-0.24971759459650955,0.4994351891930191,TRUE
MB-4148,SNF_C1,0.09524769499941681,-0.09524769499941675,0.19049538999883356,TRUE
MB-5078,SNF_C2,0.06935800534116132,-0.06935800534116132,0.13871601068232264,TRUE
MB-5088,SNF_C1,0.13533864758723377,-0.13533864758723374,0.2706772951744675,TRUE
MB-5064,SNF_C1,0.18499471608746346,-0.18499471608746343,0.36998943217492686,TRUE
MB-5107,SNF_C1,0.09116770317637785,-0.0911677031763779,0.18233540635275575,TRUE
MB-5066,SNF_C1,0.29215952331757583,-0.29215952331757583,0.5843190466351517,TRUE
MB-5068,SNF_C1,0.19063114556952213,-0.1906311455695221,0.3812622911390442,TRUE
MB-5061,SNF_C1,0.0851462274303242,-0.08514622743032425,0.17029245486064845,TRUE
MB-5070,SNF_C2,0.4677888527510992,-0.4677888527510992,0.9355777055021984,TRUE
MB-5059,SNF_C1,0.24948728650623106,-0.24948728650623103,0.49897457301246206,TRUE
MB-4266,SNF_C1,0.06219720712518553,-0.06219720712518551,0.12439441425037104,TRUE
MB-4276,SNF_C2,0.1015674060694892,-0.10156740606948926,0.20313481213897847,TRUE
MB-4771,SNF_C1,0.2258967995610169,-0.2258967995610169,0.4517935991220338,TRUE
MB-4739,SNF_C1,0.24641682552014704,-0.24641682552014707,0.4928336510402941,TRUE
MB-5331,SNF_C1,0.16396180157387277,-0.1639618015738728,0.3279236031477456,TRUE
MB-4743,SNF_C1,0.1520324934504162,-0.15203249345041617,0.3040649869008324,TRUE
MB-4785,SNF_C1,0.2619111307852218,-0.2619111307852219,0.5238222615704438,TRUE
MB-4778,SNF_C1,0.13608049865557448,-0.13608049865557445,0.27216099731114896,TRUE
MB-4763,SNF_C2,0.24285966115416407,-0.24285966115416405,0.48571932230832815,TRUE
MB-4779,SNF_C1,0.2595901018797414,-0.2595901018797413,0.5191802037594827,TRUE
MB-4849,SNF_C1,0.17855979794628235,-0.17855979794628235,0.3571195958925647,TRUE
MB-4787,SNF_C1,0.0401114000732416,-0.04011140007324159,0.0802228001464832,TRUE
MB-4767,SNF_C1,0.0012234288015723497,-0.0012234288015723674,0.002446857603144717,FALSE
MB-4784,SNF_C1,0.09794391032998108,-0.09794391032998112,0.1958878206599622,TRUE
MB-5043,SNF_C1,0.23064443288786576,-0.2306444328878658,0.4612888657757316,TRUE
MB-4992,SNF_C1,0.0852248475896549,-0.08522484758965487,0.17044969517930977,TRUE
MB-5020,SNF_C1,0.24168340077238942,-0.24168340077238937,0.4833668015447788,TRUE
MB-5019,SNF_C2,0.15476670238609028,-0.15476670238609028,0.30953340477218055,TRUE
MB-5015,SNF_C1,0.24982549360373169,-0.24982549360373169,0.49965098720746337,TRUE
MB-5048,SNF_C1,0.2519941514269232,-0.25199415142692316,0.5039883028538463,TRUE
MB-5035,SNF_C1,0.05749223156922356,-0.05749223156922356,0.11498446313844712,TRUE
MB-5398,SNF_C1,0.370644717721346,-0.370644717721346,0.741289435442692,TRUE
MB-5377,SNF_C1,0.3434944310972382,-0.34349443109723815,0.6869888621944764,TRUE
MB-5291,SNF_C1,0.2030344238257982,-0.20303442382579823,0.40606884765159645,TRUE
MB-5403,SNF_C1,0.26135171865195284,-0.26135171865195284,0.5227034373039057,TRUE
MB-5224,SNF_C1,0.26966110188351516,-0.2696611018835151,0.5393222037670302,TRUE
MB-5369,SNF_C1,0.2679546924387945,-0.26795469243879444,0.5359093848775889,TRUE
MB-5404,SNF_C1,0.2598976545385324,-0.25989765453853236,0.5197953090770648,TRUE
MB-5397,SNF_C1,0.16349966077798236,-0.16349966077798234,0.3269993215559647,TRUE
MB-5378,SNF_C2,0.46783601953666665,-0.46783601953666665,0.9356720390733333,TRUE
MB-5388,SNF_C1,0.1024211048744096,-0.1024211048744096,0.2048422097488192,TRUE
MB-5395,SNF_C1,0.11477463454270133,-0.11477463454270131,0.22954926908540263,TRUE
MB-5365,SNF_C1,0.3993723148322902,-0.3993723148322902,0.7987446296645804,TRUE
MB-5389,SNF_C1,0.3193534891311972,-0.3193534891311972,0.6387069782623944,TRUE
MB-5385,SNF_C1,0.2576903611485089,-0.25769036114850885,0.5153807222970177,TRUE
MB-5393,SNF_C1,0.19562551693587749,-0.19562551693587749,0.39125103387175497,TRUE
MB-5289,SNF_C1,0.26526108862210174,-0.2652610886221017,0.5305221772442035,TRUE
MB-5361,SNF_C1,0.04464845900118266,-0.044648459001182646,0.0892969180023653,TRUE
MB-5392,SNF_C2,0.24556708649653905,-0.245567086496539,0.49113417299307804,TRUE
MB-5147,SNF_C1,0.11829906662998094,-0.11829906662998092,0.23659813325996187,TRUE
MB-4140,SNF_C1,0.2850817604300464,-0.28508176043004635,0.5701635208600928,TRUE
MB-5138,SNF_C2,0.4896640436754308,-0.48966404367543076,0.9793280873508616,TRUE
MB-5123,SNF_C1,0.11851878182040719,-0.11851878182040719,0.23703756364081438,TRUE
MB-5065,SNF_C2,0.4811894836845705,-0.4811894836845705,0.962378967369141,TRUE
MB-4127,SNF_C2,0.03575436822552652,-0.03575436822552657,0.0715087364510531,TRUE
MB-5058,SNF_C2,0.14821940891044516,-0.1482194089104452,0.2964388178208903,TRUE
MB-5050,SNF_C1,0.3463889087309559,-0.3463889087309558,0.6927778174619117,TRUE
MB-5027,SNF_C1,0.1535193214134294,-0.15351932141342936,0.3070386428268588,TRUE
MB-5060,SNF_C1,0.18822179593218838,-0.18822179593218838,0.37644359186437676,TRUE
MB-5062,SNF_C2,0.043502595469898674,-0.04350259546989874,0.08700519093979742,TRUE
MB-5383,SNF_C1,0.23266136224906875,-0.23266136224906872,0.4653227244981375,TRUE
MB-5101,SNF_C1,0.0898169109990519,-0.08981691099905195,0.17963382199810385,TRUE
MB-5258,SNF_C2,0.4337464540274641,-0.43374645402746403,0.8674929080549281,TRUE
MB-5268,SNF_C1,0.29547499635250984,-0.29547499635250984,0.5909499927050197,TRUE
MB-5261,SNF_C1,0.26426217054905615,-0.2642621705490561,0.5285243410981122,TRUE
MB-5272,SNF_C2,0.2549857022941475,-0.2549857022941475,0.509971404588295,TRUE
MB-5264,SNF_C1,0.24770290645667736,-0.24770290645667736,0.4954058129133547,TRUE
MB-5259,SNF_C2,0.24431247607623088,-0.24431247607623086,0.4886249521524617,TRUE
MB-5306,SNF_C1,0.0702735472851157,-0.07027354728511576,0.14054709457023146,TRUE
MB-5270,SNF_C1,0.22322871197571326,-0.2232287119757133,0.44645742395142657,TRUE
MB-5411,SNF_C2,0.27044926314127127,-0.27044926314127127,0.5408985262825425,TRUE
MB-5490,SNF_C1,0.2942312670652619,-0.294231267065262,0.5884625341305239,TRUE
MB-5421,SNF_C2,0.43490268587045594,-0.4349026858704559,0.8698053717409118,TRUE
MB-5348,SNF_C2,0.5786779042597727,-0.5786779042597727,1.1573558085195454,TRUE
MB-5429,SNF_C1,0.2930238549597427,-0.29302385495974265,0.5860477099194854,TRUE
MB-5405,SNF_C2,0.23569328880297652,-0.23569328880297655,0.47138657760595304,TRUE
MB-5414,SNF_C2,0.1075927803558266,-0.10759278035582664,0.21518556071165323,TRUE
MB-5489,SNF_C1,0.3217881000155178,-0.3217881000155177,0.6435762000310354,TRUE
MB-5417,SNF_C2,0.1785494888137627,-0.17854948881376276,0.35709897762752546,TRUE
MB-5481,SNF_C1,0.10110873429811826,-0.10110873429811823,0.2022174685962365,TRUE
MB-5409,SNF_C2,0.3379965185850395,-0.3379965185850395,0.675993037170079,TRUE
MB-5413,SNF_C1,0.2525477571802702,-0.25254775718027017,0.5050955143605405,TRUE
MB-5299,SNF_C2,0.5077992158732842,-0.5077992158732842,1.0155984317465685,TRUE
MB-5408,SNF_C2,0.24893229776699993,-0.24893229776699996,0.49786459553399987,TRUE
MB-5475,SNF_C1,0.27665600032379406,-0.276656000323794,0.553312000647588,TRUE
MB-5505,SNF_C1,0.2471575338045283,-0.24715753380452832,0.49431506760905664,TRUE
MB-5100,SNF_C2,0.5799435909413883,-0.5799435909413884,1.1598871818827767,TRUE
MB-5325,SNF_C2,0.4925387515976272,-0.4925387515976272,0.9850775031952544,TRUE
MB-5502,SNF_C1,0.07357082170398206,-0.07357082170398208,0.14714164340796415,TRUE
MB-5485,SNF_C1,0.03083275012208639,-0.030832750122086444,0.06166550024417283,TRUE
MB-4293,SNF_C1,0.28863494244218,-0.2886349424421801,0.57726988488436,TRUE
MB-4289,SNF_C1,0.14607862808344116,-0.1460786280834412,0.2921572561668824,TRUE
MB-5293,SNF_C1,0.16245076550875984,-0.1624507655087598,0.3249015310175196,TRUE
MB-5381,SNF_C2,0.13594047903136836,-0.13594047903136836,0.2718809580627367,TRUE
MB-4834,SNF_C1,0.020778598578845838,-0.020778598578845925,0.041557197157691766,TRUE
MB-5498,SNF_C2,0.009922478766978136,-0.009922478766978169,0.019844957533956306,FALSE
MB-4749,SNF_C1,0.31391496409188563,-0.3139149640918857,0.6278299281837714,TRUE
MB-4818,SNF_C1,0.16834639410737925,-0.16834639410737925,0.3366927882147585,TRUE
MB-4805,SNF_C1,0.11769947244692898,-0.11769947244692901,0.235398944893858,TRUE
MB-4809,SNF_C2,0.523767394182496,-0.523767394182496,1.047534788364992,TRUE
MB-5418,SNF_C1,0.20746994857924844,-0.20746994857924841,0.4149398971584969,TRUE
MB-5441,SNF_C2,0.004089851640982048,-0.0040898516409820255,0.008179703281964074,FALSE
MB-5424,SNF_C1,0.06734046678701548,-0.06734046678701544,0.13468093357403094,TRUE
MB-5296,SNF_C2,0.22973616445410772,-0.2297361644541077,0.45947232890821543,TRUE
MB-5446,SNF_C2,0.08767966690096589,-0.08767966690096589,0.17535933380193178,TRUE
MB-5137,SNF_C2,0.584022269221709,-0.5840222692217091,1.168044538443418,TRUE
MB-5219,SNF_C1,0.23798538452290113,-0.23798538452290108,0.4759707690458022,TRUE
MB-5093,SNF_C1,0.12017214322339548,-0.12017214322339548,0.24034428644679096,TRUE
MB-5350,SNF_C2,0.08307146920880502,-0.08307146920880498,0.16614293841761002,TRUE
MB-5230,SNF_C1,0.15361670450654483,-0.15361670450654477,0.3072334090130896,TRUE
MB-5206,SNF_C1,0.2017005360890305,-0.20170053608903046,0.403401072178061,TRUE
MB-4687,SNF_C2,0.19229551850445176,-0.19229551850445178,0.3845910370089035,TRUE
MB-5433,SNF_C1,0.24423345339015837,-0.24423345339015848,0.48846690678031685,TRUE
MB-5442,SNF_C2,0.35665923811290773,-0.35665923811290773,0.7133184762258155,TRUE
MB-5427,SNF_C2,0.36579582687596673,-0.3657958268759667,0.7315916537519334,TRUE
MB-5491,SNF_C1,0.2330105146391798,-0.2330105146391799,0.4660210292783597,TRUE
MB-5493,SNF_C1,0.09682206394402285,-0.09682206394402287,0.19364412788804572,TRUE
MB-5451,SNF_C1,0.21957957936349426,-0.21957957936349423,0.4391591587269885,TRUE
MB-5454,SNF_C2,0.1541545053436343,-0.1541545053436343,0.3083090106872686,TRUE
MB-5360,SNF_C1,0.2348103801834974,-0.2348103801834974,0.4696207603669948,TRUE
MB-5229,SNF_C2,0.23038541904127824,-0.2303854190412782,0.4607708380825565,TRUE
MB-4827,SNF_C1,0.30346604543608985,-0.3034660454360898,0.6069320908721796,TRUE
MB-5455,SNF_C2,0.058392760071289185,-0.05839276007128918,0.11678552014257837,TRUE
MB-5349,SNF_C1,0.20522159072537163,-0.20522159072537166,0.4104431814507433,TRUE
MB-5370,SNF_C1,0.2531109982429695,-0.2531109982429696,0.5062219964859391,TRUE
MB-5290,SNF_C1,0.24464277155653208,-0.24464277155653205,0.48928554311306416,TRUE
MB-5366,SNF_C2,0.049853257580016866,-0.04985325758001688,0.09970651516003375,TRUE
MB-5382,SNF_C1,0.213685739247143,-0.21368573924714301,0.42737147849428603,TRUE
MB-5402,SNF_C1,0.2008247177916568,-0.20082471779165675,0.40164943558331356,TRUE
MB-5288,SNF_C1,0.04225669758460822,-0.04225669758460822,0.08451339516921644,TRUE
MB-5384,SNF_C1,0.09556108921022592,-0.09556108921022594,0.19112217842045187,TRUE
MB-5358,SNF_C1,0.23092323014132526,-0.23092323014132524,0.46184646028265053,TRUE
MB-4357,SNF_C2,0.07170151102664864,-0.07170151102664866,0.1434030220532973,TRUE
MB-4991,SNF_C1,0.08049885188928005,-0.08049885188928006,0.1609977037785601,TRUE
MB-5401,SNF_C1,0.26182867999799814,-0.2618286799979981,0.5236573599959962,TRUE
MB-5387,SNF_C2,0.4802319683771598,-0.4802319683771599,0.9604639367543197,TRUE
MB-5390,SNF_C2,0.4808823935874671,-0.4808823935874671,0.9617647871749342,TRUE
MB-5412,SNF_C1,0.20775600174386563,-0.2077560017438656,0.4155120034877312,TRUE
MB-5193,SNF_C1,0.3134010788034879,-0.3134010788034879,0.6268021576069758,TRUE
MB-5182,SNF_C1,0.3244382534964344,-0.3244382534964343,0.6488765069928687,TRUE
MB-5157,SNF_C2,0.22444870750149049,-0.22444870750149049,0.44889741500298097,TRUE
MB-5205,SNF_C2,0.42888012080721954,-0.42888012080721966,0.8577602416144392,TRUE
MB-5161,SNF_C1,0.06662988465931191,-0.06662988465931188,0.1332597693186238,TRUE
MB-5292,SNF_C1,0.04255181374116194,-0.042551813741161924,0.08510362748232386,TRUE
MB-5211,SNF_C1,0.21409944632841196,-0.21409944632841202,0.428198892656824,TRUE
MB-5218,SNF_C1,0.12050416227195908,-0.12050416227195909,0.24100832454391818,TRUE
MB-5209,SNF_C2,0.3845624024684971,-0.3845624024684971,0.7691248049369942,TRUE
MB-5227,SNF_C1,0.08675586813926149,-0.0867558681392615,0.173511736278523,TRUE
MB-5213,SNF_C2,0.3531352388731748,-0.3531352388731748,0.7062704777463495,TRUE
MB-5166,SNF_C1,0.02752717924782417,-0.027527179247824173,0.05505435849564834,TRUE
MB-5163,SNF_C1,0.12515754289243383,-0.12515754289243386,0.2503150857848677,TRUE
MB-5188,SNF_C2,0.42537035533041334,-0.42537035533041334,0.8507407106608267,TRUE
MB-5143,SNF_C1,0.22406957952541784,-0.22406957952541784,0.4481391590508357,TRUE
MB-5329,SNF_C2,0.00623747958423552,-0.006237479584235497,0.012474959168471017,FALSE
MB-5322,SNF_C1,0.1482166670054968,-0.14821666700549677,0.2964333340109936,TRUE
MB-5310,SNF_C1,0.10469023090133876,-0.10469023090133876,0.20938046180267753,TRUE
MB-4000,SNF_C1,0.13317854428371328,-0.13317854428371326,0.26635708856742657,TRUE
MB-5240,SNF_C1,0.20673923185354573,-0.20673923185354576,0.4134784637070915,TRUE
MB-5228,SNF_C1,0.05842256976414992,-0.05842256976414998,0.11684513952829989,TRUE
MB-5136,SNF_C1,0.09122030095938116,-0.09122030095938113,0.1824406019187623,TRUE
MB-5140,SNF_C1,0.0462660997307046,-0.04626609973070459,0.0925321994614092,TRUE
MB-5106,SNF_C1,0.08243327975437058,-0.08243327975437062,0.16486655950874118,TRUE
MB-5117,SNF_C1,0.20811787706888968,-0.20811787706888965,0.41623575413777936,TRUE
MB-5104,SNF_C1,0.2428651847708505,-0.24286518477085042,0.4857303695417009,TRUE
MB-5131,SNF_C1,0.22046935172320137,-0.22046935172320137,0.44093870344640274,TRUE
MB-5109,SNF_C1,0.10674953454656792,-0.10674953454656787,0.2134990690931358,TRUE
MB-5176,SNF_C2,0.08823014054096774,-0.08823014054096774,0.17646028108193548,TRUE
MB-5158,SNF_C1,0.24011175778878172,-0.2401117577887817,0.4802235155775634,TRUE
MB-5076,SNF_C2,0.4866626624246408,-0.4866626624246408,0.9733253248492816,TRUE
MB-5215,SNF_C1,0.23881049685404,-0.23881049685403996,0.47762099370808,TRUE
MB-5223,SNF_C2,0.36662817682283116,-0.36662817682283116,0.7332563536456623,TRUE
MB-5179,SNF_C1,0.1463777171896458,-0.14637771718964576,0.2927554343792915,TRUE
MB-5330,SNF_C1,0.2228707323643762,-0.22287073236437616,0.44574146472875237,TRUE
MB-5144,SNF_C1,0.1583742837532624,-0.15837428375326246,0.31674856750652486,TRUE
MB-5196,SNF_C1,0.1295626121616499,-0.1295626121616499,0.2591252243232998,TRUE
MB-5200,SNF_C1,0.03549351405725089,-0.03549351405725091,0.0709870281145018,TRUE
MB-5583,SNF_C1,0.2270855177437953,-0.22708551774379532,0.45417103548759064,TRUE
MB-5601,SNF_C1,0.09713861971845249,-0.09713861971845249,0.19427723943690497,TRUE
MB-5632,SNF_C1,0.027341498134959334,-0.027341498134959345,0.05468299626991868,TRUE
MB-5616,SNF_C2,0.5312149285382953,-0.5312149285382953,1.0624298570765907,TRUE
MB-5604,SNF_C1,0.19471044340457871,-0.19471044340457877,0.3894208868091575,TRUE
MB-5589,SNF_C1,0.34002708138742044,-0.3400270813874203,0.6800541627748408,TRUE
MB-5582,SNF_C1,0.23983483104121256,-0.23983483104121248,0.479669662082425,TRUE
MB-5625,SNF_C2,0.42404312081194806,-0.4240431208119481,0.8480862416238961,TRUE
MB-5571,SNF_C1,0.3334927073070306,-0.33349270730703057,0.6669854146140612,TRUE
MB-5596,SNF_C1,0.20780627148884245,-0.20780627148884243,0.4156125429776849,TRUE
MB-5590,SNF_C1,0.08376372082817583,-0.0837637208281758,0.16752744165635164,TRUE
MB-5599,SNF_C1,0.14362386828354307,-0.14362386828354304,0.28724773656708613,TRUE
MB-5629,SNF_C1,0.10668853218944022,-0.1066885321894402,0.21337706437888043,TRUE
MB-5579,SNF_C1,0.060883135886975304,-0.06088313588697521,0.12176627177395052,TRUE
MB-5623,SNF_C1,0.22264426626405104,-0.22264426626405104,0.4452885325281021,TRUE
MB-5654,SNF_C1,0.2634852560489846,-0.2634852560489846,0.5269705120979692,TRUE
MB-5617,SNF_C1,0.20397959569312668,-0.20397959569312668,0.40795919138625336,TRUE
MB-5638,SNF_C1,0.12543412808000345,-0.1254341280800035,0.25086825616000696,TRUE
MB-5635,SNF_C1,0.18150512190800427,-0.18150512190800427,0.36301024381600855,TRUE
MB-5642,SNF_C1,0.2775744623514663,-0.27757446235146627,0.5551489247029326,TRUE
MB-5647,SNF_C1,0.16307456043815227,-0.16307456043815233,0.3261491208763046,TRUE
MB-4018,SNF_C1,0.13351147136428293,-0.13351147136428293,0.26702294272856586,TRUE
MB-5584,SNF_C2,0.20195570664081275,-0.2019557066408128,0.40391141328162555,TRUE
MB-5626,SNF_C1,0.18784332302213644,-0.18784332302213635,0.3756866460442728,TRUE
MB-5602,SNF_C2,0.41747943777162694,-0.4174794377716269,0.8349588755432538,TRUE
MB-5653,SNF_C1,0.09191802749681983,-0.0919180274968198,0.18383605499363964,TRUE
MB-5576,SNF_C1,0.01086638071221908,-0.010866380712219053,0.021732761424438134,FALSE
MB-5575,SNF_C2,0.023613960744335673,-0.02361396074433567,0.047227921488671346,TRUE
MB-5646,SNF_C1,0.18889849677040507,-0.18889849677040507,0.37779699354081014,TRUE
MB-5634,SNF_C2,0.5230548296160774,-0.5230548296160774,1.0461096592321548,TRUE
MB-5591,SNF_C1,0.22298594525246263,-0.22298594525246254,0.44597189050492514,TRUE
MB-5567,SNF_C1,0.3278456533785033,-0.32784565337850324,0.6556913067570065,TRUE
MB-5651,SNF_C2,0.36872275108726354,-0.3687227510872635,0.737445502174527,TRUE
MB-5603,SNF_C2,0.022116107775840617,-0.022116107775840572,0.04423221555168119,TRUE
MB-5622,SNF_C1,0.21394738009235395,-0.21394738009235392,0.42789476018470785,TRUE
MB-5597,SNF_C1,0.33939734955089734,-0.3393973495508973,0.6787946991017946,TRUE
MB-5613,SNF_C2,0.0707945538022912,-0.0707945538022912,0.1415891076045824,TRUE
MB-5580,SNF_C1,0.2654211028141336,-0.2654211028141335,0.5308422056282671,TRUE
MB-5645,SNF_C1,0.2085921358284536,-0.20859213582845354,0.41718427165690714,TRUE
MB-5548,SNF_C2,0.3465637177581046,-0.3465637177581046,0.6931274355162091,TRUE
MB-5526,SNF_C2,0.5534346963065252,-0.5534346963065253,1.1068693926130506,TRUE
MB-5531,SNF_C2,0.47541877864875937,-0.4754187786487595,0.9508375572975188,TRUE
MB-5468,SNF_C2,0.5008859248088999,-0.5008859248089,1.0017718496177999,TRUE
MB-5474,SNF_C2,0.36496764049345043,-0.36496764049345043,0.7299352809869009,TRUE
MB-5514,SNF_C1,0.211533116964414,-0.21153311696441396,0.4230662339288279,TRUE
MB-5302,SNF_C2,0.05935739429834521,-0.05935739429834527,0.11871478859669049,TRUE
MB-5510,SNF_C1,0.26662042745289327,-0.26662042745289327,0.5332408549057865,TRUE
MB-5473,SNF_C1,0.2578209938373855,-0.2578209938373855,0.515641987674771,TRUE
MB-5484,SNF_C1,0.23760297828679008,-0.23760297828679014,0.4752059565735802,TRUE
MB-5432,SNF_C1,0.17257941995311302,-0.17257941995311307,0.3451588399062261,TRUE
MB-5525,SNF_C1,0.1610717078934628,-0.16107170789346284,0.3221434157869256,TRUE
MB-5562,SNF_C1,0.31337250245711423,-0.3133725024571142,0.6267450049142285,TRUE
MB-5497,SNF_C1,0.238737544487164,-0.23873754448716406,0.47747508897432805,TRUE
MB-5551,SNF_C2,0.4055344043301685,-0.4055344043301686,0.811068808660337,TRUE
MB-5300,SNF_C1,0.26203483343470524,-0.26203483343470524,0.5240696668694105,TRUE
MB-5560,SNF_C2,0.4382754958315439,-0.43827549583154385,0.8765509916630878,TRUE
MB-5550,SNF_C1,0.3086292760708841,-0.3086292760708841,0.6172585521417682,TRUE
MB-5520,SNF_C2,0.056926154985895705,-0.05692615498589576,0.11385230997179147,TRUE
MB-5529,SNF_C2,0.4978285281447336,-0.49782852814473366,0.9956570562894673,TRUE
MB-5554,SNF_C1,0.12481828513878526,-0.12481828513878526,0.24963657027757052,TRUE
MB-5301,SNF_C2,0.07003730992907267,-0.07003730992907264,0.14007461985814532,TRUE
MB-4421,SNF_C1,0.2350391049584472,-0.2350391049584472,0.4700782099168944,TRUE
MB-4408,SNF_C2,0.4264412058065145,-0.4264412058065146,0.8528824116130291,TRUE
MB-4146,SNF_C2,0.4270725662678694,-0.4270725662678695,0.8541451325357389,TRUE
MB-5534,SNF_C2,0.18913377791295644,-0.18913377791295644,0.37826755582591287,TRUE
MB-5521,SNF_C2,0.16220819857704197,-0.16220819857704197,0.32441639715408394,TRUE
MB-5482,SNF_C2,0.4134337630616678,-0.41343376306166785,0.8268675261233356,TRUE
MB-5483,SNF_C2,0.11885302776247583,-0.11885302776247583,0.23770605552495166,TRUE
MB-5532,SNF_C1,0.24203562917361005,-0.2420356291736101,0.48407125834722015,TRUE
MB-5556,SNF_C1,0.0893388529774869,-0.08933885297748698,0.17867770595497387,TRUE
MB-5518,SNF_C2,0.026089996062317176,-0.026089996062317232,0.05217999212463441,TRUE
MB-5486,SNF_C1,0.21267794272540072,-0.21267794272540064,0.4253558854508014,TRUE
MB-5511,SNF_C2,0.08862247083269952,-0.0886224708326995,0.177244941665399,TRUE
MB-5422,SNF_C1,0.2738808128038359,-0.27388081280383586,0.5477616256076718,TRUE
MB-5535,SNF_C2,0.2856697616297887,-0.2856697616297887,0.5713395232595774,TRUE
MB-5477,SNF_C1,0.1664195490308219,-0.16641954903082196,0.33283909806164386,TRUE
MB-5472,SNF_C1,0.2890248860267135,-0.28902488602671345,0.578049772053427,TRUE
MB-5540,SNF_C2,0.10188522488566851,-0.10188522488566847,0.20377044977133696,TRUE
MB-5184,SNF_C1,0.1930094732459112,-0.19300947324591117,0.38601894649182233,TRUE
MB-5294,SNF_C2,0.4551030909657169,-0.4551030909657169,0.9102061819314338,TRUE
MB-5565,SNF_C2,0.5598000690579124,-0.5598000690579124,1.1196001381158247,TRUE
MB-5040,SNF_C1,0.049505475811352964,-0.04950547581135298,0.09901095162270594,TRUE
MB-4801,SNF_C1,0.29022048100777004,-0.29022048100777,0.58044096201554,TRUE
MB-5499,SNF_C1,0.22780897303482864,-0.2278089730348286,0.4556179460696572,TRUE
MB-5459,SNF_C1,0.16541558296243242,-0.1654155829624324,0.33083116592486483,TRUE
MB-5243,SNF_C1,0.09867943718824636,-0.09867943718824639,0.19735887437649274,TRUE
MB-4120,SNF_C1,0.325810490941602,-0.32581049094160197,0.6516209818832039,TRUE
MB-4966,SNF_C1,0.16192649313205487,-0.16192649313205484,0.32385298626410974,TRUE
MB-5457,SNF_C1,0.10269915438022574,-0.10269915438022569,0.20539830876045143,TRUE
MB-4011,SNF_C1,0.1437060755717587,-0.14370607557175877,0.2874121511435175,TRUE
MB-5478,SNF_C2,0.010893819263113853,-0.010893819263113811,0.021787638526227664,FALSE
MB-4822,SNF_C1,0.21982387398378073,-0.21982387398378075,0.43964774796756145,TRUE
MB-4017,SNF_C1,0.2250375305580576,-0.22503753055805759,0.45007506111611517,TRUE
MB-5018,SNF_C1,0.21066456313451526,-0.21066456313451531,0.4213291262690306,TRUE
MB-4791,SNF_C2,0.08858567806450535,-0.08858567806450536,0.1771713561290107,TRUE
MB-5118,SNF_C1,0.2736172267528983,-0.27361722675289823,0.5472344535057965,TRUE
MB-4806,SNF_C1,0.31007114030515104,-0.310071140305151,0.6201422806103021,TRUE
MB-4970,SNF_C1,0.1974521747595838,-0.1974521747595838,0.3949043495191676,TRUE
MB-2964,SNF_C1,0.01468365369955533,-0.014683653699555316,0.029367307399110646,FALSE
MB-2963,SNF_C2,0.0457760012364617,-0.04577600123646166,0.09155200247292336,TRUE
MB-2957,SNF_C2,0.519393606857983,-0.519393606857983,1.038787213715966,TRUE
MB-2954,SNF_C1,0.2003304932520538,-0.20033049325205382,0.40066098650410764,TRUE
MB-2916,SNF_C1,0.15080194468410507,-0.15080194468410502,0.3016038893682101,TRUE
MB-2725,SNF_C1,0.16431207031557452,-0.16431207031557446,0.328624140631149,TRUE
MB-2711,SNF_C1,0.28286699472245047,-0.2828669947224504,0.5657339894449009,TRUE
MB-2730,SNF_C1,0.1108273586499116,-0.11082735864991158,0.22165471729982317,TRUE
MB-2669,SNF_C1,0.12379539819251144,-0.12379539819251141,0.24759079638502285,TRUE
MB-2705,SNF_C1,0.27233095217729814,-0.27233095217729825,0.5446619043545964,TRUE
MB-2728,SNF_C1,0.0380762371618388,-0.038076237161838826,0.07615247432367762,TRUE
MB-2708,SNF_C1,0.09756786188072895,-0.09756786188072893,0.19513572376145788,TRUE
MB-2735,SNF_C1,0.007682525137228078,-0.007682525137228096,0.015365050274456175,FALSE
MB-3035,SNF_C1,0.2099879720735874,-0.20998797207358735,0.41997594414717476,TRUE
MB-3064,SNF_C1,0.11451330232061871,-0.11451330232061864,0.22902660464123736,TRUE
MB-3060,SNF_C1,0.22081767901465,-0.22081767901465,0.4416353580293,TRUE
MB-3049,SNF_C1,0.13833906799238146,-0.1383390679923815,0.276678135984763,TRUE
MB-3037,SNF_C1,0.28539684052942277,-0.2853968405294227,0.5707936810588454,TRUE
MB-3063,SNF_C2,0.4683394780360806,-0.46833947803608067,0.9366789560721613,TRUE
MB-3083,SNF_C1,0.11979020020258764,-0.11979020020258768,0.2395804004051753,TRUE
MB-3046,SNF_C2,0.3728478691551788,-0.37284786915517887,0.7456957383103577,TRUE
MB-3067,SNF_C2,0.5587375687977926,-0.5587375687977926,1.1174751375955851,TRUE
MB-3351,SNF_C1,0.2297174752579845,-0.2297174752579845,0.459434950515969,TRUE
MB-3367,SNF_C2,0.4740417605728433,-0.47404176057284336,0.9480835211456866,TRUE
MB-3361,SNF_C1,0.058271338858575376,-0.058271338858575335,0.11654267771715071,TRUE
MB-3412,SNF_C1,0.20912435980553712,-0.20912435980553706,0.4182487196110742,TRUE
MB-3371,SNF_C1,0.16871193456566205,-0.168711934565662,0.33742386913132405,TRUE
MB-3429,SNF_C1,0.0787995187435148,-0.07879951874351472,0.15759903748702953,TRUE
MB-3360,SNF_C1,0.03702993201257045,-0.037029932012570474,0.07405986402514092,TRUE
MB-3403,SNF_C1,0.22982806022278304,-0.229828060222783,0.45965612044556603,TRUE
MB-3350,SNF_C1,0.2571596623449517,-0.2571596623449517,0.5143193246899034,TRUE
MB-3355,SNF_C2,0.32456162322649884,-0.32456162322649884,0.6491232464529977,TRUE
MB-3329,SNF_C2,0.2866367511142339,-0.2866367511142339,0.5732735022284678,TRUE
MB-3467,SNF_C2,0.19982740739921356,-0.19982740739921356,0.3996548147984271,TRUE
MB-3341,SNF_C1,0.2400032160727968,-0.2400032160727967,0.48000643214559346,TRUE
MB-3298,SNF_C1,0.2560179277159305,-0.25601792771593046,0.5120358554318609,TRUE
MB-3357,SNF_C1,0.03623867296598531,-0.03623867296598537,0.07247734593197068,TRUE
MB-3388,SNF_C2,0.01133833467191508,-0.01133833467191509,0.02267666934383017,FALSE
MB-3365,SNF_C1,0.22680229980405547,-0.22680229980405545,0.45360459960811095,TRUE
MB-2749,SNF_C1,0.26396319989355377,-0.26396319989355377,0.5279263997871075,TRUE
MB-2754,SNF_C2,0.05610337967755595,-0.05610337967755595,0.1122067593551119,TRUE
MB-2752,SNF_C1,0.19386962115054018,-0.19386962115054016,0.38773924230108037,TRUE
MB-2745,SNF_C1,0.24782945492663133,-0.2478294549266313,0.49565890985326266,TRUE
MB-2747,SNF_C1,0.2719146795673669,-0.27191467956736687,0.5438293591347338,TRUE
MB-2760,SNF_C1,0.3116659736126477,-0.31166597361264764,0.6233319472252954,TRUE
MB-2742,SNF_C2,0.42216832798984916,-0.42216832798984916,0.8443366559796983,TRUE
MB-2750,SNF_C1,0.2230923378610859,-0.2230923378610859,0.4461846757221718,TRUE
MB-2753,SNF_C2,0.4328347509599892,-0.43283475095998913,0.8656695019199783,TRUE
MB-2966,SNF_C1,0.13147007701355448,-0.13147007701355448,0.26294015402710896,TRUE
MB-2953,SNF_C2,0.08006568262636,-0.08006568262636005,0.16013136525272004,TRUE
MB-2969,SNF_C1,0.061758040785813685,-0.06175804078581367,0.12351608157162736,TRUE
MB-3014,SNF_C2,0.49652002534201634,-0.4965200253420164,0.9930400506840327,TRUE
MB-2947,SNF_C1,0.16337341562125363,-0.16337341562125363,0.32674683124250725,TRUE
MB-2951,SNF_C1,0.018809736987694774,-0.018809736987694788,0.03761947397538956,TRUE
MB-2960,SNF_C1,0.2566886966313615,-0.2566886966313615,0.513377393262723,TRUE
MB-2970,SNF_C1,0.01480994181079986,-0.014809941810799806,0.029619883621599667,FALSE
MB-2971,SNF_C1,0.20405377594808835,-0.20405377594808835,0.4081075518961767,TRUE
MB-2933,SNF_C1,0.24070335185747826,-0.24070335185747818,0.4814067037149564,TRUE
MB-3479,SNF_C2,0.06015111462704226,-0.06015111462704224,0.1203022292540845,TRUE
MB-3490,SNF_C1,0.14119203961247553,-0.14119203961247556,0.2823840792249511,TRUE
MB-3487,SNF_C1,0.043126027634837236,-0.043126027634837256,0.0862520552696745,TRUE
MB-3459,SNF_C2,0.03950283670459379,-0.03950283670459381,0.0790056734091876,TRUE
MB-3476,SNF_C2,0.4754858113330878,-0.47548581133308787,0.9509716226661757,TRUE
MB-3492,SNF_C1,0.08685469328510272,-0.08685469328510274,0.17370938657020546,TRUE
MB-3452,SNF_C2,0.09888699385511188,-0.09888699385511189,0.19777398771022375,TRUE
MB-3303,SNF_C1,0.058807193616531035,-0.05880719361653106,0.1176143872330621,TRUE
MB-3328,SNF_C1,0.18488847627924956,-0.1848884762792495,0.3697769525584991,TRUE
MB-3300,SNF_C1,0.14179036376700205,-0.14179036376700202,0.2835807275340041,TRUE
MB-3277,SNF_C2,0.572277616040768,-0.5722776160407682,1.1445552320815362,TRUE
MB-3254,SNF_C1,0.2833288635862871,-0.283328863586287,0.5666577271725741,TRUE
MB-3275,SNF_C1,0.029608040986231477,-0.029608040986231456,0.05921608197246293,TRUE
MB-3272,SNF_C2,0.028978266998739614,-0.02897826699873963,0.05795653399747924,TRUE
MB-3271,SNF_C2,0.5688946557523417,-0.5688946557523415,1.137789311504683,TRUE
MB-3292,SNF_C2,0.580969059231979,-0.580969059231979,1.161938118463958,TRUE
MB-3840,SNF_C1,0.21961640158197715,-0.2196164015819772,0.43923280316395436,TRUE
MB-2536,SNF_C1,0.15824057056512106,-0.158240570565121,0.31648114113024206,TRUE
MB-2564,SNF_C1,0.21232160578872558,-0.21232160578872547,0.42464321157745105,TRUE
MB-2513,SNF_C2,0.09042354720699192,-0.09042354720699192,0.18084709441398383,TRUE
MB-2617,SNF_C1,0.06503332599272613,-0.06503332599272611,0.13006665198545225,TRUE
MB-2614,SNF_C1,0.178694618714026,-0.17869461871402598,0.35738923742805195,TRUE
MB-2632,SNF_C2,0.3276550627558417,-0.3276550627558418,0.65531012551168355,TRUE
MB-2556,SNF_C2,0.16009549550823704,-0.16009549550823707,0.3201909910164741,TRUE
MB-2624,SNF_C1,0.15285266074666257,-0.15285266074666257,0.30570532149332513,TRUE
MB-2867,SNF_C1,0.12343441370005806,-0.12343441370005803,0.2468688274001161,TRUE
MB-2922,SNF_C2,0.20995776051271145,-0.2099577605127115,0.41991552102542296,TRUE
MB-2917,SNF_C2,0.46382657331365384,-0.4638265733136538,0.9276531466273077,TRUE
MB-2858,SNF_C1,0.06506067051977447,-0.06506067051977454,0.13012134103954903,TRUE
MB-2854,SNF_C1,0.2484750747809452,-0.24847507478094516,0.4969501495618903,TRUE
MB-2853,SNF_C1,0.23483584941016084,-0.2348358494101609,0.4696716988203217,TRUE
MB-3235,SNF_C2,0.09911770939355806,-0.0991177093935581,0.19823541878711615,TRUE
MB-3165,SNF_C2,0.23264871771390355,-0.23264871771390358,0.4652974354278071,TRUE
MB-3171,SNF_C1,0.22136754143200874,-0.22136754143200874,0.44273508286401747,TRUE
MB-3167,SNF_C1,0.2356351853009497,-0.23563518530094973,0.47127037060189947,TRUE
MB-3222,SNF_C1,0.20225751291492253,-0.20225751291492253,0.40451502582984505,TRUE
MB-3706,SNF_C2,0.4886232346624007,-0.48862323466240065,0.9772464693248013,TRUE
MB-3497,SNF_C2,0.24863540439135262,-0.24863540439135265,0.49727080878270524,TRUE
MB-3488,SNF_C2,0.13268612052825557,-0.13268612052825557,0.26537224105651114,TRUE
MB-3711,SNF_C1,0.11236796219797351,-0.11236796219797349,0.224735924395947,TRUE
MB-3548,SNF_C1,0.16089418932811367,-0.16089418932811364,0.32178837865622734,TRUE
MB-3506,SNF_C1,0.06812209923605335,-0.0681220992360534,0.13624419847210675,TRUE
MB-3525,SNF_C1,0.01903033426691288,-0.019030334266912925,0.03806066853382581,TRUE
MB-3606,SNF_C2,0.3338609577269469,-0.3338609577269469,0.6677219154538938,TRUE
MB-3453,SNF_C2,0.32291236104792465,-0.32291236104792465,0.6458247220958493,TRUE
MB-3545,SNF_C1,0.1032113453963897,-0.10321134539638968,0.20642269079277936,TRUE
MB-3470,SNF_C2,0.1865254260841176,-0.18652542608411762,0.3730508521682352,TRUE
MB-2765,SNF_C1,0.1499235224938763,-0.1499235224938763,0.2998470449877526,TRUE
MB-2763,SNF_C1,0.20877892660300656,-0.2087789266030066,0.41755785320601313,TRUE
MB-2767,SNF_C1,0.046262733531575805,-0.046262733531575805,0.09252546706315161,TRUE
MB-2790,SNF_C1,0.2818407158623838,-0.28184071586238374,0.5636814317247676,TRUE
MB-2769,SNF_C1,0.20155901889242028,-0.20155901889242023,0.4031180377848405,TRUE
MB-2842,SNF_C2,0.3768609347693967,-0.37686093476939675,0.7537218695387935,TRUE
MB-2772,SNF_C2,0.00685590399925726,-0.006855903999257259,0.01371180799851452,FALSE
MB-2779,SNF_C1,0.09282224708111259,-0.09282224708111261,0.1856444941622252,TRUE
MB-2774,SNF_C1,0.14262826217185998,-0.14262826217185998,0.28525652434371995,TRUE
MB-2983,SNF_C1,0.09485943007583376,-0.0948594300758338,0.18971886015166756,TRUE
MB-3005,SNF_C1,0.12478782274298465,-0.12478782274298467,0.24957564548596933,TRUE
MB-2977,SNF_C1,0.24519633494947396,-0.24519633494947396,0.4903926698989479,TRUE
MB-2996,SNF_C1,0.29129218100189724,-0.2912921810018973,0.5825843620037945,TRUE
MB-2999,SNF_C1,0.1825695109407825,-0.1825695109407825,0.365139021881565,TRUE
MB-2994,SNF_C1,0.0834937385880779,-0.08349373858807792,0.1669874771761558,TRUE
MB-3025,SNF_C2,0.16120001797653877,-0.1612000179765388,0.32240003595307754,TRUE
MB-2984,SNF_C2,0.0036211028696934043,-0.003621102869693419,0.007242205739386823,FALSE
MB-3002,SNF_C1,0.12509509000811136,-0.12509509000811128,0.2501901800162226,TRUE
MB-2845,SNF_C1,0.07464112054683399,-0.07464112054683396,0.14928224109366794,TRUE
MB-2912,SNF_C2,0.5622038863884027,-0.5622038863884027,1.1244077727768054,TRUE
MB-2844,SNF_C2,0.177541352254354,-0.17754135225435397,0.35508270450870794,TRUE
MB-2847,SNF_C2,0.06077635942663261,-0.060776359426632634,0.12155271885326524,TRUE
MB-2849,SNF_C2,0.31450991017372953,-0.31450991017372953,0.6290198203474591,TRUE
MB-2851,SNF_C1,0.13451152605662844,-0.13451152605662847,0.26902305211325694,TRUE
MB-2848,SNF_C1,0.11918412322022796,-0.11918412322022795,0.2383682464404559,TRUE
MB-2863,SNF_C1,0.20993421488315053,-0.20993421488315053,0.41986842976630107,TRUE
MB-2840,SNF_C1,0.21017926255747962,-0.21017926255747965,0.4203585251149593,TRUE
MB-2843,SNF_C2,0.009979416462663409,-0.009979416462663418,0.019958832925326825,FALSE
MB-3013,SNF_C1,0.15464364019576915,-0.1546436401957691,0.30928728039153824,TRUE
MB-3058,SNF_C2,0.36573783864165904,-0.365737838641659,0.731475677283318,TRUE
MB-3016,SNF_C1,0.061016620240708044,-0.06101662024070804,0.12203324048141609,TRUE
MB-3057,SNF_C2,0.5727520860196449,-0.572752086019645,1.1455041720392898,TRUE
MB-3008,SNF_C1,0.29894218214030377,-0.29894218214030377,0.5978843642806075,TRUE
MB-3021,SNF_C1,0.025311832887664486,-0.025311832887664497,0.05062366577532898,TRUE
MB-3032,SNF_C1,0.13736197131235128,-0.13736197131235126,0.27472394262470257,TRUE
MB-3007,SNF_C1,0.19006032505714227,-0.19006032505714224,0.38012065011428453,TRUE
MB-3033,SNF_C1,0.21863827326736043,-0.2186382732673604,0.4372765465347208,TRUE
MB-3026,SNF_C1,0.18120691553736923,-0.18120691553736928,0.3624138310747385,TRUE
MB-3006,SNF_C2,0.06404387221889461,-0.06404387221889456,0.12808774443778917,TRUE
MB-3439,SNF_C1,0.18535807030835838,-0.18535807030835832,0.3707161406167167,TRUE
MB-3437,SNF_C1,0.20331258128002735,-0.20331258128002738,0.40662516256005476,TRUE
MB-3395,SNF_C2,0.4771826531508928,-0.47718265315089287,0.9543653063017856,TRUE
MB-3386,SNF_C2,0.2430104369911295,-0.24301043699112948,0.486020873982259,TRUE
MB-3382,SNF_C1,0.032827900143649745,-0.032827900143649696,0.06565580028729945,TRUE
MB-3379,SNF_C1,0.2815394888326509,-0.28153948883265084,0.5630789776653018,TRUE
MB-3430,SNF_C1,0.1699251805955489,-0.16992518059554887,0.3398503611910978,TRUE
MB-3389,SNF_C1,0.032639021699860896,-0.032639021699860944,0.06527804339972185,TRUE
MB-3378,SNF_C1,0.20772565381410282,-0.20772565381410268,0.4154513076282055,TRUE
MB-3110,SNF_C1,0.16010538531706947,-0.16010538531706944,0.32021077063413894,TRUE
MB-3079,SNF_C1,0.23168085539190322,-0.23168085539190314,0.4633617107838064,TRUE
MB-3103,SNF_C1,0.06691198758619409,-0.06691198758619409,0.13382397517238817,TRUE
MB-3102,SNF_C1,0.17917178468750766,-0.17917178468750766,0.3583435693750153,TRUE
MB-3085,SNF_C1,0.018445711345820865,-0.018445711345820813,0.03689142269164168,FALSE
MB-3122,SNF_C2,0.19461934457676908,-0.19461934457676908,0.38923868915353815,TRUE
MB-3104,SNF_C1,0.22249536590142976,-0.22249536590142976,0.44499073180285953,TRUE
MB-3123,SNF_C2,0.4268486955787037,-0.4268486955787037,0.8536973911574074,TRUE
MB-3121,SNF_C1,0.24051041130990045,-0.24051041130990042,0.48102082261980084,TRUE
MB-2835,SNF_C1,0.23502989389500215,-0.23502989389500206,0.47005978779000424,TRUE
MB-2838,SNF_C1,0.055280550203838076,-0.05528055020383804,0.11056110040767611,TRUE
MB-2801,SNF_C1,0.19328276696686914,-0.19328276696686908,0.3865655339337382,TRUE
MB-2834,SNF_C2,0.33170853233611836,-0.3317085323361183,0.6634170646722366,TRUE
MB-2796,SNF_C1,0.035496227586736866,-0.035496227586736886,0.07099245517347375,TRUE
MB-2857,SNF_C2,0.5012522988325794,-0.5012522988325794,1.0025045976651588,TRUE
MB-2819,SNF_C1,0.3185024260876561,-0.31850242608765605,0.6370048521753122,TRUE
MB-2781,SNF_C1,0.09365740802074038,-0.093657408020740393,0.18731481604148076,TRUE
MB-2793,SNF_C1,0.2929430642088202,-0.2929430642088202,0.5858861284176404,TRUE
MB-2827,SNF_C2,0.5275800298963774,-0.5275800298963774,1.0551600597927548,TRUE
MB-2814,SNF_C1,0.27189634068616647,-0.27189634068616647,0.5437926813723329,TRUE
MB-2791,SNF_C1,0.2953185354055619,-0.2953185354055619,0.5906370708111238,TRUE
MB-2803,SNF_C1,0.15875969325766673,-0.15875969325766678,0.3175193865153335,TRUE
MB-2797,SNF_C1,0.2287552480105502,-0.22875524801055017,0.4575104960211004,TRUE
MB-2795,SNF_C2,0.05843069549698512,-0.05843069549698511,0.11686139099397022,TRUE
MB-2786,SNF_C1,0.14109670188152323,-0.14109670188152318,0.2821934037630464,TRUE
MB-3850,SNF_C1,0.19737499352092108,-0.197374993520921,0.39474998704184205,TRUE
MB-3556,SNF_C2,0.17537716974847445,-0.17537716974847442,0.3507543394969489,TRUE
MB-3838,SNF_C1,0.2692362999513244,-0.2692362999513245,0.538472599902649,TRUE
MB-3707,SNF_C2,0.07829302331938784,-0.0782930233193878,0.15658604663877562,TRUE
MB-3600,SNF_C1,0.012982723513708579,-0.012982723513708636,0.025965447027417217,FALSE
MB-3824,SNF_C1,0.13737496389384185,-0.1373749638938419,0.27474992778768376,TRUE
MB-3823,SNF_C1,0.14035652333339396,-0.14035652333339393,0.28071304666678787,TRUE
MB-3781,SNF_C1,0.21861823473741115,-0.21861823473741115,0.4372364694748223,TRUE
MB-2642,SNF_C1,0.05824474802066098,-0.05824474802066102,0.116489496041322,TRUE
MB-2686,SNF_C2,0.19344010958523875,-0.19344010958523877,0.38688021917047755,TRUE
MB-2616,SNF_C2,0.02336041890369293,-0.023360418903692885,0.04672083780738581,TRUE
MB-2634,SNF_C1,0.14965852183529882,-0.14965852183529882,0.29931704367059764,TRUE
MB-2613,SNF_C2,0.11667237045742318,-0.11667237045742321,0.2333447409148464,TRUE
MB-3842,SNF_C2,0.07255540199645463,-0.0725554019964546,0.14511080399290924,TRUE
MB-3866,SNF_C2,0.25735742699574327,-0.25735742699574327,0.5147148539914865,TRUE
MB-3874,SNF_C1,0.22402269539891503,-0.22402269539891498,0.44804539079783,TRUE
MB-3871,SNF_C1,0.21892351578830782,-0.2189235157883078,0.43784703157661564,TRUE
MB-3702,SNF_C2,0.3598312754201361,-0.3598312754201361,0.7196625508402722,TRUE
MB-3105,SNF_C1,0.2085598416798162,-0.20855984167981617,0.41711968335963234,TRUE
MB-3852,SNF_C2,0.06724227101461443,-0.0672422710146144,0.13448454202922883,TRUE
MB-3854,SNF_C1,0.17937569563850503,-0.17937569563850497,0.35875139127701,TRUE
MB-3865,SNF_C1,0.1494790021773491,-0.14947900217734908,0.2989580043546982,TRUE
MB-3228,SNF_C1,0.23133889679318512,-0.2313388967931851,0.4626777935863702,TRUE
MB-3028,SNF_C2,0.1041654881831131,-0.10416548818311308,0.20833097636622616,TRUE
MB-3502,SNF_C2,0.44089442581612376,-0.4408944258161238,0.8817888516322476,TRUE
MB-3567,SNF_C2,0.3999307916197423,-0.39993079161974227,0.7998615832394846,TRUE
MB-3752,SNF_C2,0.44193073201559513,-0.44193073201559524,0.8838614640311904,TRUE
MB-3450,SNF_C1,0.21661791528063173,-0.21661791528063168,0.4332358305612634,TRUE
MB-0444,SNF_C1,0.1855542312357542,-0.1855542312357542,0.3711084624715084,TRUE
MB-0476,SNF_C2,0.21468099526062975,-0.21468099526062973,0.42936199052125945,TRUE
MB-0610,SNF_C2,0.03644476777686234,-0.03644476777686231,0.07288953555372465,TRUE
MB-0451,SNF_C1,0.032291193227918874,-0.032291193227918895,0.06458238645583778,TRUE
MB-0133,SNF_C1,0.2245271676242605,-0.2245271676242605,0.449054335248521,TRUE
MB-0005,SNF_C1,0.09905104473254998,-0.09905104473254994,0.19810208946509994,TRUE
MB-0048,SNF_C2,0.09167576066499096,-0.09167576066499092,0.1833515213299819,TRUE
MB-0083,SNF_C1,0.19335163769190952,-0.19335163769190952,0.38670327538381905,TRUE
MB-0053,SNF_C1,0.09173193427948698,-0.09173193427948696,0.18346386855897395,TRUE
MB-0056,SNF_C1,0.12547790928758043,-0.12547790928758049,0.2509558185751609,TRUE
MB-0068,SNF_C1,0.15736247360740074,-0.1573624736074007,0.31472494721480143,TRUE
MB-0093,SNF_C2,0.015883141625958837,-0.015883141625958833,0.031766283251917674,FALSE
MB-0079,SNF_C2,0.12786695177914692,-0.12786695177914692,0.25573390355829384,TRUE
MB-0108,SNF_C2,0.15386249023593432,-0.15386249023593432,0.30772498047186864,TRUE
MB-0006,SNF_C1,0.03360738269844412,-0.03360738269844412,0.06721476539688824,TRUE
MB-0014,SNF_C1,0.23532305164140646,-0.23532305164140643,0.47064610328281287,TRUE
MB-0022,SNF_C1,7.203293729987397e-4,-7.203293729986781e-4,0.0014406587459974177,FALSE
MB-0039,SNF_C1,0.15218019214148076,-0.15218019214148074,0.3043603842829615,TRUE
MB-0062,SNF_C2,0.409769946761027,-0.4097699467610269,0.8195398935220539,TRUE
MB-0054,SNF_C2,0.0778184361224308,-0.07781843612243079,0.1556368722448616,TRUE
MB-0081,SNF_C2,0.1071079789019321,-0.10710797890193208,0.21421595780386418,TRUE
MB-0071,SNF_C1,0.0449155997838115,-0.044915599783811495,0.089831199567623,TRUE
MB-0099,SNF_C1,0.08409600153344743,-0.08409600153344737,0.1681920030668948,TRUE
MB-0064,SNF_C1,0.15168803434130138,-0.15168803434130143,0.3033760686826028,TRUE
MB-0107,SNF_C1,0.05095283674808253,-0.05095283674808258,0.10190567349616511,TRUE
MB-4681,SNF_C1,0.1882926743259746,-0.1882926743259746,0.3765853486519492,TRUE
MB-4626,SNF_C1,0.12642769832021458,-0.12642769832021467,0.2528553966404292,TRUE
MB-4639,SNF_C1,0.1582574054735665,-0.1582574054735665,0.316514810947133,TRUE
MB-4673,SNF_C1,0.07221010385603481,-0.0722101038560348,0.1444202077120696,TRUE
MB-4711,SNF_C2,0.3408647722272542,-0.34086477222725425,0.6817295444545084,TRUE
MB-4607,SNF_C1,0.257549374903206,-0.257549374903206,0.515098749806412,TRUE
MB-4669,SNF_C1,0.15129504371960018,-0.15129504371960023,0.3025900874392004,TRUE
MB-4015,SNF_C2,0.19221750792454956,-0.19221750792454959,0.3844350158490991,TRUE
MB-2931,SNF_C1,0.2234521569836226,-0.22345215698362256,0.44690431396724517,TRUE
MB-2927,SNF_C1,0.17775119934732375,-0.17775119934732367,0.3555023986946474,TRUE
MB-2919,SNF_C1,0.14442746322850913,-0.14442746322850913,0.28885492645701827,TRUE
MB-2944,SNF_C1,0.250552690029532,-0.25055269002953207,0.5011053800590641,TRUE
MB-2929,SNF_C2,0.1158936740383475,-0.11589367403834748,0.231787348076695,TRUE
MB-2932,SNF_C1,0.25204123680614837,-0.2520412368061484,0.5040824736122969,TRUE
MB-2724,SNF_C2,0.2970859595702533,-0.29708595957025336,0.5941719191405066,TRUE
MB-2712,SNF_C1,0.2540310965612729,-0.2540310965612728,0.5080621931225457,TRUE
MB-3062,SNF_C2,0.4333931607961752,-0.43339316079617507,0.8667863215923503,TRUE
MB-3050,SNF_C1,0.10659708512968277,-0.1065970851296828,0.21319417025936557,TRUE
MB-4722,SNF_C1,0.37081867306492444,-0.37081867306492433,0.7416373461298488,TRUE
MB-4731,SNF_C2,0.21177487926676206,-0.211774879266762,0.42354975853352406,TRUE
MB-4725,SNF_C2,0.043728746844895645,-0.043728746844895645,0.08745749368979129,TRUE
MB-4707,SNF_C2,0.49886929898594523,-0.4988692989859453,0.9977385979718905,TRUE
MB-4643,SNF_C2,0.1835700643329444,-0.1835700643329444,0.3671401286658888,TRUE
MB-3363,SNF_C2,0.25505270330619045,-0.2550527033061905,0.5101054066123809,TRUE
MB-3383,SNF_C2,0.35876070510079183,-0.3587607051007918,0.7175214102015837,TRUE
MB-3344,SNF_C1,0.2592440370053959,-0.2592440370053959,0.5184880740107918,TRUE
MB-3381,SNF_C1,0.11377743750736254,-0.11377743750736248,0.22755487501472502,TRUE
MB-3297,SNF_C2,0.46555655847257005,-0.46555655847257,0.9311131169451401,TRUE
MB-3301,SNF_C1,0.14408245628369343,-0.14408245628369337,0.2881649125673868,TRUE
MB-3088,SNF_C1,0.274011409699499,-0.2740114096994989,0.5480228193989979,TRUE
MB-2764,SNF_C2,0.049861268195460884,-0.04986126819546087,0.09972253639092175,TRUE
MB-2744,SNF_C1,0.05574512248904567,-0.055745122489045645,0.11149024497809132,TRUE
MB-7114,SNF_C2,0.5023230349454474,-0.5023230349454473,1.0046460698908946,TRUE
MB-7118,SNF_C1,0.23399547798880307,-0.23399547798880305,0.4679909559776061,TRUE
MB-7113,SNF_C1,0.21452951881622948,-0.21452951881622942,0.4290590376324589,TRUE
MB-7130,SNF_C1,0.12343522494526038,-0.12343522494526046,0.24687044989052084,TRUE
MB-7149,SNF_C2,0.02573645403100489,-0.025736454031004927,0.05147290806200981,TRUE
MB-7140,SNF_C1,0.16055160041580338,-0.1605516004158034,0.3211032008316068,TRUE
MB-7148,SNF_C1,0.21437378797819817,-0.21437378797819814,0.42874757595639634,TRUE
MB-7208,SNF_C2,0.2594363357292017,-0.2594363357292017,0.5188726714584034,TRUE
MB-7170,SNF_C1,0.06160946406822201,-0.06160946406822205,0.12321892813644406,TRUE
MB-7174,SNF_C2,0.11226220674633663,-0.11226220674633669,0.22452441349267332,TRUE
MB-7252,SNF_C2,0.29826911584055227,-0.2982691158405523,0.5965382316811045,TRUE
MB-7244,SNF_C1,0.14044154480247323,-0.14044154480247326,0.28088308960494646,TRUE
MB-7187,SNF_C2,0.1453927272582344,-0.1453927272582344,0.2907854545164688,TRUE
MB-7251,SNF_C2,0.2801098961618151,-0.2801098961618151,0.5602197923236302,TRUE
MB-7173,SNF_C1,0.16435579042291917,-0.1643557904229192,0.3287115808458384,TRUE
MB-3001,SNF_C2,0.5359828003987162,-0.5359828003987163,1.0719656007974323,TRUE
MB-2952,SNF_C1,0.2588311495435707,-0.2588311495435708,0.5176622990871416,TRUE
MB-7097,SNF_C1,0.19764895567730698,-0.19764895567730698,0.39529791135461395,TRUE
MB-7104,SNF_C2,0.28072479392796645,-0.2807247939279665,0.5614495878559329,TRUE
MB-7099,SNF_C1,0.22858185161068667,-0.22858185161068664,0.45716370322137334,TRUE
MB-7069,SNF_C2,0.19899218716238165,-0.19899218716238165,0.3979843743247633,TRUE
MB-7066,SNF_C2,0.02075108216346261,-0.02075108216346261,0.04150216432692522,TRUE
MB-7100,SNF_C1,0.2059808167329851,-0.20598081673298516,0.41196163346597026,TRUE
MB-7067,SNF_C2,0.2966070518172829,-0.296607051817283,0.593214103634566,TRUE
MB-7073,SNF_C2,0.3489664657737446,-0.3489664657737446,0.6979329315474893,TRUE
MB-7063,SNF_C1,0.22498249947260823,-0.22498249947260826,0.44996499894521647,TRUE
MB-7102,SNF_C1,0.17637822285791704,-0.17637822285791707,0.3527564457158341,TRUE
MB-7068,SNF_C2,0.2746738807104187,-0.2746738807104187,0.5493477614208374,TRUE
MB-7075,SNF_C1,0.204445770606624,-0.20444577060662406,0.40889154121324806,TRUE
MB-7053,SNF_C1,0.21008466122994607,-0.2100846612299461,0.42016932245989214,TRUE
MB-7074,SNF_C1,0.22344918133761127,-0.22344918133761124,0.44689836267522254,TRUE
MB-7057,SNF_C1,0.04840593174600098,-0.04840593174600097,0.09681186349200195,TRUE
MB-7109,SNF_C1,0.17400424751294444,-0.1740042475129445,0.34800849502588893,TRUE
MB-7051,SNF_C1,0.08459592096946666,-0.08459592096946666,0.16919184193893333,TRUE
MB-7071,SNF_C2,0.1785713375614413,-0.17857133756144133,0.35714267512288267,TRUE
MB-7106,SNF_C1,0.2645781018405492,-0.2645781018405492,0.5291562036810984,TRUE
MB-7059,SNF_C2,0.0715844343972033,-0.07158443439720329,0.1431688687944066,TRUE
MB-7107,SNF_C1,0.21789943210336296,-0.21789943210336296,0.4357988642067259,TRUE
MB-7076,SNF_C1,0.26435838425020375,-0.2643583842502037,0.5287167685004075,TRUE
MB-7111,SNF_C2,0.2060273598955908,-0.2060273598955908,0.4120547197911816,TRUE
MB-7015,SNF_C1,0.1703318499880919,-0.17033184998809195,0.34066369997618384,TRUE
MB-7026,SNF_C1,0.17356726791158636,-0.17356726791158633,0.34713453582317266,TRUE
MB-7013,SNF_C1,0.2398854492973152,-0.2398854492973152,0.4797708985946304,TRUE
MB-7023,SNF_C2,0.4384184392045174,-0.4384184392045174,0.8768368784090348,TRUE
MB-7024,SNF_C2,0.07943841901508097,-0.07943841901508104,0.158876838030162,TRUE
MB-7014,SNF_C2,0.04705588925141943,-0.04705588925141938,0.0941117785028388,TRUE
MB-7017,SNF_C2,0.5337381995276314,-0.5337381995276315,1.0674763990552627,TRUE
MB-7019,SNF_C1,0.21626135996223156,-0.21626135996223148,0.432522719924463,TRUE
MB-3510,SNF_C1,0.31171866824394434,-0.3117186682439443,0.6234373364878887,TRUE
MB-3500,SNF_C2,0.5075073377596544,-0.5075073377596544,1.0150146755193088,TRUE
MB-3396,SNF_C2,0.23841553538839308,-0.23841553538839316,0.4768310707767862,TRUE
MB-3435,SNF_C2,0.07498623852335765,-0.07498623852335769,0.14997247704671535,TRUE
MB-7186,SNF_C1,0.20607032799569566,-0.20607032799569577,0.41214065599139144,TRUE
MB-7142,SNF_C1,0.23279742785870391,-0.23279742785870391,0.46559485571740783,TRUE
MB-7196,SNF_C2,0.049487652929139335,-0.0494876529291394,0.09897530585827874,TRUE
MB-7171,SNF_C1,0.17744560312722538,-0.17744560312722543,0.3548912062544508,TRUE
MB-7145,SNF_C2,0.4764909433286269,-0.4764909433286269,0.9529818866572538,TRUE
MB-7132,SNF_C1,0.2557232574174679,-0.2557232574174679,0.5114465148349358,TRUE
MB-7189,SNF_C1,0.08018616870351021,-0.08018616870351024,0.16037233740702045,TRUE
MB-7137,SNF_C1,0.20098525414042742,-0.20098525414042745,0.4019705082808549,TRUE
MB-7181,SNF_C1,0.18769071553943853,-0.1876907155394386,0.3753814310788771,TRUE
MB-7155,SNF_C2,0.5160279389227609,-0.5160279389227608,1.0320558778455218,TRUE
MB-7138,SNF_C1,0.21462409134073282,-0.21462409134073288,0.4292481826814657,TRUE
MB-3295,SNF_C1,0.04525049475556368,-0.045250494755563676,0.09050098951112737,TRUE
MB-3218,SNF_C2,0.4968130911275657,-0.4968130911275658,0.9936261822551316,TRUE
MB-7232,SNF_C1,0.31146752226370084,-0.3114675222637008,0.6229350445274016,TRUE
MB-7281,SNF_C2,0.2183996600620128,-0.21839966006201283,0.43679932012402567,TRUE
MB-7270,SNF_C2,0.3118063894470294,-0.3118063894470294,0.6236127788940588,TRUE
MB-7231,SNF_C1,0.20967681157473933,-0.20967681157473936,0.41935362314947866,TRUE
MB-7220,SNF_C1,0.2108521459764549,-0.2108521459764549,0.4217042919529098,TRUE
MB-7277,SNF_C1,0.24810670221440062,-0.2481067022144006,0.49621340442880124,TRUE
MB-7269,SNF_C2,0.5784918884827828,-0.5784918884827828,1.1569837769655655,TRUE
MB-7280,SNF_C1,0.21597732738117756,-0.21597732738117764,0.4319546547623552,TRUE
MB-7227,SNF_C1,0.06702216826699063,-0.06702216826699066,0.1340443365339813,TRUE
MB-7278,SNF_C1,0.23472908723892486,-0.23472908723892483,0.46945817447784965,TRUE
MB-2610,SNF_C1,0.21723368859011521,-0.21723368859011521,0.43446737718023043,TRUE
MB-2517,SNF_C2,0.22128194964282985,-0.22128194964282985,0.4425638992856597,TRUE
MB-2896,SNF_C1,0.06595079587813558,-0.06595079587813557,0.13190159175627114,TRUE
MB-2901,SNF_C1,0.2262171478641322,-0.2262171478641323,0.4524342957282645,TRUE
MB-2895,SNF_C2,0.334560065308707,-0.334560065308707,0.669120130617414,TRUE
MB-2900,SNF_C1,0.0105133223881469,-0.010513322388146883,0.021026644776293783,FALSE
MB-2939,SNF_C1,0.03315257446738837,-0.033152574467388396,0.06630514893477676,TRUE
MB-7008,SNF_C2,0.05594131347732384,-0.05594131347732381,0.11188262695464765,TRUE
MB-7002,SNF_C1,0.17376277103763538,-0.17376277103763535,0.34752554207527075,TRUE
MB-7000,SNF_C1,0.17757904426088308,-0.17757904426088317,0.3551580885217662,TRUE
MB-7006,SNF_C1,0.2676907905781389,-0.2676907905781388,0.5353815811562777,TRUE
MB-7007,SNF_C2,0.45421331225160755,-0.4542133122516076,0.9084266245032151,TRUE
MB-7011,SNF_C1,0.05868671208569022,-0.05868671208569026,0.11737342417138048,TRUE
MB-7001,SNF_C1,0.13311036473479637,-0.13311036473479634,0.26622072946959274,TRUE
MB-7009,SNF_C2,0.4585526266874733,-0.45855262668747326,0.9171052533749466,TRUE
MB-7003,SNF_C1,0.09557908340433158,-0.09557908340433155,0.19115816680866313,TRUE
MB-7005,SNF_C1,0.18173691487030888,-0.1817369148703089,0.3634738297406178,TRUE
MB-7010,SNF_C1,0.2951537847042377,-0.29515378470423764,0.5903075694084754,TRUE
MB-3153,SNF_C2,0.3098570270950965,-0.30985702709509655,0.6197140541901931,TRUE
MB-3211,SNF_C2,0.49723324261638907,-0.49723324261638907,0.9944664852327781,TRUE
MB-3181,SNF_C1,0.08122209016156119,-0.08122209016156118,0.16244418032312236,TRUE
MB-3252,SNF_C1,0.19263460591334236,-0.19263460591334233,0.3852692118266847,TRUE
MB-3266,SNF_C1,0.05938353197205054,-0.05938353197205055,0.11876706394410108,TRUE
MB-7082,SNF_C2,0.11587006846764883,-0.11587006846764884,0.23174013693529766,TRUE
MB-7081,SNF_C2,0.5227295738344169,-0.522729573834417,1.0454591476688337,TRUE
MB-7093,SNF_C1,0.24606336550169888,-0.24606336550169883,0.4921267310033977,TRUE
MB-7083,SNF_C1,0.06896276938192583,-0.0689627693819259,0.13792553876385172,TRUE
MB-7091,SNF_C1,0.287348916543743,-0.2873489165437429,0.5746978330874859,TRUE
MB-7065,SNF_C1,0.27858267716656376,-0.2785826771665638,0.5571653543331276,TRUE
MB-7085,SNF_C1,0.22686907142914592,-0.22686907142914595,0.45373814285829184,TRUE
MB-7096,SNF_C1,0.24177387967408676,-0.24177387967408673,0.4835477593481735,TRUE
MB-7018,SNF_C1,0.03312895656016457,-0.03312895656016455,0.06625791312032911,TRUE
MB-7088,SNF_C2,0.25573135726689206,-0.25573135726689206,0.5114627145337841,TRUE
MB-7055,SNF_C2,0.3214735676681164,-0.32147356766811647,0.6429471353362328,TRUE
MB-7080,SNF_C1,0.2180854610530126,-0.2180854610530126,0.4361709221060252,TRUE
MB-7161,SNF_C1,0.06712795776882594,-0.06712795776882591,0.13425591553765184,TRUE
MB-7115,SNF_C2,0.08574586601197048,-0.08574586601197054,0.17149173202394102,TRUE
MB-7123,SNF_C1,0.1263350227264138,-0.12633502272641384,0.2526700454528277,TRUE
MB-7176,SNF_C1,0.2322746372402337,-0.23227463724023376,0.46454927448046746,TRUE
MB-7121,SNF_C2,0.511796471442636,-0.5117964714426361,1.023592942885272,TRUE
MB-7172,SNF_C1,0.1833009506442241,-0.1833009506442241,0.3666019012884482,TRUE
MB-7164,SNF_C1,0.25080746198085835,-0.25080746198085835,0.5016149239617167,TRUE
MB-7127,SNF_C1,0.06819528816260668,-0.06819528816260668,0.13639057632521337,TRUE
MB-7128,SNF_C1,0.22483108023042025,-0.22483108023042023,0.4496621604608405,TRUE
MB-7157,SNF_C1,0.20292195527040624,-0.2029219552704063,0.40584391054081254,TRUE
MB-7092,SNF_C2,0.018484211975343,-0.01848421197534307,0.03696842395068607,TRUE
MB-7135,SNF_C2,0.019297060697840065,-0.01929706069784008,0.038594121395680143,TRUE
MB-3754,SNF_C1,0.020770518551382424,-0.020770518551382428,0.041541037102764855,TRUE
MB-3536,SNF_C2,0.07467171818982393,-0.07467171818982393,0.14934343637964786,TRUE
MB-3748,SNF_C1,0.16746260505341187,-0.16746260505341187,0.33492521010682375,TRUE
MB-3530,SNF_C1,0.12609085438119952,-0.12609085438119955,0.2521817087623991,TRUE
MB-3582,SNF_C2,0.2488814055112841,-0.24888140551128407,0.49776281102256814,TRUE
MB-3528,SNF_C2,0.16860446201164084,-0.16860446201164084,0.3372089240232817,TRUE
MB-3547,SNF_C1,0.21213026728080445,-0.21213026728080445,0.4242605345616089,TRUE
MB-3576,SNF_C1,0.15491575834244645,-0.15491575834244647,0.30983151668489295,TRUE
MB-2770,SNF_C1,0.2449647389592795,-0.24496473895927948,0.489929477918559,TRUE
MB-2758,SNF_C2,0.31598707634920337,-0.3159870763492034,0.6319741526984068,TRUE
MB-2771,SNF_C2,0.39156357251338547,-0.3915635725133855,0.7831271450267709,TRUE
MB-7152,SNF_C1,0.10589395015232614,-0.10589395015232615,0.21178790030465228,TRUE
MB-7143,SNF_C2,0.06188455095567819,-0.06188455095567822,0.12376910191135641,TRUE
MB-7197,SNF_C1,0.23163934831056743,-0.23163934831056743,0.46327869662113486,TRUE
MB-7153,SNF_C1,0.06978793763399001,-0.06978793763399001,0.13957587526798002,TRUE
MB-7144,SNF_C1,0.07392736473392028,-0.07392736473392031,0.1478547294678406,TRUE
MB-7185,SNF_C1,0.32222498696197016,-0.3222249869619701,0.6444499739239402,TRUE
MB-7199,SNF_C1,0.19089911585084524,-0.19089911585084526,0.38179823170169047,TRUE
MB-7158,SNF_C2,0.4433111729590485,-0.4433111729590485,0.886622345918097,TRUE
MB-7163,SNF_C1,0.25894081444945694,-0.25894081444945694,0.5178816288989139,TRUE
MB-7215,SNF_C1,0.14875021064915592,-0.1487502106491559,0.2975004212983118,TRUE
MB-7200,SNF_C1,0.2620433681908215,-0.2620433681908215,0.524086736381643,TRUE
MB-7193,SNF_C1,0.09201774055510337,-0.09201774055510338,0.18403548111020673,TRUE
MB-7188,SNF_C1,0.26830201192658737,-0.26830201192658737,0.5366040238531747,TRUE
MB-7198,SNF_C2,0.12282235131408666,-0.12282235131408666,0.2456447026281733,TRUE
MB-7256,SNF_C2,0.045672142610406606,-0.045672142610406606,0.09134428522081321,TRUE
MB-7258,SNF_C2,0.3432621935887445,-0.3432621935887445,0.686524387177489,TRUE
MB-7194,SNF_C1,0.1398485690825248,-0.13984856908252483,0.2796971381650496,TRUE
MB-7254,SNF_C1,0.16800065659117594,-0.1680006565911759,0.3360013131823518,TRUE
MB-7262,SNF_C2,0.025959188626436137,-0.025959188626436164,0.0519183772528723,TRUE
MB-2990,SNF_C1,0.3097620750915167,-0.30976207509151676,0.6195241501830335,TRUE
MB-2993,SNF_C2,0.41060128520611056,-0.41060128520611056,0.8212025704122211,TRUE
MB-3031,SNF_C2,0.27802589044045456,-0.27802589044045456,0.5560517808809091,TRUE
MB-2904,SNF_C2,0.4823524971148862,-0.4823524971148862,0.9647049942297724,TRUE
MB-2846,SNF_C2,0.18138944676110572,-0.18138944676110572,0.36277889352221143,TRUE
MB-7154,SNF_C2,0.47673494007603867,-0.47673494007603867,0.9534698801520773,TRUE
MB-7229,SNF_C1,0.3071154122947497,-0.3071154122947497,0.6142308245894994,TRUE
MB-7151,SNF_C2,0.3432426950687713,-0.34324269506877136,0.6864853901375427,TRUE
MB-7228,SNF_C1,0.1937168659087743,-0.19371686590877427,0.3874337318175486,TRUE
MB-7218,SNF_C1,0.28491741489466393,-0.284917414894664,0.5698348297893279,TRUE
MB-7147,SNF_C1,0.11975573940028106,-0.11975573940028116,0.23951147880056223,TRUE
MB-7219,SNF_C1,0.1768489537887628,-0.17684895378876284,0.3536979075775256,TRUE
MB-7165,SNF_C2,0.4991689902492024,-0.4991689902492025,0.9983379804984049,TRUE
MB-7150,SNF_C1,0.0581513768732434,-0.05815137687324339,0.1163027537464868,TRUE
MB-3436,SNF_C1,0.14128987395015732,-0.14128987395015732,0.28257974790031465,TRUE
MB-3462,SNF_C1,0.215727795971873,-0.21572779597187292,0.43145559194374594,TRUE
MB-3417,SNF_C1,0.2939268669660361,-0.29392686696603604,0.5878537339320722,TRUE
MB-2721,SNF_C1,0.3543689924578605,-0.35436899245786047,0.7087379849157209,TRUE
MB-3092,SNF_C1,0.23904391867851107,-0.23904391867851113,0.4780878373570222,TRUE
MB-2821,SNF_C2,0.16579052421033652,-0.16579052421033644,0.33158104842067293,TRUE
MB-2850,SNF_C2,0.4552936172344093,-0.45529361723440925,0.9105872344688186,TRUE
MB-2820,SNF_C1,0.24553793800877743,-0.24553793800877738,0.4910758760175548,TRUE
MB-2823,SNF_C2,0.05805956783720957,-0.05805956783720955,0.11611913567441912,TRUE
MB-2792,SNF_C2,0.011614374081228018,-0.01161437408122804,0.023228748162456056,FALSE
MB-7273,SNF_C2,0.26456402534988294,-0.26456402534988294,0.5291280506997659,TRUE
MB-7283,SNF_C1,0.1535910363241173,-0.1535910363241173,0.3071820726482346,TRUE
MB-7284,SNF_C1,0.26374169731051234,-0.2637416973105123,0.5274833946210247,TRUE
MB-7279,SNF_C2,0.09058991637535796,-0.09058991637535797,0.18117983275071592,TRUE
MB-7233,SNF_C1,0.1991881481190454,-0.1991881481190454,0.3983762962380908,TRUE
MB-7287,SNF_C2,0.05004564661292289,-0.050045646612922885,0.10009129322584578,TRUE
MB-7250,SNF_C2,0.21623486795144564,-0.21623486795144561,0.4324697359028913,TRUE
MB-7238,SNF_C1,0.05886243668976317,-0.058862436689763174,0.11772487337952633,TRUE
MB-7285,SNF_C1,0.09668956917170875,-0.09668956917170869,0.19337913834341744,TRUE
MB-7260,SNF_C2,0.03024211122573662,-0.03024211122573667,0.060484222451473293,TRUE
MB-7264,SNF_C2,0.07099403090129557,-0.07099403090129557,0.14198806180259113,TRUE
MB-7268,SNF_C1,0.16575855823945881,-0.16575855823945881,0.33151711647891763,TRUE
MB-7276,SNF_C1,0.19752657135064283,-0.1975265713506428,0.39505314270128566,TRUE
MB-7212,SNF_C1,0.16296834273383012,-0.16296834273383012,0.32593668546766025,TRUE
MB-7267,SNF_C2,0.5175797612809389,-0.517579761280939,1.035159522561878,TRUE
MB-7266,SNF_C1,0.18118461036070868,-0.18118461036070874,0.3623692207214174,TRUE
MB-7216,SNF_C1,0.2047772954434053,-0.20477729544340534,0.4095545908868107,TRUE
MB-7195,SNF_C1,0.3051571441387833,-0.30515714413878336,0.6103142882775667,TRUE
MB-7201,SNF_C2,0.24315873998937573,-0.24315873998937576,0.4863174799787515,TRUE
MB-7217,SNF_C1,0.16991940019850502,-0.16991940019850502,0.33983880039701003,TRUE
MB-2778,SNF_C1,0.1373284809126215,-0.1373284809126215,0.274656961825243,TRUE
MB-2815,SNF_C1,0.16761816792728584,-0.16761816792728576,0.3352363358545716,TRUE
MB-2833,SNF_C2,0.42125915455569835,-0.4212591545556983,0.8425183091113966,TRUE
MB-3614,SNF_C1,0.051336963980227364,-0.051336963980227364,0.10267392796045473,TRUE
MB-7052,SNF_C2,0.49665829192955724,-0.49665829192955724,0.9933165838591145,TRUE
MB-7124,SNF_C1,0.3570138705413789,-0.35701387054137884,0.7140277410827578,TRUE
MB-7122,SNF_C2,0.1707286216332223,-0.17072862163322233,0.34145724326644467,TRUE
MB-7133,SNF_C1,0.043053570772982046,-0.04305357077298206,0.0861071415459641,TRUE
MB-7084,SNF_C2,0.5250641915604458,-0.5250641915604457,1.0501283831208914,TRUE
MB-7101,SNF_C1,0.22941402502392966,-0.22941402502392963,0.4588280500478593,TRUE
MB-7116,SNF_C1,0.0889677205374439,-0.08896772053744388,0.1779354410748878,TRUE
MB-7131,SNF_C1,0.17365375712718628,-0.1736537571271863,0.34730751425437256,TRUE
MB-7090,SNF_C2,0.3252267455874469,-0.3252267455874469,0.6504534911748938,TRUE
MB-7095,SNF_C1,0.24915430634900862,-0.24915430634900862,0.49830861269801724,TRUE
MB-7094,SNF_C1,0.03392046760713206,-0.03392046760713207,0.06784093521426413,TRUE
MB-7087,SNF_C2,0.45129566265429344,-0.4512956626542935,0.9025913253085869,TRUE
MB-7077,SNF_C1,0.15892379677061907,-0.15892379677061902,0.3178475935412381,TRUE
MB-7072,SNF_C1,0.10484056379604136,-0.10484056379604138,0.20968112759208274,TRUE
MB-7041,SNF_C1,0.16832616597161235,-0.1683261659716123,0.33665233194322464,TRUE
MB-7044,SNF_C2,0.026019492977865606,-0.026019492977865592,0.0520389859557312,TRUE
MB-7022,SNF_C1,0.08010284808154125,-0.08010284808154128,0.16020569616308253,TRUE
MB-7070,SNF_C2,0.0818456776849801,-0.08184567768498008,0.16369135536996018,TRUE
MB-7079,SNF_C2,0.038936629768687385,-0.03893662976868733,0.07787325953737471,TRUE
MB-7035,SNF_C2,0.09322946062943882,-0.09322946062943882,0.18645892125887764,TRUE
MB-7025,SNF_C2,0.3904215986066751,-0.39042159860667497,0.78084319721335,TRUE
MB-7062,SNF_C1,0.1874089884008045,-0.18740898840080444,0.37481797680160894,TRUE
MB-7036,SNF_C2,0.5551300785748078,-0.5551300785748077,1.1102601571496153,TRUE
MB-7046,SNF_C1,0.1290305126464959,-0.12903051264649593,0.2580610252929918,TRUE
MB-4839,SNF_C1,0.1768275362258512,-0.1768275362258512,0.3536550724517024,TRUE
MB-5559,SNF_C2,0.30066701730024986,-0.3006670173002499,0.6013340346004998,TRUE
MB-5463,SNF_C1,0.1217211689492289,-0.12172116894922898,0.24344233789845787,TRUE
MB-4744,SNF_C1,0.28761277730703405,-0.2876127773070341,0.5752255546140681,TRUE
MB-4769,SNF_C2,0.44717633799098194,-0.447176337990982,0.894352675981964,TRUE
MB-4484,SNF_C1,0.1456598127499457,-0.14565981274994566,0.2913196254998913,TRUE
MB-5558,SNF_C2,0.13983348427822057,-0.13983348427822057,0.27966696855644113,TRUE
MB-4750,SNF_C1,0.1621901210998895,-0.1621901210998895,0.324380242199779,TRUE
MB-4793,SNF_C2,0.4238968755029074,-0.4238968755029074,0.8477937510058148,TRUE
MB-4843,SNF_C1,0.1857621588464563,-0.18576215884645633,0.3715243176929126,TRUE
MB-5563,SNF_C1,0.2044435359724497,-0.2044435359724497,0.4088870719448994,TRUE
MB-5546,SNF_C1,0.19612656230174547,-0.19612656230174544,0.39225312460349093,TRUE
MB-5513,SNF_C2,0.14623998427552481,-0.14623998427552481,0.29247996855104963,TRUE
MB-5656,SNF_C1,0.11846152933701018,-0.11846152933701014,0.2369230586740203,TRUE
MB-5530,SNF_C2,0.06766406127015727,-0.06766406127015726,0.1353281225403145,TRUE
MB-5553,SNF_C1,0.26938445181448456,-0.26938445181448456,0.5387689036289691,TRUE
MB-4836,SNF_C1,0.031799020965633855,-0.03179902096563385,0.0635980419312677,TRUE
MB-4828,SNF_C1,0.14904598997162502,-0.14904598997162508,0.2980919799432501,TRUE
MB-4697,SNF_C1,0.21854277446242076,-0.21854277446242068,0.4370855489248414,TRUE
MB-4679,SNF_C2,0.5338061075574854,-0.5338061075574854,1.0676122151149707,TRUE
MB-4033,SNF_C1,0.08387503000742572,-0.08387503000742566,0.16775006001485138,TRUE
MB-4692,SNF_C1,0.2220774295748295,-0.2220774295748295,0.444154859149659,TRUE
MB-4675,SNF_C1,0.27650639941614213,-0.2765063994161421,0.5530127988322842,TRUE
MB-4653,SNF_C1,0.12099221223594071,-0.1209922122359407,0.2419844244718814,TRUE
MB-4663,SNF_C2,0.33765853104880866,-0.3376585310488088,0.6753170620976174,TRUE
MB-4660,SNF_C2,0.41512085174690094,-0.415120851746901,0.8302417034938019,TRUE
MB-5275,SNF_C1,0.09989780734819875,-0.0998978073481988,0.19979561469639756,TRUE
MB-4654,SNF_C1,0.18252836688466612,-0.18252836688466617,0.3650567337693323,TRUE
MB-2618,SNF_C1,0.13318492805616755,-0.13318492805616755,0.2663698561123351,TRUE
MB-2718,SNF_C2,0.5155270869068987,-0.5155270869068987,1.0310541738137975,TRUE
MB-2643,SNF_C2,0.21103941553390415,-0.21103941553390418,0.4220788310678083,TRUE
MB-2629,SNF_C1,0.2723871973384744,-0.27238719733847433,0.5447743946769488,TRUE
MB-2645,SNF_C2,0.12732171917411794,-0.12732171917411794,0.2546434383482359,TRUE
MB-2626,SNF_C1,0.028703291073889088,-0.028703291073889074,0.05740658214777816,TRUE
MB-6263,SNF_C1,0.1566628278254369,-0.15666282782543692,0.3133256556508738,TRUE
MB-6305,SNF_C2,0.43244243544670885,-0.43244243544670885,0.8648848708934177,TRUE
MB-6185,SNF_C1,0.2784703073545676,-0.2784703073545677,0.5569406147091354,TRUE
MB-6187,SNF_C2,0.10318150031301106,-0.10318150031301106,0.20636300062602211,TRUE
MB-6248,SNF_C2,0.5263282309642044,-0.5263282309642044,1.052656461928409,TRUE
MB-6330,SNF_C2,0.19648575549065778,-0.19648575549065775,0.39297151098131555,TRUE
MB-6184,SNF_C2,0.09171901979950806,-0.09171901979950807,0.1834380395990161,TRUE
MB-6329,SNF_C2,0.02608894467588825,-0.02608894467588825,0.0521778893517765,TRUE
MB-6283,SNF_C1,0.30842640690588646,-0.30842640690588646,0.6168528138117729,TRUE
MB-6359,SNF_C1,0.007744731565819832,-0.007744731565819847,0.01548946313163968,FALSE
MB-6337,SNF_C2,0.23181219864936084,-0.23181219864936087,0.46362439729872174,TRUE
MB-6256,SNF_C1,0.2650336936405574,-0.26503369364055734,0.5300673872811148,TRUE
MB-6201,SNF_C1,0.21916609205703233,-0.21916609205703227,0.4383321841140646,TRUE
MB-6207,SNF_C1,0.22673352822198364,-0.2267335282219836,0.45346705644396723,TRUE
MB-6194,SNF_C1,0.10280142418800396,-0.10280142418800393,0.2056028483760079,TRUE
MB-6281,SNF_C1,0.15869779516544746,-0.15869779516544744,0.31739559033089493,TRUE
MB-6322,SNF_C1,0.11248698879486818,-0.11248698879486808,0.22497397758973625,TRUE
MB-6223,SNF_C2,0.317636781439386,-0.317636781439386,0.635273562878772,TRUE
MB-6190,SNF_C1,0.25641786831009195,-0.25641786831009206,0.512835736620184,TRUE
MB-6306,SNF_C1,0.18064320330406808,-0.18064320330406813,0.3612864066081362,TRUE
MB-6188,SNF_C2,0.5198990448338353,-0.5198990448338353,1.0397980896676706,TRUE
MB-6318,SNF_C2,0.2572387295640293,-0.2572387295640293,0.5144774591280586,TRUE
MB-6228,SNF_C2,0.3787197581599344,-0.3787197581599344,0.7574395163198688,TRUE
MB-6226,SNF_C1,0.1391249503583682,-0.1391249503583682,0.2782499007167364,TRUE
MB-6225,SNF_C1,0.19363672568224835,-0.1936367256822483,0.38727345136449665,TRUE
MB-6280,SNF_C2,0.5104905950275597,-0.5104905950275597,1.0209811900551193,TRUE
MB-6253,SNF_C1,0.31350510967252365,-0.3135051096725236,0.6270102193450473,TRUE
MB-6098,SNF_C2,0.47301350263052233,-0.4730135026305224,0.9460270052610447,TRUE
MB-6017,SNF_C1,0.29698350052491573,-0.2969835005249157,0.5939670010498315,TRUE
MB-6019,SNF_C2,0.02115341719845452,-0.021153417198454517,0.042306834396909035,TRUE
MB-6163,SNF_C1,0.30446986050298386,-0.3044698605029839,0.6089397210059677,TRUE
MB-6157,SNF_C2,0.14240792876074437,-0.14240792876074435,0.28481585752148875,TRUE
MB-6179,SNF_C1,0.21007293741594016,-0.2100729374159402,0.4201458748318804,TRUE
MB-6105,SNF_C1,0.07731399363891986,-0.07731399363891985,0.15462798727783972,TRUE
MB-6047,SNF_C2,0.07149685596295258,-0.07149685596295263,0.1429937119259052,TRUE
MB-6001,SNF_C1,0.028603082926994528,-0.028603082926994546,0.05720616585398908,TRUE
MB-6050,SNF_C1,0.2753256181804897,-0.2753256181804896,0.5506512363609792,TRUE
MB-6169,SNF_C2,0.28858681482848714,-0.28858681482848714,0.5771736296569743,TRUE
MB-4548,SNF_C2,0.26348918238643143,-0.26348918238643143,0.5269783647728629,TRUE
MB-4564,SNF_C1,0.2656835222008248,-0.26568352220082486,0.5313670444016496,TRUE
MB-4591,SNF_C1,0.20511729633253992,-0.20511729633253992,0.41023459266507983,TRUE
MB-4557,SNF_C1,0.1950458809881572,-0.19504588098815726,0.39009176197631446,TRUE
MB-4601,SNF_C2,0.2756868919602783,-0.27568689196027824,0.5513737839205566,TRUE
MB-4598,SNF_C1,0.28134504375629343,-0.2813450437562934,0.5626900875125869,TRUE
MB-4578,SNF_C1,0.27158226406954006,-0.27158226406954006,0.5431645281390801,TRUE
MB-4593,SNF_C1,0.2356693854351654,-0.23566938543516544,0.4713387708703308,TRUE
MB-5186,SNF_C1,0.032809036411588256,-0.032809036411588235,0.0656180728231765,TRUE
MB-4974,SNF_C2,0.47471831623846195,-0.47471831623846195,0.9494366324769239,TRUE
MB-4978,SNF_C1,0.04111132736605684,-0.0411113273660569,0.08222265473211374,TRUE
MB-5086,SNF_C1,0.3526127421631308,-0.3526127421631309,0.7052254843262618,TRUE
MB-5150,SNF_C1,0.22017601900977754,-0.22017601900977754,0.4403520380195551,TRUE
MB-5345,SNF_C1,0.1756231445438117,-0.17562314454381164,0.35124628908762334,TRUE
MB-4696,SNF_C2,0.3127130720246439,-0.3127130720246439,0.6254261440492878,TRUE
MB-4695,SNF_C1,0.2014706199187927,-0.20147061991879267,0.40294123983758534,TRUE
MB-4714,SNF_C2,0.3875123649185408,-0.38751236491854085,0.7750247298370816,TRUE
MB-4705,SNF_C1,0.17058784579915945,-0.1705878457991594,0.34117569159831884,TRUE
MB-4882,SNF_C1,0.13920442553257958,-0.13920442553257958,0.27840885106515917,TRUE
MB-4879,SNF_C2,0.16693362816272317,-0.16693362816272317,0.33386725632544634,TRUE
MB-4881,SNF_C2,0.5653931771264905,-0.5653931771264905,1.130786354252981,TRUE
MB-4846,SNF_C1,0.03689349486967819,-0.03689349486967814,0.07378698973935632,TRUE
MB-4870,SNF_C1,0.16153536002087507,-0.161535360020875,0.3230707200417501,TRUE
MB-4224,SNF_C1,0.10228439342695622,-0.10228439342695625,0.20456878685391247,TRUE
MB-4845,SNF_C1,0.39158970376731855,-0.39158970376731844,0.783179407534637,TRUE
MB-4904,SNF_C2,0.346656209105045,-0.346656209105045,0.69331241821009,TRUE
MB-4865,SNF_C2,0.4668041196029705,-0.4668041196029705,0.933608239205941,TRUE
MB-4876,SNF_C2,0.2605530377275468,-0.26055303772754684,0.5211060754550936,TRUE
MB-4860,SNF_C1,0.2308906831450479,-0.23089068314504785,0.46178136629009575,TRUE
MB-5081,SNF_C1,0.10078988017843772,-0.10078988017843768,0.20157976035687541,TRUE
MB-4897,SNF_C1,0.03390678138594351,-0.033906781385943496,0.067813562771887,TRUE
MB-4925,SNF_C1,0.07883788372566454,-0.07883788372566451,0.15767576745132905,TRUE
MB-4883,SNF_C1,0.2384708669578516,-0.23847086695785155,0.47694173391570316,TRUE
MB-4896,SNF_C2,0.22628009172264604,-0.22628009172264607,0.45256018344529214,TRUE
MB-4987,SNF_C1,0.20692139158771466,-0.20692139158771464,0.41384278317542933,TRUE
MB-4416,SNF_C2,0.45925596760312803,-0.4592559676031281,0.9185119352062561,TRUE
MB-4374,SNF_C1,0.252860740158631,-0.252860740158631,0.505721480317262,TRUE
MB-4407,SNF_C2,0.3995800274841681,-0.39958002748416815,0.7991600549683362,TRUE
MB-5039,SNF_C1,0.0012641836851277216,-0.0012641836851277678,0.0025283673702554896,FALSE
MB-4119,SNF_C1,0.2090820439220037,-0.20908204392200372,0.4181640878440074,TRUE
MB-4091,SNF_C1,0.14268575782805967,-0.1426857578280597,0.2853715156561194,TRUE
MB-5079,SNF_C1,0.35142180790452887,-0.35142180790452876,0.7028436158090576,TRUE
MB-5073,SNF_C1,0.10522481687237464,-0.10522481687237464,0.2104496337447493,TRUE
MB-5105,SNF_C1,0.27875261658306194,-0.2787526165830619,0.5575052331661239,TRUE
MB-4254,SNF_C2,0.5320209182334669,-0.5320209182334669,1.0640418364669337,TRUE
MB-5174,SNF_C1,0.0776439244566211,-0.07764392445662113,0.15528784891324224,TRUE
MB-4742,SNF_C1,0.3769528301819041,-0.3769528301819041,0.7539056603638082,TRUE
MB-5239,SNF_C1,0.253555563643891,-0.25355556364389104,0.507111127287782,TRUE
MB-5251,SNF_C1,0.20558832290632809,-0.20558832290632809,0.41117664581265617,TRUE
MB-4996,SNF_C1,0.2789085627958498,-0.27890856279584975,0.5578171255916995,TRUE
MB-4282,SNF_C1,0.14978362775960685,-0.14978362775960685,0.2995672555192137,TRUE
MB-4603,SNF_C1,0.1937494304347784,-0.19374943043477844,0.38749886086955687,TRUE
MB-4621,SNF_C2,0.29119223455326637,-0.29119223455326637,0.5823844691065327,TRUE
MB-4853,SNF_C1,0.25995881604914634,-0.2599588160491462,0.5199176320982926,TRUE
MB-4362,SNF_C1,0.23856067916343868,-0.23856067916343873,0.4771213583268774,TRUE
MB-4602,SNF_C1,0.22018879461659602,-0.22018879461659605,0.44037758923319203,TRUE
MB-4222,SNF_C1,0.18257073768456641,-0.18257073768456647,0.3651414753691329,TRUE
MB-4893,SNF_C2,0.5290708445462301,-0.5290708445462301,1.0581416890924602,TRUE
MB-4859,SNF_C2,0.19192014574022206,-0.1919201457402221,0.3838402914804442,TRUE
MB-4212,SNF_C1,0.3016230332022301,-0.30162303320223016,0.6032460664044603,TRUE
MB-4873,SNF_C1,0.2570383104635924,-0.25703831046359243,0.5140766209271848,TRUE
MB-4942,SNF_C2,0.5007865275509407,-0.5007865275509406,1.0015730551018813,TRUE
MB-4949,SNF_C2,0.2019138656468398,-0.20191386564683977,0.40382773129367955,TRUE
MB-4928,SNF_C2,0.1329926485534586,-0.13299264855345863,0.2659852971069172,TRUE
MB-5098,SNF_C1,0.23574014725730744,-0.2357401472573074,0.4714802945146148,TRUE
MB-5313,SNF_C2,0.1830366546176795,-0.18303665461767954,0.3660733092353591,TRUE
MB-4145,SNF_C1,0.016722608191287413,-0.016722608191287434,0.03344521638257485,FALSE
MB-5122,SNF_C1,0.18615396490112524,-0.18615396490112524,0.37230792980225047,TRUE
MB-5278,SNF_C1,0.11708220554205855,-0.11708220554205849,0.23416441108411704,TRUE
MB-4213,SNF_C1,0.16887067651172183,-0.1688706765117218,0.33774135302344366,TRUE
MB-4126,SNF_C2,0.047918332256397536,-0.047918332256397564,0.0958366645127951,TRUE
MB-4957,SNF_C1,0.20570087832265713,-0.2057008783226572,0.4114017566453143,TRUE
MB-5470,SNF_C1,0.0721917014341821,-0.07219170143418209,0.1443834028683642,TRUE
MB-5317,SNF_C1,0.2308279157221566,-0.23082791572215666,0.46165583144431327,TRUE
MB-5308,SNF_C2,0.03340344664538815,-0.033403446645388205,0.06680689329077635,TRUE
MB-4976,SNF_C1,0.299645968964813,-0.29964596896481305,0.599291937929626,TRUE
MB-5277,SNF_C1,0.0439343479443407,-0.043934347944340695,0.0878686958886814,TRUE
MB-5110,SNF_C1,0.04944714253660643,-0.04944714253660646,0.09889428507321289,TRUE
MB-4046,SNF_C1,0.20066834027976715,-0.20066834027976724,0.4013366805595344,TRUE
MB-4012,SNF_C1,0.05136523309320525,-0.0513652330932053,0.10273046618641055,TRUE
MB-4141,SNF_C1,0.16787116569232108,-0.16787116569232116,0.33574233138464227,TRUE
MB-4001,SNF_C1,0.1383023316529934,-0.1383023316529934,0.2766046633059868,TRUE
MB-4792,SNF_C2,0.46918101653674593,-0.469181016536746,0.9383620330734919,TRUE
MB-4738,SNF_C1,0.18588842696695507,-0.18588842696695498,0.37177685393391,TRUE
MB-4264,SNF_C2,0.024952837410817188,-0.024952837410817205,0.049905674821634396,TRUE
MB-4794,SNF_C1,0.3047544149813112,-0.3047544149813112,0.6095088299626223,TRUE
MB-4782,SNF_C2,0.11644065120709622,-0.11644065120709621,0.23288130241419241,TRUE
MB-5008,SNF_C2,0.17009481825354686,-0.1700948182535469,0.3401896365070938,TRUE
MB-4426,SNF_C2,0.04997167913807757,-0.04997167913807762,0.09994335827615519,TRUE
MB-4390,SNF_C1,0.3541305417482046,-0.35413054174820446,0.708261083496409,TRUE
MB-4434,SNF_C1,0.11626996407368737,-0.11626996407368745,0.2325399281473748,TRUE
MB-4368,SNF_C1,0.23231276663805472,-0.23231276663805472,0.46462553327610945,TRUE
MB-4442,SNF_C1,0.1525921006549015,-0.15259210065490156,0.30518420130980306,TRUE
MB-4418,SNF_C1,0.2290317896039937,-0.22903178960399376,0.45806357920798746,TRUE
MB-4381,SNF_C1,0.1394129368945337,-0.13941293689453374,0.2788258737890674,TRUE
MB-4395,SNF_C1,0.12278339352075537,-0.1227833935207555,0.24556678704151086,TRUE
MB-4630,SNF_C1,0.1568508779301275,-0.15685087793012753,0.31370175586025506,TRUE
MB-6010,SNF_C2,0.2219164316682268,-0.2219164316682268,0.4438328633364536,TRUE
MB-6021,SNF_C1,0.31765608598971573,-0.3176560859897157,0.6353121719794315,TRUE
MB-6059,SNF_C2,0.027763014765555392,-0.027763014765555406,0.0555260295311108,TRUE
MB-6154,SNF_C1,0.2883786829716643,-0.28837868297166436,0.5767573659433287,TRUE
MB-6097,SNF_C1,0.1391905620354342,-0.13919056203543423,0.27838112407086846,TRUE
MB-6107,SNF_C1,0.00496952387915044,-0.004969523879150373,0.009939047758300814,FALSE
MB-6023,SNF_C1,0.22091552726491528,-0.22091552726491523,0.4418310545298305,TRUE
MB-6152,SNF_C2,0.3904466153660411,-0.39044661536604114,0.7808932307320822,TRUE
MB-6018,SNF_C1,0.26397333174332244,-0.26397333174332244,0.5279466634866449,TRUE
MB-6082,SNF_C1,0.01077210368700457,-0.010772103687004589,0.02154420737400916,FALSE
MB-6029,SNF_C1,0.2583561627492627,-0.25835616274926276,0.5167123254985255,TRUE
MB-5295,SNF_C2,0.42439026751667586,-0.4243902675166759,0.8487805350333517,TRUE
MB-5386,SNF_C1,0.29295840095260406,-0.29295840095260406,0.5859168019052081,TRUE
MB-5092,SNF_C1,0.23639983036193332,-0.23639983036193327,0.4727996607238666,TRUE
MB-6068,SNF_C2,0.4326703522657503,-0.43267035226575035,0.8653407045315007,TRUE
MB-6039,SNF_C2,0.08329134037924091,-0.08329134037924092,0.16658268075848182,TRUE
MB-6022,SNF_C1,0.24890775972231816,-0.24890775972231816,0.4978155194446363,TRUE
MB-6125,SNF_C1,0.1550378343987875,-0.1550378343987875,0.310075668797575,TRUE
MB-6053,SNF_C1,0.15252283507111797,-0.15252283507111797,0.30504567014223594,TRUE
MB-6135,SNF_C1,0.1251489207252538,-0.12514892072525385,0.25029784145050765,TRUE
MB-6042,SNF_C2,0.019577624898431588,-0.01957762489843155,0.039155249796863134,TRUE
MB-6058,SNF_C2,0.5564177546739698,-0.5564177546739698,1.1128355093479396,TRUE
MB-6077,SNF_C1,0.1096336298299099,-0.1096336298299099,0.2192672596598198,TRUE
MB-6052,SNF_C2,0.3029815546711671,-0.302981554671167,0.6059631093423341,TRUE
MB-5368,SNF_C1,0.08597947162563599,-0.08597947162563602,0.171958943251272,TRUE
MB-4189,SNF_C2,0.08741627953284153,-0.08741627953284162,0.17483255906568315,TRUE
MB-5335,SNF_C2,0.4507477632114995,-0.45074776321149956,0.9014955264229991,TRUE
MB-4008,SNF_C1,0.19615935240197835,-0.19615935240197832,0.3923187048039567,TRUE
MB-5134,SNF_C1,0.3182478033782844,-0.3182478033782843,0.6364956067565687,TRUE
MB-4139,SNF_C1,0.2645982067875779,-0.26459820678757795,0.5291964135751559,TRUE
MB-5130,SNF_C1,0.04196415475125195,-0.041964154751251925,0.08392830950250388,TRUE
MB-5135,SNF_C2,0.41002036305557754,-0.4100203630555775,0.8200407261111551,TRUE
MB-4880,SNF_C2,0.43885719288948594,-0.438857192889486,0.877714385778972,TRUE
MB-5054,SNF_C2,0.31517138076400897,-0.31517138076400897,0.6303427615280179,TRUE
MB-5057,SNF_C2,0.5384275872035794,-0.5384275872035795,1.076855174407159,TRUE
MB-4098,SNF_C1,0.14579758604144205,-0.14579758604144208,0.2915951720828841,TRUE
MB-4760,SNF_C1,0.17962167745663488,-0.1796216774566348,0.35924335491326964,TRUE
MB-5102,SNF_C2,0.3704358633126339,-0.37043586331263384,0.7408717266252678,TRUE
MB-5420,SNF_C2,0.21682868563424182,-0.2168286856342419,0.4336573712684837,TRUE
MB-5458,SNF_C2,0.17206061882144794,-0.17206061882144796,0.3441212376428959,TRUE
MB-5492,SNF_C1,0.10679159349861728,-0.10679159349861726,0.21358318699723455,TRUE
MB-5407,SNF_C1,0.1398864593725986,-0.13988645937259864,0.2797729187451973,TRUE
MB-5394,SNF_C2,0.21969512297955693,-0.21969512297955693,0.43939024595911386,TRUE
MB-5410,SNF_C1,0.1743401809260009,-0.17434018092600093,0.3486803618520018,TRUE
MB-5435,SNF_C1,0.2520753926218564,-0.2520753926218564,0.5041507852437128,TRUE
MB-5406,SNF_C1,0.06039797316225865,-0.06039797316225871,0.12079594632451736,TRUE
MB-4329,SNF_C1,0.3237404452926269,-0.32374044529262685,0.6474808905852538,TRUE
MB-4005,SNF_C2,0.0791280582078849,-0.07912805820788489,0.1582561164157698,TRUE
MB-6288,SNF_C1,0.16825084345368801,-0.16825084345368804,0.33650168690737603,TRUE
MB-6272,SNF_C2,0.49424390495537934,-0.49424390495537934,0.9884878099107587,TRUE
MB-6218,SNF_C1,0.051401311567850966,-0.05140131156785098,0.10280262313570195,TRUE
MB-6246,SNF_C2,0.15186239818919206,-0.15186239818919214,0.30372479637838423,TRUE
MB-6217,SNF_C1,0.13818262405660398,-0.13818262405660395,0.27636524811320795,TRUE
MB-6308,SNF_C1,0.27233483991197505,-0.272334839911975,0.5446696798239501,TRUE
MB-6271,SNF_C1,0.3492040993310628,-0.3492040993310628,0.6984081986621256,TRUE
MB-6245,SNF_C2,0.44561711268559,-0.4456171126855901,0.8912342253711801,TRUE
MB-6233,SNF_C1,0.2535635396045504,-0.25356353960455036,0.5071270792091007,TRUE
MB-4343,SNF_C2,0.0636191141588068,-0.0636191141588068,0.1272382283176136,TRUE
MB-4281,SNF_C1,0.009731587271445524,-0.00973158727144553,0.019463174542891055,FALSE
MB-4283,SNF_C1,0.17838469805856563,-0.17838469805856563,0.35676939611713127,TRUE
MB-4341,SNF_C2,0.16680623674628847,-0.16680623674628853,0.333612473492577,TRUE
MB-4303,SNF_C2,0.2598629538661345,-0.2598629538661345,0.519725907732269,TRUE
MB-4274,SNF_C1,0.1838641954668576,-0.1838641954668576,0.3677283909337152,TRUE
MB-4292,SNF_C1,0.19691393632564758,-0.19691393632564758,0.39382787265129515,TRUE
MB-4278,SNF_C2,0.07455755069807286,-0.07455755069807288,0.14911510139614575,TRUE
MB-5399,SNF_C1,0.288410246335847,-0.28841024633584694,0.576820492671694,TRUE
MB-5364,SNF_C2,0.019652681865416913,-0.019652681865416934,0.03930536373083385,TRUE
MB-3526,SNF_C1,0.05824645140108558,-0.05824645140108558,0.11649290280217116,TRUE
MB-6138,SNF_C1,0.14418883905260563,-0.14418883905260563,0.28837767810521125,TRUE
MB-6049,SNF_C1,0.014280066257257605,-0.014280066257257633,0.028560132514515238,FALSE
MB-6055,SNF_C2,0.5302615697958624,-0.5302615697958624,1.0605231395917247,TRUE
MB-6108,SNF_C1,0.020318632066669142,-0.020318632066669125,0.04063726413333826,TRUE
MB-6044,SNF_C2,0.06262564409978297,-0.06262564409978298,0.12525128819956594,TRUE
MB-6181,SNF_C1,0.20428346839438893,-0.204283468394389,0.4085669367887779,TRUE
MB-6100,SNF_C2,0.17195275524626522,-0.17195275524626522,0.34390551049253043,TRUE
MB-6085,SNF_C2,0.22083643976795023,-0.22083643976795025,0.4416728795359005,TRUE
MB-6113,SNF_C2,0.0728699663636503,-0.0728699663636503,0.1457399327273006,TRUE
MB-6079,SNF_C1,0.23458312423107164,-0.23458312423107164,0.4691662484621433,TRUE
MB-6103,SNF_C1,0.010598200842730549,-0.010598200842730523,0.021196401685461073,FALSE
MB-6016,SNF_C1,0.1809666503808363,-0.18096665038083629,0.3619333007616726,TRUE
MB-6149,SNF_C1,0.24574392675007994,-0.24574392675008003,0.49148785350016,TRUE
MB-6131,SNF_C2,0.14073628267833152,-0.14073628267833152,0.28147256535666304,TRUE
MB-6007,SNF_C1,0.11121378343637034,-0.11121378343637031,0.22242756687274065,TRUE
MB-6147,SNF_C1,0.08615662384914413,-0.08615662384914409,0.1723132476982882,TRUE
MB-6114,SNF_C2,0.1978131758051909,-0.19781317580519087,0.39562635161038173,TRUE
MB-6167,SNF_C1,0.2169907708692511,-0.21699077086925114,0.43398154173850223,TRUE
MB-6146,SNF_C2,0.07953676152762901,-0.07953676152762905,0.15907352305525807,TRUE
MB-6092,SNF_C1,0.1613976406662846,-0.16139764066628462,0.3227952813325692,TRUE
MB-6160,SNF_C2,0.3222993058014362,-0.32229930580143623,0.6445986116028724,TRUE
MB-6075,SNF_C1,0.28717952295812865,-0.2871795229581287,0.5743590459162573,TRUE
MB-6011,SNF_C1,0.299952435865916,-0.2999524358659161,0.599904871731832,TRUE
MB-6071,SNF_C1,0.1858691622706507,-0.18586916227065065,0.37173832454130135,TRUE
MB-6214,SNF_C1,0.29681934314179087,-0.29681934314179087,0.5936386862835817,TRUE
MB-6334,SNF_C1,0.019506430072964855,-0.019506430072964865,0.03901286014592972,TRUE
MB-6346,SNF_C1,0.17533007646523466,-0.17533007646523466,0.3506601529304693,TRUE
MB-6319,SNF_C1,0.2122895557596713,-0.21228955575967126,0.4245791115193426,TRUE
MB-6200,SNF_C1,0.12785972444154142,-0.12785972444154142,0.25571944888308284,TRUE
MB-6336,SNF_C2,0.4575401223103875,-0.45754012231038754,0.9150802446207751,TRUE
MB-6211,SNF_C1,0.1182131268642181,-0.11821312686421809,0.23642625372843618,TRUE
MB-6232,SNF_C1,0.2689500704519717,-0.26895007045197167,0.5379001409039434,TRUE
MB-6234,SNF_C1,0.15239771612583833,-0.15239771612583827,0.3047954322516766,TRUE
MB-6300,SNF_C1,0.13687753445724576,-0.13687753445724576,0.27375506891449153,TRUE
MB-5533,SNF_C1,0.02964182899596229,-0.029641828995962263,0.05928365799192455,TRUE
MB-5543,SNF_C1,0.04609256102253208,-0.04609256102253206,0.09218512204506413,TRUE
MB-4236,SNF_C1,0.00957223255396561,-0.009572232553965691,0.019144465107931302,FALSE
MB-4234,SNF_C1,0.26519160154285076,-0.2651916015428508,0.5303832030857016,TRUE
MB-4270,SNF_C2,0.18412090071073234,-0.18412090071073242,0.3682418014214648,TRUE
MB-4235,SNF_C2,0.3338855586201338,-0.33388555862013375,0.6677711172402676,TRUE
MB-4250,SNF_C1,0.14894640906072126,-0.14894640906072132,0.2978928181214426,TRUE
MB-5467,SNF_C1,0.12525502321548848,-0.1252550232154885,0.25051004643097696,TRUE
MB-4323,SNF_C1,0.27281888288108247,-0.27281888288108247,0.5456377657621649,TRUE
MB-4318,SNF_C1,0.06378043414235493,-0.06378043414235499,0.12756086828470992,TRUE
MB-4333,SNF_C1,0.2254295270809498,-0.22542952708094977,0.45085905416189953,TRUE
MB-4339,SNF_C1,0.1934260519709922,-0.19342605197099222,0.38685210394198444,TRUE
MB-4322,SNF_C1,0.26111013423370494,-0.26111013423370494,0.5222202684674099,TRUE
MB-4351,SNF_C2,0.21237290732756628,-0.21237290732756628,0.42474581465513256,TRUE
MB-5063,SNF_C2,0.10779595568656894,-0.10779595568656897,0.2155919113731379,TRUE
MB-4360,SNF_C2,0.3691003379535333,-0.3691003379535333,0.7382006759070666,TRUE
MB-4375,SNF_C1,0.1598593576929874,-0.1598593576929874,0.3197187153859748,TRUE
MB-4798,SNF_C1,0.16290473418667784,-0.16290473418667784,0.32580946837335567,TRUE
MB-4746,SNF_C1,0.13419852301910248,-0.13419852301910248,0.26839704603820497,TRUE
MB-4838,SNF_C1,0.23171904275717176,-0.23171904275717178,0.4634380855143435,TRUE
MB-4829,SNF_C1,0.1440948821442523,-0.14409488214425228,0.2881897642885046,TRUE
MB-4802,SNF_C1,0.12589030228592646,-0.12589030228592646,0.2517806045718529,TRUE
MB-5426,SNF_C2,0.3901267832554642,-0.3901267832554642,0.7802535665109284,TRUE
MB-5444,SNF_C1,0.21150258062314004,-0.21150258062314004,0.42300516124628007,TRUE
MB-5431,SNF_C2,0.363241160108422,-0.36324116010842195,0.726482320216844,TRUE
MB-5447,SNF_C1,0.13028576555249782,-0.1302857655524978,0.26057153110499565,TRUE
MB-5434,SNF_C1,0.1756142922183095,-0.17561429221830943,0.3512285844366189,TRUE
MB-5255,SNF_C2,0.2412790642094609,-0.24127906420946088,0.48255812841892176,TRUE
MB-5231,SNF_C2,0.14478102068821513,-0.1447810206882151,0.28956204137643027,TRUE
MB-5339,SNF_C1,0.09135736774695151,-0.09135736774695151,0.18271473549390302,TRUE
MB-5208,SNF_C2,0.4017676318090446,-0.40176763180904457,0.8035352636180892,TRUE
MB-5428,SNF_C1,0.2101141793932962,-0.21011417939329619,0.42022835878659237,TRUE
MB-5440,SNF_C2,0.5171849778889263,-0.5171849778889264,1.0343699557778527,TRUE
MB-5425,SNF_C1,0.2686798939538688,-0.2686798939538687,0.5373597879077375,TRUE
MB-5298,SNF_C2,0.5582175930545299,-0.5582175930545299,1.1164351861090598,TRUE
MB-5334,SNF_C1,0.1763367234264502,-0.17633672342645024,0.3526734468529005,TRUE
MB-5326,SNF_C1,0.08999624497028219,-0.08999624497028225,0.17999248994056444,TRUE
MB-4059,SNF_C1,0.086208599371648445,-0.08620859937164843,0.17241719874329686,TRUE
MB-6230,SNF_C1,0.30539150334700144,-0.3053915033470014,0.6107830066940028,TRUE
MB-6150,SNF_C1,0.04249265886503038,-0.04249265886503036,0.08498531773006074,TRUE
MB-6014,SNF_C1,0.03648980620122356,-0.03648980620122347,0.07297961240244702,TRUE
MB-6145,SNF_C1,0.13404707047096104,-0.1340470704709611,0.26809414094192213,TRUE
MB-6012,SNF_C1,0.23856458008211842,-0.23856458008211845,0.4771291601642369,TRUE
MB-6024,SNF_C1,0.19109330877579464,-0.19109330877579467,0.38218661755158934,TRUE
MB-6124,SNF_C1,0.1656384881342166,-0.16563848813421664,0.3312769762684332,TRUE
MB-6171,SNF_C1,0.30002712389938396,-0.30002712389938396,0.6000542477987679,TRUE
MB-6060,SNF_C2,0.14643424969155855,-0.14643424969155858,0.2928684993831171,TRUE
MB-6008,SNF_C1,0.23952594932236304,-0.23952594932236307,0.4790518986447261,TRUE
MB-6036,SNF_C2,0.45435758768108503,-0.454357587681085,0.9087151753621701,TRUE
MB-6144,SNF_C2,0.5086512487924919,-0.5086512487924918,1.0173024975849838,TRUE
MB-5346,SNF_C2,0.38477949524970756,-0.38477949524970767,0.7695589904994152,TRUE
MB-5373,SNF_C1,0.11573899447990608,-0.115738994479906,0.2314779889598121,TRUE
MB-6178,SNF_C2,0.5239508875487747,-0.5239508875487747,1.0479017750975494,TRUE
MB-6063,SNF_C2,0.15402272509274553,-0.1540227250927456,0.3080454501854911,TRUE
MB-6020,SNF_C1,0.040094663557756,-0.040094663557756004,0.080189327115512,TRUE
MB-6062,SNF_C2,0.4831665681478815,-0.4831665681478816,0.9663331362957631,TRUE
MB-6069,SNF_C1,0.2593219377492363,-0.25932193774923623,0.5186438754984726,TRUE
MB-6141,SNF_C1,0.27537481495516175,-0.2753748149551618,0.5507496299103236,TRUE
MB-6118,SNF_C1,0.031736680822583345,-0.03173668082258328,0.06347336164516662,TRUE
MB-6065,SNF_C1,0.3541341976842709,-0.35413419768427085,0.7082683953685418,TRUE
MB-6006,SNF_C1,0.2535040519466827,-0.25350405194668263,0.5070081038933654,TRUE
MB-6048,SNF_C2,0.10358749432013335,-0.10358749432013337,0.20717498864026673,TRUE
MB-6116,SNF_C2,0.09842500235027105,-0.09842500235027099,0.19685000470054204,TRUE
MB-4310,SNF_C1,0.2523934049181885,-0.2523934049181885,0.504786809836377,TRUE
MB-4300,SNF_C2,0.05898237808210663,-0.058982378082106664,0.11796475616421329,TRUE
MB-4298,SNF_C1,0.2512964379201732,-0.25129643792017314,0.5025928758403464,TRUE
MB-4417,SNF_C2,0.45700797216948685,-0.4570079721694869,0.9140159443389737,TRUE
MB-4079,SNF_C1,0.025868728042601288,-0.025868728042601333,0.051737456085202624,TRUE
MB-4317,SNF_C2,0.1354445547367337,-0.1354445547367337,0.2708891094734674,TRUE
MB-4350,SNF_C2,0.1501455603714993,-0.15014556037149926,0.3002911207429986,TRUE
MB-4332,SNF_C2,0.4814146705898702,-0.48141467058987025,0.9628293411797404,TRUE
MB-4324,SNF_C1,0.12611355168619928,-0.12611355168619934,0.2522271033723986,TRUE
MB-4306,SNF_C1,0.34762274758723705,-0.347622747587237,0.695245495174474,TRUE
MB-7226,SNF_C1,0.1557001441101611,-0.1557001441101611,0.3114002882203222,TRUE
MB-7205,SNF_C2,0.5083490949897078,-0.5083490949897079,1.0166981899794156,TRUE
MB-7160,SNF_C2,0.08168899430984519,-0.08168899430984525,0.16337798861969044,TRUE
MB-7159,SNF_C2,0.4219063245813072,-0.4219063245813072,0.8438126491626144,TRUE
MB-7167,SNF_C1,0.2610935028395841,-0.26109350283958405,0.5221870056791682,TRUE
MB-7207,SNF_C2,0.3324430554306484,-0.3324430554306484,0.6648861108612968,TRUE
MB-7237,SNF_C1,0.017660540272878177,-0.01766054027287821,0.03532108054575639,FALSE
MB-7241,SNF_C1,0.2903041918213948,-0.2903041918213947,0.5806083836427895,TRUE
MB-7236,SNF_C1,0.20630737287101897,-0.206307372871019,0.41261474574203794,TRUE
MB-7168,SNF_C1,0.1367831309099031,-0.13678313090990316,0.27356626181980626,TRUE
MB-7162,SNF_C1,0.19781818895098358,-0.19781818895098352,0.3956363779019671,TRUE
MB-7235,SNF_C1,0.2658389664964212,-0.2658389664964212,0.5316779329928424,TRUE
MB-4331,SNF_C1,0.13442769364740312,-0.13442769364740315,0.2688553872948063,TRUE
MB-4353,SNF_C1,0.0750911046664467,-0.07509110466644675,0.15018220933289345,TRUE
MB-4354,SNF_C2,0.02704682991554852,-0.027046829915548572,0.054093659831097096,TRUE
MB-4328,SNF_C1,0.1920312595895467,-0.19203125958954675,0.38406251917909345,TRUE
MB-4348,SNF_C2,0.011060487134602077,-0.011060487134602111,0.02212097426920419,FALSE
MB-6030,SNF_C1,0.2942854860576456,-0.29428548605764565,0.5885709721152912,TRUE
MB-6133,SNF_C1,0.23656015106943956,-0.23656015106943956,0.4731203021388791,TRUE
MB-6083,SNF_C1,0.332211704991091,-0.33221170499109093,0.664423409982182,TRUE
MB-6026,SNF_C1,0.06751414870816475,-0.06751414870816481,0.13502829741632955,TRUE
MB-6168,SNF_C1,0.17328787010502994,-0.17328787010502988,0.3465757402100598,TRUE
MB-6101,SNF_C2,0.08736358261678803,-0.08736358261678809,0.17472716523357612,TRUE
MB-6156,SNF_C2,0.020600397338906777,-0.020600397338906815,0.041200794677813596,TRUE
MB-6051,SNF_C1,0.27676494579394717,-0.27676494579394706,0.5535298915878942,TRUE
MB-6182,SNF_C2,0.21253708993634585,-0.21253708993634587,0.4250741798726917,TRUE
MB-6080,SNF_C2,0.20615263767597886,-0.20615263767597888,0.4123052753519577,TRUE
MB-6143,SNF_C2,0.3803574911920355,-0.3803574911920355,0.760714982384071,TRUE
MB-6164,SNF_C1,0.16396554939734378,-0.16396554939734373,0.3279310987946875,TRUE
MB-0551,SNF_C1,0.03984023450138162,-0.03984023450138159,0.07968046900276321,TRUE
MB-0391,SNF_C2,0.184325646565414,-0.184325646565414,0.368651293130828,TRUE
MB-0367,SNF_C2,0.03855447001441594,-0.03855447001441592,0.07710894002883187,TRUE
MB-5171,SNF_C1,0.03325104253597506,-0.03325104253597505,0.0665020850719501,TRUE
MB-5199,SNF_C2,0.20713614936212937,-0.20713614936212935,0.41427229872425875,TRUE
MB-5177,SNF_C2,0.1837264806984025,-0.18372648069840253,0.36745296139680506,TRUE
MB-5178,SNF_C1,0.24214889324022584,-0.24214889324022584,0.4842977864804517,TRUE
MB-5280,SNF_C1,0.1991501151550987,-0.1991501151550987,0.3983002303101974,TRUE
MB-5148,SNF_C2,0.07336633063962497,-0.07336633063962494,0.14673266127924992,TRUE
MB-4342,SNF_C1,0.026858532559010086,-0.02685853255901001,0.053717065118020095,TRUE
MB-5225,SNF_C2,0.536271217597724,-0.5362712175977241,1.072542435195448,TRUE
MB-4024,SNF_C2,0.4148886851740601,-0.41488868517406,0.8297773703481202,TRUE
MB-6314,SNF_C2,0.018228263820517464,-0.018228263820517513,0.03645652764103498,FALSE
MB-6257,SNF_C1,0.31749452329740163,-0.31749452329740174,0.6349890465948034,TRUE
MB-6358,SNF_C2,0.05489316963709752,-0.05489316963709749,0.10978633927419501,TRUE
MB-6242,SNF_C2,0.4545537254795272,-0.45455372547952727,0.9091074509590544,TRUE
MB-6237,SNF_C2,0.464882759108117,-0.464882759108117,0.929765518216234,TRUE
MB-6183,SNF_C1,0.26560827183614205,-0.26560827183614205,0.5312165436722841,TRUE
MB-6254,SNF_C1,0.3139772884035165,-0.3139772884035164,0.6279545768070329,TRUE
MB-6231,SNF_C1,0.1396909469804273,-0.1396909469804273,0.2793818939608546,TRUE
MB-6204,SNF_C1,0.11835440270510005,-0.11835440270509998,0.2367088054102,TRUE
MB-6229,SNF_C1,0.2817956028392818,-0.28179560283928173,0.5635912056785635,TRUE
MB-5154,SNF_C2,0.16050678882483066,-0.16050678882483066,0.3210135776496613,TRUE
MB-5175,SNF_C2,0.09190666611901074,-0.09190666611901074,0.1838133322380215,TRUE
MB-5173,SNF_C2,0.4905031302755764,-0.49050313027557646,0.9810062605511529,TRUE
MB-5162,SNF_C2,0.13403176914442747,-0.13403176914442747,0.26806353828885493,TRUE
MB-5164,SNF_C2,0.06298571857289297,-0.06298571857289302,0.12597143714578599,TRUE
MB-7253,SNF_C1,0.0986212127689206,-0.09862121276892061,0.19724242553784122,TRUE
MB-7298,SNF_C1,0.08074427613042841,-0.08074427613042845,0.16148855226085684,TRUE
MB-7299,SNF_C2,0.14323413850982292,-0.14323413850982292,0.28646827701964583,TRUE
MB-7293,SNF_C1,0.1655803290454601,-0.16558032904546008,0.3311606580909202,TRUE
MB-3978,SNF_C1,0.028411834634966916,-0.028411834634966902,0.05682366926993382,TRUE
MB-7288,SNF_C1,0.12175256852530235,-0.1217525685253023,0.24350513705060464,TRUE
MB-2923,SNF_C2,0.04903311695843372,-0.04903311695843375,0.09806623391686747,TRUE
MB-0402,SNF_C1,0.03288315991128626,-0.03288315991128623,0.06576631982257249,TRUE
MB-0381,SNF_C2,0.02594982773402261,-0.02594982773402264,0.051899655468045244,TRUE
MB-0592,SNF_C1,0.2499307213268739,-0.2499307213268739,0.4998614426537478,TRUE
MB-5271,SNF_C2,0.020400011041988384,-0.02040001104198843,0.04080002208397682,TRUE
MB-5235,SNF_C2,0.330125330775607,-0.3301253307756071,0.660250661551214,TRUE
MB-4931,SNF_C2,0.4014294372920012,-0.40142943729200126,0.8028588745840024,TRUE
MB-5332,SNF_C2,0.07557227927939338,-0.0755722792793934,0.15114455855878678,TRUE
MB-7045,SNF_C2,0.11427887011021395,-0.11427887011021393,0.22855774022042788,TRUE
MB-7049,SNF_C2,0.3059418831010745,-0.30594188310107445,0.611883766202149,TRUE
MB-7031,SNF_C2,0.481698253094852,-0.4816982530948521,0.9633965061897041,TRUE
MB-7061,SNF_C1,0.07983387512524207,-0.07983387512524207,0.15966775025048413,TRUE
MB-7050,SNF_C1,0.004207527376974447,-0.004207527376974424,0.00841505475394887,FALSE
MB-7078,SNF_C2,0.24205998041494525,-0.24205998041494522,0.4841199608298905,TRUE
MB-7054,SNF_C2,0.3311933885031406,-0.33119338850314073,0.6623867770062813,TRUE
MB-7048,SNF_C1,0.05603993428898131,-0.05603993428898134,0.11207986857796265,TRUE
MB-7058,SNF_C1,0.2613446984393976,-0.2613446984393976,0.5226893968787952,TRUE
MB-7056,SNF_C1,0.27769301133041485,-0.27769301133041485,0.5553860226608297,TRUE
MB-7038,SNF_C2,0.3897860271336587,-0.3897860271336587,0.7795720542673173,TRUE
MB-7086,SNF_C1,0.02140945195522894,-0.021409451955228944,0.04281890391045788,TRUE
MB-0177,SNF_C1,0.23996915038360514,-0.2399691503836051,0.4799383007672102,TRUE
MB-0435,SNF_C2,0.256300012058273,-0.256300012058273,0.512600024116546,TRUE
MB-0159,SNF_C2,0.2300207788131994,-0.23002077881319946,0.46004155762639887,TRUE
MB-0399,SNF_C2,0.08901577977399289,-0.08901577977399285,0.17803155954798572,TRUE
MB-0388,SNF_C2,0.009696601070418287,-0.009696601070418268,0.019393202140836556,FALSE
MB-0351,SNF_C1,0.21913078786639553,-0.2191307878663955,0.438261575732791,TRUE
MB-0615,SNF_C2,0.055447250430603646,-0.055447250430603626,0.11089450086120728,TRUE
MB-0265,SNF_C2,0.21412371943320155,-0.21412371943320155,0.4282474388664031,TRUE
MB-0116,SNF_C1,0.16560171330304127,-0.16560171330304121,0.3312034266060825,TRUE
MB-0472,SNF_C1,0.2838772569202922,-0.2838772569202922,0.5677545138405844,TRUE
MB-0191,SNF_C2,0.48092744245748303,-0.48092744245748303,0.9618548849149661,TRUE
MB-0231,SNF_C1,0.20203606777408767,-0.20203606777408767,0.40407213554817534,TRUE
MB-0558,SNF_C2,0.43625545162469415,-0.4362554516246941,0.8725109032493883,TRUE
MB-0393,SNF_C2,0.17020228593663292,-0.17020228593663295,0.3404045718732659,TRUE
MB-0553,SNF_C1,0.16995653724256174,-0.16995653724256177,0.33991307448512353,TRUE
MB-0587,SNF_C1,0.15929656102155926,-0.15929656102155923,0.3185931220431185,TRUE
MB-0611,SNF_C2,0.08991311462472269,-0.08991311462472266,0.17982622924944536,TRUE
MB-0640,SNF_C1,0.07755833344111011,-0.07755833344111011,0.15511666688222023,TRUE
MB-0114,SNF_C1,0.24261191996954795,-0.24261191996954787,0.4852238399390958,TRUE
MB-0222,SNF_C2,0.014454243015730383,-0.014454243015730322,0.028908486031460706,FALSE
MB-0284,SNF_C2,0.4408091209992296,-0.44080912099922953,0.8816182419984591,TRUE
MB-0459,SNF_C1,0.16469412652352364,-0.1646941265235236,0.3293882530470472,TRUE
MB-0128,SNF_C1,0.06570287186100288,-0.06570287186100286,0.13140574372200575,TRUE
MB-0639,SNF_C2,0.4331376942291326,-0.4331376942291327,0.8662753884582652,TRUE
MB-0318,SNF_C2,0.24517177279308516,-0.24517177279308516,0.4903435455861703,TRUE
MB-0417,SNF_C1,0.209119070763483,-0.20911907076348296,0.4182381415269659,TRUE
MB-6238,SNF_C1,0.2257992820283539,-0.22579928202835386,0.45159856405670773,TRUE
MB-6286,SNF_C1,0.3236347782608486,-0.3236347782608485,0.647269556521697,TRUE
MB-6328,SNF_C1,0.2335368033275421,-0.23353680332754215,0.46707360665508424,TRUE
MB-6284,SNF_C1,0.059894576510130665,-0.05989457651013068,0.11978915302026134,TRUE
MB-6363,SNF_C2,0.053373930147378394,-0.0533739301473784,0.1067478602947568,TRUE
MB-6224,SNF_C2,0.29355293815424643,-0.2935529381542464,0.5871058763084929,TRUE
MB-6297,SNF_C1,0.21507301992971836,-0.2150730199297183,0.43014603985943667,TRUE
MB-6239,SNF_C1,0.1363810277762483,-0.1363810277762483,0.2727620555524966,TRUE
MB-6208,SNF_C2,0.024220521034914778,-0.0242205210349148,0.048441042069829576,TRUE
MB-6273,SNF_C1,0.28359386750818444,-0.28359386750818444,0.5671877350163689,TRUE
MB-6344,SNF_C1,0.10857546245503814,-0.10857546245503817,0.21715092491007632,TRUE
MB-6312,SNF_C1,0.06619172480135659,-0.0661917248013566,0.1323834496027132,TRUE
MB-6212,SNF_C1,0.2886562357347552,-0.2886562357347552,0.5773124714695104,TRUE
MB-6302,SNF_C1,0.17325045075571857,-0.1732504507557186,0.3465009015114372,TRUE
MB-6327,SNF_C1,0.30605357128843313,-0.3060535712884332,0.6121071425768663,TRUE
MB-6287,SNF_C1,0.09922489917863221,-0.09922489917863221,0.19844979835726442,TRUE
MB-6213,SNF_C1,0.25688746264900997,-0.2568874626490099,0.5137749252980199,TRUE
MB-6251,SNF_C2,0.42042272323716945,-0.4204227232371695,0.8408454464743389,TRUE
MB-0489,SNF_C2,0.27737998121570256,-0.2773799812157025,0.554759962431405,TRUE
MB-0876,SNF_C2,0.17955769673269578,-0.17955769673269578,0.35911539346539156,TRUE
MB-0342,SNF_C1,0.08500793599212168,-0.08500793599212168,0.17001587198424337,TRUE
MB-7289,SNF_C2,0.01444054060645821,-0.014440540606458163,0.028881081212916375,FALSE
MB-3253,SNF_C2,0.07339121963715568,-0.0733912196371557,0.1467824392743114,TRUE
MB-7291,SNF_C2,0.30677962302992695,-0.30677962302992695,0.6135592460598539,TRUE
MB-7243,SNF_C1,0.1908842647253918,-0.19088426472539177,0.38176852945078354,TRUE
MB-3466,SNF_C2,0.06369851502235925,-0.06369851502235928,0.12739703004471853,TRUE
MB-7286,SNF_C1,0.2390232145870032,-0.23902321458700318,0.4780464291740064,TRUE
MB-7292,SNF_C1,0.11587319137345065,-0.11587319137345063,0.2317463827469013,TRUE
MB-7275,SNF_C1,0.10790493227636612,-0.10790493227636613,0.21580986455273227,TRUE
MB-7249,SNF_C1,0.15590389337057436,-0.15590389337057434,0.31180778674114873,TRUE
MB-7295,SNF_C1,0.1400317955772925,-0.1400317955772924,0.2800635911545849,TRUE
MB-7297,SNF_C1,0.030906300641108664,-0.030906300641108667,0.06181260128221733,TRUE
MB-7294,SNF_C1,0.19427381768364013,-0.19427381768364016,0.3885476353672803,TRUE
MB-7296,SNF_C1,0.010295518780172732,-0.010295518780172704,0.020591037560345436,FALSE
MB-3402,SNF_C1,0.11972240546820451,-0.11972240546820451,0.23944481093640901,TRUE
MB-5113,SNF_C1,0.06422891033818695,-0.06422891033818694,0.1284578206763739,TRUE
MB-5450,SNF_C2,0.4837390681871955,-0.48373906818719553,0.967478136374391,TRUE
MB-7032,SNF_C1,0.28056934272158235,-0.2805693427215823,0.5611386854431646,TRUE
MB-7037,SNF_C1,0.3614922961048189,-0.3614922961048189,0.7229845922096378,TRUE
MB-7040,SNF_C1,0.12231845143031175,-0.1223184514303118,0.24463690286062356,TRUE
MB-7020,SNF_C2,0.2523853908974629,-0.2523853908974629,0.5047707817949258,TRUE
MB-7042,SNF_C1,0.207979614536403,-0.207979614536403,0.415959229072806,TRUE
MB-7043,SNF_C2,0.06885115449839274,-0.06885115449839271,0.13770230899678546,TRUE
MB-7028,SNF_C1,0.13168824808983595,-0.131688248089836,0.26337649617967196,TRUE
MB-7029,SNF_C1,0.15836220566657522,-0.1583622056665752,0.31672441133315044,TRUE
MB-7027,SNF_C2,0.330846244092083,-0.3308462440920831,0.6616924881841661,TRUE
MB-7060,SNF_C1,0.22923550671046694,-0.22923550671046697,0.4584710134209339,TRUE
MB-7034,SNF_C1,0.24529017181189613,-0.2452901718118961,0.4905803436237922,TRUE
MB-5191,SNF_C1,0.2025661498585452,-0.2025661498585452,0.4051322997170904,TRUE
MB-5214,SNF_C2,0.04868916258612621,-0.048689162586126246,0.09737832517225245,TRUE
MB-5204,SNF_C1,0.26370977427027936,-0.2637097742702794,0.5274195485405588,TRUE
MB-5155,SNF_C1,0.1742033692775338,-0.1742033692775338,0.3484067385550676,TRUE
MB-5190,SNF_C2,0.2232592067013038,-0.22325920670130395,0.4465184134026078,TRUE
MB-5614,SNF_C1,0.06549277687187793,-0.06549277687187788,0.1309855537437558,TRUE
MB-5592,SNF_C1,0.2258237700574486,-0.22582377005744864,0.4516475401148973,TRUE
MB-0437,SNF_C1,0.14796008021488363,-0.1479600802148836,0.2959201604297672,TRUE
MB-0028,SNF_C1,0.13629178979550158,-0.1362917897955016,0.2725835795910032,TRUE
MB-0309,SNF_C1,0.33621487026003877,-0.33621487026003866,0.6724297405200774,TRUE
MB-0100,SNF_C2,0.4643843439473871,-0.4643843439473871,0.9287686878947742,TRUE
MB-5648,SNF_C1,0.25998484396813454,-0.2599848439681345,0.519969687936269,TRUE
MB-5572,SNF_C2,0.5173191990188204,-0.5173191990188205,1.0346383980376408,TRUE
MB-5655,SNF_C2,0.4683009801229577,-0.4683009801229578,0.9366019602459155,TRUE
MB-5577,SNF_C2,0.2165662380011621,-0.21656623800116212,0.4331324760023242,TRUE
MB-5585,SNF_C1,0.08389724022896783,-0.08389724022896781,0.16779448045793566,TRUE
MB-5620,SNF_C1,0.2703350334237125,-0.27033503342371246,0.5406700668474249,TRUE
MB-5652,SNF_C2,0.08629410953980642,-0.0862941095398064,0.1725882190796128,TRUE
MB-0537,SNF_C1,0.07016135683649732,-0.07016135683649727,0.1403227136729946,TRUE
MB-0544,SNF_C1,0.2870327241644348,-0.28703272416443476,0.5740654483288696,TRUE
MB-0468,SNF_C1,0.14947636678340157,-0.14947636678340154,0.2989527335668031,TRUE
MB-0333,SNF_C2,0.31537926517441983,-0.31537926517441983,0.6307585303488397,TRUE
MB-0205,SNF_C1,0.11583426723493181,-0.11583426723493176,0.23166853446986357,TRUE
MB-0233,SNF_C1,0.07049465779032076,-0.07049465779032069,0.14098931558064143,TRUE
MB-0210,SNF_C2,0.21874241241600736,-0.21874241241600736,0.43748482483201473,TRUE
MB-0200,SNF_C2,0.4803037272203685,-0.48030372722036857,0.960607454440737,TRUE
MB-0244,SNF_C1,0.11910720294866875,-0.11910720294866872,0.23821440589733747,TRUE
MB-5588,SNF_C2,0.255864230889944,-0.2558642308899439,0.5117284617798878,TRUE
MB-5628,SNF_C2,0.05919027267740879,-0.059190272677408826,0.11838054535481762,TRUE
MB-5633,SNF_C2,0.38564805230398125,-0.3856480523039813,0.7712961046079625,TRUE
MB-0169,SNF_C1,0.07560952371579131,-0.07560952371579124,0.15121904743158254,TRUE
MB-0253,SNF_C1,0.24407179446256536,-0.24407179446256527,0.48814358892513066,TRUE
MB-0226,SNF_C1,0.2843894943662934,-0.28438949436629335,0.5687789887325867,TRUE
MB-0278,SNF_C2,0.43475436451001087,-0.43475436451001087,0.8695087290200217,TRUE
MB-0266,SNF_C1,0.2179947302019566,-0.2179947302019565,0.43598946040391307,TRUE
MB-0577,SNF_C1,0.140896646013437,-0.14089664601343702,0.281793292026874,TRUE
MB-0156,SNF_C2,0.12506204821503158,-0.12506204821503153,0.2501240964300631,TRUE
MB-0531,SNF_C2,9.933819188724885e-4,-9.933819188724159e-4,0.0019867638377449046,FALSE
MB-0245,SNF_C1,0.0735505773708539,-0.07355057737085385,0.14710115474170776,TRUE
MB-5641,SNF_C1,0.16357621411447612,-0.16357621411447612,0.32715242822895224,TRUE
MB-5640,SNF_C1,0.24862108699469027,-0.2486210869946902,0.4972421739893805,TRUE
MB-0534,SNF_C2,0.00985154697624845,-0.00985154697624844,0.019703093952496892,FALSE
MB-0230,SNF_C2,0.13700604623571458,-0.1370060462357146,0.2740120924714292,TRUE
MB-0109,SNF_C2,0.08833660039185835,-0.08833660039185841,0.17667320078371676,TRUE
MB-0304,SNF_C1,0.09172735517752631,-0.09172735517752639,0.1834547103550527,TRUE
MB-0369,SNF_C1,0.1951569873220277,-0.19515698732202766,0.3903139746440554,TRUE
MB-0627,SNF_C2,0.28292947352199144,-0.2829294735219914,0.5658589470439828,TRUE
MB-0492,SNF_C1,0.12145445885947181,-0.12145445885947183,0.24290891771894363,TRUE
MB-0147,SNF_C1,0.1112234243250661,-0.11122342432506611,0.2224468486501322,TRUE
MB-0442,SNF_C1,0.05095679989846472,-0.050956799898464696,0.10191359979692942,TRUE
MB-0111,SNF_C1,0.2802158321178795,-0.2802158321178794,0.560431664235759,TRUE
MB-0634,SNF_C2,0.10309351269906379,-0.10309351269906382,0.2061870253981276,TRUE
MB-0280,SNF_C1,0.1758080869373646,-0.17580808693736463,0.3516161738747292,TRUE
MB-0490,SNF_C1,0.24222949475403732,-0.24222949475403727,0.4844589895080746,TRUE
MB-0885,SNF_C2,0.04587876377957215,-0.045878763779572146,0.09175752755914429,TRUE
MB-0178,SNF_C1,0.04429910552995287,-0.044299105529952906,0.08859821105990578,TRUE
MB-0242,SNF_C1,0.12208043048078226,-0.12208043048078224,0.2441608609615645,TRUE
MB-5624,SNF_C2,0.48696318679619044,-0.48696318679619044,0.9739263735923809,TRUE
MB-5593,SNF_C2,0.2575623180544395,-0.2575623180544395,0.515124636108879,TRUE
MB-4010,SNF_C1,0.12774157047822396,-0.12774157047822396,0.2554831409564479,TRUE
MB-5605,SNF_C1,0.1683292604862848,-0.16832926048628477,0.33665852097256954,TRUE
MB-5636,SNF_C1,0.06933443259075657,-0.06933443259075661,0.13866886518151317,TRUE
MB-4529,SNF_C1,0.15222808813283142,-0.1522280881328314,0.3044561762656628,TRUE
MB-5566,SNF_C2,0.569053652747493,-0.5690536527474929,1.138107305494986,TRUE
MB-0268,SNF_C1,0.2302043248397223,-0.23020432483972225,0.46040864967944456,TRUE
MB-0160,SNF_C1,0.018017435510877755,-0.018017435510877738,0.036034871021755496,FALSE
MB-0275,SNF_C1,0.0860255621188569,-0.08602556211885687,0.17205112423771377,TRUE
MB-0127,SNF_C1,0.030598142106222206,-0.030598142106222193,0.0611962842124444,TRUE
MB-0045,SNF_C2,0.3854938018166668,-0.38549380181666687,0.7709876036333336,TRUE
MB-0414,SNF_C2,0.547707550694028,-0.5477075506940281,1.0954151013880562,TRUE
MB-0259,SNF_C2,0.43427128757695516,-0.4342712875769552,0.8685425751539104,TRUE
MB-0396,SNF_C2,0.5115471488800404,-0.5115471488800404,1.0230942977600808,TRUE
MB-0874,SNF_C2,0.47982991297184285,-0.4798299129718429,0.9596598259436857,TRUE
MB-0179,SNF_C2,0.2262272647383806,-0.22622726473838053,0.4524545294767611,TRUE
MB-0526,SNF_C1,0.15376816559039277,-0.1537681655903928,0.3075363311807856,TRUE
MB-0586,SNF_C1,0.3119271676260682,-0.3119271676260682,0.6238543352521364,TRUE
MB-0508,SNF_C1,0.029233861882328956,-0.02923386188232891,0.058467723764657864,TRUE
MB-0288,SNF_C1,0.17324008234425314,-0.17324008234425317,0.3464801646885063,TRUE
MB-0269,SNF_C2,0.20675045146674925,-0.20675045146674925,0.4135009029334985,TRUE
MB-0582,SNF_C2,0.3564027993209477,-0.3564027993209477,0.7128055986418954,TRUE
MB-0901,SNF_C2,0.48005195318933624,-0.48005195318933624,0.9601039063786725,TRUE
MB-0000,SNF_C2,0.0521103596244262,-0.052110359624426214,0.10422071924885241,TRUE
MB-0535,SNF_C1,0.18583814614629457,-0.18583814614629457,0.37167629229258914,TRUE
MB-0469,SNF_C2,0.041950860044819974,-0.041950860044819994,0.08390172008963998,TRUE
MB-0478,SNF_C1,0.16242885313478364,-0.16242885313478359,0.3248577062695672,TRUE
MB-0499,SNF_C2,0.14892947352359764,-0.14892947352359764,0.2978589470471953,TRUE
MB-0170,SNF_C1,0.10246733065883012,-0.10246733065883011,0.20493466131766025,TRUE
MB-0403,SNF_C2,0.163139851023213,-0.16313985102321296,0.326279702046426,TRUE
MB-0464,SNF_C2,0.25279133668345005,-0.2527913366834501,0.5055826733669002,TRUE
MB-0421,SNF_C1,0.06783976924563509,-0.06783976924563513,0.13567953849127024,TRUE
MB-0623,SNF_C1,0.14605012727445335,-0.14605012727445332,0.29210025454890665,TRUE
MB-0241,SNF_C2,0.13677093170937768,-0.1367709317093777,0.2735418634187554,TRUE
MB-0163,SNF_C2,0.38151247895046825,-0.3815124789504683,0.7630249579009365,TRUE
MB-0149,SNF_C2,0.44920461024645836,-0.44920461024645836,0.8984092204929167,TRUE
MB-0153,SNF_C2,0.11175769111426055,-0.11175769111426054,0.22351538222852108,TRUE
MB-0350,SNF_C2,0.39100494312965006,-0.39100494312965,0.7820098862593001,TRUE
MB-0512,SNF_C1,0.20159094639751357,-0.20159094639751354,0.40318189279502714,TRUE
MB-0020,SNF_C2,0.07656087409476307,-0.07656087409476302,0.1531217481895261,TRUE
MB-0046,SNF_C1,0.12411520138573799,-0.12411520138573798,0.24823040277147596,TRUE
MB-0134,SNF_C1,0.1685535429657529,-0.16855354296575295,0.33710708593150585,TRUE
MB-0495,SNF_C2,0.053808028012269714,-0.053808028012269735,0.10761605602453944,TRUE
MB-0470,SNF_C2,0.050566427939562716,-0.050566427939562744,0.10113285587912546,TRUE
MB-0872,SNF_C1,0.046063106634676776,-0.046063106634676734,0.09212621326935351,TRUE
MB-0661,SNF_C1,0.33259213949032945,-0.3325921394903294,0.6651842789806588,TRUE
MB-0339,SNF_C1,0.1853927746257821,-0.18539277462578208,0.37078554925156415,TRUE
MB-0264,SNF_C1,0.15618715622810275,-0.15618715622810275,0.3123743124562055,TRUE
MB-0175,SNF_C1,0.21377224055959537,-0.21377224055959532,0.4275444811191907,TRUE
MB-0303,SNF_C2,0.4905639674877262,-0.4905639674877263,0.9811279349754525,TRUE
MB-0172,SNF_C1,0.1584908175814948,-0.15849081758149475,0.31698163516298955,TRUE
MB-0125,SNF_C1,0.2799394204072795,-0.2799394204072795,0.559878840814559,TRUE
MB-0340,SNF_C2,0.4080261360477883,-0.40802613604778837,0.8160522720955767,TRUE
MB-0234,SNF_C1,0.15083324223163316,-0.1508332422316332,0.3016664844632664,TRUE
MB-0487,SNF_C1,0.13249593668166326,-0.13249593668166326,0.2649918733633265,TRUE
MB-0305,SNF_C1,0.029887685712597686,-0.029887685712597697,0.05977537142519539,TRUE
MB-0390,SNF_C2,0.23677842873583654,-0.23677842873583657,0.4735568574716731,TRUE
MB-0502,SNF_C2,0.2076937282648656,-0.2076937282648656,0.4153874565297312,TRUE
MB-0663,SNF_C2,0.14892123203062152,-0.14892123203062152,0.29784246406124304,TRUE
MB-0130,SNF_C1,0.09653780831027113,-0.0965378083102711,0.19307561662054223,TRUE
MB-0289,SNF_C2,0.14876843463557776,-0.14876843463557773,0.2975368692711555,TRUE
MB-0129,SNF_C2,0.20432563624843889,-0.2043256362484388,0.4086512724968777,TRUE
MB-0343,SNF_C1,0.24174167502846913,-0.24174167502846916,0.4834833500569383,TRUE
MB-0458,SNF_C2,0.005376100511312224,-0.005376100511312159,0.010752201022624384,FALSE
MB-0570,SNF_C1,0.10532807996933698,-0.10532807996933702,0.21065615993867398,TRUE
MB-0281,SNF_C2,0.06189193306479862,-0.06189193306479861,0.12378386612959723,TRUE
MB-0488,SNF_C2,0.08135703496917708,-0.08135703496917708,0.16271406993835416,TRUE
MB-0655,SNF_C1,0.03456110663418999,-0.03456110663418998,0.06912221326837997,TRUE
MB-0235,SNF_C1,0.21655035391640068,-0.21655035391640065,0.4331007078328013,TRUE
MB-0484,SNF_C1,0.12741986235311178,-0.12741986235311178,0.25483972470622357,TRUE
MB-0436,SNF_C2,0.26780883015567386,-0.26780883015567386,0.5356176603113477,TRUE
MB-0299,SNF_C2,0.38757117285511267,-0.38757117285511267,0.7751423457102253,TRUE
MB-0877,SNF_C1,0.04368890737452362,-0.04368890737452364,0.08737781474904727,TRUE
MB-0097,SNF_C1,0.2241735678770539,-0.22417356787705392,0.4483471357541078,TRUE
MB-0897,SNF_C1,0.13872339461738117,-0.1387233946173812,0.2774467892347624,TRUE
MB-0095,SNF_C1,0.2611615757774789,-0.2611615757774789,0.5223231515549578,TRUE
MB-0227,SNF_C1,0.10413325850379053,-0.10413325850379043,0.20826651700758098,TRUE
MB-0353,SNF_C1,0.26357758562273154,-0.26357758562273154,0.5271551712454631,TRUE
MB-0522,SNF_C2,0.07510629483321626,-0.07510629483321624,0.1502125896664325,TRUE
MB-0543,SNF_C2,0.2211321971726278,-0.22113219717262783,0.44226439434525566,TRUE
MB-0646,SNF_C1,0.09692251616404868,-0.09692251616404869,0.19384503232809736,TRUE
MB-0293,SNF_C2,0.1161486365977172,-0.11614863659771717,0.23229727319543436,TRUE
MB-0552,SNF_C2,0.1384178012289538,-0.1384178012289538,0.2768356024579076,TRUE
MB-0260,SNF_C1,0.21109874112794025,-0.2110987411279402,0.42219748225588044,TRUE
MB-0256,SNF_C1,0.23019597537649827,-0.23019597537649816,0.46039195075299644,TRUE
MB-0539,SNF_C2,0.31524438381022857,-0.31524438381022857,0.6304887676204571,TRUE
MB-0626,SNF_C1,0.038390850002348015,-0.038390850002348036,0.07678170000469606,TRUE
MB-0211,SNF_C2,0.04129397974820959,-0.041293979748209614,0.0825879594964192,TRUE
MB-0124,SNF_C1,0.15545455570964678,-0.15545455570964678,0.31090911141929356,TRUE
MB-0510,SNF_C1,0.07151909152484888,-0.0715190915248489,0.1430381830496978,TRUE
MB-0365,SNF_C2,0.22175527626633906,-0.221755276266339,0.44351055253267807,TRUE
MB-0290,SNF_C1,0.23655586131227868,-0.23655586131227865,0.47311172262455736,TRUE
MB-0113,SNF_C1,0.007630971599751327,-0.0076309715997513175,0.015261943199502644,FALSE
MB-0620,SNF_C2,0.09636515268142638,-0.09636515268142637,0.19273030536285274,TRUE
MB-0282,SNF_C1,0.10554995920144762,-0.10554995920144761,0.21109991840289521,TRUE
MB-0228,SNF_C1,0.12669333706500432,-0.12669333706500427,0.2533866741300086,TRUE
MB-0578,SNF_C1,0.07050698489655763,-0.0705069848965576,0.14101396979311523,TRUE
MB-0479,SNF_C2,0.16926879640712397,-0.16926879640712394,0.3385375928142479,TRUE
MB-0263,SNF_C1,0.21833481554122913,-0.21833481554122913,0.43666963108245826,TRUE
MB-0509,SNF_C2,0.10083637426440017,-0.10083637426440022,0.2016727485288004,TRUE
MB-0110,SNF_C2,0.04460704255474591,-0.044607042554745874,0.08921408510949178,TRUE
MB-0279,SNF_C2,0.0014164160953813716,-0.001416416095381341,0.0028328321907627125,FALSE
MB-0168,SNF_C1,0.02303380730108171,-0.023033807301081663,0.046067614602163375,TRUE
MB-0588,SNF_C2,0.03632218319679222,-0.03632218319679222,0.07264436639358444,TRUE
MB-0462,SNF_C2,0.25182472372259046,-0.25182472372259046,0.5036494474451809,TRUE
MB-0262,SNF_C2,0.036309706424697406,-0.0363097064246974,0.0726194128493948,TRUE
MB-0907,SNF_C2,0.18448801933755096,-0.18448801933755093,0.36897603867510187,TRUE
MB-0554,SNF_C1,0.14753958935887945,-0.14753958935887945,0.2950791787177589,TRUE
MB-0418,SNF_C1,0.17260612775625012,-0.1726061277562501,0.34521225551250023,TRUE
MB-0193,SNF_C1,0.2775398729504363,-0.27753987295043625,0.5550797459008725,TRUE
MB-0652,SNF_C2,0.02384107354533482,-0.023841073545334796,0.04768214709066962,TRUE
MB-0638,SNF_C1,0.1525211508783352,-0.15252115087833515,0.30504230175667035,TRUE
MB-0188,SNF_C2,0.03534362065228662,-0.035343620652286606,0.07068724130457323,TRUE
MB-0617,SNF_C2,0.040311012440256935,-0.04031101244025692,0.08062202488051386,TRUE
MB-7225,SNF_C2,0.35351118228721545,-0.35351118228721545,0.7070223645744309,TRUE
MB-7141,SNF_C1,0.14498570153209525,-0.14498570153209528,0.28997140306419056,TRUE
MB-7234,SNF_C1,0.22651612248460687,-0.22651612248460687,0.45303224496921374,TRUE
MB-7089,SNF_C2,0.47835556359079257,-0.4783555635907926,0.9567111271815851,TRUE
MB-7030,SNF_C2,0.3361709466920211,-0.3361709466920211,0.6723418933840422,TRUE
MB-7004,SNF_C1,0.26708501502137094,-0.26708501502137094,0.5341700300427419,TRUE
MB-7119,SNF_C2,0.4729560918424769,-0.47295609184247694,0.9459121836849538,TRUE
MB-7263,SNF_C1,0.193302970551462,-0.19330297055146206,0.38660594110292407,TRUE
MB-7012,SNF_C2,0.49876874023496914,-0.4987687402349692,0.9975374804699384,TRUE
MB-0174,SNF_C2,0.3755773492691483,-0.3755773492691483,0.7511546985382966,TRUE
MB-7182,SNF_C1,0.004009639025845125,-0.004009639025845192,0.008019278051690316,FALSE
MB-7039,SNF_C2,0.08661872757864002,-0.08661872757863998,0.17323745515728,TRUE
MB-3797,SNF_C1,0.1553952457702972,-0.15539524577029723,0.31079049154059446,TRUE
MB-7112,SNF_C1,0.0444010807349561,-0.04440108073495613,0.08880216146991224,TRUE
MB-0308,SNF_C1,0.21797279214685242,-0.21797279214685242,0.43594558429370484,TRUE
MB-7230,SNF_C1,0.25167479687721783,-0.2516747968772178,0.5033495937544357,TRUE
MB-5452,SNF_C1,0.25716189524321215,-0.25716189524321215,0.5143237904864243,TRUE
MB-6195,SNF_C1,0.1912959725803163,-0.19129597258031625,0.38259194516063255,TRUE
MB-6317,SNF_C1,0.19919257205120533,-0.19919257205120533,0.39838514410241066,TRUE
MB-5460,SNF_C1,0.0027274434111048034,-0.002727443411104851,0.0054548868222096545,FALSE
MB-5464,SNF_C1,0.19632758534335437,-0.1963275853433544,0.39265517068670874,TRUE
MB-5552,SNF_C2,0.2029795958654472,-0.20297959586544728,0.40595919173089445,TRUE
MB-5547,SNF_C2,0.43222285859724097,-0.43222285859724097,0.8644457171944819,TRUE
MB-6189,SNF_C1,0.26310217522636026,-0.26310217522636026,0.5262043504527205,TRUE
MB-6122,SNF_C2,0.2753947116481813,-0.2753947116481813,0.5507894232963626,TRUE
MB-6192,SNF_C1,0.023852050312027653,-0.023852050312027643,0.04770410062405529,TRUE
MB-4820,SNF_C1,0.20607336880478538,-0.20607336880478536,0.41214673760957077,TRUE
MB-5527,SNF_C2,0.3495513003191188,-0.34955130031911885,0.6991026006382377,TRUE
MB-5167,SNF_C1,0.2030445783060579,-0.2030445783060579,0.4060891566121158,TRUE
MB-5465,SNF_C2,0.4366691762261799,-0.43666917622617996,0.8733383524523599,TRUE
MB-5453,SNF_C2,0.141896849207558,-0.14189684920755802,0.28379369841511604,TRUE
MB-5471,SNF_C1,0.09972015509954194,-0.09972015509954194,0.19944031019908387,TRUE
MB-5127,SNF_C1,0.19207448327341792,-0.19207448327341797,0.3841489665468359,TRUE
MB-4313,SNF_C1,0.14110515539101165,-0.14110515539101168,0.2822103107820233,TRUE
MB-4823,SNF_C2,0.22986663995290316,-0.22986663995290313,0.45973327990580626,TRUE
