ID,Description,setSize,enrichmentScore,NES,pvalue,p.adjust,qvalue,rank,leading_edge,core_enrichment,k,cluster
HALLMARK_ESTROGEN_RESPONSE_EARLY,HALLMARK_ESTROGEN_RESPONSE_EARLY,200,0.573665729039387,3.068193926011409,1e-10,5.555555555555555e-10,2.3391812865497077e-10,2189,"tags=44%, list=11%, signal=40%",THSD4/SLC39A6/ABAT/CA12/IL6ST/MAPT/PGR/KDM4B/CELSR1/SLC22A5/XBP1/KCNK15/GREB1/SLC7A2/STC2/MLPH/ANXA9/WFS1/RETREG1/UGCG/MINDY1/GFRA1/ADCY9/LRIG1/RARA/SYBU/ADCY1/PDZK1/MAST4/SLC19A2/ELOVL2/IGF1R/TFF1/NPY1R/BCL2/MYB/SEMA3B/TTC39A/RAB17/MED13L/ELOVL5/SEC14L2/CCND1/RET/BHLHE40/IGFBP4/CISH/ARL3/SLC27A2/SIAH2/TPBG/MREG/ABHD2/PRSS23/EEIG1/TFF3/ABCA3/PEX11A/KRT18/MSMB/NRIP1/NHERF1/AR/GJA1/AMFR/SCNN1A/AFF1/MYOF/CELSR2/ITPK1/SLC1A1/FLNB/RAB31/TJP3/REEP1/AREG/EGR3/HSPB8/ASB13/MUC1/CANT1/CBFA2T3/DHRS2/ELF1/KRT8/TIPARP/SLC1A4/DYNLT3,2,SNF_C1
HALLMARK_E2F_TARGETS,HALLMARK_E2F_TARGETS,200,-0.6386961939032954,-2.8835633968990466,1e-10,5.555555555555555e-10,2.3391812865497077e-10,4546,"tags=66%, list=22%, signal=52%",SPAG5/CIT/ESPL1/SLBP/HMGB3/POLA2/RPA2/XPO1/SMC4/E2F8/HELLS/NOLC1/EXOSC8/BRCA2/UNG/SRSF2/RPA1/HMGB2/MYC/TMPO/TFRC/CENPM/SPC25/PLK4/RAN/NOP56/TIPIN/HMMR/ASF1B/KPNA2/BUB1B/H2AX/PCNA/CENPE/CDKN3/TK1/XRCC6/LMNB1/POP7/RNASEH2A/GINS1/GINS4/AURKA/MCM2/HNRNPD/RRM2/TRA2B/ASF1A/JPT1/CDK1/PPP1R8/PSIP1/RFC3/UBE2T/MAD2L1/NUP205/TACC3/ILF3/KIF4A/MKI67/CDK4/SPC24/DNMT1/H2AZ1/ZW10/UBE2S/TBRG4/GINS3/MTHFD2/SMC6/CKS2/DIAPH3/POLD1/BIRC5/CDKN2C/SUV39H1/DLGAP5/MCM4/SYNCRIP/EED/MYBL2/MMS22L/KIF18B/AK2/DCLRE1B/DSCC1/PTTG1/DDX39A/CNOT9/CDC25B/PRIM2/TCF19/MSH2/RFC2/TRIP13/DEPDC1/SSRP1/ORC6/CCNB2/PLK1/RAD51AP1/MELK/CHEK2/PRDX4/CDCA3/USP1/MCM3/CDC25A/EZH2/CKS1B/MCM6/PHF5A/DONSON/AURKB/RANBP1/KIF2C/TUBB/MCM7/CHEK1/LYAR/MCM5/ANP32E/STMN1/LBR/CDCA8/DEK/CCNE1/NCAPD2/CDC20/CTPS1/HMGA1/NASP/CDKN2A,2,SNF_C1
HALLMARK_ALLOGRAFT_REJECTION,HALLMARK_ALLOGRAFT_REJECTION,193,-0.6164929483955537,-2.7796354353118735,1e-10,5.555555555555555e-10,2.3391812865497077e-10,5038,"tags=68%, list=25%, signal=52%",MMP9/ITGAL/IL12B/CD1D/ST8SIA4/CCL19/FCGR2B/HIF1A/CCL2/IGSF6/IFNGR2/IL10/EIF3D/GLMN/B2M/CD74/GBP2/NOS2/HLA-DOA/BCAT1/IL18/TRAT1/PSMB10/STAT1/CD40LG/CD28/FGR/RPL39/ABCE1/STAT4/FLNA/CD4/HLA-DMB/SPI1/LIF/HLA-DRA/TAPBP/CRTAM/CD80/ETS1/CCND3/HLA-DMA/PTPRC/IRF8/IL7/GZMA/FAS/AARS1/C2/ITK/CD47/CD8A/CD86/CD3G/CD96/LCP2/CXCR3/HLA-G/HCLS1/FYB1/CCR2/CD3E/IFNGR1/CD3D/PRKCB/ACHE/MRPL3/CD2/CCR5/SRGN/CCL7/CD8B/ITGB2/ZAP70/RPS19/DARS1/ELF4/HLA-E/IL15/SIT1/HLA-A/TLR2/TLR1/EIF5A/CCR1/CD247/CCL4/IL18RAP/WAS/NCF4/IL12A/CXCL9/UBE2D1/FASLG/MTIF2/LTB/LCK/CD40/SOCS1/LY75/NCR1/KLRD1/ABI1/TLR6/IL2RG/CTSS/TNF/CCL5/CD79A/CD7/MAP4K1/ICAM1/IRF4/IL12RB1/PRF1/IFNG/CCL13/CSK/IL27RA/TAP1/GZMB/NCK1/IL2RA/EGFR/RIPK2/IFNAR2/TAP2/HLA-DOB/LYN/WARS1/CDKN2A,2,SNF_C1
HALLMARK_G2M_CHECKPOINT,HALLMARK_G2M_CHECKPOINT,199,-0.587967170560804,-2.6583383985700424,1e-10,5.555555555555555e-10,2.3391812865497077e-10,4581,"tags=60%, list=23%, signal=47%",HIF1A/KNL1/ESPL1/EWSR1/HMGB3/POLA2/RPA2/PBK/CASP8AP2/NEK2/DTYMK/XPO1/CHMP1A/SMC4/NUP50/MTF2/KMT5A/SFPQ/NOLC1/PRC1/BRCA2/TRAIP/SRSF2/ATF5/MYC/TMPO/SLC7A1/PLK4/KIF11/HMMR/KPNA2/H2AX/CENPE/CDKN3/LMNB1/TROAP/AURKA/POLQ/FANCC/RBL1/MCM2/HNRNPD/E2F1/TRA2B/JPT1/CDK1/CUL1/MAD2L1/EFNA5/TACC3/CENPF/ILF3/KIF4A/MKI67/CDK4/SAP30/KIF15/DMD/CHAF1A/H2AZ1/UBE2S/KIF23/CKS2/HIRA/BIRC5/CDKN2C/SNRPD1/SUV39H1/SYNCRIP/UBE2C/NCL/MYBL2/FBXO5/UCK2/CDC7/INCENP/PTTG1/DDX39A/CDC25B/E2F4/TPX2/EXO1/PRIM2/CCNA2/PML/CDC45/KATNA1/BUB1/ORC6/CCNB2/DBF4/PLK1/STIL/TENT4A/MCM3/CDC25A/TFDP1/EZH2/CKS1B/MCM6/RAD54L/DKC1/AMD1/NDC80/SLC7A5/AURKB/E2F2/TTK/KIF2C/CHEK1/MCM5/STMN1/LBR/ODC1/CENPA/E2F3/CDC20/HMGA1/NASP,2,SNF_C1
HALLMARK_MYC_TARGETS_V1,HALLMARK_MYC_TARGETS_V1,200,-0.5682670113915955,-2.565592169415876,1e-10,5.555555555555555e-10,2.3391812865497077e-10,4403,"tags=51%, list=22%, signal=40%",RRP9/PPIA/EIF3D/PSMD8/CYC1/CNBP/LSM7/SET/XPO1/XPOT/HSPE1/EPRS1/CDK2/DDX21/HPRT1/NOLC1/EEF1B2/AIMP2/POLE3/PRPS2/SRSF2/TARDBP/CCT3/MYC/ABCE1/PSMA4/PSMC4/HNRNPA3/RAN/NOP56/PSMA7/ACP1/CCT7/PGK1/SRSF7/KPNA2/PCNA/HSPD1/XRCC6/COX5A/MCM2/HNRNPD/SSBP1/TRA2B/SSB/DDX18/PSMD14/HDDC2/CUL1/SRSF3/PSMD7/MAD2L1/SNRPA/PHB2/TCP1/EIF2S2/CDK4/H2AZ1/NOP16/STARD7/SRM/PABPC1/SF3B3/CCT5/EIF3B/SNRPD1/MCM4/SYNCRIP/TYMS/YWHAQ/UBA2/CCT4/MRPL9/PPM1G/CAD/SNRPA1/CCNA2/FBL/LSM2/PABPC4/CDC45/SNRPG/PRDX4/HDGF/USP1/TFDP1/MCM6/KARS1/HDAC2/ILF2/RANBP1/MCM7/IFRD1/SRPK1/MCM5/RFC4/PSMB2/SERBP1/ODC1/DEK/CDC20/CTPS1,2,SNF_C1
HALLMARK_INTERFERON_GAMMA_RESPONSE,HALLMARK_INTERFERON_GAMMA_RESPONSE,199,-0.553401232622244,-2.5020576320486394,1e-10,5.555555555555555e-10,2.3391812865497077e-10,6669,"tags=66%, list=33%, signal=45%",IFIT3/FGL2/MX1/SLC25A28/XAF1/P2RY14/MT2A/BPGM/UBE2L6/PARP14/PSMA3/MARCHF1/BTG1/CD69/VAMP5/FPR1/PTPN6/IL2RB/PSME2/CMKLR1/NOD1/STAT2/TRIM21/HLA-DQA1/IFI44L/CASP3/SAMD9L/IFIT2/RSAD2/USP18/ST8SIA4/GCH1/HIF1A/IRF5/CCL2/PDE4B/OASL/LAP3/CMPK2/KLRK1/B2M/C1R/PARP12/C1S/CD74/SECTM1/PSMB8/SAMHD1/LYSMD2/PSMB10/CASP4/FCGR1A/STAT1/TRIM26/IFI30/NAMPT/STAT4/HLA-DRB1/IL10RA/TAPBP/HLA-DMA/IRF8/IL7/GZMA/FAS/MYD88/TMT1B/GBP6/IFI44/CD86/APOL6/CASP1/LCP2/HLA-G/LY6E/IRF1/ISG20/XCL1/TNFAIP3/CCL7/EPSTI1/RTP4/HLA-B/MX2/IL15/HLA-A/BATF2/IFIH1/GPR18/CIITA/CXCL9/ZBP1/PLSCR1/PNPT1/BANK1/TNFAIP2/MTHFD2/CD40/SOCS1/GBP4/ITGB7/CSF2RB/PSMB9/CD274/PNP/CCL5/VCAM1/ICAM1/CXCL11/IL18BP/NLRC5/IRF4/SLAMF7/PML/IL15RA/NMI/TAP1/UPP1/PELI1/CD38/PFKP/PIM1/PTGS2/PTPN2/CXCL10/RIPK2/IFNAR2/PSMB2/NUP93/IDO1/PLA2G4A/WARS1,2,SNF_C1
HALLMARK_ESTROGEN_RESPONSE_LATE,HALLMARK_ESTROGEN_RESPONSE_LATE,200,0.437973798329109,2.342459170492396,1e-10,5.555555555555555e-10,2.3391812865497077e-10,3360,"tags=45%, list=17%, signal=38%",SCUBE2/CA12/IL6ST/MAPT/PGR/SLC22A5/XBP1/DNAJC12/RABEP1/ANXA9/CACNA2D2/WFS1/ASCL1/PDZK1/PTGER3/TSPAN13/AGR2/TFF1/NPY1R/BCL2/MYB/SEMA3B/ELOVL5/CCND1/RET/IGFBP4/CISH/SERPINA5/ARL3/SLC27A2/SIAH2/TPBG/ABHD2/UGDH/PRSS23/COX6C/EEIG1/TFF3/ABCA3/PRLR/NRIP1/NHERF1/GPER1/AMFR/ACOX2/SCNN1A/AFF1/MYOF/CELSR2/TPSAB1/CXCL14/ITPK1/CHST8/FLNB/RAB31/TFPI2/TJP3/AREG/EGR3/HSPB8/IGSF1/DNAJC1/HMGCS2/EMP2/ST6GALNAC2/DHRS2/MOCS2/ALDH3A2/SLC1A4/PDCD4/DYNLT3/DLG5/TOB1/CPE/OVOL2/GLA/BAG1/SERPINA1/FGFR3/CYP4F11/CALCR/LARGE1/PTGES/PLAAT3/SORD/PLXNB1/SERPINA3/KRT19/FKBP4/PLAC1,2,SNF_C1
HALLMARK_MTORC1_SIGNALING,HALLMARK_MTORC1_SIGNALING,200,-0.4801111717208196,-2.167589245766014,1e-10,5.555555555555555e-10,2.3391812865497077e-10,4635,"tags=48%, list=23%, signal=37%",PLOD2/PSMD13/RAB1A/IDI1/RRP9/PPIA/PSMB5/GOT1/HSPE1/SSR1/EPRS1/STIP1/HPRT1/IMMT/PRDX1/BCAT1/ACTR2/UNG/YKT6/ERO1A/PFKL/RPA1/SLA/IFI30/NAMPT/PSMA4/UCHL5/PSMC4/TFRC/PGK1/DHCR7/ABCF2/DDIT4/HSP90B1/CACYBP/HSPD1/PPA1/MAP2K3/PSMC2/MLLT11/AURKA/NFKBIB/ITGB2/MCM2/RRM2/HMBS/SERPINH1/EBP/PSMD14/ARPC5L/PDAP1/SLC2A1/NUP205/LGMN/EIF2S2/STARD4/VLDLR/CORO1A/NFYC/DAPP1/CXCR4/MTHFD2/PNO1/TES/PITPNB/RPN1/MCM4/PNP/TOMM40/GPI/CALR/SHMT2/PSPH/TUBA4A/CCT6A/DDX39A/SRD5A1/GMPS/NFIL3/TPI1/GAPDH/BUB1/ACTR3/PGM1/PLK1/CDC25A/SLC7A5/PSMG1/POLR3G/IFRD1/PDK1/CTSC/ENO1/WARS1/PHGDH/PSAT1,2,SNF_C1
HALLMARK_INFLAMMATORY_RESPONSE,HALLMARK_INFLAMMATORY_RESPONSE,198,-0.4756463375112132,-2.147463293211782,1e-10,5.555555555555555e-10,2.3391812865497077e-10,4704,"tags=46%, list=23%, signal=36%",PIK3R5/GCH1/TNFSF15/SLC31A1/HIF1A/CCL2/ADRM1/NMUR1/EBI3/OSM/PDE4B/IFNGR2/IL10/IRAK2/ADGRE1/GPR183/IL18/GNAI3/KIF1B/IL7R/DCBLD2/GNA15/KCNA3/CCL17/NAMPT/PTAFR/MYC/AQP9/IL10RA/LIF/SLC7A1/TAPBP/ITGB8/RHOG/CYBB/EDN1/ATP2C1/GP1BA/KCNJ2/LCP2/TNFRSF1B/LY6E/IRF1/CCL24/CD48/CCR7/CCL7/RTP4/IL18R1/IL15/TLR2/MEFV/TLR1/CD14/TNFSF9/SELL/SLAMF1/CXCL6/IL18RAP/CXCL9/CX3CL1/CD70/LCK/MET/LTA/CD40/PLAUR/ABI1/CD82/TNFRSF9/CXCL8/ADM/SPHK1/CXCR6/CCL5/SEMA4D/ICAM1/CXCL11/IL1A/ADORA2B/IL15RA/NMI/OPRK1/PVR/ROS1/MARCO/CXCL10/RIPK2/CCL20/LAMP3/LYN/CHST2,2,SNF_C1
HALLMARK_MYC_TARGETS_V2,HALLMARK_MYC_TARGETS_V2,58,-0.5958508552562136,-2.2653042835277732,8.559102092379095e-8,4.2795510461895477e-7,1.8019162299745465e-7,5036,"tags=76%, list=25%, signal=57%",NPM1/GNL3/PPAN/RRP12/PA2G4/CBX3/FARSA/MAP3K6/EXOSC5/SLC19A1/RRP9/HSPE1/NOLC1/AIMP2/UNG/IMP4/MYC/NOP2/PLK4/NOP56/RCL1/HSPD1/PUS1/WDR74/MYBBP1A/PPRC1/DUSP2/DDX18/PES1/SUPV3L1/CDK4/MRTO4/TBRG4/NOP16/SRM/MCM4/MPHOSPH10/WDR43/TCOF1/PLK1/BYSL/NIP7/NDUFAF4/MCM5,2,SNF_C1
HALLMARK_INTERFERON_ALPHA_RESPONSE,HALLMARK_INTERFERON_ALPHA_RESPONSE,97,-0.5135422183263476,-2.112606859610699,1.5562037790407511e-7,7.073653541094324e-7,2.9783804383555054e-7,6669,"tags=57%, list=33%, signal=38%",IFIT3/MX1/SLC25A28/CCRL2/UBE2L6/PARP14/PSMA3/PSME2/STAT2/TRIM21/IFI44L/SAMD9L/IFIT2/RSAD2/USP18/GMPR/OASL/LAP3/NUB1/CNP/CMPK2/B2M/PARP12/C1S/CD74/GBP2/HLA-C/PSMB8/TRIM26/IFI30/IL7/CD47/IFI44/CASP1/LY6E/IRF1/ISG20/EPSTI1/RTP4/IL15/BATF2/SELL/IFIH1/PLSCR1/PNPT1/GBP4/PSMB9/CXCL11/NMI/TAP1/NCOA7/CXCL10/RIPK2/LAMP3/WARS1,2,SNF_C1
HALLMARK_TNFA_SIGNALING_VIA_NFKB,HALLMARK_TNFA_SIGNALING_VIA_NFKB,198,-0.40299845402560125,-1.8194703059616693,1.2952813975867665e-6,5.397005823278194e-6,2.2724235045381867e-6,3856,"tags=35%, list=19%, signal=29%",KYNU/GPR183/BIRC2/IL18/IL7R/SPSB1/NAMPT/MYC/B4GALT5/LAMB3/LIF/CD80/EHD1/EDN1/TRIP10/TNFAIP8/CFLAR/IRF1/MAP2K3/SERPINB8/TNFAIP3/DUSP2/RCAN1/BIRC3/TLR2/SAT1/VEGFA/TNFSF9/CCL4/PLEK/TANK/CXCL6/IFIH1/YRDC/NFKB2/SERPINB2/TNFAIP2/IL23A/PLAUR/TRAF1/CXCL3/TNFRSF9/TNF/SPHK1/CCL5/RNF19B/RELB/ICAM1/CXCL11/IL1A/FUT4/NFIL3/PNRC1/CD83/IL15RA/BMP2/SLC2A6/TAP1/FOSL1/NFKBIE/PTGS2/CEBPB/CXCL10/RIPK2/PTX3/BTG3/CCL20/CXCL1/BCL2A1,2,SNF_C1
HALLMARK_IL6_JAK_STAT3_SIGNALING,HALLMARK_IL6_JAK_STAT3_SIGNALING,83,-0.4867027499278443,-1.9603750345893973,6.202981906928254e-6,2.295228574320715e-5,9.664120312929327e-6,3018,"tags=37%, list=15%, signal=32%",IL7/FAS/MYD88/TNFRSF1B/IRF1/IFNGR1/CCL7/IL18R1/TLR2/CD14/CCR1/CXCL9/LTB/SOCS1/CSF2RB/LTBR/IL2RG/CXCL3/TNF/CXCL11/IL12RB1/BAK1/IL15RA/TNFRSF21/CD38/PIM1/PTPN2/IL2RA/CXCL10/CXCL1/IL1R2,2,SNF_C1
HALLMARK_COMPLEMENT,HALLMARK_COMPLEMENT,194,-0.3957480159163022,-1.7864653327642164,6.426640008098002e-6,2.295228574320715e-5,9.664120312929327e-6,5393,"tags=43%, list=27%, signal=32%",MAFF/GCA/DYRK2/CPM/PIK3CG/CASP3/ME1/LAMP2/APOBEC3F/CP/SRC/GZMK/PIK3R5/MMP15/COL4A2/F5/LAP3/HPCAL4/ANXA5/C3/C1R/C1S/CTSB/FCN1/KYNU/GNAI3/CASP4/CD40LG/APOBEC3G/GNGT2/KCNIP3/CTSL/FCER1G/S100A12/EHD1/CASP10/GZMA/C2/RHOG/CASP1/GP1BA/LCP2/IRF1/GNB4/C1QC/PCSK9/TNFAIP3/CR1/FDX1/C1QA/S100A9/PREP/PLEK/KLK1/CR2/LGMN/WAS/PLSCR1/ADRA2B/LCK/SERPINB2/FYN/PLAUR/CTSS/PFN1/PSMB9/CCL5/PLA2G7/XPNPEP1/SPOCK2/DGKG/CASP5/MMP12/PRSS3/GZMB/PIM1/CEBPB/L3MBTL4/CTSC/CXCL1/LYN/CTSV/PLA2G4A,2,SNF_C1
HALLMARK_MITOTIC_SPINDLE,HALLMARK_MITOTIC_SPINDLE,197,-0.3720259082233752,-1.6786863270646133,5.367932232727757e-5,1.7893107442425857e-4,7.533939975758256e-5,5589,"tags=40%, list=28%, signal=29%",KIF20B/LRPPRC/RALBP1/MARCKS/ARHGAP4/SAC3D1/MAPRE1/ARHGAP10/CKAP5/MYH9/CDC42EP4/RACGAP1/RASAL2/ECT2/PCNT/KATNB1/UXT/RHOF/ESPL1/NEK2/SASS6/SMC4/GEMIN4/ARHGEF2/BCR/KIF1B/KIF3C/PRC1/BRCA2/WASF1/DOCK2/EPB41L2/FLNA/RASA2/KIF11/CEP57/CEP72/CENPE/SOS1/CLIP2/ARHGAP27/MYO1E/LMNB1/AURKA/CDK1/SUN2/BIN1/CENPF/KIF4A/CCDC88A/ACTN4/TUBGCP3/KIF15/PLEKHG2/KIF23/ABI1/STK38L/BIRC5/MYO9B/DLGAP5/FBXO5/TUBA4A/INCENP/TPX2/ANLN/KATNA1/BUB1/MID1/CCNB2/PLK1/NDC80/CDC42EP1/TTK/PIF1/NCK1/KIF2C/NCK2/FSCN1,2,SNF_C1
HALLMARK_GLYCOLYSIS,HALLMARK_GLYCOLYSIS,195,-0.35343096134968227,-1.5924691359038763,3.5150401569775065e-4,0.0010984500490554708,4.6250528381282984e-4,6160,"tags=44%, list=30%, signal=31%",ABCB6/DPYSL4/HSPA5/CHST12/P4HA2/HAX1/SLC37A4/GAL3ST1/SDC3/B4GALT4/GNE/DLD/PGM2/KDELR3/LDHA/AK4/RPE/B3GAT1/SDC1/EFNA3/ME1/G6PD/NT5E/ANKZF1/GALK1/PGAM1/HS2ST1/PLOD2/CLN6/SLC16A3/PPIA/GOT1/PKM/IGFBP3/NSDHL/MIOX/ANGPTL4/ERO1A/MDH2/NANP/PSMC4/TXN/TGFBI/PGK1/HMMR/PYGB/DDIT4/EXT2/TALDO1/SOX9/ISG20/AURKA/CDK1/VEGFA/B3GNT3/TKTL1/VLDLR/SAP30/MET/CXCR4/EXT1/KIF20A/SLC25A13/CHST6/B4GALT2/ME2/CLDN9/ADORA2B/TPI1/MDH1/DEPDC1/TGFA/RRAGD/UGP2/LCT/CHST4/PFKP/EGFR/STMN1/CENPA/DSC2/ENO1/NASP/PLOD1/CHST2,2,SNF_C1
HALLMARK_IL2_STAT5_SIGNALING,HALLMARK_IL2_STAT5_SIGNALING,197,-0.35097746177652156,-1.5837097717353819,3.9304778792647216e-4,0.0011560229056660947,4.867464865962504e-4,3664,"tags=31%, list=18%, signal=26%",CKAP4/EOMES/TNFRSF4/PTCH1/CTSZ/ETV4/MYC/NOP2/IL10RA/CST7/LIF/CCND3/IRF8/CD86/TNFRSF1B/PUS1/MYO1E/IFNGR1/ADAM19/COCH/CD48/ITGA6/IL18R1/ST3GAL4/ITGAE/SELL/PLSCR1/BATF3/LTB/LRRC8C/SOCS1/TNFRSF8/GBP4/DCPS/TRAF1/ICOS/PDCD2L/CD79B/TNFRSF9/PNP/PLIN2/PLAGL1/CTLA4/UCK2/PRNP/IRF4/NFIL3/CD83/S100A1/BMP2/TNFRSF21/RRAGD/NDRG1/PIM1/NCS1/IL2RA/CXCL10/ODC1/CCNE1/IL1R2/GLIPR2,2,SNF_C1
HALLMARK_KRAS_SIGNALING_UP,HALLMARK_KRAS_SIGNALING_UP,193,-0.3360643294272337,-1.5152425036675388,0.0014149426460892242,0.003930396239136734,0.0016549036796365197,4771,"tags=37%, list=23%, signal=29%",BTC/ANKH/RETN/ST6GAL1/MYCN/PCP4/TRIB2/TNNT2/PRDM1/TMEM100/IGFBP3/LY96/HSD11B1/GPNMB/PSMB8/LAPTM5/ANGPTL4/SNAP91/IL7R/GYPC/NGF/ERO1A/DCBLD2/WDR33/DOCK2/ETV4/CSF2RA/FGF9/IL10RA/USH1C/FCER1G/LIF/ETS1/ALDH1A3/IRF8/ZNF639/ADAM17/PCSK1N/TNFRSF1B/WNT7A/SOX9/TNFAIP3/ITGB2/CD37/TLR8/IKZF1/BIRC3/LCP1/EPHB2/IL1RL2/YRDC/CXCR4/HKDC1/PLAUR/ETV5/TRAF1/IL2RG/CTSS/PDCD1LG2/BTBD3/GPRC5B/MAP4K1/MPZL2/ADAMDEC1/BMP2/MALL/TMEM158/SLPI/PTGS2/CXCL10/KCNN4/CCL20,2,SNF_C1
HALLMARK_UV_RESPONSE_UP,HALLMARK_UV_RESPONSE_UP,156,-0.35715019859617414,-1.5722430576287254,0.0018271560097470824,0.004808305288808112,0.002024549595287626,4698,"tags=37%, list=23%, signal=29%",GCH1/POLR2H/CHKA/DNAJA1/PPIF/CREG1/CDC34/CNP/STIP1/CDK2/DDX21/MGAT1/STK25/CCK/PSMC3/POLE3/SLC6A8/YKT6/CDKN2B/ALAS1/TFRC/CCND3/CDC5L/LHX2/H2AX/PRPF3/IRF1/NKX2-5/E2F5/EPCAM/SIGMAR1/PDAP1/NPTX2/GGH/TARS1/ARRB2/FEN1/RPN1/AGO2/TYRO3/CHRNA5/TUBA4A/ICAM1/CEBPG/BAK1/HLA-F/BID/BMP2/TAP1/KLHDC3/AMD1/GLS/RFC4/BTG3/CCNE1/LYN/GAL/CTSV,2,SNF_C1
HALLMARK_SPERMATOGENESIS,HALLMARK_SPERMATOGENESIS,111,-0.3648677978785869,-1.5247944906021758,0.0038222205691261276,0.00955555142281532,0.004023390072764345,2965,"tags=28%, list=15%, signal=24%",AGFG1/DCC/PCSK1N/CNIH2/CDKN3/TALDO1/AURKA/TCP11/CDK1/TLE4/GFI1/TKTL1/RPL39L/CSNK2A2/NCAPH/SLC2A5/ACRV1/BUB1/CCNB2/DBF4/EZH2/POMC/CCNA1/PSMG1/TTK/KIF2C/DMRT1/RFC4/LPIN1/IL12RB2/ART3,2,SNF_C1
HALLMARK_HYPOXIA,HALLMARK_HYPOXIA,194,-0.32343829342174113,-1.4600485037139488,0.004826208648299251,0.011490972972141075,0.004838304409322558,3099,"tags=43%, list=15%, signal=37%",BTG1/ALDOC/PRDX5/PGF/SLC2A3/DPYSL4/HSPA5/P4HA2/SLC37A4/SDC3/PGM2/KDELR3/LDHA/MAFF/DDIT3/AK4/BCAN/MYH9/NAGK/EFNA3/ANXA2/CP/B4GALNT2/ANKZF1/GALK1/ERRFI1/EDN2/IGFBP3/CAVIN3/KLHL24/ANGPTL4/ERO1A/PFKL/HOXB9/ETS1/TGFBI/PGK1/DDIT4/JMJD6/PHKG1/SCARB1/ISG20/TNFAIP3/HS3ST1/PLAC8/VEGFA/SLC2A1/TKTL1/VLDLR/SAP30/S100A4/CXCR4/EXT1/PLAUR/TES/ADM/PLIN2/PRKCA/GPI/XPNPEP1/TMEM45A/SLC2A5/GCNT2/ADORA2B/NFIL3/PNRC1/TPI1/GAPDH/CHST3/PGM1/PKP1/RRAGD/UGP2/PPARGC1A/NDRG1/PFKP/PIM1/PDK1/EGFR/CSRP2/ENO1/CHST2/NCAN,2,SNF_C1
HALLMARK_UNFOLDED_PROTEIN_RESPONSE,HALLMARK_UNFOLDED_PROTEIN_RESPONSE,113,-0.35282115772468403,-1.4800248723780478,0.006951795002585534,0.015799534096785306,0.006652435409172761,4870,"tags=36%, list=24%, signal=28%",EXOSC5/EXOSC9/CCL2/RRP9/LSM4/EXOSC4/EXOSC2/XPOT/SSR1/POP4/GEMIN4/NOLC1/HYOU1/ERO1A/SRPRB/NOP56/DDX10/DDIT4/EIF4G1/EIF4EBP1/H2AX/HSP90B1/PREB/NFYA/TATDN2/VEGFA/TARS1/ATF4/MTHFD2/KHSRP/PDIA5/NABP1/CALR/CHAC1/CEBPG/PDIA6/CKS1B/DKC1/SLC7A5/CEBPB/PSAT1,2,SNF_C1
HALLMARK_APICAL_JUNCTION,HALLMARK_APICAL_JUNCTION,198,-0.30442948854149565,-1.3744479888877241,0.009909583719900146,0.02154257330413075,0.009070557180686632,5121,"tags=32%, list=25%, signal=24%",PLCG1/MYH9/MMP9/VASP/AKT3/SRC/THBS3/ZYX/CLDN4/RHOF/DHX16/SYK/ICAM2/MAP4K2/ADAM15/ACTN1/NF2/YWHAH/ITGA9/ITGB4/NECTIN4/EPB41L2/CLDN14/LAMB3/GNAI1/TGFBI/PTPRC/CD209/CD86/LAMC2/CDH4/FYB1/RAC2/SPEG/MVD/ACTB/ACTN4/CX3CL1/NECTIN1/SLC30A3/ARPC2/TRAF1/PFN1/CD274/MPZL1/ICAM5/VCAM1/CDK8/ICAM1/MPZL2/CLDN9/DSC3/ACTG2/SIRPA/CALB2/MSN/EGFR/CDH3/RSU1/NRTN/FSCN1/COL9A1/CLDN6,2,SNF_C1
HALLMARK_OXIDATIVE_PHOSPHORYLATION,HALLMARK_OXIDATIVE_PHOSPHORYLATION,200,-0.2968854476090233,-1.3403681092344024,0.021781704466498276,0.04537855097187141,0.019106758303945856,7422,"tags=48%, list=37%, signal=30%",COX7A2/SLC25A3/OAT/UQCR10/ATP5MG/NDUFB2/IDH3B/NDUFB7/PMPCA/UQCRC1/NDUFB6/HADHA/NDUFA4/PDP1/VDAC3/ETFA/NDUFA1/MRPL34/COX7A2L/OPA1/ATP5MC1/SLC25A6/NDUFS3/VDAC2/MGST3/TIMM17A/TIMM10/DLD/NQO2/NDUFS6/LRPPRC/NDUFV1/LDHA/ATP5PO/SDHA/ATP6V1F/ATP5PB/NDUFB5/IDH3G/ATP5PF/UQCRB/NDUFB3/COX5B/DECR1/COX6B1/PHYH/BAX/COX10/CYC1/SDHB/ACAA2/CYB5R3/DLAT/HTRA2/HSD17B10/SUCLG1/IMMT/NDUFA6/IDH2/COX7B/FXN/UQCRFS1/AFG3L2/SDHD/FH/ATP5MF/MDH2/ALAS1/COX4I1/MPC1/TIMM8B/MRPS15/MRPL11/COX5A/HCCS/FDX1/MRPS12/SUPV3L1/NDUFA9/PHB2/MRPS22/POR/SLC25A5/ATP5MC3/TOMM22/TIMM50/CYCS/GPI/MRPL15/MDH1/ATP5F1C/POLR2F/PDHA1/LDHB/UQCRH,2,SNF_C1
HALLMARK_DNA_REPAIR,HALLMARK_DNA_REPAIR,149,-0.309176660994804,-1.3490617615846188,0.023826448405697826,0.04765289681139565,0.02006437760479817,7115,"tags=49%, list=35%, signal=32%",POLR2K/RNMT/POLR2J/LIG1/DGCR8/POLR2I/NELFB/TAF6/NPR2/RFC5/AGO4/NELFCD/TAF12/POLD3/ITPA/CDA/GTF2A2/NME1/NT5C3A/GTF2B/APRT/POLR2C/NCBP2/NUDT21/ERCC3/TAF1C/GUK1/SAC3D1/RALA/POLR1H/POLR2H/GSDME/RBX1/ADRM1/POLR3C/POLA2/RPA2/PDE4B/ZWINT/CMPK2/UMPS/NELFE/HPRT1/SDCBP/POLH/ELOA/TAF13/CSTF3/PDE6G/PCNA/HCLS1/DGUOK/SEC61A1/CLP1/RFC3/RAD51/POLR2D/VPS37B/FEN1/POLD1/GTF3C5/PNP/TYMS/SUPT5H/POLR1C/ADA/ALYREF/RFC2/SSRP1/UPF3B/POLR2F/SF3A3/RFC4,2,SNF_C1
HALLMARK_BILE_ACID_METABOLISM,HALLMARK_BILE_ACID_METABOLISM,104,0.2733466551665106,1.3229087951735858,0.032992355030278336,0.06344683659668911,0.026714457514395416,4503,"tags=36%, list=22%, signal=28%",SERPINA6/NUDT12/HSD17B4/EFHC1/SLC27A2/PEX12/ABCA3/PEX11A/ABCD3/AR/PEX19/CROT/PEX11G/ABCA2/EPHX2/PEX7/ISOC1/NEDD4/ABCA8/LONP2/ABCA9/LIPE/AMACR/RXRA/RETSAT/PEX1/SULT2B1/ATXN1/HSD3B7/DIO1/BCAR3/GNMT/CYP46A1/DHCR24/PECR/APOA1/ABCA6,2,SNF_C1
HALLMARK_WNT_BETA_CATENIN_SIGNALING,HALLMARK_WNT_BETA_CATENIN_SIGNALING,42,-0.4195351402727824,-1.4896660702877684,0.04033379694019471,0.07309941520467836,0.030778701138811943,3536,"tags=31%, list=17%, signal=26%",PTCH1/MYC/TCF7/GNAI1/WNT5B/ADAM17/CUL1/PPARD/DKK1/HDAC2/NOTCH1/SKP2/WNT6,2,SNF_C1
HALLMARK_KRAS_SIGNALING_DN,HALLMARK_KRAS_SIGNALING_DN,181,-0.28951997908560234,-1.3008352362189868,0.04093567251461988,0.07309941520467836,0.030778701138811943,4191,"tags=30%, list=21%, signal=24%",EDN2/PAX3/ITGB1BP2/KCNMB1/CALML5/WNT16/CD40LG/MACROH2A2/LGALS7/UPK3B/PLAG1/CAMK1D/CD80/DCC/EDN1/GP1BA/KCNN1/MEFV/CALCB/PTGFR/CPA2/TCL1A/KLHDC8A/TLX1/KRT5/SERPINB2/SMPX/TFCP2L1/SLC30A3/STAG3/GTF3C5/CKM/TEX15/PDCD1/SLC38A3/EDAR/NUDT11/DTNB/KLK8/GPR19/IFNG/CYP39A1/RYR1/SOX10/GPR3/KLK7/PKP1/CDKAL1/CCNA1/SLC6A14/TCF7L1/TGM1/CLDN16/CHST2,2,SNF_C1
HALLMARK_UV_RESPONSE_DN,HALLMARK_UV_RESPONSE_DN,143,0.24815215477479113,1.2680295957302652,0.043472620145499866,0.07495279335431011,0.03155907088602531,5641,"tags=41%, list=28%, signal=30%",APBB2/INPP4B/IGF1R/IRS1/TOGARAM1/BHLHE40/AGGF1/MAGI2/GJA1/CDON/AMPH/DMAC2L/ICA1/SPOP/SMAD3/IGFBP5/CAP2/BDNF/RUNX1/PTEN/RXRA/RBPMS/DUSP1/PIAS3/DBP/DLC1/ATRX/PRKCE/MGLL/PDGFRB/PRKAR2B/LPAR1/ATXN1/YTHDC1/SFMBT1/MAP2K5/CDKN1B/CITED2/KCNMA1/TGFBR3/PMP22/MIOS/COL5A2/COL3A1/COL1A2/DDAH1/ZMIZ1/COL1A1/TJP1/ATRN/RGS4/BCKDHB/PHF3/SYNJ2/SCAF8/MGMT/PRDM2/FHL2/NIPBL,2,SNF_C1
HALLMARK_PI3K_AKT_MTOR_SIGNALING,HALLMARK_PI3K_AKT_MTOR_SIGNALING,103,-0.3292458185153125,-1.366508911211099,0.04639175257731959,0.07731958762886598,0.032555615843733045,6133,"tags=39%, list=30%, signal=27%",MAP3K7/MKNK1/ARF1/NOD1/TRAF2/STAT2/ADCY2/DDIT3/PLCG1/CSNK2B/MAPKAP1/RPS6KA1/CFL1/RPS6KA3/CDK2/ACTR2/NGF/SLA/MYD88/HSP90B1/MAP2K3/PRKCB/NFKBIB/AP2M1/E2F1/CDK1/SLC2A1/FASLG/CDK4/LCK/DAPP1/CXCR4/SFN/IL2RG/PFN1/CALR/ACTR3/NCK1/PDK1/EGFR,2,SNF_C1
HALLMARK_REACTIVE_OXYGEN_SPECIES_PATHWAY,HALLMARK_REACTIVE_OXYGEN_SPECIES_PATHWAY,47,-0.3835903408506625,-1.3953289760834684,0.06694560669456066,0.10797678499122687,0.04546390946999027,6875,"tags=60%, list=34%, signal=39%",GLRX/SOD1/NDUFS2/MSRA/SELENOS/MGST1/LAMTOR5/OXSR1/GCLM/LSP1/TXNRD1/G6PD/ABCC1/FES/PRDX6/FTL/STK25/PRDX1/NDUFA6/MBP/CDKN2D/TXN/MPO/IPCEF1/SCAF4/PRNP/PRDX4/PFKP,2,SNF_C1
HALLMARK_P53_PATHWAY,HALLMARK_P53_PATHWAY,200,-0.2701342763333967,-1.2195928501191844,0.0895170789163722,0.13987043580683156,0.05889281507656066,4121,"tags=27%, list=20%, signal=22%",GM2A/TPRKB/FBXW7/WRAP73/POLH/ITGB4/NUDT15/IFI30/TM4SF1/CDKN2B/LIF/PTPN14/CCND3/FAS/DDIT4/DNTTIP2/RPS12/CASP1/PCNA/APP/SEC61A1/IRAG2/SAT1/TNFSF9/PRMT2/S100A4/KRT17/SOCS1/CD82/TCN2/SFN/SPHK1/S100A10/PERP/EPHA2/RNF19B/STEAP3/KLK8/IL1A/ADA/ST14/SERPINB5/BAK1/BMP2/TGFA/TAP1/UPP1/NDRG1/RHBDF2/IRAK1/NOTCH1/RAP2B/LDHB/CDKN2A,2,SNF_C1
HALLMARK_NOTCH_SIGNALING,HALLMARK_NOTCH_SIGNALING,32,-0.3871066037228688,-1.2979484403631725,0.14224137931034483,0.21551724137931036,0.09074410163339384,5168,"tags=47%, list=25%, signal=35%",FZD5/APH1A/NOTCH3/RBX1/TCF7L2/DTX2/DTX4/CUL1/SAP30/FZD7/PPARD/PRKCA/MAML2/NOTCH1/ST3GAL6,2,SNF_C1
HALLMARK_CHOLESTEROL_HOMEOSTASIS,HALLMARK_CHOLESTEROL_HOMEOSTASIS,74,-0.3125358496115015,-1.2360021757254123,0.15119363395225463,0.22234357934155094,0.09361834919644249,5099,"tags=36%, list=25%, signal=27%",HMGCS1/TNFRSF12A/LSS/FBXO6/CHKA/PCYT2/IDI1/ERRFI1/ANXA5/NSDHL/ATF5/GNAI1/DHCR7/EBP/ACAT2/CBS/LGMN/MVD/STARD4/PLSCR1/S100A11/PLAUR/FDPS/NFIL3/PNRC1/CXCL16/FABP5,2,SNF_C1
HALLMARK_PANCREAS_BETA_CELLS,HALLMARK_PANCREAS_BETA_CELLS,28,0.3289267028558131,1.2123056162046841,0.17325227963525835,0.24750325662179765,0.10421189752496746,4733,"tags=36%, list=23%, signal=27%",ABCC8/CHGA/PCSK1/INSM1/SYT13/SPCS1/SRP14/HNF1A/STXBP1/SCGN,2,SNF_C1
HALLMARK_FATTY_ACID_METABOLISM,HALLMARK_FATTY_ACID_METABOLISM,152,0.21392159000738015,1.100528536012741,0.19428571428571428,0.2698412698412698,0.11361737677527152,4199,"tags=33%, list=21%, signal=26%",SLC22A5/BMPR1B/HSD17B4/ELOVL5/GLUL/UGDH/ALAD/CYP4A11/HSDL2/HMGCL/ACOT2/REEP6/HMGCS2/PDHB/SUCLG2/BLVRA/ALDH3A2/PTPRG/MAOA/SERINC1/ADIPOR2/ETFDH/ECI2/XIST/AOC3/AUH/LTC4S/CPT1A/CRAT/CYP4A22/RETSAT/INMT/AQP7/ACADS/GPD1/D2HGDH/GSTZ1/ECI1/HAO2/MGLL/FASN/CIDEA/CRYZ/RAP1GDS1/CA2/GPD2/CA4/RDH16/SUCLA2/HSD17B7,2,SNF_C1
HALLMARK_PROTEIN_SECRETION,HALLMARK_PROTEIN_SECRETION,96,0.2360374759560103,1.13037303516269,0.2127659574468085,0.2875215641173088,0.12106171120728791,4611,"tags=30%, list=23%, signal=23%",SCAMP1/COG2/KRT18/ARFIP1/MON2/AP2B1/TOM1L1/GALC/SNAP23/NAPA/ICA1/ATP7A/TSG101/AP3B1/GLA/YIPF6/VAMP4/CLCN3/RAB14/ARFGEF1/ARFGEF2/SNX2/GBF1/CLN5/PPT1/TMED10/COPB1/CLTC/NAPG,2,SNF_C1
HALLMARK_APICAL_SURFACE,HALLMARK_APICAL_SURFACE,43,-0.2824170024622928,-1.0064678677563017,0.44195804195804195,0.5815237394184762,0.2448521008077795,2559,"tags=30%, list=13%, signal=26%",EPHB4/AKAP7/DCBLD2/PCSK9/APP/EFNA5/CX3CL1/GHRL/PLAUR/IL2RG/MAL/LYN/RHCG,2,SNF_C1
HALLMARK_HEME_METABOLISM,HALLMARK_HEME_METABOLISM,182,0.19094446503671736,0.9948265076123244,0.5102040816326531,0.6541077969649399,0.27541380924839576,3218,"tags=21%, list=16%, signal=18%",BCAM/BTRC/BTG2/ADD1/ALDH6A1/VEZF1/TMEM9B/DCAF10/ALAD/EZH1/NUDT4/HEBP1/RBM5/PIGQ/LRP10/EPOR/SLC22A4/SLC30A1/ABCG2/TRAK2/MARCHF8/RNF123/ARHGEF12/BLVRA/GAPVD1/TRIM58/HAGH/ATP6V0A1/BNIP3L/SIDT2/GDE1/KHNYN/GATA1/CLCN3/TSPAN5/SLC25A38/DCAF11/SELENBP1/MINPP1,2,SNF_C1
HALLMARK_XENOBIOTIC_METABOLISM,HALLMARK_XENOBIOTIC_METABOLISM,184,0.18674649544184016,0.9715564484355163,0.5918367346938775,0.6932021466905188,0.29187458808021843,4205,"tags=24%, list=21%, signal=20%",ESR1/SERPINA6/MCCC2/FBP1/TMBIM6/ENTPD5/TAT/ELOVL5/IGFBP4/UGDH/SAR1B/MPP2/CSAD/ACOX2/CROT/NINJ1/TKFC/CYB5A/VTN/ARPP19/FAH/MAOA/ACSM1/GAD1/ACOX3/ETFDH/CYP26A1/LEAP2/CYP4F2/CFB/PDK4/MAN1A1/PTGES/RETSAT/DHRS7/SLC35D1/PTGR1/PINK1/MARCHF6/SLC46A3/CYFIP2/CA2/GSTT2/AOX1/GNMT,2,SNF_C1
HALLMARK_EPITHELIAL_MESENCHYMAL_TRANSITION,HALLMARK_EPITHELIAL_MESENCHYMAL_TRANSITION,200,-0.21232009712461475,-0.9585754014799849,0.5559481743227326,0.6932021466905188,0.29187458808021843,4418,"tags=22%, list=22%, signal=17%",COL4A2/FBN2/FBLN5/LAMA1/MEST/IGFBP3/PCOLCE2/SLC6A8/P3H1/VIM/FLNA/TGFBI/FAS/GLIPR1/SNTB1/LAMC2/PPIB/PFN2/TNFAIP3/IL15/SERPINH1/SAT1/VEGFA/CXCL6/CALU/MMP1/PLAUR/CXCL8/DKK1/VCAM1/SFRP1/SERPINE2/GPX7/IL32/PVR/CRLF1/PLOD3/FOXC2/MCM7/COLGALT1/PTX3/CXCL1/PLOD1,2,SNF_C1
HALLMARK_PEROXISOME,HALLMARK_PEROXISOME,101,0.19624407094825855,0.9480547111264576,0.5947136563876652,0.6932021466905188,0.29187458808021843,4448,"tags=28%, list=22%, signal=22%",SERPINA6/HSD17B4/ABCC8/ELOVL5/SEMA3C/SLC27A2/PEX11A/ABCD3/ALB/HMGCL/DLG4/EPHX2/ABCC5/UGT2B17/ISOC1/ECI2/LONP2/CRAT/RETSAT/CDK7/HAO2/SULT2B1/ATXN1/HSD3B7/DIO1/IDE/DHCR24/MVP,2,SNF_C1
HALLMARK_APOPTOSIS,HALLMARK_APOPTOSIS,158,-0.21303358268066294,-0.9392646154584214,0.5961538461538461,0.6932021466905188,0.29187458808021843,5444,"tags=30%, list=27%, signal=22%",TNFRSF12A/DNM1L/DDIT3/MCL1/CASP3/DAP3/ANKH/GCH1/DNAJA1/DAP/LMNA/BAX/CDK2/IL18/PLCB2/CASP4/GNA15/HMGB2/DFFA/FAS/CASP1/CFLAR/IRF1/IFNGR1/CD2/ISG20/APP/CASP2/BIRC3/CD14/EBP/SAT1/TSPO/FASLG/ANXA1/TNF/BCL2L10/IL1A/PPP3R1/CDC25B/PRF1/BID/BMP2/TAP1/CD38/CCNA1/BTG3,2,SNF_C1
HALLMARK_HEDGEHOG_SIGNALING,HALLMARK_HEDGEHOG_SIGNALING,35,-0.2610421048839365,-0.8888846351570222,0.6170520231213873,0.7011954808197584,0.2952402024504246,5236,"tags=40%, list=26%, signal=30%",ETS2/MYH9/HEY2/NRP2/DPYSL2/PTCH1/ADGRG1/TLE1/ACHE/L1CAM/VEGFA/VLDLR/PML/CDK6,2,SNF_C1
HALLMARK_MYOGENESIS,HALLMARK_MYOGENESIS,190,0.17112580491318335,0.8991592380168535,0.8206896551724138,0.8730741012472487,0.36761014789357843,4706,"tags=28%, list=23%, signal=22%",STC2/ADCY9/KCNH1/ERBB3/BHLHE40/CACNA1H/PPP1R3C/PVALB/HRC/SPDEF/CASQ1/SGCG/OCEL1/MEF2D/CACNG1/REEP1/LAMA2/VIPR1/HSPB8/SGCD/MYOG/CFD/CAMK2B/ITGB5/CASQ2/ATP6AP1/COX7A1/BAG1/MYH11/LARGE1/TSC2/RB1/AGL/CRAT/LDB3/MYL7/COL6A3/TNNT1/MYH8/FST/MYO1C/FKBP1B/PSEN2/ADAM12/MYL3/COL3A1/CD36/MYH1/BDKRB2/GNAO1/MYH4/AEBP1/SPARC,2,SNF_C1
HALLMARK_COAGULATION,HALLMARK_COAGULATION,122,-0.1969485998458425,-0.8334367528790215,0.8150943396226416,0.8730741012472487,0.36761014789357843,5085,"tags=25%, list=25%, signal=19%",GDA/MMP9/MEP1A/LAMP2/A2M/MMP15/CTSE/P2RY1/C3/C1R/C1S/CTSB/SIRT2/C2/GP1BA/C1QA/C8G/PREP/PLEK/LGMN/SERPINB2/FYN/MMP1/ANXA1/LEFTY2/KLK8/S100A1/SH2B2/TF/MMP7/CTSV,2,SNF_C1
HALLMARK_ANGIOGENESIS,HALLMARK_ANGIOGENESIS,32,-0.23022682599002925,-0.7719386516522726,0.7988505747126436,0.8730741012472487,0.36761014789357843,2481,"tags=16%, list=12%, signal=14%",APP/VEGFA/CXCL6/S100A4/TNFRSF21,2,SNF_C1
HALLMARK_ADIPOGENESIS,HALLMARK_ADIPOGENESIS,197,-0.18452901577620348,-0.8326472132263713,0.854630715123095,0.890240328253224,0.3748380329487259,4979,"tags=24%, list=25%, signal=18%",ME1/APOE/IDH3G/JAGN1/DECR1/RETN/PHYH/SLC19A1/CYC1/SDHB/C3/ACAA2/DLAT/SUCLG1/IMMT/ANGPTL4/COX7B/PFKL/MTCH2/CHCHD10/MDH2/ESRRA/PTCD3/COQ9/DHCR7/RIOK3/TALDO1/PREB/SCARB1/IFNGR1/TKT/TANK/POR/ORM1/NABP1/CMPK1/CDKN2C/PLIN2/ANGPT1/AK2/COQ3/MRPL15/PGM1/ATP1B3/MCCC1/SLC5A6/ATL2,2,SNF_C1
HALLMARK_ANDROGEN_RESPONSE,HALLMARK_ANDROGEN_RESPONSE,101,0.16440176939253573,0.794224616504278,0.9030837004405287,0.9215139800413558,0.38800588633320243,3264,"tags=18%, list=16%, signal=15%",INPP4B/BMPR1B/ELOVL5/CCND1/GPD1L/ABHD2/SPDEF/IQGAP2/STK39/KRT8/KLK3/SRP19/AKAP12/NKX3-1/MAK/APPBP2/SORD/KRT19,2,SNF_C1
HALLMARK_TGF_BETA_SIGNALING,HALLMARK_TGF_BETA_SIGNALING,54,0.10536841477476111,0.4480247882086217,1,1,0.4210526315789474,6120,"tags=33%, list=30%, signal=23%",PPM1A/RAB31/SMAD3/XIAP/APC/LTBP2/BMPR2/BCAR3/THBS1/ARID4B/NCOR2/TJP1/HIPK2/SKIL/SLC20A1/RHOA/CDH1/JUNB,2,SNF_C1
HALLMARK_ESTROGEN_RESPONSE_EARLY,HALLMARK_ESTROGEN_RESPONSE_EARLY,200,-0.5736659712075477,-3.1026627478505397,1e-10,5.555555555555555e-10,2.456140350877193e-10,2190,"tags=44%, list=11%, signal=40%",TOB1/DYNLT3/SLC1A4/TIPARP/KRT8/ELF1/DHRS2/CBFA2T3/CANT1/MUC1/ASB13/HSPB8/EGR3/AREG/REEP1/TJP3/RAB31/FLNB/SLC1A1/ITPK1/CELSR2/MYOF/AFF1/SCNN1A/AMFR/GJA1/AR/NHERF1/NRIP1/MSMB/KRT18/PEX11A/ABCA3/TFF3/EEIG1/PRSS23/ABHD2/MREG/TPBG/SIAH2/SLC27A2/ARL3/CISH/IGFBP4/BHLHE40/RET/CCND1/SEC14L2/ELOVL5/MED13L/RAB17/TTC39A/SEMA3B/MYB/BCL2/NPY1R/TFF1/IGF1R/ELOVL2/SLC19A2/MAST4/PDZK1/ADCY1/SYBU/RARA/LRIG1/ADCY9/GFRA1/MINDY1/UGCG/RETREG1/WFS1/ANXA9/MLPH/STC2/SLC7A2/GREB1/KCNK15/XBP1/SLC22A5/CELSR1/KDM4B/PGR/MAPT/IL6ST/CA12/ABAT/SLC39A6/THSD4,2,SNF_C2
HALLMARK_E2F_TARGETS,HALLMARK_E2F_TARGETS,200,0.6386961940804201,2.9057597100187422,1e-10,5.555555555555555e-10,2.456140350877193e-10,4545,"tags=66%, list=22%, signal=52%",CDKN2A/NASP/HMGA1/CTPS1/CDC20/NCAPD2/CCNE1/DEK/CDCA8/LBR/STMN1/ANP32E/MCM5/LYAR/CHEK1/MCM7/TUBB/KIF2C/RANBP1/AURKB/DONSON/PHF5A/MCM6/CKS1B/EZH2/CDC25A/MCM3/USP1/CDCA3/PRDX4/CHEK2/MELK/RAD51AP1/PLK1/CCNB2/ORC6/SSRP1/DEPDC1/TRIP13/RFC2/MSH2/TCF19/PRIM2/CDC25B/CNOT9/DDX39A/PTTG1/DSCC1/DCLRE1B/AK2/KIF18B/MMS22L/MYBL2/EED/SYNCRIP/MCM4/DLGAP5/SUV39H1/CDKN2C/BIRC5/POLD1/DIAPH3/CKS2/SMC6/MTHFD2/GINS3/TBRG4/UBE2S/ZW10/H2AZ1/DNMT1/SPC24/CDK4/MKI67/KIF4A/ILF3/TACC3/NUP205/MAD2L1/UBE2T/RFC3/PSIP1/PPP1R8/CDK1/JPT1/ASF1A/TRA2B/RRM2/HNRNPD/MCM2/AURKA/GINS4/GINS1/RNASEH2A/POP7/LMNB1/XRCC6/TK1/CDKN3/CENPE/PCNA/H2AX/BUB1B/KPNA2/ASF1B/HMMR/TIPIN/NOP56/RAN/PLK4/SPC25/CENPM/TFRC/TMPO/MYC/HMGB2/RPA1/SRSF2/UNG/BRCA2/EXOSC8/NOLC1/HELLS/E2F8/SMC4/XPO1/RPA2/POLA2/HMGB3/SLBP/ESPL1/CIT/SPAG5,2,SNF_C2
HALLMARK_ALLOGRAFT_REJECTION,HALLMARK_ALLOGRAFT_REJECTION,193,0.6164929241164829,2.805987010724221,1e-10,5.555555555555555e-10,2.456140350877193e-10,5037,"tags=68%, list=25%, signal=52%",CDKN2A/WARS1/LYN/HLA-DOB/TAP2/IFNAR2/RIPK2/EGFR/IL2RA/NCK1/GZMB/TAP1/IL27RA/CSK/CCL13/IFNG/PRF1/IL12RB1/IRF4/ICAM1/MAP4K1/CD7/CD79A/CCL5/TNF/CTSS/IL2RG/TLR6/ABI1/KLRD1/NCR1/LY75/SOCS1/CD40/LCK/LTB/MTIF2/FASLG/UBE2D1/CXCL9/IL12A/NCF4/WAS/IL18RAP/CCL4/CD247/CCR1/EIF5A/TLR1/TLR2/HLA-A/SIT1/IL15/HLA-E/ELF4/DARS1/RPS19/ZAP70/ITGB2/CD8B/CCL7/SRGN/CCR5/CD2/MRPL3/ACHE/PRKCB/CD3D/IFNGR1/CD3E/CCR2/FYB1/HCLS1/HLA-G/CXCR3/LCP2/CD96/CD3G/CD86/CD8A/CD47/ITK/C2/AARS1/FAS/GZMA/IL7/IRF8/PTPRC/HLA-DMA/CCND3/ETS1/CD80/CRTAM/TAPBP/HLA-DRA/LIF/SPI1/HLA-DMB/CD4/FLNA/STAT4/ABCE1/RPL39/FGR/CD28/CD40LG/STAT1/PSMB10/TRAT1/IL18/BCAT1/HLA-DOA/NOS2/GBP2/CD74/B2M/GLMN/EIF3D/IL10/IFNGR2/IGSF6/CCL2/HIF1A/FCGR2B/CCL19/ST8SIA4/CD1D/IL12B/ITGAL/MMP9,2,SNF_C2
HALLMARK_G2M_CHECKPOINT,HALLMARK_G2M_CHECKPOINT,199,0.5879671730424456,2.6687762087534996,1e-10,5.555555555555555e-10,2.456140350877193e-10,4580,"tags=60%, list=23%, signal=47%",NASP/HMGA1/CDC20/E2F3/CENPA/ODC1/LBR/STMN1/MCM5/CHEK1/KIF2C/TTK/E2F2/AURKB/SLC7A5/NDC80/AMD1/DKC1/RAD54L/MCM6/CKS1B/EZH2/TFDP1/CDC25A/MCM3/TENT4A/STIL/PLK1/DBF4/CCNB2/ORC6/BUB1/KATNA1/CDC45/PML/CCNA2/PRIM2/EXO1/TPX2/E2F4/CDC25B/DDX39A/PTTG1/INCENP/CDC7/UCK2/FBXO5/MYBL2/NCL/UBE2C/SYNCRIP/SUV39H1/SNRPD1/CDKN2C/BIRC5/HIRA/CKS2/KIF23/UBE2S/H2AZ1/CHAF1A/DMD/KIF15/SAP30/CDK4/MKI67/KIF4A/ILF3/CENPF/TACC3/EFNA5/MAD2L1/CUL1/CDK1/JPT1/TRA2B/E2F1/HNRNPD/MCM2/RBL1/FANCC/POLQ/AURKA/TROAP/LMNB1/CDKN3/CENPE/H2AX/KPNA2/HMMR/KIF11/PLK4/SLC7A1/TMPO/MYC/ATF5/SRSF2/TRAIP/BRCA2/PRC1/NOLC1/SFPQ/KMT5A/MTF2/NUP50/SMC4/CHMP1A/XPO1/DTYMK/NEK2/CASP8AP2/PBK/RPA2/POLA2/HMGB3/EWSR1/ESPL1/KNL1/HIF1A,2,SNF_C2
HALLMARK_MYC_TARGETS_V1,HALLMARK_MYC_TARGETS_V1,200,0.5682670090666201,2.585340878468937,1e-10,5.555555555555555e-10,2.456140350877193e-10,4402,"tags=51%, list=22%, signal=40%",CTPS1/CDC20/DEK/ODC1/SERBP1/PSMB2/RFC4/MCM5/SRPK1/IFRD1/MCM7/RANBP1/ILF2/HDAC2/KARS1/MCM6/TFDP1/USP1/HDGF/PRDX4/SNRPG/CDC45/PABPC4/LSM2/FBL/CCNA2/SNRPA1/CAD/PPM1G/MRPL9/CCT4/UBA2/YWHAQ/TYMS/SYNCRIP/MCM4/SNRPD1/EIF3B/CCT5/SF3B3/PABPC1/SRM/STARD7/NOP16/H2AZ1/CDK4/EIF2S2/TCP1/PHB2/SNRPA/MAD2L1/PSMD7/SRSF3/CUL1/HDDC2/PSMD14/DDX18/SSB/TRA2B/SSBP1/HNRNPD/MCM2/COX5A/XRCC6/HSPD1/PCNA/KPNA2/SRSF7/PGK1/CCT7/ACP1/PSMA7/NOP56/RAN/HNRNPA3/PSMC4/PSMA4/ABCE1/MYC/CCT3/TARDBP/SRSF2/PRPS2/POLE3/AIMP2/EEF1B2/NOLC1/HPRT1/DDX21/CDK2/EPRS1/HSPE1/XPOT/XPO1/SET/LSM7/CNBP/CYC1/PSMD8/EIF3D/PPIA/RRP9,2,SNF_C2
HALLMARK_INTERFERON_GAMMA_RESPONSE,HALLMARK_INTERFERON_GAMMA_RESPONSE,199,0.5534012373221423,2.511881825677136,1e-10,5.555555555555555e-10,2.456140350877193e-10,6668,"tags=66%, list=33%, signal=45%",WARS1/PLA2G4A/IDO1/NUP93/PSMB2/IFNAR2/RIPK2/CXCL10/PTPN2/PTGS2/PIM1/PFKP/CD38/PELI1/UPP1/TAP1/NMI/IL15RA/PML/SLAMF7/IRF4/NLRC5/IL18BP/CXCL11/ICAM1/VCAM1/CCL5/PNP/CD274/PSMB9/CSF2RB/ITGB7/GBP4/SOCS1/CD40/MTHFD2/TNFAIP2/BANK1/PNPT1/PLSCR1/ZBP1/CXCL9/CIITA/GPR18/IFIH1/BATF2/HLA-A/IL15/MX2/HLA-B/RTP4/EPSTI1/CCL7/TNFAIP3/XCL1/ISG20/IRF1/LY6E/HLA-G/LCP2/CASP1/APOL6/CD86/IFI44/GBP6/TMT1B/MYD88/FAS/GZMA/IL7/IRF8/HLA-DMA/TAPBP/IL10RA/HLA-DRB1/STAT4/NAMPT/IFI30/TRIM26/STAT1/FCGR1A/CASP4/PSMB10/LYSMD2/SAMHD1/PSMB8/SECTM1/CD74/C1S/PARP12/C1R/B2M/KLRK1/CMPK2/LAP3/OASL/PDE4B/CCL2/IRF5/HIF1A/GCH1/ST8SIA4/USP18/RSAD2/IFIT2/SAMD9L/CASP3/IFI44L/HLA-DQA1/TRIM21/STAT2/NOD1/CMKLR1/PSME2/IL2RB/PTPN6/FPR1/VAMP5/CD69/BTG1/MARCHF1/PSMA3/PARP14/UBE2L6/BPGM/MT2A/P2RY14/XAF1/SLC25A28/MX1/FGL2/IFIT3,2,SNF_C2
HALLMARK_ESTROGEN_RESPONSE_LATE,HALLMARK_ESTROGEN_RESPONSE_LATE,200,-0.43797367069213283,-2.368773224835759,1e-10,5.555555555555555e-10,2.456140350877193e-10,3361,"tags=45%, list=17%, signal=38%",PLAC1/FKBP4/KRT19/SERPINA3/PLXNB1/SORD/PLAAT3/PTGES/LARGE1/CALCR/CYP4F11/FGFR3/SERPINA1/BAG1/GLA/OVOL2/CPE/TOB1/DLG5/DYNLT3/PDCD4/SLC1A4/ALDH3A2/MOCS2/DHRS2/ST6GALNAC2/EMP2/HMGCS2/DNAJC1/IGSF1/HSPB8/EGR3/AREG/TJP3/TFPI2/RAB31/FLNB/CHST8/ITPK1/CXCL14/TPSAB1/CELSR2/MYOF/AFF1/SCNN1A/ACOX2/AMFR/GPER1/NHERF1/NRIP1/PRLR/ABCA3/TFF3/EEIG1/COX6C/PRSS23/UGDH/ABHD2/TPBG/SIAH2/SLC27A2/ARL3/SERPINA5/CISH/IGFBP4/RET/CCND1/ELOVL5/SEMA3B/MYB/BCL2/NPY1R/TFF1/AGR2/TSPAN13/PTGER3/PDZK1/ASCL1/WFS1/CACNA2D2/ANXA9/RABEP1/DNAJC12/XBP1/SLC22A5/PGR/MAPT/IL6ST/CA12/SCUBE2,2,SNF_C2
HALLMARK_MTORC1_SIGNALING,HALLMARK_MTORC1_SIGNALING,200,0.48011152436801996,2.184275930801326,1e-10,5.555555555555555e-10,2.456140350877193e-10,4634,"tags=48%, list=23%, signal=37%",PSAT1/PHGDH/WARS1/ENO1/CTSC/PDK1/IFRD1/POLR3G/PSMG1/SLC7A5/CDC25A/PLK1/PGM1/ACTR3/BUB1/GAPDH/TPI1/NFIL3/GMPS/SRD5A1/DDX39A/CCT6A/TUBA4A/PSPH/SHMT2/CALR/GPI/TOMM40/PNP/MCM4/RPN1/PITPNB/TES/PNO1/MTHFD2/CXCR4/DAPP1/NFYC/CORO1A/VLDLR/STARD4/EIF2S2/LGMN/NUP205/SLC2A1/PDAP1/ARPC5L/PSMD14/EBP/SERPINH1/HMBS/RRM2/MCM2/ITGB2/NFKBIB/AURKA/MLLT11/PSMC2/MAP2K3/PPA1/HSPD1/CACYBP/HSP90B1/DDIT4/ABCF2/DHCR7/PGK1/TFRC/PSMC4/UCHL5/PSMA4/NAMPT/IFI30/SLA/RPA1/PFKL/ERO1A/YKT6/UNG/ACTR2/BCAT1/PRDX1/IMMT/HPRT1/STIP1/EPRS1/SSR1/HSPE1/GOT1/PSMB5/PPIA/RRP9/IDI1/RAB1A/PSMD13/PLOD2,2,SNF_C2
HALLMARK_INFLAMMATORY_RESPONSE,HALLMARK_INFLAMMATORY_RESPONSE,198,0.4756463387101652,2.16157816541247,1e-10,5.555555555555555e-10,2.456140350877193e-10,4703,"tags=46%, list=23%, signal=36%",CHST2/LYN/LAMP3/CCL20/RIPK2/CXCL10/MARCO/ROS1/PVR/OPRK1/NMI/IL15RA/ADORA2B/IL1A/CXCL11/ICAM1/SEMA4D/CCL5/CXCR6/SPHK1/ADM/CXCL8/TNFRSF9/CD82/ABI1/PLAUR/CD40/LTA/MET/LCK/CD70/CX3CL1/CXCL9/IL18RAP/CXCL6/SLAMF1/SELL/TNFSF9/CD14/TLR1/MEFV/TLR2/IL15/IL18R1/RTP4/CCL7/CCR7/CD48/CCL24/IRF1/LY6E/TNFRSF1B/LCP2/KCNJ2/GP1BA/ATP2C1/EDN1/CYBB/RHOG/ITGB8/TAPBP/SLC7A1/LIF/IL10RA/AQP9/MYC/PTAFR/NAMPT/CCL17/KCNA3/GNA15/DCBLD2/IL7R/KIF1B/GNAI3/IL18/GPR183/ADGRE1/IRAK2/IL10/IFNGR2/PDE4B/OSM/EBI3/NMUR1/ADRM1/CCL2/HIF1A/SLC31A1/TNFSF15/GCH1/PIK3R5,2,SNF_C2
HALLMARK_MYC_TARGETS_V2,HALLMARK_MYC_TARGETS_V2,58,0.5958509088326704,2.283987802713278,8.68690316136887e-8,4.3434515806844347e-7,1.9202628040920658e-7,5035,"tags=64%, list=25%, signal=48%",MCM5/NDUFAF4/NIP7/BYSL/PLK1/TCOF1/WDR43/MPHOSPH10/MCM4/SRM/NOP16/TBRG4/MRTO4/CDK4/SUPV3L1/PES1/DDX18/DUSP2/PPRC1/MYBBP1A/WDR74/PUS1/HSPD1/RCL1/NOP56/PLK4/NOP2/MYC/IMP4/UNG/AIMP2/NOLC1/HSPE1/RRP9/SLC19A1/EXOSC5/MAP3K6,2,SNF_C2
HALLMARK_INTERFERON_ALPHA_RESPONSE,HALLMARK_INTERFERON_ALPHA_RESPONSE,97,0.5135422167239192,2.1294902824744137,2.4665550950343104e-7,1.1211614068337777e-6,4.956713588107226e-7,6668,"tags=57%, list=33%, signal=38%",WARS1/LAMP3/RIPK2/CXCL10/NCOA7/TAP1/NMI/CXCL11/PSMB9/GBP4/PNPT1/PLSCR1/IFIH1/SELL/BATF2/IL15/RTP4/EPSTI1/ISG20/IRF1/LY6E/CASP1/IFI44/CD47/IL7/IFI30/TRIM26/PSMB8/HLA-C/GBP2/CD74/C1S/PARP12/B2M/CMPK2/CNP/NUB1/LAP3/OASL/GMPR/USP18/RSAD2/IFIT2/SAMD9L/IFI44L/TRIM21/STAT2/PSME2/PSMA3/PARP14/UBE2L6/CCRL2/SLC25A28/MX1/IFIT3,2,SNF_C2
HALLMARK_TNFA_SIGNALING_VIA_NFKB,HALLMARK_TNFA_SIGNALING_VIA_NFKB,198,0.4029984679321226,1.831429400547884,2.355008558012658e-6,9.812535658386076e-6,4.338173659497001e-6,3855,"tags=35%, list=19%, signal=29%",BCL2A1/CXCL1/CCL20/BTG3/PTX3/RIPK2/CXCL10/CEBPB/PTGS2/NFKBIE/FOSL1/TAP1/SLC2A6/BMP2/IL15RA/CD83/PNRC1/NFIL3/FUT4/IL1A/CXCL11/ICAM1/RELB/RNF19B/CCL5/SPHK1/TNF/TNFRSF9/CXCL3/TRAF1/PLAUR/IL23A/TNFAIP2/SERPINB2/NFKB2/YRDC/IFIH1/CXCL6/TANK/PLEK/CCL4/TNFSF9/VEGFA/SAT1/TLR2/BIRC3/RCAN1/DUSP2/TNFAIP3/SERPINB8/MAP2K3/IRF1/CFLAR/TNFAIP8/TRIP10/EDN1/EHD1/CD80/LIF/LAMB3/B4GALT5/MYC/NAMPT/SPSB1/IL7R/IL18/BIRC2/GPR183/KYNU,2,SNF_C2
HALLMARK_COMPLEMENT,HALLMARK_COMPLEMENT,194,0.3957480279423376,1.799706791464596,6.2036352566818905e-6,2.3860135602622655e-5,1.0548691529580542e-5,5392,"tags=43%, list=27%, signal=32%",PLA2G4A/CTSV/LYN/CXCL1/CTSC/L3MBTL4/CEBPB/PIM1/GZMB/PRSS3/MMP12/CASP5/DGKG/SPOCK2/XPNPEP1/PLA2G7/CCL5/PSMB9/PFN1/CTSS/PLAUR/FYN/SERPINB2/LCK/ADRA2B/PLSCR1/WAS/LGMN/CR2/KLK1/PLEK/PREP/S100A9/C1QA/FDX1/CR1/TNFAIP3/PCSK9/C1QC/GNB4/IRF1/LCP2/GP1BA/CASP1/RHOG/C2/GZMA/CASP10/EHD1/S100A12/FCER1G/CTSL/KCNIP3/GNGT2/APOBEC3G/CD40LG/CASP4/GNAI3/KYNU/FCN1/CTSB/C1S/C1R/C3/ANXA5/HPCAL4/LAP3/F5/COL4A2/MMP15/PIK3R5/GZMK/SRC/CP/APOBEC3F/LAMP2/ME1/CASP3/PIK3CG/CPM/DYRK2/GCA/MAFF,2,SNF_C2
HALLMARK_IL6_JAK_STAT3_SIGNALING,HALLMARK_IL6_JAK_STAT3_SIGNALING,83,0.48670275157050424,1.9808346020797853,7.70417511161086e-6,2.751491111289593e-5,1.2164487018332935e-5,3017,"tags=37%, list=15%, signal=32%",IL1R2/CXCL1/CXCL10/IL2RA/PTPN2/PIM1/CD38/TNFRSF21/IL15RA/BAK1/IL12RB1/CXCL11/TNF/CXCL3/IL2RG/LTBR/CSF2RB/SOCS1/LTB/CXCL9/CCR1/CD14/TLR2/IL18R1/CCL7/IFNGR1/IRF1/TNFRSF1B/MYD88/FAS/IL7,2,SNF_C2
HALLMARK_MITOTIC_SPINDLE,HALLMARK_MITOTIC_SPINDLE,197,0.3720259231455673,1.6897794868414997,6.775895235536668e-5,2.2586317451788897e-4,9.98552982079088e-5,5588,"tags=40%, list=28%, signal=29%",FSCN1/NCK2/KIF2C/NCK1/PIF1/TTK/CDC42EP1/NDC80/PLK1/CCNB2/MID1/BUB1/KATNA1/ANLN/TPX2/INCENP/TUBA4A/FBXO5/DLGAP5/MYO9B/BIRC5/STK38L/ABI1/KIF23/PLEKHG2/KIF15/TUBGCP3/ACTN4/CCDC88A/KIF4A/CENPF/BIN1/SUN2/CDK1/AURKA/LMNB1/MYO1E/ARHGAP27/CLIP2/SOS1/CENPE/CEP72/CEP57/KIF11/RASA2/FLNA/EPB41L2/DOCK2/WASF1/BRCA2/PRC1/KIF3C/KIF1B/BCR/ARHGEF2/GEMIN4/SMC4/SASS6/NEK2/ESPL1/RHOF/UXT/KATNB1/PCNT/ECT2/RASAL2/RACGAP1/CDC42EP4/MYH9/CKAP5/ARHGAP10/MAPRE1/SAC3D1/ARHGAP4/MARCKS/RALBP1/LRPPRC/KIF20B,2,SNF_C2
HALLMARK_GLYCOLYSIS,HALLMARK_GLYCOLYSIS,195,0.3534309806568083,1.605886015852229,5.709282938894377e-4,0.0016792008643806992,7.423835400419933e-4,6159,"tags=44%, list=30%, signal=31%",CHST2/PLOD1/NASP/ENO1/DSC2/CENPA/STMN1/EGFR/PFKP/CHST4/LCT/UGP2/RRAGD/TGFA/DEPDC1/MDH1/TPI1/ADORA2B/CLDN9/ME2/B4GALT2/CHST6/SLC25A13/KIF20A/EXT1/CXCR4/MET/SAP30/VLDLR/TKTL1/B3GNT3/VEGFA/CDK1/AURKA/ISG20/SOX9/TALDO1/EXT2/DDIT4/PYGB/HMMR/PGK1/TGFBI/TXN/PSMC4/NANP/MDH2/ERO1A/ANGPTL4/MIOX/NSDHL/IGFBP3/PKM/GOT1/PPIA/SLC16A3/CLN6/PLOD2/HS2ST1/PGAM1/GALK1/ANKZF1/NT5E/G6PD/ME1/EFNA3/SDC1/B3GAT1/RPE/AK4/LDHA/KDELR3/PGM2/DLD/GNE/B4GALT4/SDC3/GAL3ST1/SLC37A4/HAX1/P4HA2/CHST12/HSPA5/DPYSL4/ABCB6,2,SNF_C2
HALLMARK_IL2_STAT5_SIGNALING,HALLMARK_IL2_STAT5_SIGNALING,197,0.35097747527447065,1.5941753011393252,5.6119985364762e-4,0.0016792008643806992,7.423835400419933e-4,3663,"tags=31%, list=18%, signal=26%",GLIPR2/IL1R2/CCNE1/ODC1/CXCL10/IL2RA/NCS1/PIM1/NDRG1/RRAGD/TNFRSF21/BMP2/S100A1/CD83/NFIL3/IRF4/PRNP/UCK2/CTLA4/PLAGL1/PLIN2/PNP/TNFRSF9/CD79B/PDCD2L/ICOS/TRAF1/DCPS/GBP4/TNFRSF8/SOCS1/LRRC8C/LTB/BATF3/PLSCR1/SELL/ITGAE/ST3GAL4/IL18R1/ITGA6/CD48/COCH/ADAM19/IFNGR1/MYO1E/PUS1/TNFRSF1B/CD86/IRF8/CCND3/LIF/CST7/IL10RA/NOP2/MYC/ETV4/CTSZ/PTCH1/TNFRSF4/EOMES/CKAP4,2,SNF_C2
HALLMARK_UV_RESPONSE_UP,HALLMARK_UV_RESPONSE_UP,156,0.3571502620993446,1.5801525467783546,0.0011159558868930684,0.0030998774635918563,0.001370472141798505,4697,"tags=37%, list=23%, signal=29%",CTSV/GAL/LYN/CCNE1/BTG3/RFC4/GLS/AMD1/KLHDC3/TAP1/BMP2/BID/HLA-F/BAK1/CEBPG/ICAM1/TUBA4A/CHRNA5/TYRO3/AGO2/RPN1/FEN1/ARRB2/TARS1/GGH/NPTX2/PDAP1/SIGMAR1/EPCAM/E2F5/NKX2-5/IRF1/PRPF3/H2AX/LHX2/CDC5L/CCND3/TFRC/ALAS1/CDKN2B/YKT6/SLC6A8/POLE3/PSMC3/CCK/STK25/MGAT1/DDX21/CDK2/STIP1/CNP/CDC34/CREG1/PPIF/DNAJA1/CHKA/POLR2H/GCH1,2,SNF_C2
HALLMARK_KRAS_SIGNALING_UP,HALLMARK_KRAS_SIGNALING_UP,193,0.3360643538435613,1.5296075182110094,0.0017586010985833312,0.004627897627850872,0.0020460178986288066,4770,"tags=37%, list=23%, signal=29%",CCL20/KCNN4/CXCL10/PTGS2/SLPI/TMEM158/MALL/BMP2/ADAMDEC1/MPZL2/MAP4K1/GPRC5B/BTBD3/PDCD1LG2/CTSS/IL2RG/TRAF1/ETV5/PLAUR/HKDC1/CXCR4/YRDC/IL1RL2/EPHB2/LCP1/BIRC3/IKZF1/TLR8/CD37/ITGB2/TNFAIP3/SOX9/WNT7A/TNFRSF1B/PCSK1N/ADAM17/ZNF639/IRF8/ALDH1A3/ETS1/LIF/FCER1G/USH1C/IL10RA/FGF9/CSF2RA/ETV4/DOCK2/WDR33/DCBLD2/ERO1A/NGF/GYPC/IL7R/SNAP91/ANGPTL4/LAPTM5/PSMB8/GPNMB/HSD11B1/LY96/IGFBP3/TMEM100/PRDM1/TNNT2/TRIB2/PCP4/MYCN/ST6GAL1/RETN/ANKH/BTC,2,SNF_C2
HALLMARK_HYPOXIA,HALLMARK_HYPOXIA,194,0.3234383775491342,1.4708708662984944,0.004523540158384597,0.011308850395961492,0.004999702280319817,3098,"tags=25%, list=15%, signal=22%",NCAN/CHST2/ENO1/CSRP2/EGFR/PDK1/PIM1/PFKP/NDRG1/PPARGC1A/UGP2/RRAGD/PKP1/PGM1/CHST3/GAPDH/TPI1/PNRC1/NFIL3/ADORA2B/GCNT2/SLC2A5/TMEM45A/XPNPEP1/GPI/PRKCA/PLIN2/ADM/TES/PLAUR/EXT1/CXCR4/S100A4/SAP30/VLDLR/TKTL1/SLC2A1/VEGFA/PLAC8/HS3ST1/TNFAIP3/ISG20/SCARB1/PHKG1/JMJD6/DDIT4/PGK1/TGFBI/ETS1,2,SNF_C2
HALLMARK_SPERMATOGENESIS,HALLMARK_SPERMATOGENESIS,111,0.3648678083490725,1.5413259906785917,0.005372216648822053,0.012790992021004888,0.005654964893496898,2964,"tags=28%, list=15%, signal=24%",ART3/IL12RB2/LPIN1/RFC4/DMRT1/KIF2C/TTK/PSMG1/CCNA1/POMC/EZH2/DBF4/CCNB2/BUB1/ACRV1/SLC2A5/NCAPH/CSNK2A2/RPL39L/TKTL1/GFI1/TLE4/CDK1/TCP11/AURKA/TALDO1/CDKN3/CNIH2/PCSK1N/DCC/AGFG1,2,SNF_C2
HALLMARK_UNFOLDED_PROTEIN_RESPONSE,HALLMARK_UNFOLDED_PROTEIN_RESPONSE,113,0.3528211581389189,1.4981157312227116,0.011709305861823551,0.02661205877687171,0.011765331248722227,4869,"tags=36%, list=24%, signal=28%",PSAT1/CEBPB/SLC7A5/DKC1/CKS1B/PDIA6/CEBPG/CHAC1/CALR/NABP1/PDIA5/KHSRP/MTHFD2/ATF4/TARS1/VEGFA/TATDN2/NFYA/PREB/HSP90B1/H2AX/EIF4EBP1/EIF4G1/DDIT4/DDX10/NOP56/SRPRB/ERO1A/HYOU1/NOLC1/GEMIN4/POP4/SSR1/XPOT/EXOSC2/EXOSC4/LSM4/RRP9/CCL2/EXOSC9/EXOSC5,2,SNF_C2
HALLMARK_APICAL_JUNCTION,HALLMARK_APICAL_JUNCTION,198,0.3044294958187305,1.383482006512986,0.015304865665085512,0.03327144709801198,0.01470948187491056,5120,"tags=32%, list=25%, signal=24%",CLDN6/COL9A1/FSCN1/NRTN/RSU1/CDH3/EGFR/MSN/CALB2/SIRPA/ACTG2/DSC3/CLDN9/MPZL2/ICAM1/CDK8/VCAM1/ICAM5/MPZL1/CD274/PFN1/TRAF1/ARPC2/SLC30A3/NECTIN1/CX3CL1/ACTN4/ACTB/MVD/SPEG/RAC2/FYB1/CDH4/LAMC2/CD86/CD209/PTPRC/TGFBI/GNAI1/LAMB3/CLDN14/EPB41L2/NECTIN4/ITGB4/ITGA9/YWHAH/NF2/ACTN1/ADAM15/MAP4K2/ICAM2/SYK/DHX16/RHOF/CLDN4/ZYX/THBS3/SRC/AKT3/VASP/MMP9/MYH9/PLCG1,2,SNF_C2
HALLMARK_OXIDATIVE_PHOSPHORYLATION,HALLMARK_OXIDATIVE_PHOSPHORYLATION,200,0.296885943570075,1.3506878877505872,0.02124469342206212,0.04425977796262942,0.01956748078347827,7421,"tags=48%, list=37%, signal=30%",UQCRH/LDHB/PDHA1/POLR2F/ATP5F1C/MDH1/MRPL15/GPI/CYCS/TIMM50/TOMM22/ATP5MC3/SLC25A5/POR/MRPS22/PHB2/NDUFA9/SUPV3L1/MRPS12/FDX1/HCCS/COX5A/MRPL11/MRPS15/TIMM8B/MPC1/COX4I1/ALAS1/MDH2/ATP5MF/FH/SDHD/AFG3L2/UQCRFS1/FXN/COX7B/IDH2/NDUFA6/IMMT/SUCLG1/HSD17B10/HTRA2/DLAT/CYB5R3/ACAA2/SDHB/CYC1/COX10/BAX/PHYH/COX6B1/DECR1/COX5B/NDUFB3/UQCRB/ATP5PF/IDH3G/NDUFB5/ATP5PB/ATP6V1F/SDHA/ATP5PO/LDHA/NDUFV1/LRPPRC/NDUFS6/NQO2/DLD/TIMM10/TIMM17A/MGST3/VDAC2/NDUFS3/SLC25A6/ATP5MC1/OPA1/COX7A2L/MRPL34/NDUFA1/ETFA/VDAC3/PDP1/NDUFA4/HADHA/NDUFB6/UQCRC1/PMPCA/NDUFB7/IDH3B/NDUFB2/ATP5MG/UQCR10/OAT/SLC25A3/COX7A2,2,SNF_C2
HALLMARK_BILE_ACID_METABOLISM,HALLMARK_BILE_ACID_METABOLISM,104,-0.2733466204784173,-1.3158364027788014,0.029616028489005096,0.05923205697801019,0.02618680413764661,4504,"tags=38%, list=22%, signal=29%",FDXR/SLC23A1/ABCA6/APOA1/PECR/DHCR24/CYP46A1/GNMT/BCAR3/DIO1/HSD3B7/ATXN1/SULT2B1/PEX1/RETSAT/RXRA/AMACR/LIPE/ABCA9/LONP2/ABCA8/NEDD4/ISOC1/PEX7/EPHX2/ABCA2/PEX11G/CROT/PEX19/AR/ABCD3/PEX11A/ABCA3/PEX12/SLC27A2/EFHC1/HSD17B4/NUDT12/SERPINA6,2,SNF_C2
HALLMARK_DNA_REPAIR,HALLMARK_DNA_REPAIR,149,0.3091766773777277,1.3519652812011371,0.0318223112480914,0.061196752400175775,0.027055406324288236,7114,"tags=49%, list=35%, signal=32%",RFC4/SF3A3/POLR2F/UPF3B/SSRP1/RFC2/ALYREF/ADA/POLR1C/SUPT5H/TYMS/PNP/GTF3C5/POLD1/FEN1/VPS37B/POLR2D/RAD51/RFC3/CLP1/SEC61A1/DGUOK/HCLS1/PCNA/PDE6G/CSTF3/TAF13/ELOA/POLH/SDCBP/HPRT1/NELFE/UMPS/CMPK2/ZWINT/PDE4B/RPA2/POLA2/POLR3C/ADRM1/RBX1/GSDME/POLR2H/POLR1H/RALA/SAC3D1/GUK1/TAF1C/ERCC3/NUDT21/NCBP2/POLR2C/APRT/GTF2B/NT5C3A/NME1/GTF2A2/CDA/ITPA/POLD3/TAF12/NELFCD/AGO4/RFC5/NPR2/TAF6/NELFB/POLR2I/DGCR8/LIG1/POLR2J/RNMT/POLR2K,2,SNF_C2
HALLMARK_PI3K_AKT_MTOR_SIGNALING,HALLMARK_PI3K_AKT_MTOR_SIGNALING,103,0.3292458296115213,1.3746788818001345,0.03636363636363636,0.06734006734006734,0.029771398192450824,6132,"tags=39%, list=30%, signal=27%",EGFR/PDK1/NCK1/ACTR3/CALR/PFN1/IL2RG/SFN/CXCR4/DAPP1/LCK/CDK4/FASLG/SLC2A1/CDK1/E2F1/AP2M1/NFKBIB/PRKCB/MAP2K3/HSP90B1/MYD88/SLA/NGF/ACTR2/CDK2/RPS6KA3/CFL1/RPS6KA1/MAPKAP1/CSNK2B/PLCG1/DDIT3/ADCY2/STAT2/TRAF2/NOD1/ARF1/MKNK1/MAP3K7,2,SNF_C2
HALLMARK_WNT_BETA_CATENIN_SIGNALING,HALLMARK_WNT_BETA_CATENIN_SIGNALING,42,0.4195351454634309,1.5136769623587476,0.038306141024471364,0.06840382325798458,0.030241690282477394,3535,"tags=31%, list=17%, signal=26%",WNT6/SKP2/NOTCH1/HDAC2/DKK1/PPARD/CUL1/ADAM17/WNT5B/GNAI1/TCF7/MYC/PTCH1,2,SNF_C2
HALLMARK_UV_RESPONSE_DN,HALLMARK_UV_RESPONSE_DN,143,-0.24815210116441172,-1.2709956832433893,0.042099039214835376,0.07258455037040581,0.032090011742705725,5642,"tags=41%, list=28%, signal=30%",NIPBL/FHL2/PRDM2/MGMT/SCAF8/SYNJ2/PHF3/BCKDHB/RGS4/ATRN/TJP1/COL1A1/ZMIZ1/DDAH1/COL1A2/COL3A1/COL5A2/MIOS/PMP22/TGFBR3/KCNMA1/CITED2/CDKN1B/MAP2K5/SFMBT1/YTHDC1/ATXN1/LPAR1/PRKAR2B/PDGFRB/MGLL/PRKCE/ATRX/DLC1/DBP/PIAS3/DUSP1/RBPMS/RXRA/PTEN/RUNX1/BDNF/CAP2/IGFBP5/SMAD3/SPOP/ICA1/DMAC2L/AMPH/CDON/GJA1/MAGI2/AGGF1/BHLHE40/TOGARAM1/IRS1/IGF1R/INPP4B/APBB2,2,SNF_C2
HALLMARK_KRAS_SIGNALING_DN,HALLMARK_KRAS_SIGNALING_DN,181,0.28952003110314767,1.3028269239648416,0.05012224938875306,0.08353708231458844,0.03693218376013383,4190,"tags=30%, list=21%, signal=24%",CHST2/CLDN16/TGM1/TCF7L1/SLC6A14/CCNA1/CDKAL1/PKP1/KLK7/GPR3/SOX10/RYR1/CYP39A1/IFNG/GPR19/KLK8/DTNB/NUDT11/EDAR/SLC38A3/PDCD1/TEX15/CKM/GTF3C5/STAG3/SLC30A3/TFCP2L1/SMPX/SERPINB2/KRT5/TLX1/KLHDC8A/TCL1A/CPA2/PTGFR/CALCB/MEFV/KCNN1/GP1BA/EDN1/DCC/CD80/CAMK1D/PLAG1/UPK3B/LGALS7/MACROH2A2/CD40LG/WNT16/CALML5/KCNMB1/ITGB1BP2/PAX3/EDN2,2,SNF_C2
HALLMARK_REACTIVE_OXYGEN_SPECIES_PATHWAY,HALLMARK_REACTIVE_OXYGEN_SPECIES_PATHWAY,47,0.3835903567889031,1.4218871046579822,0.061711079943899017,0.09953399990951453,0.04400450522315379,6874,"tags=47%, list=34%, signal=31%",PFKP/PRDX4/PRNP/SCAF4/IPCEF1/MPO/TXN/CDKN2D/MBP/NDUFA6/PRDX1/STK25/FTL/PRDX6/FES/ABCC1/G6PD/TXNRD1/LSP1/GCLM/OXSR1/LAMTOR5,2,SNF_C2
HALLMARK_P53_PATHWAY,HALLMARK_P53_PATHWAY,200,0.2701342837044999,1.2289807347505088,0.10144927536231885,0.1585144927536232,0.07008009153318077,4120,"tags=27%, list=20%, signal=22%",CDKN2A/LDHB/RAP2B/NOTCH1/IRAK1/RHBDF2/NDRG1/UPP1/TAP1/TGFA/BMP2/BAK1/SERPINB5/ST14/ADA/IL1A/KLK8/STEAP3/RNF19B/EPHA2/PERP/S100A10/SPHK1/SFN/TCN2/CD82/SOCS1/KRT17/S100A4/PRMT2/TNFSF9/SAT1/IRAG2/SEC61A1/APP/PCNA/CASP1/RPS12/DNTTIP2/DDIT4/FAS/CCND3/PTPN14/LIF/CDKN2B/TM4SF1/IFI30/NUDT15/ITGB4/POLH/WRAP73/FBXW7/TPRKB/GM2A,2,SNF_C2
HALLMARK_NOTCH_SIGNALING,HALLMARK_NOTCH_SIGNALING,32,0.3871066198079541,1.317238437705175,0.11145510835913312,0.16887137630171686,0.07465892425970638,5167,"tags=47%, list=25%, signal=35%",ST3GAL6/NOTCH1/MAML2/PRKCA/PPARD/FZD7/SAP30/CUL1/DTX4/DTX2/TCF7L2/RBX1/NOTCH3/APH1A/FZD5,2,SNF_C2
HALLMARK_CHOLESTEROL_HOMEOSTASIS,HALLMARK_CHOLESTEROL_HOMEOSTASIS,74,0.3125358590670609,1.2493245925893817,0.12757201646090535,0.18760590656015494,0.08294155868975271,5098,"tags=34%, list=25%, signal=25%",FABP5/CXCL16/PNRC1/NFIL3/FDPS/PLAUR/S100A11/PLSCR1/STARD4/MVD/LGMN/CBS/ACAT2/EBP/DHCR7/GNAI1/ATF5/NSDHL/ANXA5/ERRFI1/IDI1/PCYT2/CHKA/FBXO6/LSS,2,SNF_C2
HALLMARK_FATTY_ACID_METABOLISM,HALLMARK_FATTY_ACID_METABOLISM,152,-0.21392147243885382,-1.1066229447613347,0.16417910447761194,0.2345415778251599,0.10369206598586017,4200,"tags=33%, list=21%, signal=26%",HSD17B7/SUCLA2/RDH16/CA4/GPD2/CA2/RAP1GDS1/CRYZ/CIDEA/FASN/MGLL/HAO2/ECI1/GSTZ1/D2HGDH/GPD1/ACADS/AQP7/INMT/RETSAT/CYP4A22/CRAT/CPT1A/LTC4S/AUH/AOC3/XIST/ECI2/ETFDH/ADIPOR2/SERINC1/MAOA/PTPRG/ALDH3A2/BLVRA/SUCLG2/PDHB/HMGCS2/REEP6/ACOT2/HMGCL/HSDL2/CYP4A11/ALAD/UGDH/GLUL/ELOVL5/HSD17B4/BMPR1B/SLC22A5,2,SNF_C2
HALLMARK_PANCREAS_BETA_CELLS,HALLMARK_PANCREAS_BETA_CELLS,28,-0.3289271277093355,-1.19810103114314,0.1967654986522911,0.27328541479484875,0.12082092022509103,4734,"tags=39%, list=23%, signal=30%",PCSK2/SCGN/STXBP1/HNF1A/SRP14/SPCS1/SYT13/INSM1/PCSK1/CHGA/ABCC8,2,SNF_C2
HALLMARK_PROTEIN_SECRETION,HALLMARK_PROTEIN_SECRETION,96,-0.23603742856468116,-1.1135783992543098,0.21544715447154472,0.2911448033399253,0.1287166498976512,4612,"tags=30%, list=23%, signal=23%",NAPG/CLTC/COPB1/TMED10/PPT1/CLN5/GBF1/SNX2/ARFGEF2/ARFGEF1/RAB14/CLCN3/VAMP4/YIPF6/GLA/AP3B1/TSG101/ATP7A/ICA1/NAPA/SNAP23/GALC/TOM1L1/AP2B1/MON2/ARFIP1/KRT18/COG2/SCAMP1,2,SNF_C2
HALLMARK_HEME_METABOLISM,HALLMARK_HEME_METABOLISM,182,-0.19094436479514437,-1.0232798573758661,0.35714285714285715,0.46992481203007525,0.2077562326869806,3219,"tags=21%, list=16%, signal=18%",MINPP1/SELENBP1/DCAF11/SLC25A38/TSPAN5/CLCN3/GATA1/KHNYN/GDE1/SIDT2/BNIP3L/ATP6V0A1/HAGH/TRIM58/GAPVD1/BLVRA/ARHGEF12/RNF123/MARCHF8/TRAK2/ABCG2/SLC30A1/SLC22A4/EPOR/LRP10/PIGQ/RBM5/HEBP1/NUDT4/EZH1/ALAD/DCAF10/TMEM9B/VEZF1/ALDH6A1/ADD1/BTG2/BTRC/BCAM,2,SNF_C2
HALLMARK_APICAL_SURFACE,HALLMARK_APICAL_SURFACE,43,0.28241694744386153,1.0254824519915966,0.42005813953488375,0.5347593582887701,0.23641992682240362,2558,"tags=23%, list=13%, signal=20%",RHCG/LYN/MAL/IL2RG/PLAUR/GHRL/CX3CL1/EFNA5/APP/PCSK9,2,SNF_C2
HALLMARK_XENOBIOTIC_METABOLISM,HALLMARK_XENOBIOTIC_METABOLISM,184,-0.18679617447978503,-1.0071974006646465,0.42780748663101603,0.5347593582887701,0.23641992682240362,4205,"tags=24%, list=21%, signal=20%",GNMT/AOX1/GSTT2/CA2/CYFIP2/SLC46A3/MARCHF6/PINK1/PTGR1/SLC35D1/DHRS7/RETSAT/PTGES/MAN1A1/PDK4/CFB/CYP4F2/LEAP2/CYP26A1/ETFDH/ACOX3/GAD1/ACSM1/MAOA/FAH/ARPP19/VTN/CYB5A/TKFC/NINJ1/CROT/ACOX2/CSAD/MPP2/SAR1B/UGDH/IGFBP4/ELOVL5/TAT/ENTPD5/TMBIM6/FBP1/MCCC2/SERPINA6/ESR1,2,SNF_C2
HALLMARK_EPITHELIAL_MESENCHYMAL_TRANSITION,HALLMARK_EPITHELIAL_MESENCHYMAL_TRANSITION,200,0.2123201532027215,0.965954318374712,0.5531400966183575,0.6745610934370213,0.2982270097300515,4417,"tags=22%, list=22%, signal=17%",PLOD1/CXCL1/PTX3/COLGALT1/MCM7/FOXC2/PLOD3/CRLF1/PVR/IL32/GPX7/SERPINE2/SFRP1/VCAM1/DKK1/CXCL8/PLAUR/MMP1/CALU/CXCL6/VEGFA/SAT1/SERPINH1/IL15/TNFAIP3/PFN2/PPIB/LAMC2/SNTB1/GLIPR1/FAS/TGFBI/FLNA/VIM/P3H1/SLC6A8/PCOLCE2/IGFBP3/MEST/LAMA1/FBLN5/FBN2/COL4A2,2,SNF_C2
HALLMARK_APOPTOSIS,HALLMARK_APOPTOSIS,158,0.2130336039875061,0.9450785392429443,0.5945273631840796,0.7015994504955353,0.3101808096927629,5443,"tags=30%, list=27%, signal=22%",BTG3/CCNA1/CD38/TAP1/BMP2/BID/PRF1/CDC25B/PPP3R1/IL1A/BCL2L10/TNF/ANXA1/FASLG/TSPO/SAT1/EBP/CD14/BIRC3/CASP2/APP/ISG20/CD2/IFNGR1/IRF1/CFLAR/CASP1/FAS/DFFA/HMGB2/GNA15/CASP4/PLCB2/IL18/CDK2/BAX/LMNA/DAP/DNAJA1/GCH1/ANKH/DAP3/CASP3/MCL1/DDIT3/DNM1L/TNFRSF12A,2,SNF_C2
HALLMARK_PEROXISOME,HALLMARK_PEROXISOME,101,-0.19624386739400687,-0.9393011243856282,0.6033755274261603,0.7015994504955353,0.3101808096927629,4449,"tags=28%, list=22%, signal=22%",MVP/DHCR24/IDE/DIO1/HSD3B7/ATXN1/SULT2B1/HAO2/CDK7/RETSAT/CRAT/LONP2/ECI2/ISOC1/UGT2B17/ABCC5/EPHX2/DLG4/HMGCL/ALB/ABCD3/PEX11A/SLC27A2/SEMA3C/ELOVL5/ABCC8/HSD17B4/SERPINA6,2,SNF_C2
HALLMARK_HEDGEHOG_SIGNALING,HALLMARK_HEDGEHOG_SIGNALING,35,0.261042126571832,0.9057961836874963,0.6238670694864048,0.7089398516890965,0.3134260396941268,5235,"tags=40%, list=26%, signal=30%",CDK6/PML/VLDLR/VEGFA/L1CAM/ACHE/TLE1/ADGRG1/PTCH1/DPYSL2/NRP2/HEY2/MYH9/ETS2,2,SNF_C2
HALLMARK_MYOGENESIS,HALLMARK_MYOGENESIS,190,-0.17112575450903258,-0.9204329228841545,0.7602339181286549,0.8447043534762833,0.3734482404842515,4707,"tags=28%, list=23%, signal=22%",SPARC/AEBP1/MYH4/GNAO1/BDKRB2/MYH1/CD36/COL3A1/MYL3/ADAM12/PSEN2/FKBP1B/MYO1C/FST/MYH8/TNNT1/COL6A3/MYL7/LDB3/CRAT/AGL/RB1/TSC2/LARGE1/MYH11/BAG1/COX7A1/ATP6AP1/CASQ2/ITGB5/CAMK2B/CFD/MYOG/SGCD/HSPB8/VIPR1/LAMA2/REEP1/CACNG1/MEF2D/OCEL1/SGCG/CASQ1/SPDEF/HRC/PVALB/PPP1R3C/CACNA1H/BHLHE40/ERBB3/KCNH1/ADCY9/STC2,2,SNF_C2
HALLMARK_COAGULATION,HALLMARK_COAGULATION,122,0.19694862290385795,0.8424667997828607,0.78748370273794,0.8559605464542825,0.37842466264294594,5084,"tags=25%, list=25%, signal=19%",CTSV/MMP7/TF/SH2B2/S100A1/KLK8/LEFTY2/ANXA1/MMP1/FYN/SERPINB2/LGMN/PLEK/PREP/C8G/C1QA/GP1BA/C2/SIRT2/CTSB/C1S/C1R/C3/P2RY1/CTSE/MMP15/A2M/LAMP2/MEP1A/MMP9/GDA,2,SNF_C2
HALLMARK_ANGIOGENESIS,HALLMARK_ANGIOGENESIS,32,0.23022695553838138,0.7834115453294166,0.8126934984520123,0.864567551544694,0.3822298648934436,2480,"tags=16%, list=12%, signal=14%",TNFRSF21/S100A4/CXCL6/VEGFA/APP,2,SNF_C2
HALLMARK_ADIPOGENESIS,HALLMARK_ADIPOGENESIS,197,0.18452906009295747,0.8381497123500578,0.8351515151515152,0.869949494949495,0.38460925039872407,4978,"tags=24%, list=25%, signal=18%",ATL2/SLC5A6/MCCC1/ATP1B3/PGM1/MRPL15/COQ3/AK2/ANGPT1/PLIN2/CDKN2C/CMPK1/NABP1/ORM1/POR/TANK/TKT/IFNGR1/SCARB1/PREB/TALDO1/RIOK3/DHCR7/COQ9/PTCD3/ESRRA/MDH2/CHCHD10/MTCH2/PFKL/COX7B/ANGPTL4/IMMT/SUCLG1/DLAT/ACAA2/C3/SDHB/CYC1/SLC19A1/PHYH/RETN/DECR1/JAGN1/IDH3G/APOE/ME1,2,SNF_C2
HALLMARK_ANDROGEN_RESPONSE,HALLMARK_ANDROGEN_RESPONSE,101,-0.1644018279006172,-0.7868924713354799,0.9240506329113924,0.9429088090932576,0.41686494717807177,3265,"tags=36%, list=16%, signal=30%",PTPN21/TARP/PIAS1/SCD/KLK2/SEC24D/HMGCR/TPD52/LIFR/ELL2/ZMIZ1/PLPP1/AZGP1/DHCR24/NCOA4/SELENOP/STEAP4/H1-0/KRT19/SORD/APPBP2/MAK/NKX3-1/AKAP12/SRP19/KLK3/KRT8/STK39/IQGAP2/SPDEF/ABHD2/GPD1L/CCND1/ELOVL5/BMPR1B/INPP4B,2,SNF_C2
HALLMARK_TGF_BETA_SIGNALING,HALLMARK_TGF_BETA_SIGNALING,54,-0.10536837936350613,-0.44262175603961923,1,1,0.4421052631578947,6121,"tags=33%, list=30%, signal=23%",JUNB/CDH1/RHOA/SLC20A1/SKIL/HIPK2/TJP1/NCOR2/ARID4B/THBS1/BCAR3/BMPR2/LTBP2/APC/XIAP/SMAD3/RAB31/PPM1A,2,SNF_C2
HALLMARK_ALLOGRAFT_REJECTION,HALLMARK_ALLOGRAFT_REJECTION,193,-0.6758724466895817,-2.5523414237615643,1e-10,6.428571428571429e-10,3.609022556390977e-10,4229,"tags=67%, list=21%, signal=54%",PSMB10/THY1/HLA-A/RPS19/JAK2/TGFB1/CD80/B2M/NOS2/F2R/IL2RB/CCL22/IL1B/ITGAL/CCL11/LY86/IFNGR2/CSK/HLA-DQA1/IL18/CFP/TGFB2/BCAT1/TNF/FCGR2B/TAP1/IGSF6/GPR65/IL4R/SOCS5/STAB1/IL10/ACVR2A/CCR1/CD86/IL7/GBP2/NCK1/SPI1/CD74/ST8SIA4/WARS1/TLR6/CXCL9/TAP2/SOCS1/IL12B/IL15/HLA-DMA/FLNA/CCL2/HLA-DMB/IL12A/CCL4/TLR2/CTSS/HLA-DRA/IFNG/ITGB2/CCND2/CD4/FASLG/TLR1/NLRP3/HLA-DOA/FYB1/NCF4/LCP2/KRT1/CD40/IL27RA/CD28/CDKN2A/CCR5/CXCR3/LY75/NCR1/LTB/WAS/HLA-E/IFNGR1/CD1D/CD8A/GZMA/CD2/IL2RG/CCL13/IRF8/ICAM1/CD8B/HCLS1/GZMB/CD3D/IFNAR2/CD79A/IL12RB1/TRAT1/CD7/FGR/PTPRC/KLRD1/CRTAM/CD96/IL16/SRGN/CCL5/STAT4/CCL19/SIT1/ZAP70/IL6/CD3E/LIF/CD3G/IRF4/CCR2/ITK/IL2RA/IL18RAP/CD40LG/CD247/MAP4K1/FAS/PRF1/PRKCB/LCK/LYN/ETS1/HLA-DOB/EGFR,3,SNF_C1
HALLMARK_TNFA_SIGNALING_VIA_NFKB,HALLMARK_TNFA_SIGNALING_VIA_NFKB,198,-0.6299922028462963,-2.3822569936687934,1e-10,6.428571428571429e-10,3.609022556390977e-10,4910,"tags=64%, list=24%, signal=49%",PTPRE/TNIP1/MYC/IFIH1/ZC3H12A/KYNU/F2RL1/RIPK2/CCNL1/CEBPD/GADD45A/MARCKS/GADD45B/IER2/KLF2/F3/BTG1/CCRL2/TNFAIP2/EHD1/KLF9/MAP2K3/EGR3/JAG1/TNFAIP6/CD80/MAP3K8/B4GALT5/BIRC2/PER1/IL23A/TNC/IL1B/KLF4/IFNGR2/DUSP1/MAFF/NR4A1/IL18/MCL1/PDE4B/SLC2A6/TNF/SERPINE1/TAP1/TNFSF9/NFKB2/JUNB/SERPINB2/IL1A/STAT5A/FOS/SAT1/IRF1/DNAJB4/TANK/NAMPT/JUN/NFKBIE/FOSB/RNF19B/CEBPB/CXCL11/PPP1R15A/G0S2/PLAUR/NR4A3/TRIP10/BTG3/KLF6/IL12B/HBEGF/CCL2/ATF3/CCL4/TLR2/RELB/SPSB1/MSC/CXCL10/SOCS3/CCL20/GEM/DUSP2/EGR1/GFPT2/LAMB3/SPHK1/ZFP36/PLPP3/SERPINB8/CFLAR/CD83/PLEK/TNFAIP8/CCN1/TNFRSF9/RCAN1/ICAM1/SLC2A3/PNRC1/BIRC3/NFIL3/GPR183/FUT4/CD69/CCL5/IL6/EGR2/EDN1/LIF/TRAF1/CXCL6/ETS2/IL15RA/CXCL3/SGK1/FOSL1/BCL2A1/IL7R/BMP2/TNFAIP3/PTGER4/CXCL2/PTGS2/CXCL1/PTX3,3,SNF_C1
HALLMARK_INFLAMMATORY_RESPONSE,HALLMARK_INFLAMMATORY_RESPONSE,198,-0.6214571083578684,-2.3499823267049513,1e-10,6.428571428571429e-10,3.609022556390977e-10,5085,"tags=67%, list=25%, signal=50%",PCDH7/CCL7/GNA15/CSF1/PTPRE/MYC/EREG/ABI1/RIPK2/HIF1A/RTP4/AHR/PVR/RGS16/CALCRL/SGMS2/F3/ITGB3/NMUR1/P2RX7/CCRL2/TNFSF15/APLNR/TNFAIP6/AQP9/IL2RB/CCL22/C5AR1/IL1B/MEP1A/RHOG/SLC31A2/ITGB8/OSM/MMP14/C3AR1/IFNGR2/DCBLD2/ITGA5/IL18/GPR132/RGS1/CSF3/PDE4B/AXL/SERPINE1/PDPN/TNFSF9/IL4R/CD14/IL1A/SEMA4D/MEFV/IRAK2/CD70/IRF1/EMP3/STAB1/IL10/NAMPT/ACVR2A/OSMR/HAS2/ADM/FPR1/ADGRE1/PTGIR/ADORA2B/CXCL11/HRH1/CMKLR1/CYBB/PLAUR/CXCL8/GP1BA/EBI3/SCARF1/CCL17/CXCL9/PIK3R5/KLF6/IL12B/IL15/HBEGF/KCNJ2/NMI/ROS1/PTAFR/CCL2/TLR2/SELE/CD82/CXCL10/CCL20/TLR1/NLRP3/SPHK1/LCP2/LTA/CD40/SELL/TNFRSF9/MARCO/KCNA3/CCR7/ICAM1/IL10RA/OPRK1/GPR183/CD69/CCL5/CCL24/CXCR6/MET/CD48/IL6/EDN1/LIF/CXCL6/IL18RAP/IL15RA/SLAMF1/LCK/IL7R/TNFRSF1B/LAMP3/PTGER4/LYN/IL18R1/TACR1/CHST2/CX3CL1,3,SNF_C1
HALLMARK_EPITHELIAL_MESENCHYMAL_TRANSITION,HALLMARK_EPITHELIAL_MESENCHYMAL_TRANSITION,200,-0.6132111704102556,-2.3212809337210643,1e-10,6.428571428571429e-10,3.609022556390977e-10,4846,"tags=64%, list=24%, signal=49%",ITGB1/NOTCH2/LGALS1/CDH11/FAP/TNFRSF12A/NID2/LOXL1/COL5A2/THBS2/COL8A2/GADD45A/PVR/SNTB1/SDC1/GADD45B/LUM/FGF2/TPM4/COL1A2/COL5A1/CD59/COL7A1/FBN1/OXTR/COL1A1/ITGB3/TNFRSF11B/MATN2/CTHRC1/THY1/LOXL2/SPARC/TGFB1/COL6A3/PDGFRB/PLOD3/EFEMP2/VCAN/HTRA1/TNC/COL3A1/VEGFC/PCOLCE/MXRA5/ADAM12/MMP14/TGM2/SLIT3/LAMC1/ITGA5/MYL9/MMP1/COL4A2/PRRX1/TGFBI/CALU/ECM2/SERPINE1/BGN/DST/LOX/DCN/PDLIM4/FBLN1/COLGALT1/BMP1/ACTA2/SAT1/TPM2/COL6A2/EMP3/LAMC2/NT5E/JUN/DKK1/SFRP4/SERPINH1/CXCL12/ABI3BP/P3H1/FERMT2/LAMA2/MMP3/MMP2/DAB2/DPYSL3/IGFBP3/TAGLN/PLAUR/SLIT2/COL16A1/LRP1/CXCL8/NNMT/IL15/FLNA/PLOD1/FSTL1/CALD1/MYLK/SNAI2/GEM/CRLF1/VCAM1/CCN2/GAS1/LAMA1/ELN/CCN1/IL32/FBLN2/GPX7/VIM/WIPF1/IL6/CXCL6/PCOLCE2/FOXC2/GLIPR1/FAS/FBLN5/SERPINE2/TNFAIP3/CXCL1/SFRP1/PTX3,3,SNF_C1
HALLMARK_INTERFERON_GAMMA_RESPONSE,HALLMARK_INTERFERON_GAMMA_RESPONSE,199,-0.5982310392250196,-2.2632524143940067,1e-10,6.428571428571429e-10,3.609022556390977e-10,5670,"tags=61%, list=28%, signal=45%",TMT1B/PSMB8/RSAD2/TRIM21/XAF1/STAT1/NFKBIA/PNP/LY6E/IFI44/LAP3/HLA-G/MT2A/BATF2/ISG20/CCL7/IFIH1/TXNIP/RIPK2/HIF1A/RTP4/STAT2/PSMB2/NUP93/PSMB10/MYD88/BTG1/HLA-A/MARCHF1/FCGR1A/JAK2/TNFAIP2/HLA-B/TNFAIP6/B2M/IL2RB/PLSCR1/SAMD9L/PTPN2/HLA-DQA1/GBP6/IFI30/APOL6/PDE4B/VAMP5/ARL4A/TAP1/ZBP1/PSMB9/MX2/IL4R/ARID5B/SAMHD1/IRF1/NAMPT/EPSTI1/PFKP/FPR1/CD86/IL7/SSPN/GBP4/CXCL11/CD74/CMKLR1/ST8SIA4/WARS1/LATS2/NLRC5/CXCL9/HLA-DRB1/SOCS1/IL15/KLRK1/NMI/XCL1/HLA-DMA/CCL2/CASP4/CD274/SELP/CASP1/ITGB7/NOD1/CXCL10/SOCS3/FGL2/PML/CFH/VCAM1/P2RY14/LCP2/CD40/SLAMF7/IL18BP/GPR18/GZMA/UPP1/IRF8/ICAM1/IFNAR2/IL10RA/CIITA/CD38/BANK1/CD69/CCL5/STAT4/IL6/IRF4/SERPING1/PELI1/IL15RA/FAS/IDO1/PIM1/C1S/C1R/TNFAIP3/CSF2RB/PTGS2/PLA2G4A,3,SNF_C1
HALLMARK_KRAS_SIGNALING_UP,HALLMARK_KRAS_SIGNALING_UP,193,-0.5748184381843574,-2.170724547369652,1e-10,6.428571428571429e-10,3.609022556390977e-10,4755,"tags=56%, list=23%, signal=43%",EREG/DUSP6/F2RL1/GALNT3/RETN/CBL/F13A1/RGS16/SNAP91/BTBD3/TFPI/ADAM17/PIGR/ST6GAL1/FLT4/TNNT2/FGF9/IL1B/SOX9/PLVAP/C3AR1/CLEC4A/ETV1/TRIB2/KLF4/DCBLD2/IL1RL2/PRRX1/IGF2/LAT2/SATB1/CIDEA/FCER1G/HKDC1/SPON1/ADGRL4/GUCY1A1/NGF/GNG11/ENG/EPHB2/ANKH/WNT7A/ADAMDEC1/SPARCL1/PPP1R15A/AKAP12/G0S2/CMKLR1/IGFBP3/LAPTM5/PLAUR/NRP1/ADGRA2/GPNMB/LCP1/MAFB/RBP4/HBEGF/EMP1/CXCR4/PECAM1/ANGPTL4/TSPAN7/TMEM158/MPZL2/CTSS/ABCB1/GPRC5B/TLR8/CXCL10/ITGB2/CCND2/CCL20/LY96/CSF2RA/CFH/GFPT2/DOCK2/ALDH1A3/ETV5/ALDH1A2/PRDM1/KCNN4/IL2RG/IRF8/IL33/IL10RA/BIRC3/CD37/PDCD1LG2/LIF/TRAF1/TMEM100/SLPI/MAP4K1/RELN/HSD11B1/SPRY2/IKZF1/IL7R/TNFRSF1B/MALL/BMP2/GYPC/TNFAIP3/ETS1/PTGS2,3,SNF_C1
HALLMARK_COMPLEMENT,HALLMARK_COMPLEMENT,194,-0.5237750677010916,-1.9795346334803203,1e-10,6.428571428571429e-10,3.609022556390977e-10,4959,"tags=51%, list=24%, signal=39%",DYRK2/C2/APOC1/KYNU/ITIH1/DUSP6/ITGAM/CBLB/CDA/CP/CD59/CTSL/F3/FDX1/JAK2/EHD1/LGALS3/CTSB/CSRP1/ZFPM2/CD36/PLSCR1/GNB4/RHOG/ZEB1/F5/DOCK4/MMP14/NOTCH4/S100A12/ANXA5/MAFF/COL4A2/MMP8/SH2B3/ADRA2B/SERPINE1/FCER1G/PSMB9/SERPINB2/C1QC/XPNPEP1/GNGT2/IRF1/TIMP2/PCSK9/CEBPB/HPCAL4/KCNIP2/APOBEC3G/CASP5/CTSV/C1QA/PLA2G7/PLAUR/LGMN/LRP1/GP1BA/F10/PIK3R5/MMP12/CASP4/DGKG/CASP10/CASP1/CTSS/S100A9/PRSS3/DPP4/CFH/CR2/KLK1/LCP2/PIK3CG/CTSC/GZMK/PLEK/WAS/GZMA/FCN1/GZMB/CR1/CCL5/IL6/SERPING1/GNG2/L3MBTL4/CD40LG/LCK/PIM1/C1S/C3/C1R/TNFAIP3/SPOCK2/LYN/FYN/CXCL1/PLA2G4A,3,SNF_C1
HALLMARK_IL6_JAK_STAT3_SIGNALING,HALLMARK_IL6_JAK_STAT3_SIGNALING,83,-0.6249088053289841,-2.200680338897558,1.532626575933015e-10,8.62102448962321e-10,4.839873397683205e-10,4721,"tags=67%, list=23%, signal=52%",BAK1/TNFRSF12A/CBL/IL17RA/STAT2/ITGA4/ITGB3/MYD88/TGFB1/MAP3K8/CD36/IL1B/IL9R/TNFRSF1A/PTPN2/IFNGR2/TNF/IL3RA/IL4R/CD14/IRF1/CRLF2/JUN/OSMR/CCR1/IL7/CXCL11/TNFRSF21/PLA2G2A/LEPR/EBI3/CXCL9/PIK3R5/SOCS1/ACVRL1/TLR2/CXCL10/SOCS3/CSF2RA/A2M/LTB/IFNGR1/IL2RG/IL12RB1/CD38/IL6/IL2RA/IL15RA/FAS/CXCL3/IL1R2/PIM1/TNFRSF1B/CSF2RB/IL18R1/CXCL1,3,SNF_C1
HALLMARK_IL2_STAT5_SIGNALING,HALLMARK_IL2_STAT5_SIGNALING,197,-0.5039670289914863,-1.9047632202364588,4.43275472055838e-10,2.21637736027919e-9,1.2442820268234049e-9,5164,"tags=51%, list=25%, signal=38%",ST3GAL4/DCPS/WLS/CKAP4/DHRS3/CSF1/FLT3LG/CTSZ/MYC/RORA/ITGAE/PRKCH/AHR/CCND3/F2RL2/CDC42SE2/RGS16/GADD45B/ANXA4/MAP3K8/TNFSF11/IL2RB/PLSCR1/CAPN3/IL1RL1/NDRG1/GUCY1B1/TGM2/SWAP70/TLR7/ITGA6/CDKN1C/MAFF/COL6A1/PLPP1/IL3RA/ARL4A/S100A1/GPR65/ODC1/IL4R/CCNE1/TNFRSF4/PTH1R/IL10/PTCH1/GABARAPL1/NT5E/CD86/RRAGD/GBP4/NCS1/ADAM19/TNFRSF21/PENK/NRP1/KLF6/SOCS1/PLIN2/EMP1/SHE/SELP/ABCB1/SYT11/CXCL10/ICOS/CCND2/FGL2/CTLA4/CCR4/SELL/MYO1E/CD83/LTB/TNFRSF9/IFNGR1/EOMES/ITIH5/IRF8/IL10RA/SLC2A3/NFIL3/CST7/CD48/PRNP/LIF/TRAF1/IRF4/LRRC8C/IL2RA/BATF3/TNFRSF8/IL1R2/PIM1/TNFRSF1B/BMP2/CD79B/IL18R1/GLIPR2/PLAGL1,3,SNF_C1
HALLMARK_APICAL_JUNCTION,HALLMARK_APICAL_JUNCTION,198,-0.4936246142558962,-1.8665956249066016,8.27618820186634e-9,3.542094426365756e-8,1.9885442393632312e-8,5684,"tags=53%, list=28%, signal=39%",NECTIN4/MVD/PFN1/MAPK11/TRO/VASP/CLDN9/GNAI2/PARD6G/NLGN2/CLDN18/CD276/CDH8/MMP9/CDK8/THBS3/ACTN3/SGCE/ITGB1/NLGN3/CDH11/ACTN4/CAP1/RHOF/PARVA/CNTN1/CDH4/FBN1/TNFRSF11B/VCL/THY1/SKAP2/VCAN/MYH9/JAM3/CD99/SYK/ITGA10/ADAM23/MYL9/CLDN15/TGFBI/CD34/SPEG/LAYN/ITGB4/NECTIN1/CLDN19/ACTB/BMP1/MPZL1/GNAI1/LAMC2/CLDN14/CLDN5/SDC3/CD86/NECTIN3/NEXN/VWF/MMP2/NRXN2/DSC1/ARPC2/COL17A1/SLC30A3/SLIT2/COL16A1/ACTN1/NRTN/PECAM1/CD274/AKT3/RAC2/ZYX/FLNC/MPZL2/CLDN8/CLDN6/RSU1/ITGA9/CNN2/VCAM1/LAMB3/CLDN11/FYB1/ICAM5/CALB2/CADM3/ADAMTS5/ICAM1/CD209/PTPRC/EPB41L2/TRAF1/ACTG2/CDH3/COL9A1/ICAM2/DSC3/MSN/SIRPA/FSCN1/CX3CL1/EGFR,3,SNF_C1
HALLMARK_HYPOXIA,HALLMARK_HYPOXIA,194,-0.48741790923814365,-1.8421278365737335,8.658453042227404e-9,3.542094426365756e-8,1.9885442393632312e-8,3705,"tags=37%, list=18%, signal=30%",MYH9/EXT1/NDRG1/KLF7/TGM2/PDK1/CDKN1C/DUSP1/MAFF/DDIT4/TGFBI/TMEM45A/VLDLR/SERPINE1/BGN/EDN2/GCNT2/LOX/DCN/PGM1/PGF/XPNPEP1/FOS/ENO1/JUN/PFKP/SDC3/ADM/CAVIN3/PYGM/RRAGD/ADORA2B/HS3ST1/PPP1R15A/TES/AKAP12/IGFBP3/S100A4/PLAUR/UGP2/SLC2A5/PHKG1/TKTL1/KLF6/HAS1/PLIN2/CXCR4/ANGPTL4/ATF3/CCN2/ZFP36/SRPX/CAVIN1/CCN1/CSRP2/SLC2A3/PNRC1/NFIL3/CAV1/PKP1/IL6/PPARGC1A/PLAC8/PIM1/TNFAIP3/PRKCA/ETS1/NCAN/CHST2/CHST3/EGFR,3,SNF_C1
HALLMARK_COAGULATION,HALLMARK_COAGULATION,122,-0.5397335705612207,-1.9660130401652978,1.8522695316033517e-8,6.946010743512569e-8,3.899514803375477e-8,5210,"tags=49%, list=26%, signal=37%",C8G/CTSE/CTSH/SIRT2/MMP9/CAPN2/C2/APOC1/ITIH1/DUSP6/F2RL2/FBN1/F3/ITGB3/SPARC/CTSB/CSRP1/SH2B2/HTRA1/MEP1A/CAPN5/MMP14/KLF7/MAFF/CTSK/MMP1/MMP8/SERPINE1/S100A1/SERPINB2/BMP1/VWF/MMP3/MMP2/CTSV/C1QA/LGMN/LRP1/GP1BA/F10/P2RY1/PECAM1/DCT/DPP4/CFH/A2M/PLEK/CFI/GSN/SERPING1/PROS1/C1S/C3/LEFTY2/C1R/TF/KLK8/MMP7/FYN/ANXA1,3,SNF_C1
HALLMARK_MYOGENESIS,HALLMARK_MYOGENESIS,190,-0.44590913525081277,-1.6813658176638648,3.0460185635900866e-6,1.0543910412427223e-5,5.919388301713528e-6,5187,"tags=46%, list=26%, signal=34%",AEBP1/SIRT2/EFS/MYL3/SGCD/ACTN3/ITGB1/CASQ2/MYH2/FST/GADD45B/MYOZ1/FGF2/ACSL1/CKM/ABLIM1/COL1A1/SPARC/TGFB1/COL6A3/MYH8/APLNR/MYH3/TEAD4/CD36/TNNT2/MYH9/COL3A1/CNN3/MYH4/ADAM12/MYBPC3/PDLIM7/COL4A2/IGFBP7/SORBS1/APP/SPEG/GJA5/ITGB4/CKMT2/NCAM1/SMTN/COL15A1/EPHB3/IFRD1/TPM2/COL6A2/MYH1/SVIL/SGCA/PYGM/SSPN/LAMA2/MYOM1/DENND2B/IGFBP3/TAGLN/NOS1/DES/MYH11/HBEGF/BIN1/FHL1/RYR1/GPX3/ITGA7/TNNT3/MYLK/PTGIS/MEF2C/KLF5/SPHK1/SCHIP1/LSP1/LPIN1/IGF1/TNNI2/GSN/SOD3/PRNP/NOTCH1/KIFC3/WWTR1/MRAS/CRYAB/DMD,3,SNF_C1
HALLMARK_DNA_REPAIR,HALLMARK_DNA_REPAIR,149,0.33894153428777907,1.7403969385686118,9.682413318850585e-6,3.112204281059117e-5,1.7472024034016095e-5,4761,"tags=36%, list=23%, signal=27%",TSG101/DCTN4/CANT1/ARL6IP1/BRF2/COX17/RRM2B/SRSF6/CETN2/GMPR2/PRIM1/AAAS/MPC2/RAE1/ADCY6/SURF1/POLD4/TAF9/NUDT9/BCAM/NME3/ERCC4/TMED2/POLR2K/VPS37D/NME4/RFC5/MRPL40/SMAD5/GTF2H5/RPA3/IMPDH2/VPS28/GTF2H3/DUT/POLB/TARBP2/POLA1/POLR2A/NELFCD/DDB1/MPG/NT5C/SNAPC5/LIG1/BCAP31/GPX4/GTF2F1/POLL/ZNF707/DAD1/ZWINT/DDB2,3,SNF_C1
HALLMARK_KRAS_SIGNALING_DN,HALLMARK_KRAS_SIGNALING_DN,181,-0.438286123698964,-1.6500602316838096,1.9663372358411254e-5,5.899011707523376e-5,3.3117258708903165e-5,5072,"tags=44%, list=25%, signal=33%",SPRR3/FGF16/ZBTB16/CLSTN3/GPR19/COPZ2/CALML5/ITGB1BP2/PLAG1/KRT15/TENM2/MACROH2A2/AKR1B10/SLC6A3/TFCP2L1/NRIP2/SLC12A3/CKM/DTNB/SLC38A3/ABCG4/STAG3/CALCB/CD207/OXT/CD80/KLHDC8A/RYR2/CDKAL1/CAMK1D/SMPX/KCNN1/TGFB2/DCC/PAX3/EDN2/SERPINB2/ITIH3/TEX15/MEFV/DLK2/TLX1/SLC30A3/WNT16/NOS1/CPA2/GPR3/KCND1/GP1BA/IL12B/RYR1/CLDN8/SLC16A7/IFNG/SYNPO/CYP39A1/SHOX2/KRT4/LGALS7/KRT1/NUDT11/PDCD1/CCNA1/TGM1/TCF7L1/PKP1/KCNMB1/EDN1/CD40LG/TCL1A/KRT5/KLK7/SGK1/EDAR/KLK8/CLDN16/PTGFR/SLC6A14/CHST2/SOX10,3,SNF_C1
HALLMARK_INTERFERON_ALPHA_RESPONSE,HALLMARK_INTERFERON_ALPHA_RESPONSE,97,-0.4847119496243332,-1.7388608957128373,9.10834192165883e-5,2.561721165466546e-4,1.4381592507882362e-4,5653,"tags=43%, list=28%, signal=31%",PSMB8/RSAD2/TRIM21/LY6E/IFI44/TRIM5/LAP3/BATF2/ISG20/HLA-C/CSF1/IFIH1/TXNIP/RIPK2/RTP4/STAT2/LPAR6/CCRL2/B2M/PLSCR1/SAMD9L/TMEM140/IFI30/TAP1/PSMB9/IL4R/IRF1/EPSTI1/IL7/GBP2/GBP4/CXCL11/CD74/WARS1/IL15/NMI/CASP1/CXCL10/SELL/C1S/LAMP3/NCOA7,3,SNF_C1
HALLMARK_APOPTOSIS,HALLMARK_APOPTOSIS,158,-0.42382836746867497,-1.5817386375607252,2.1443492945362688e-4,5.676218720831299e-4,3.186649106431606e-4,4759,"tags=39%, list=23%, signal=30%",TXNIP/EREG/TNFRSF12A/TSPO/GADD45A/GADD45B/LUM/BID/LGALS3/EGR3/PDGFRB/IGFBP6/NEDD9/F2R/LMNA/IL1B/AVPR1A/BCL2L10/IL18/MCL1/TGFB2/TNF/SATB1/PLPPR4/BGN/APP/TAP1/DCN/CD14/IL1A/FEZ1/HGF/SAT1/IRF1/TIMP2/JUN/ANKH/MMP2/BTG3/DPYD/EMP1/PLCB2/CASP4/GPX3/ATF3/CASP1/CCND2/FASLG/CFLAR/IFNGR1/CCNA1/CD2/BIRC3/CD38/CAV1/CD69/GSN/IL6/FAS/PRF1/BMP2/ANXA1,3,SNF_C1
HALLMARK_PROTEIN_SECRETION,HALLMARK_PROTEIN_SECRETION,96,0.33994962781978927,1.6141732726851694,4.214124578831254e-4,0.0010535311447078134,5.914560812394741e-4,4791,"tags=41%, list=24%, signal=31%",TSG101/YIPF6/KRT18/TPD52/ATP6V1H/ARFGEF1/SCAMP1/ARFIP1/AP2B1/NAPA/TOM1L1/COG2/CLCN3/CLTC/OCRL/NAPG/ICA1/ARFGEF2/STX16/RAB2A/COPB1/TMED2/RAB22A/AP3B1/AP1G1/VAMP4/SOD1/ERGIC3/GOSR2/ATP6V1B1/MON2/TMX1/TMED10/SCAMP3/RAB14/GBF1/SNX2/GOLGA4/PPT1,3,SNF_C1
HALLMARK_UV_RESPONSE_DN,HALLMARK_UV_RESPONSE_DN,143,-0.40489354845454134,-1.4973701001447228,0.0017970179184848818,0.004256095070095773,0.002389386706018679,4923,"tags=38%, list=24%, signal=29%",NR3C1/MYC/NOTCH2/KALRN/COL5A2/TENT4A/PTPN21/COL1A2/COL1A1/F3/TFPI/ITGB3/MAP1B/SYNE1/ANXA4/PDGFRB/PPARG/DLC1/LTBP1/COL3A1/ADD3/ARHGEF9/DUSP1/PTPRM/LAMC1/RASA2/ADGRL2/VLDLR/SERPINE1/ACVR2A/GRK5/HAS2/CACNA1A/ID1/ADORA2B/RND3/DAB2/NRP1/AKT3/SNAI2/PLPP3/NFIB/KIT/SCHIP1/CCN1/CAV1/MET/TGFBR2/FBLN5/PRKCA/FYN/CELF2/PTGFR/PIK3CD,3,SNF_C1
HALLMARK_P53_PATHWAY,HALLMARK_P53_PATHWAY,200,-0.36464551029095,-1.3803477683537222,0.007391071849334009,0.01662991166100152,0.009336090757053486,4759,"tags=34%, list=23%, signal=27%",TXNIP/BAK1/CCND3/GADD45A/TAX1BP3/RGS16/SDC1/RHBDF2/RPS12/FBXW7/BTG1/IRAK1/ST14/TGFB1/F2R/GM2A/SFN/NDRG1/PRMT2/DGKA/KLF4/PDGFA/ZMAT3/RRAD/IFI30/S100A10/DDIT4/APP/TAP1/TNFSF9/CDKN2B/ITGB4/STEAP3/IL1A/FOS/SAT1/PERP/ADA/JUN/ZFP36L1/RNF19B/PLK3/TP63/PPP1R15A/S100A4/TGFA/SOCS1/HBEGF/LDHB/ATF3/CASP1/CD82/CCND2/SPHK1/RAP2B/CDKN2A/TCN2/CLCA2/PTPN14/UPP1/SERPINB5/EPHA2/LIF/IRAG2/KRT17/NOTCH1/FAS/BMP2/KLK8,3,SNF_C1
HALLMARK_WNT_BETA_CATENIN_SIGNALING,HALLMARK_WNT_BETA_CATENIN_SIGNALING,42,-0.47780218104025524,-1.5154384852511285,0.030915576694411414,0.06624766434516731,0.037191671211322004,5396,"tags=50%, list=27%, signal=37%",CTNNB1/NKD1/JAG2/FZD1/MYC/HDAC2/SKP2/ADAM17/JAG1/PPARD/NOTCH4/DLL1/GNAI1/PTCH1/WNT5B/DKK1/WNT1/CCND2/TCF7/NOTCH1/WNT6,3,SNF_C1
HALLMARK_APICAL_SURFACE,HALLMARK_APICAL_SURFACE,43,-0.44341606754882623,-1.4113943840692196,0.05826397146254459,0.11917630526429575,0.06690599593785024,4174,"tags=42%, list=21%, signal=33%",THY1/AKAP7/IL2RB/DCBLD2/EFNA5/APP/SLC2A4/PKHD1/PCSK9/GHRL/PLAUR/GAS1/SRPX/IL2RG/RHCG/MAL/LYN/CX3CL1,3,SNF_C1
HALLMARK_NOTCH_SIGNALING,HALLMARK_NOTCH_SIGNALING,32,-0.4488720687305792,-1.362073732973921,0.09732360097323602,0.18248175182481752,0.10244589576130106,4925,"tags=50%, list=24%, signal=38%",FZD1/NOTCH2/DTX2/JAG1/WNT2/PPARD/DLL1/NOTCH3/DTX4/DTX1/TCF7L2/FZD7/ST3GAL6/NOTCH1/PRKCA/MAML2,3,SNF_C1
HALLMARK_PEROXISOME,HALLMARK_PEROXISOME,101,0.23776620512319352,1.1446175195745873,0.09393132378753555,0.18248175182481752,0.10244589576130106,4425,"tags=30%, list=22%, signal=23%",SLC27A2/ABCD3/ISOC1/SERPINA6/ABCC5/PEX2/CDK7/SLC25A17/HMGCL/SLC25A4/LONP2/SULT2B1/ABCC8/ELOVL5/HSD17B4/DIO1/ABCB9/IDE/ECI2/CRABP2/DHCR24/SOD1/PEX11A/HSD3B7/PEX11B/ACOT8/TOP2A/HSD11B2/UGT2B17/RDH11,3,SNF_C1
HALLMARK_TGF_BETA_SIGNALING,HALLMARK_TGF_BETA_SIGNALING,54,-0.3967735105029394,-1.3140192319657575,0.10660486674391657,0.1887271500170926,0.10595208422012214,5561,"tags=41%, list=27%, signal=30%",FKBP1A/CTNNB1/PMEPA1/TGFBR1/SMAD6/SMURF1/SPTBN1/TGFB1/ACVR1/IFNGR2/CDKN1C/SERPINE1/JUNB/ENG/LTBP2/ID1/ID3/PPP1R15A/SKI/WWTR1/LEFTY2/BMP2,3,SNF_C1
HALLMARK_UNFOLDED_PROTEIN_RESPONSE,HALLMARK_UNFOLDED_PROTEIN_RESPONSE,113,0.22327633751448228,1.129043852264911,0.10904235334320905,0.1887271500170926,0.10595208422012214,3732,"tags=21%, list=18%, signal=17%",EXOC2/DNAJA4/XBP1/SPCS1/HSPA9/WFS1/SLC30A5/STC2/PARN/LSM1/BAG3/SLC1A4/EIF4E/SKIC3/CNOT2/NOP14/MTREX/IMP3/EIF4A3/SERP1/GOSR2/EIF4A2/CNOT6/NHP2,3,SNF_C1
HALLMARK_ANGIOGENESIS,HALLMARK_ANGIOGENESIS,32,-0.4362284513049136,-1.323707480348817,0.12287104622871046,0.19792399718508094,0.11111522648986999,6366,"tags=66%, list=31%, signal=45%",OLR1/SPP1/ITGAV/THBD/POSTN/JAG2/COL5A2/LUM/SLCO2A1/JAG1/VCAN/COL3A1/PDGFA/APP/TNFRSF21/S100A4/NRP1/FSTL1/CCND2/LPL/CXCL6,3,SNF_C1
HALLMARK_PANCREAS_BETA_CELLS,HALLMARK_PANCREAS_BETA_CELLS,28,0.344128224944569,1.2885632339945996,0.12315270935960591,0.19792399718508094,0.11111522648986999,1772,"tags=29%, list=9%, signal=26%",CHGA/PCSK1/INSM1/SPCS1/SYT13/SRP14/SCGN/ABCC8,3,SNF_C1
HALLMARK_CHOLESTEROL_HOMEOSTASIS,HALLMARK_CHOLESTEROL_HOMEOSTASIS,74,-0.3589061697320787,-1.2418407310566804,0.14333333333333334,0.22241379310344828,0.1248638838475499,4711,"tags=31%, list=23%, signal=24%",TNFRSF12A/ERRFI1/S100A11/GPX8/LGALS3/JAG1/PPARG/ANXA13/PLSCR1/AVPR1A/ANXA5/GNAI1/STARD4/ADH4/PLAUR/LGMN/CXCL16/ATF3/ANTXR2/FABP5/LPL/PNRC1/NFIL3,3,SNF_C1
HALLMARK_UV_RESPONSE_UP,HALLMARK_UV_RESPONSE_UP,156,-0.3135066280931254,-1.1672519073336847,0.1875,0.28125,0.15789473684210525,4915,"tags=30%, list=24%, signal=23%",CCK/CHRNA5/NTRK3/KLHDC3/BAK1/CCND3/AMD1/NKX2-5/FGF18/LHX2/BTG1/BID/TUBA4A/PDLIM3/TYRO3/MMP14/ARRB2/RRAD/CDKN1C/NR4A1/RAB27A/CDO1/TAP1/CDKN2B/JUNB/CCNE1/FOS/IRF1/NPTX2/MGAT1/FOSB/HTR7/CTSV/HLA-F/BTG3/FMO1/GPX3/ATF3/GLS/ABCB1/SHOX2/ICAM1/GAL/IL6/BMP2/CXCL2/LYN,3,SNF_C1
HALLMARK_REACTIVE_OXYGEN_SPECIES_PATHWAY,HALLMARK_REACTIVE_OXYGEN_SPECIES_PATHWAY,47,-0.36591060134798814,-1.184438680800418,0.22037914691943128,0.3199052132701422,0.17959590920429033,3562,"tags=23%, list=18%, signal=19%",MBP/MSRA/FTL/JUNB/FES/PFKP/MPO/GPX3/LSP1/PRNP/IPCEF1,3,SNF_C1
HALLMARK_HEDGEHOG_SIGNALING,HALLMARK_HEDGEHOG_SIGNALING,35,-0.3738628689395853,-1.1526823776940354,0.2822677925211098,0.39693908323281063,0.22284299409561298,4174,"tags=34%, list=21%, signal=27%",THY1/TLE1/MYH9/VLDLR/PTCH1/NRP1/GLI1/NRP2/PML/CDK6/DPYSL2/ETS2,3,SNF_C1
HALLMARK_XENOBIOTIC_METABOLISM,HALLMARK_XENOBIOTIC_METABOLISM,184,-0.2895206179617993,-1.091045571535506,0.29959514170040485,0.40853882959146115,0.22935513240222383,5795,"tags=36%, list=29%, signal=26%",ADH5/ANGPTL3/IL1R1/ARG2/POR/UPB1/ENPEP/SLC22A1/CBR1/PGRMC1/MT2A/NPC1/AP4B1/TMEM176B/KARS1/ALDH2/KYNU/ITIH1/TDO2/CDA/CYP27A1/PSMB10/CCL25/ADH1C/AQP9/APOE/ABCC2/PPARD/AKR1C3/CD36/TNFRSF1A/CES1/SMOX/PDK4/TGFB2/CDO1/BCAT1/SERPINE1/GCKR/GCNT2/FBLN1/SLC12A4/GABARAPL1/LCAT/TPST1/XDH/F10/RBP4/ALDH3A1/FMO1/FMO3/AKR1C2/NDRG2/HSD17B2/PTGDS/IGF1/ATOH8/UPP1/IRF8/EPHA2/VNN1/ETS2/HSD11B1/FAS/PROS1/ABCD2,3,SNF_C1
HALLMARK_PI3K_AKT_MTOR_SIGNALING,HALLMARK_PI3K_AKT_MTOR_SIGNALING,103,-0.2812492642712914,-1.0132387238230418,0.4665249734325186,0.6174595236606863,0.3466439431077537,4486,"tags=24%, list=22%, signal=19%",ADCY2/FGF17/STAT2/MKNK1/PITX2/MAP2K6/MYD88/MAP2K3/SFN/TNFRSF1A/PDK1/ACTR3/NGF/DAPP1/NCK1/RPS6KA3/CAMK4/CXCR4/SLA/NOD1/FASLG/IL2RG/PRKCB/LCK/EGFR,3,SNF_C1
HALLMARK_ANDROGEN_RESPONSE,HALLMARK_ANDROGEN_RESPONSE,101,-0.2759356548386935,-0.9919563013570503,0.5090521831735889,0.6443024494142704,0.3617136558115202,4629,"tags=30%, list=23%, signal=23%",HERC3/CCND3/PTPN21/FKBP5/TMPRSS2/PTK2B/UBE2J1/B2M/ABCC4/SLC26A2/NDRG1/MERTK/MYL12A/KLK2/PLPP1/ARID5B/SAT1/GUCY1A1/ANKH/AKAP12/ACTN1/RPS6KA3/SRF/ADAMTS1/CDC14B/MAF/ALDH1A3/TNFAIP8/CDK6/SGK1,3,SNF_C1
HALLMARK_BILE_ACID_METABOLISM,HALLMARK_BILE_ACID_METABOLISM,104,-0.2735136235103688,-0.9854939546036208,0.5154419595314164,0.6443024494142704,0.3617136558115202,1764,"tags=14%, list=9%, signal=13%",OPTN/SULT1B1/ALDH1A1/ACSL5/CYP39A1/ABCA9/ABCA8/SLCO1A2/ABCA6/CH25H/CYP7B1/LCK/ABCD2/BMP6/BBOX1,3,SNF_C1
HALLMARK_SPERMATOGENESIS,HALLMARK_SPERMATOGENESIS,111,-0.25317004825048384,-0.9129282695107073,0.6500530222693531,0.7906050270843484,0.44384843625787973,4393,"tags=23%, list=22%, signal=18%",ADCYAP1/SNAP91/AGFG1/IL13RA2/DPEP3/JAM3/CFTR/GPR182/SEPTIN4/DCC/ARL4A/TCP11/NOS1/SLC2A5/DMRT1/TULP2/TKTL1/CAMK4/SHE/LPIN1/CCNA1/POMC/GFI1/IL12RB2/TLE4/ART3,3,SNF_C1
HALLMARK_MITOTIC_SPINDLE,HALLMARK_MITOTIC_SPINDLE,197,-0.24280912596713572,-0.9177066476064539,0.6834677419354839,0.8093696943972835,0.45438298632829954,4819,"tags=23%, list=24%, signal=18%",NOTCH2/PIF1/ARHGEF2/ARHGAP4/ACTN4/ABI1/RHOF/SPTBN1/MARCKS/PALLD/FGD4/WASF2/VCL/SOS1/TUBA4A/NEDD9/MYH9/AKAP13/DOCK4/KATNA1/ARHGAP10/PKD2/RASA2/ARHGAP27/STK38L/DST/RASAL2/NCK1/SUN2/CLIP2/CCDC88A/BIN1/FLNA/PLEKHG2/ARAP3/MYO9B/SYNPO/CDC42EP1/NCK2/MYO1E/DOCK2/EPB41L2/GSN/MID1/FSCN1,3,SNF_C1
HALLMARK_HEME_METABOLISM,HALLMARK_HEME_METABOLISM,182,0.18740356575996625,0.9850993690412055,0.72132342268984,0.8322962569498152,0.46725403898937,3119,"tags=21%, list=15%, signal=18%",HEBP1/HAGH/ANK1/SLC25A38/EIF2AK1/ATP6V0A1/TMEM9B/BTRC/FN3K/DCAF11/ADIPOR1/VEZF1/GAPVD1/RNF123/MINPP1/PIGQ/NUDT4/CLCN3/BCAM/H1-0/PRDX2/BLVRA/ALDH6A1/FBXO9/BLVRB/FECH/DCAF10/KHNYN/ADD1/TCEA1/MKRN1/OSBP2/TSPAN5/CDC27/GCLC/NCOA4/EPOR/TOP1,3,SNF_C1
HALLMARK_ADIPOGENESIS,HALLMARK_ADIPOGENESIS,197,-0.22953577912805115,-0.8675395108413279,0.780241935483871,0.8777721774193549,0.4927843803056026,4172,"tags=20%, list=21%, signal=16%",MCCC1/ORM1/CMPK1/PPARG/ATP1B3/APOE/CD36/GPAM/LIPE/ACADL/ADIPOQ/SORBS1/CIDEA/ARL4A/LAMA4/ATL2/PHLDB1/PGM1/STAT5A/COL15A1/FABP4/TANK/SLC5A6/SSPN/SPARCL1/LEP/PLIN2/ANGPTL4/GPX3/CAVIN2/ITGA7/MYLK/CAVIN1/IFNGR1/ITIH5/LPL/ENPP2/ANGPT1/NABP1/C3,3,SNF_C1
HALLMARK_GLYCOLYSIS,HALLMARK_GLYCOLYSIS,195,-0.2184321785422306,-0.8257315275204553,0.8539778449144008,0.9372927566133668,0.5261994423092584,5621,"tags=29%, list=28%, signal=21%",AK4/AK3/DEPDC1/CHPF/ERO1A/PYGB/GAL3ST1/NDST3/EGLN3/HS2ST1/CLDN9/KDELR3/AGRN/ME2/CHPF2/ISG20/PAM/CHST12/CENPA/STMN1/B4GALT2/SDC1/COL5A1/B3GAT1/NASP/VCAN/SOX9/EXT1/CAPN5/EXT2/MERTK/DDIT4/TGFBI/VLDLR/DCN/B3GNT3/ENO1/NT5E/PFKP/SDC3/RRAGD/ADORA2B/TPST1/IGFBP3/TGFA/UGP2/CHST4/TKTL1/CXCR4/PLOD1/ANGPTL4/CHST6/DSC2/LCT/MET/CHST2/EGFR,3,SNF_C1
HALLMARK_FATTY_ACID_METABOLISM,HALLMARK_FATTY_ACID_METABOLISM,152,-0.20011948305109542,-0.7442371028274922,0.9240246406570842,0.9900264007040188,0.5558042951320807,3410,"tags=20%, list=17%, signal=17%",TDO2/SDHD/ACSL1/CBR3/ADH1C/CD36/AADAT/ACADL/S100A10/CIDEA/HSD17B11/AQP7/ODC1/GABARAPL1/GPD1/CA4/IL4I1/G0S2/INMT/ACSM3/AOC3/ALDH3A1/FMO1/PPARA/ALDH1A1/ACSL5/CD1D/VNN1/ACSL4/CA6,3,SNF_C1
HALLMARK_MTORC1_SIGNALING,HALLMARK_MTORC1_SIGNALING,200,-0.19063495920283424,-0.7216393266322522,0.9596774193548387,1,0.5614035087719298,4051,"tags=17%, list=20%, signal=14%",MAP2K3/POLR3G/TUBA4A/SKAP2/ADD3/PDK1/IFI30/CFP/DDIT4/BCAT1/VLDLR/ACTR3/PGM1/IFRD1/ENO1/NAMPT/DAPP1/SERPINH1/SRD5A1/STARD4/PPP1R15A/TES/LGMN/WARS1/CXCR4/SLA/PHGDH/ITGB2/FGL2/CTSC/CORO1A/SLC2A3/NFIL3/PSAT1,3,SNF_C1
HALLMARK_G2M_CHECKPOINT,HALLMARK_G2M_CHECKPOINT,199,-0.11862019849431145,-0.44876884186071947,1,1,0.5614035087719298,7976,"tags=38%, list=39%, signal=23%",HNRNPD/FANCC/NCL/MYBL2/MAPK14/PTTG1/CDC45/CCNA2/PLK1/MCM3/MTF2/CDC7/ORC6/INCENP/ILF3/WRN/ATF5/DKC1/CCNB2/DBF4/CASP8AP2/PRIM2/EXO1/CDC25A/SAP30/CUL1/DDX39A/CKS1B/RPA2/BUB1/ABL1/CDK4/EZH2/STIL/CDC25B/UCK2/RAD54L/MCM6/AURKB/CHEK1/NDC80/HIRA/KIF2C/TTK/SYNCRIP/E2F2/MT2A/CDKN2C/MYC/TFDP1/CENPA/STMN1/NOTCH2/HIF1A/TENT4A/AMD1/MARCKS/SLC7A5/MCM5/CDC20/TGFB1/E2F4/NASP/MEIS1/KATNA1/HMGA1/E2F3/EFNA5/RASAL2/ODC1/FOXN3/LBR/PML/MEIS2/DMD,3,SNF_C1
HALLMARK_MYC_TARGETS_V2,HALLMARK_MYC_TARGETS_V2,58,-0.11831419904184913,-0.39492978471757056,1,1,0.5614035087719298,7887,"tags=41%, list=39%, signal=25%",PUS1/MRTO4/MPHOSPH10/WDR74/PLK1/PES1/BYSL/SUPV3L1/NOP16/NOP2/MYBBP1A/CDK4/TCOF1/PPRC1/RCL1/DDX18/NIP7/SRM/WDR43/MYC/NDUFAF4/MCM5/MAP3K6/DUSP2,3,SNF_C1
HALLMARK_EPITHELIAL_MESENCHYMAL_TRANSITION,HALLMARK_EPITHELIAL_MESENCHYMAL_TRANSITION,200,0.6654831606104898,3.4239192233378537,1e-10,3.846153846153846e-10,1.45748987854251e-10,2106,"tags=55%, list=10%, signal=49%",LAMA2/SLIT2/GEM/ECM2/CXCL12/LRP1/SLIT3/DCN/CCN1/HTRA1/SFRP4/FSTL1/PDGFRB/MMP2/DAB2/COL6A3/ADAM12/SGCD/COL3A1/LOXL1/MXRA5/FBN1/SPARC/OXTR/JUN/COL16A1/DST/COL1A2/ABI3BP/LUM/COL1A1/FAP/VCAN/FBLN1/COL8A2/POSTN/CCN2/COL5A2/ACTA2/CDH11/FERMT2/IL6/PRRX1/COL5A1/DPYSL3/SERPINE1/WNT5A/NID2/EFEMP2/GAS1/PCOLCE/THBS2/CDH6/LRRC15/WIPF1/FBLN2/MYLK/LOX/TAGLN/ELN/NNMT/ITGB5/PDLIM4/SPOCK1/VEGFC/COL6A2/TGFB1/CALD1/GADD45B/MFAP5/MATN3/IGFBP4/COL12A1/THY1/FBLN5/SNAI2/NTM/RHOB/FMOD/LAMC1/ITGB3/ITGA5/COL7A1/BGN/PMP22/COMP/TIMP3/INHBA/MMP14/CTHRC1/GLIPR1/TNFAIP3/RGS4/MATN2/MYL9/GREM1/FN1/ITGA2/FAS/VIM/MMP3/AREG/TNFRSF11B/ITGAV/COL5A3/FSTL3/FUCA1/FGF2/THBS1,3,SNF_C2
HALLMARK_E2F_TARGETS,HALLMARK_E2F_TARGETS,200,-0.786896760196497,-3.1760764339089285,1e-10,3.846153846153846e-10,1.45748987854251e-10,2651,"tags=76%, list=13%, signal=67%",PPP1R8/SMC6/RPA1/SYNCRIP/CDKN2C/DCK/HNRNPD/CDK4/POLD3/NUP107/ASF1A/DCLRE1B/RNASEH2A/RPA3/ILF3/RAD51C/SMC1A/PRKDC/DUT/AK2/DNMT1/PSIP1/SMC4/SNRPB/NOLC1/RAD1/LYAR/BRCA2/POLA2/TRA2B/POLD1/LIG1/PA2G4/DEK/XRCC6/SRSF1/BRCA1/NME1/NUP205/HMGB3/SRSF2/XPO1/MMS22L/MCM5/NOP56/NASP/USP1/MTHFD2/KIF22/ANP32E/PHF5A/POLE/H2AX/CNOT9/TOP2A/SSRP1/POLD2/DDX39A/E2F8/TUBB/CSE1L/POP7/TIPIN/CDC25B/GINS4/HMGA1/TMPO/TACC3/TBRG4/SLBP/RFC3/RAD21/JPT1/GINS3/PRDX4/CIT/LMNB1/PLK4/RRM2/MKI67/SUV39H1/RAN/MSH2/MCM6/CDKN3/TUBG1/MCM2/UNG/HELLS/PRIM2/ATAD2/PAICS/RFC2/ASF1B/BUB1B/HMGB2/PSMC3IP/NCAPD2/DLGAP5/SPC25/CHEK2/CTPS1/TIMELESS/CDKN2A/SPC24/ESPL1/RACGAP1/KPNA2/RANBP1/DONSON/EZH2/CENPE/MCM7/STMN1/HMMR/TCF19/MCM3/UBE2S/PTTG1/CKS1B/CDK1/DIAPH3/CKS2/MCM4/TK1/H2AZ1/PCNA/GINS1/CENPM/SPAG5/KIF4A/AURKA/RAD51AP1/CHEK1/UBE2T/DEPDC1/MELK/TRIP13/MYBL2/CDC20/KIF2C/CCNB2/MAD2L1/CDCA8/CDCA3/DSCC1/CCNE1/BIRC5/KIF18B/PLK1/ORC6/CDC25A/AURKB,3,SNF_C2
HALLMARK_G2M_CHECKPOINT,HALLMARK_G2M_CHECKPOINT,199,-0.7447835923432319,-3.0070429503882714,1e-10,3.846153846153846e-10,1.45748987854251e-10,2589,"tags=65%, list=13%, signal=58%",HIRA/HNRNPU/CUL1/SFPQ/SYNCRIP/LIG3/BUB3/CDKN2C/HNRNPD/CDK4/ORC5/NUP50/H2BC12/ILF3/EWSR1/SMC2/SRSF10/SMC1A/SLC7A1/CHMP1A/TENT4A/CBX1/SMC4/SAP30/KPNB1/KIF20B/NOLC1/FANCC/KMT5A/RBM14/BRCA2/POLA2/TRA2B/UCK2/ODC1/SRSF1/NCL/E2F3/TFDP1/DTYMK/HMGB3/SRSF2/XPO1/SQLE/NSD2/MCM5/NASP/AMD1/KIF22/KNL1/POLE/H2AX/TOP2A/PRC1/DDX39A/CDC6/RBL1/CDC25B/HMGA1/TMPO/TACC3/CHAF1A/RAD21/INCENP/JPT1/LMNB1/CENPF/PLK4/MKI67/NEK2/SUV39H1/MCM6/CDKN3/TRAIP/MCM2/PRIM2/FBXO5/KIF11/CDC7/SNRPD1/STIL/PBK/DBF4/CCNF/ESPL1/RACGAP1/KPNA2/EZH2/CENPE/SLC7A5/STMN1/POLQ/HMMR/GINS2/MCM3/KIF23/KIF15/EXO1/UBE2S/PTTG1/CKS1B/CDK1/DKC1/CKS2/H2AZ1/E2F2/TROAP/BUB1/KIF4A/AURKA/RAD54L/CHEK1/CCNA2/MYBL2/CDC20/UBE2C/NDC80/TTK/KIF2C/CCNB2/MAD2L1/TPX2/CDC45/BIRC5/CENPA/PLK1/ORC6/CDC25A/E2F1/AURKB,3,SNF_C2
HALLMARK_MYC_TARGETS_V1,HALLMARK_MYC_TARGETS_V1,200,-0.7313224731394902,-2.9517672330310734,1e-10,3.846153846153846e-10,1.45748987854251e-10,3249,"tags=72%, list=16%, signal=62%",CNBP/SNRPD3/HDDC2/IARS1/PHB2/SMARCC1/TUFM/TRIM28/CAD/FBL/EIF3J/LDHA/ERH/NPM1/SNRPD2/NHP2/PSMD3/HNRNPU/CUL1/SYNCRIP/PSMB3/SRSF7/BUB3/HNRNPA3/PSMD1/HNRNPD/CDK4/PRPS2/POLE3/RRP9/HNRNPC/UBE2L3/IFRD1/YWHAE/RUVBL2/GNL3/SNRPB2/NCBP2/SRSF3/EPRS1/VDAC1/SERBP1/PHB1/PWP1/PSMA1/ABCE1/CCT2/DUT/MRPS18B/SET/PSMD7/PABPC1/YWHAQ/SSBP1/PSMA4/KPNB1/SNRPA/NOLC1/VDAC3/C1QBP/MRPL9/PTGES3/TOMM70/TRA2B/PGK1/GLO1/NOP16/GOT2/COPS5/RNPS1/PA2G4/CSTF2/RRM1/DEK/XRCC6/LSM2/ODC1/PSMD8/SRSF1/SSB/TARDBP/NME1/AIMP2/TFDP1/KARS1/SRSF2/SF3B3/XPO1/COX5A/NDUFAB1/PSMC4/XPOT/PSMB2/PPIA/ACP1/MCM5/NOP56/PSMA7/UBA2/TCP1/STARD7/TXNL4A/USP1/CCT4/HDAC2/EIF3B/HSPE1/POLD2/SNRPA1/SNRPG/CBX3/CDK2/HNRNPA2B1/CYC1/CCT3/VBP1/HDGF/CCT7/ILF2/EIF2S2/PPM1G/PRDX4/PSMD14/SRPK1/RAN/MCM6/HPRT1/MCM2/CCT5/TYMS/HSP90AB1/CTPS1/SNRPD1/KPNA2/RANBP1/MCM7/HSPD1/MCM4/H2AZ1/PCNA/RFC4/CCNA2/CDC20/MAD2L1/CDC45,3,SNF_C2
HALLMARK_UV_RESPONSE_DN,HALLMARK_UV_RESPONSE_DN,143,0.5644410942740908,2.7824700342737883,1e-10,3.846153846153846e-10,1.45748987854251e-10,2972,"tags=39%, list=15%, signal=34%",TGFBR2/CAV1/DUSP1/CCN1/PLPP3/PDGFRB/DAB2/DLC1/COL3A1/NRP1/COL1A2/RUNX1/COL1A1/PTPRM/COL5A2/SERPINE1/PPARG/PTPN21/SYNE1/LPAR1/ATXN1/CELF2/F3/NR3C1/PRDM2/ACVR2A/RBPMS/FBLN5/SNAI2/LAMC1/ITGB3/MMP16/PMP22/TJP1/RGS4/GRK5/AMPH/HAS2/PTEN/ID1/ADD3/FYN/KIT/MGLL/PIK3CD/AKT3/INPP4B/TGFBR3/RXRA/COL11A1/NFKB1/MAP1B/ATP2B4/TFPI/IRS1/TOGARAM1,3,SNF_C2
HALLMARK_COAGULATION,HALLMARK_COAGULATION,122,0.5176283622947198,2.5375530891859794,1e-10,3.846153846153846e-10,1.45748987854251e-10,2326,"tags=39%, list=11%, signal=34%",F10/VWF/LRP1/PECAM1/PROS1/F2RL2/HTRA1/MMP2/CFH/GSN/CTSK/FBN1/SPARC/SERPING1/DPP4/THBD/RAPGEF3/SERPINE1/CTSO/DCT/CFI/F3/C1R/KLF7/C1S/GNG12/C3/ITGB3/ISCU/COMP/TIMP3/CAPN5/MMP14/CFD/DUSP6/FN1/ITGA2/A2M/MMP3/F8/FYN/THBS1/MMP8/CSRP1/HMGCS2/CFB/MASP2,3,SNF_C2
HALLMARK_TNFA_SIGNALING_VIA_NFKB,HALLMARK_TNFA_SIGNALING_VIA_NFKB,198,0.49346747031207633,2.523839115965524,1e-10,3.846153846153846e-10,1.45748987854251e-10,4114,"tags=47%, list=20%, signal=38%",GEM/EGR1/ZFP36/FOSB/FOS/DUSP1/CCN1/EGR3/EGR2/PLPP3/KLF9/KLF2/BTG2/JUNB/KLF4/JUN/NR4A1/ATF3/PER1/PTGER4/G0S2/NR4A3/IL6/CXCL2/SERPINE1/SOCS3/PTPRE/SGK1/CD69/TNFAIP6/KLF6/ETS2/F3/SLC2A3/TIPARP/HBEGF/GFPT2/PPP1R15A/GADD45B/RHOB/IER2/DNAJB4/IL7R/INHBA/STAT5A/ABCA1/GPR183/TNFAIP3/TSC22D1/JAG1/MSC/AREG/DENND5A/FOSL2/CCL2/PFKFB3/TNFAIP8/KDM6B/IL12B/F2RL1/CEBPD/NFKB1/CFLAR/NR4A2/PLK2/KLF10/SPSB1/NFE2L2/MAP3K8/TNC/PLEK/SERPINB8/LIF/GADD45A/EDN1/PMEPA1/CCRL2/OLR1/NFAT5/TRAF1/DUSP4/ZC3H12A/BHLHE40/BIRC3/MCL1/NFKBIA/NINJ1/CSF1/TRIB1/IL6ST/BTG1/BCL6/IL1B/ACKR3,3,SNF_C2
HALLMARK_MYC_TARGETS_V2,HALLMARK_MYC_TARGETS_V2,58,-0.7142495161249668,-2.4822458849883655,1e-10,3.846153846153846e-10,1.45748987854251e-10,3860,"tags=79%, list=19%, signal=64%",DDX18/HK2/SRM/NOP2/NOC4L/DCTPP1/MYBBP1A/NPM1/CDK4/WDR74/RRP9/RRP12/EXOSC5/TFB2M/GNL3/IMP4/PHB1/PUS1/WDR43/PRMT3/PES1/NOLC1/FARSA/MRTO4/NOP16/PA2G4/TCOF1/NDUFAF4/AIMP2/TMEM97/SUPV3L1/NIP7/LAS1L/MCM5/NOP56/MPHOSPH10/SLC19A1/HSPE1/CBX3/TBRG4/PLK4/UNG/BYSL/HSPD1/MCM4/PLK1,3,SNF_C2
HALLMARK_MTORC1_SIGNALING,HALLMARK_MTORC1_SIGNALING,200,-0.5934838835063021,-2.395422464108792,1e-10,3.846153846153846e-10,1.45748987854251e-10,3570,"tags=51%, list=18%, signal=42%",SERP1/RAB1A/HSPA5/G6PD/P4HA1/PFKL/SRD5A1/TRIB3/INSIG1/ELOVL6/LDHA/PPA1/FADS2/RPA1/GGA2/TUBA4A/SSR1/SLC7A11/ME1/ABCF2/PSMA3/SLC1A5/WARS1/YKT6/DDIT3/RRP9/TXNRD1/TCEA1/SDF2L1/PSMD13/IFRD1/CYB5B/DHFR/PNP/FADS1/EPRS1/SLC2A1/ATP5MC1/IDI1/CALR/HSPA9/PSMA4/MLLT11/PSME3/ENO1/ARPC5L/PDAP1/SLC37A4/GOT1/PDK1/PGK1/DHCR7/COPS5/EEF1E1/IMMT/PSMB5/PRDX1/HSP90B1/NUP205/TMEM97/GPI/PSPH/HMBS/SQLE/PSMC4/POLR3G/PPIA/PSMC2/MTHFD2/PSMD12/HSPE1/EBP/DDX39A/GAPDH/SHMT2/PNO1/UCHL5/TOMM40/PHGDH/RPN1/CCT6A/EIF2S2/PSMD14/RRM2/GMPS/HPRT1/TPI1/TUBG1/MCM2/UNG/STIP1/PSMG1/CCNF/SLC7A5/PSAT1/HSPD1/CACYBP/MCM4/BUB1/AURKA/PLK1/CDC25A,3,SNF_C2
HALLMARK_OXIDATIVE_PHOSPHORYLATION,HALLMARK_OXIDATIVE_PHOSPHORYLATION,200,-0.5862610915261184,-2.36626979687763,1e-10,3.846153846153846e-10,1.45748987854251e-10,5240,"tags=62%, list=26%, signal=47%",NDUFB7/IDH3A/OGDH/ATP5MG/NDUFS1/ALAS1/TIMM13/SLC25A4/SLC25A3/NDUFC1/MRPL34/PMPCA/MGST3/NQO2/BAX/HTRA2/ATP5ME/NNT/CS/DECR1/SDHA/IDH3B/NDUFV1/ATP5PO/FXN/NDUFB4/IDH2/COX4I1/SDHC/ACO2/ATP6AP1/NDUFB5/NDUFB2/ATP6V1E1/ATP5F1A/NDUFA4/NDUFS6/ATP5PB/PHB2/DLAT/ATP5F1E/POR/OPA1/MRPL11/MRPS11/TIMM8B/LDHA/COX10/COX8A/IDH3G/COX5B/ATP6V1F/UQCR10/DLD/NDUFS2/ATP6V1C1/ATP5PF/NDUFS8/NDUFB6/COX6C/COX7A2L/SUCLG1/NDUFA1/MRPL35/UQCRC1/COX6B1/NDUFA8/SDHB/NDUFS3/ATP6V1H/MRPS22/NDUFA6/VDAC1/MTX2/ATP5MC1/NDUFB3/VDAC2/HSPA9/TIMM10/COX6A1/AFG3L2/UQCRFS1/UQCRB/SLC25A11/ATP5MF/SLC25A5/COX7B/HCCS/NDUFA9/ATP5PD/MRPS15/ATP6V0B/LRPPRC/VDAC3/PHYH/COX17/TOMM70/GRPEL1/FH/GOT2/ATP5MC3/LDHB/MRPS12/ATP5F1B/COX7A2/HSD17B10/IMMT/MDH2/POLR2F/TOMM22/PDHX/TIMM17A/GPI/TIMM50/COX5A/SUPV3L1/NDUFAB1/CYCS/MDH1/UQCRH/AIFM1/CYC1/MRPL15/ATP5F1C/PDHA1,3,SNF_C2
HALLMARK_KRAS_SIGNALING_UP,HALLMARK_KRAS_SIGNALING_UP,193,0.46601224824436716,2.3548887509217873,1e-10,3.846153846153846e-10,1.45748987854251e-10,3746,"tags=45%, list=18%, signal=37%",SPARCL1/AKAP12/ALDH1A2/ADGRA2/ABCB1/ADGRL4/PECAM1/GNG11/TSPAN7/IL33/CFH/MAFB/CIDEA/ITGBL1/NRP1/KLF4/SPON1/F13A1/G0S2/PLVAP/IGF2/FLT4/PRRX1/ENG/CCND2/SPRY2/RELN/ETV1/RBP4/MAP3K1/HBEGF/GFPT2/PPP1R15A/ETS1/VWA5A/EMP1/GYPC/PRDM1/TNFRSF1B/HSD11B1/IL7R/INHBA/CMKLR1/TNFAIP3/LY96/IL10RA/DUSP6/ITGA2/SERPINA3/NAP1L2/C3AR1/DOCK2/IKZF1/FUCA1/IRF8/DNMBP/CROT/TMEM100/RGS16/MTMR10/CFB/CD37/F2RL1/LAPTM5/LAT2/GPNMB/GADD45G/CSF2RA/TFPI/CLEC4A/TPH1/PIGR/EREG/MMD/GUCY1A1/ITGB2/ANO1/LIF/PRKG2/ANKH/EVI5/TRAF1/CDADC1/SATB1/BIRC3/MMP10,3,SNF_C2
HALLMARK_MYOGENESIS,HALLMARK_MYOGENESIS,190,0.45089358610450975,2.279477442013711,1e-10,3.846153846153846e-10,1.45748987854251e-10,1465,"tags=26%, list=7%, signal=24%",LAMA2/IGF1/MYH11/FHL1/MYH1/SORBS1/ITGA7/COL6A3/ADAM12/MYOM1/GSN/SGCD/COL3A1/CASQ2/IGFBP7/MYH8/SPARC/COL15A1/CD36/MYH4/PYGM/GPX3/COL1A1/TNNT3/SSPN/APLNR/FST/MYL3/MEF2C/AEBP1/DENND2B/LSP1/MYLK/DES/TAGLN/HBEGF/CKMT2/ITGB5/COX7A1/COL6A2/TGFB1/GADD45B/LDB3/CDH13/PTGIS/MYH2/PDLIM7/GJA5/SGCA,3,SNF_C2
HALLMARK_DNA_REPAIR,HALLMARK_DNA_REPAIR,149,-0.5504752017876597,-2.1688258578214916,1e-10,3.846153846153846e-10,1.45748987854251e-10,5622,"tags=58%, list=28%, signal=43%",NME4/TAF12/NUDT9/POLB/DAD1/RRM2B/POLE4/NT5C/TAF6/GTF2B/ITPA/GTF2H3/POLH/SNAPC5/CETN2/DDB1/POLR3C/TAF13/POLR1D/CANT1/GTF2H5/VPS28/NT5C3A/NUDT21/CLP1/POLR2I/TSG101/MPC2/BOLA2/GTF2A2/MRPL40/POLR1H/BRF2/STX3/POLR2J/ZNF707/ELOA/POLR2G/POLD3/SUPT5H/RBX1/SF3A3/APRT/SAC3D1/SEC61A1/RPA3/PNP/NCBP2/ERCC3/GTF3C5/DUT/POLA1/TMED2/DGUOK/POLR2C/BCAP31/UPF3B/COX17/POLR2H/POLA2/POLD1/ADRM1/NELFE/LIG1/RAE1/POLR2F/NME1/UMPS/ARL6IP1/NELFCD/SSRP1/POLR1C/CSTF3/POLR2D/PRIM1/RFC3/POLR2K/ALYREF/RFC5/HPRT1/RFC2/TYMS/ZWINT/RAD51/PCNA/RFC4/FEN1,3,SNF_C2
HALLMARK_UNFOLDED_PROTEIN_RESPONSE,HALLMARK_UNFOLDED_PROTEIN_RESPONSE,113,-0.5577145824766828,-2.121435070294397,4.663237443823676e-10,1.6654419442227417e-9,6.311148420212495e-10,5058,"tags=53%, list=25%, signal=40%",ERO1A/ALDH18A1/EIF4E/ARFGAP1/KIF5B/EXOSC1/PARN/IMP3/GEMIN4/EIF2S1/DNAJA4/SDAD1/SERP1/HSPA5/NOP14/IARS1/HYOU1/CEBPB/NPM1/NHP2/YIF1A/DDX10/SSR1/LSM1/KHSRP/RRP9/ATF4/EXOSC5/EIF4G1/CALR/HSPA9/PAIP1/POP4/CHAC1/BANF1/NFYA/VEGFA/PREB/TATDN2/NOLC1/PDIA6/TARS1/HSP90B1/EXOSC4/EIF4A3/SRPRB/EXOSC2/XPOT/NOP56/EXOSC9/EIF4EBP1/MTHFD2/LSM4/H2AX/YWHAZ/CEBPG/SLC7A5/PSAT1/CKS1B/DKC1,3,SNF_C2
HALLMARK_INFLAMMATORY_RESPONSE,HALLMARK_INFLAMMATORY_RESPONSE,198,0.39670433113489456,2.0289440918121744,9.854223645314022e-10,3.284741215104674e-9,1.244744039408087e-9,2737,"tags=32%, list=13%, signal=28%",AXL/BTG2/SCARF1/NLRP3/CALCRL/PTGER4/IL6/APLNR/SERPINE1/PTPRE/CD69/PDPN/TNFAIP6/KLF6/LPAR1/TLR3/CSF3/F3/PCDH7/HBEGF/IL4R/ACVR2A/STAB1/PTGIR/TNFRSF1B/BEST1/AHR/ITGB3/ITGA5/TACR1/SELE/IL1R1/HRH1/PIK3R5/IL7R/OSMR/INHBA/SLC31A2/RGS1/CMKLR1/MMP14/ABCA1/GPR183/VIP/IL10RA/IL18R1/FPR1/C3AR1/HAS2/SGMS2/GPR132/MSR1/CCL2/EBI3/RGS16/CD48/EMP3/CCL22/LCP2/IL12B/PTAFR/NFKB1/C5AR1/IL10,3,SNF_C2
HALLMARK_SPERMATOGENESIS,HALLMARK_SPERMATOGENESIS,111,-0.5263431570191794,-1.9996855948133,5.310840398298022e-8,1.5620118818523595e-7,5.919202920703678e-8,4402,"tags=44%, list=22%, signal=35%",GSG1/SNAP91/COIL/PGS1/GMCL1/ELOVL3/PIAS2/MAP7/CRISP2/CCNA1/CSNK2A2/DMC1/POMC/TCP11/NF2/TSN/PEBP1/MLF1/MAST2/STRBP/RPL39L/CLPB/LPIN1/HSPA4L/YBX2/VDAC3/PARP2/TALDO1/TOPBP1/CNIH2/SCG3/DMRT1/PCSK1N/NEK2/ACRV1/CDKN3/IL12RB2/PSMG1/DBF4/EZH2/CDK1/BUB1/AURKA/RFC4/NCAPH/TTK/KIF2C/CCNB2/ART3,3,SNF_C2
HALLMARK_GLYCOLYSIS,HALLMARK_GLYCOLYSIS,195,-0.4559228731386425,-1.8393210186285698,5.283033323330328e-8,1.5620118818523595e-7,5.919202920703678e-8,7872,"tags=61%, list=39%, signal=38%",HS6ST2/SOX9/PAXIP1/ALG1/PC/BIK/AK4/SDC2/LHPP/B3GNT3/KIF2A/ALDOA/ANKZF1/PGLS/ECD/STC1/P4HA2/ALDH7A1/FAM162A/VLDLR/AKR1A1/EXT1/MPI/PMM2/UGP2/GFUS/CHST6/LDHC/CACNA1H/GNE/CHST1/FBP2/GNPDA1/GMPPA/RARS1/GALK2/GCLC/GALE/MED24/ERO1A/ADORA2B/CHST2/PLOD2/PKM/SRD5A3/B4GALT4/ISG20/NOL3/COPB2/B3GAT1/PGAM1/LHX9/PDK3/PYGB/HK2/GYS1/BPNT1/ARTN/B3GAT3/CLDN3/TGFA/HSPA5/G6PD/SLC16A3/RPE/P4HA1/SDHC/RRAGD/B4GALT2/MIOX/EFNA3/NDUFV3/GFPT1/LDHA/PPFIA4/DLD/ME1/PLOD1/ENO2/CLN6/GALK1/ABCB6/PFKP/TXN/FKBP4/ME2/SAP30/POLR3K/DSC2/VEGFA/ENO1/SLC37A4/CLDN9/GOT1/SPAG4/PGK1/SLC25A10/GOT2/HAX1/NANP/MDH2/NSDHL/SOD1/TALDO1/PSMC4/PPIA/NASP/MDH1/CHST4/SLC25A13/LCT/TPI1/KIF20A/STMN1/HMMR/CDK1/AURKA/DEPDC1/CENPA,3,SNF_C2
HALLMARK_MITOTIC_SPINDLE,HALLMARK_MITOTIC_SPINDLE,197,-0.44650468950245437,-1.8007917730500083,2.0499724208090816e-7,5.694367835580782e-7,2.157865706114823e-7,4775,"tags=37%, list=24%, signal=28%",KIF5B/NCK2/KIF1B/ACTN4/NET1/FSCN1/ARL8A/ABI1/GEMIN4/ARFGEF1/HDAC6/ARHGDIA/UXT/WASF1/KIF3C/RALBP1/SEPTIN9/SMC3/TUBGCP3/STAU1/CDC42EP4/KATNB1/PCNT/KATNA1/CEP131/RANBP9/TUBA4A/TUBD1/DYNLL2/SAC3D1/YWHAE/SMC1A/CEP72/TBCD/SMC4/KIF20B/LRPPRC/BRCA2/CEP250/MAPRE1/SASS6/ECT2/KIF22/TOP2A/PRC1/CKAP5/INCENP/LMNB1/CENPF/NEK2/KNTC1/FBXO5/DLGAP5/KIF11/ANLN/ESPL1/RACGAP1/PIF1/CENPE/KIF23/KIF15/CDK1/BUB1/KIF4A/AURKA/NDC80/TTK/KIF2C/CCNB2/TPX2/BIRC5/PLK1,3,SNF_C2
HALLMARK_IL2_STAT5_SIGNALING,HALLMARK_IL2_STAT5_SIGNALING,197,0.3507923918838741,1.7898824936676034,2.988384368286749e-7,7.864169390228288e-7,2.9801062952444036e-07,3874,"tags=40%, list=19%, signal=33%",ABCB1/SHE/ITIH5/PLPP1/SELP/F2RL2/PTH1R/IL1RL1/NRP1/SYT11/COL6A1/IL3RA/CCND2/PENK/KLF6/GATA1/FGL2/SLC2A3/BMPR2/AHNAK/IL4R/CAPN3/RORA/GADD45B/SWAP70/EMP1/TNFSF11/ARL4A/SOCS2/TNFRSF1B/RHOB/AHR/WLS/CCR4/SH3BGRL2/PRKCH/CISH/IL10RA/IL18R1/GPR65/TLR7/SCN9A/DENND5A/ITGAV/IRF8/RGS16/FLT3LG/TGM2/CD48/GABARAPL1/CST7/MUC1/GUCY1B1/IKZF2/CDKN1C/IKZF4/SNX9/EOMES/SPRY4/IL10/LRIG1/IFNGR1/NT5E/MAP3K8/MYO1E/NFKBIZ/SPRED2/LIF/BATF3/TWSG1/HOPX/TNFRSF8/TRAF1/PLAGL1/BHLHE40/CDC42SE2/LRRC8C/MYO1C/CSF1,3,SNF_C2
HALLMARK_APICAL_JUNCTION,HALLMARK_APICAL_JUNCTION,198,0.34461070492049234,1.762511268085723,9.370344274899785e-7,2.3425860687249464e-6,8.877168260431376e-7,3659,"tags=36%, list=18%, signal=30%",SLIT2/VWF/PECAM1/CD34/CLDN11/CLDN5/CLDN19/COL17A1/JAM3/MMP2/FBN1/COL16A1/LAYN/FLNC/VCAN/ADAMTS5/CADM3/CDH11/PARVA/NEXN/ADAM23/CDH6/LIMA1/NRXN2/ICAM2/CNN2/CNTN1/THY1/NLGN3/NECTIN3/CERCAM/GNAI2/NLGN2/TJP1/CLDN15/MYL9/TSPAN4/ITGA2/DSC1/ZYX/PTEN/TNFRSF11B/SDC3/EPB41L2/ITGA3/RASA1/PTPRC/PKD1/AKT3/SKAP2/CD99/BMP1/ITGB1/SGCE/CD209/ITGA9/IRS1/FYB1/NEGR1/TRO/SORBS3/ACTN1/VCL/CLDN18/MAP3K20/SHC1/MAPK11/PCDH1/CX3CL1/PARD6G/EVL/TRAF1,3,SNF_C2
HALLMARK_ANGIOGENESIS,HALLMARK_ANGIOGENESIS,32,0.5748999101262481,2.215502582310611,5.669632194698821e-5,1.349912427309243e-4,5.1154576192771316e-5,2016,"tags=44%, list=10%, signal=39%",FSTL1/COL3A1/NRP1/LUM/VCAN/THBD/POSTN/COL5A2/LPL/CCND2/SLCO2A1/PDGFA/JAG1/ITGAV,3,SNF_C2
HALLMARK_COMPLEMENT,HALLMARK_COMPLEMENT,194,0.31293795825098863,1.5720790219434668,7.521915365064719e-5,1.709526219332891e-4,6.478204620629903e-5,2388,"tags=22%, list=12%, signal=20%",F10/ZEB1/LRP1/NOTCH4/KCNIP2/CFH/ZFPM2/TIMP2/CD36/GNG2/SERPING1/DPP4/IL6/SERPINE1/CTSO/SH2B3/F3/C1R/LIPA/CDH13/PIK3CG/C1S/C3/DOCK4/PIK3R5/GNAI2/MMP14/TNFAIP3/GZMK/DUSP6/FN1/FCN1/CD40LG/F8/DOCK10/ERAP2/FYN/JAK2/MMP8/CSRP1/CASP4/CFB/LCP2,3,SNF_C2
HALLMARK_ALLOGRAFT_REJECTION,HALLMARK_ALLOGRAFT_REJECTION,193,0.3026130258158606,1.529187297245654,8.318480530954921e-5,1.808365332816287e-4,6.852752840145931e-5,3446,"tags=37%, list=17%, signal=31%",KRT1/F2R/NLRP3/IL6/IL16/CCND2/TLR3/CD1D/IL4R/ACVR2A/ETS1/TGFB1/LY86/FGR/THY1/STAB1/INHBA/SOCS5/STAT4/GPR65/CD40LG/CCL19/FAS/JAK2/CRTAM/CFP/HLA-DOA/IRF8/HCLS1/CCL2/CD4/CD28/PRKCB/PTPRC/SRGN/TGFB2/CCL22/LCP2/IL12B/ITK/ST8SIA4/CD8A/CD3G/APBB1/HLA-DRA/HLA-DMB/HLA-E/CD74/CD3E/IL10/ELANE/IFNGR1/CCR2/CD96/CD247/GZMA/CCL11/FYB1/EREG/HLA-DMA/IGSF6/GBP2/WAS/ITGB2/SIT1/CD3D/LIF/CD2/LCK/SPI1/CCR5/CXCR3,3,SNF_C2
HALLMARK_APOPTOSIS,HALLMARK_APOPTOSIS,158,0.32463785934603107,1.5885815386564643,1.5563572028938605e-4,3.2424108393622094e-4,1.2287030549162057e-4,2829,"tags=27%, list=14%, signal=23%",CAV1/DCN/F2R/EGR3/PDGFRB/MMP2/HGF/GSN/BTG2/TIMP2/TXNIP/JUN/LUM/FEZ1/GPX3/ATF3/DPYD/IGFBP6/IL6/PLPPR4/CCND2/CD69/NEDD9/AVPR1A/GADD45B/EMP1/RHOB/BGN/TIMP3/FAS/BNIP3L/RNASEL/ADD1/PLCB2/CASP4/TGFB2/PDCD4/TGFBR3/LEF1/CFLAR/IFNGR1/LGALS3,3,SNF_C2
HALLMARK_UV_RESPONSE_UP,HALLMARK_UV_RESPONSE_UP,156,-0.41096388589943406,-1.6295888971824337,1.9677360984772326e-4,3.935472196954465e-4,1.4913368325301135e-4,5295,"tags=49%, list=26%, signal=36%",TST/RXRB/EIF2S3/DNAJB1/TYRO3/GLS/NUP58/ALAS1/SLC25A4/TFRC/CCK/POLG2/AP2S1/SPR/BSG/CDC34/DDX21/MAPK8IP2/CNP/TAP1/MARK2/MRPL23/FURIN/PPIF/CASP3/BID/DGAT1/GCH1/SLC6A12/ATP6V1F/HNRNPU/CLCN2/TUBA4A/ATP6V1C1/BTG3/GRINA/BAK1/YKT6/POLE3/CHKA/NKX2-5/ENO2/CYB5B/PSMC3/CDC5L/FKBP4/SLC6A8/PRPF3/PDAP1/POLR2H/GRPEL1/LHX2/KLHDC3/PARP2/DNAJA1/TARS1/GGH/GAL/CHRNA5/AMD1/AGO2/SIGMAR1/H2AX/CDK2/E2F5/PPAT/KCNH2/RPN1/EPCAM/STIP1/CTSV/CEBPG/COL2A1/RFC4/FEN1/CCNE1,3,SNF_C2
HALLMARK_TGF_BETA_SIGNALING,HALLMARK_TGF_BETA_SIGNALING,54,0.44939252013199615,1.9183335013166982,3.1023599696202575e-4,5.966076864654342e-4,2.260829127658487e-4,4142,"tags=44%, list=20%, signal=35%",LTBP2/JUNB/SERPINE1/ENG/ACVR1/BMPR2/PPP1R15A/TGFB1/ID3/TJP1/ID1/THBS1/CDKN1C/SKI/KLF10/TGFBR1/PMEPA1/WWTR1/SMAD1/RAB31/APC/SMAD7/SPTBN1/BCAR3,3,SNF_C2
HALLMARK_IL6_JAK_STAT3_SIGNALING,HALLMARK_IL6_JAK_STAT3_SIGNALING,83,0.38208517527662517,1.7536074141809406,3.9983579802482577e-4,7.404366630089366e-4,2.805865249297023e-4,3385,"tags=37%, list=17%, signal=31%",LEPR/ACVRL1/CD36/JUN/IL6/SOCS3/IL3RA/IL4R/TGFB1/CRLF2/TNFRSF1B/ITGB3/IL9R/IL1R1/PIK3R5/OSMR/PDGFC/IL18R1/A2M/FAS/EBI3/IL13RA1/PLA2G2A/TNFRSF1A/CSF2RA/IFNGR1/MAP3K8/CSF2RB/STAM2/ITGA4/STAT3,3,SNF_C2
HALLMARK_HYPOXIA,HALLMARK_HYPOXIA,194,0.2914613656597067,1.4641889441009395,5.924818963267263e-4,0.0010580033862977256,4.0092759901808555e-4,2386,"tags=23%, list=12%, signal=21%",AKAP12/CAV1/ZFP36/DCN/FOS/DUSP1/CCN1/TGFB3/CAVIN1/JUN/PYGM/SRPX/ATF3/CCN2/IL6/COL5A1/SERPINE1/PCK1/KLF6/LOX/F3/MAP3K1/SLC2A3/CCN5/NR3C1/TIPARP/PPP1R15A/ETS1/KLF7/RORA/NDST1/HAS1/BGN/CCNG2/TNFAIP3/IDS/BNIP3L/SLC6A6/FOSL2/SDC3/PFKFB3/TGM2/NDST2/TPST2/CDKN1C,3,SNF_C2
HALLMARK_PEROXISOME,HALLMARK_PEROXISOME,101,-0.3693831549237371,-1.3911292487723497,0.02947845804988662,0.05082492767221831,0.019259972591577464,4722,"tags=36%, list=23%, signal=27%",SLC25A4/PEX6/TSPO/GNPAT/PRDX5/NR1I2/SLC27A2/FABP6/HRAS/PEX2/IDH2/CNBP/HSD11B2/PEX5/SMARCC1/PEX13/SLC35B2/ABCB9/CLN6/FADS1/ERCC3/IDI1/ABCD1/NUDT19/PABPC1/FDPS/SLC25A17/ACOT8/CACNA1B/PRDX1/SOD1/CRABP1/TOP2A/MSH2/CTPS1/SLC25A19,3,SNF_C2
HALLMARK_XENOBIOTIC_METABOLISM,HALLMARK_XENOBIOTIC_METABOLISM,184,0.23591334876525757,1.187830074712998,0.04111546263051088,0.06852577105085146,0.02596766060874372,2489,"tags=22%, list=12%, signal=19%",IGF1/F10/ATOH8/PDK4/PROS1/CD36/FBLN1/SERPINE1/CDO1/SLC12A4/RBP4/CES1/ETS2/AOX1/IGFBP4/ABCD2/GCKR/TPST1/IL1R1/HSD11B1/PTGDS/CYP1A1/CYP26A1/FAS/ALDH2/SLC6A6/LCAT/FMO1/IRF8/CSAD/CROT/CAT/GABARAPL1/CFB/TGFB2/SLC46A3/ENPEP/MAN1A1/ACSM1/ADH1C,3,SNF_C2
HALLMARK_REACTIVE_OXYGEN_SPECIES_PATHWAY,HALLMARK_REACTIVE_OXYGEN_SPECIES_PATHWAY,47,-0.42179817780545825,-1.4102824555280198,0.04708798017348203,0.0759483551185194,0.02878042930807051,4259,"tags=43%, list=21%, signal=34%",GCLM/HMOX2/ABCC1/NDUFB4/G6PD/SELENOS/GLRX2/NDUFS2/PRDX6/TXNRD1/PRDX2/NDUFA6/PFKP/TXN/LAMTOR5/SCAF4/CDKN2D/PRDX1/SOD1/PRDX4,3,SNF_C2
HALLMARK_PI3K_AKT_MTOR_SIGNALING,HALLMARK_PI3K_AKT_MTOR_SIGNALING,103,-0.35430158624523467,-1.337178543695814,0.04880817253121453,0.0762627695800227,0.02889957584085071,6449,"tags=39%, list=32%, signal=27%",MAP3K7/ACACA/SQSTM1/ACTR3/NCK1/PPP2R1B/YWHAB/AKT1S1/PRKAG1/CLTC/EIF4E/PTPN11/MAPKAP1/PAK4/GSK3B/NFKBIB/ARHGDIA/ARPC3/AP2M1/TRAF2/HRAS/CFL1/RPTOR/GRB2/TRIB3/PPP1CA/PFN1/UBE2N/SFN/CDK4/DDIT3/SLC2A1/CALR/CSNK2B/ARF1/PDK1/HSP90B1/CDK2/CDK1/E2F1,3,SNF_C2
HALLMARK_PROTEIN_SECRETION,HALLMARK_PROTEIN_SECRETION,96,-0.33902558597921895,-1.2702674556007738,0.08380520951302378,0.12697759017124816,0.04811782364384141,6485,"tags=43%, list=32%, signal=29%",LMAN1/BET1/VAMP7/RAB9A/VPS45/USO1/CTSC/NAPG/LAMP2/ATP6V1B1/CLTC/AP1G1/KIF1B/RAB22A/ARFGEF1/SH3GL2/COPB2/AP2S1/OCRL/AP2M1/ZW10/COPE/TSPAN8/TSG101/YIPF6/STX16/STAM/ERGIC3/RAB2A/YKT6/CLTA/ATP6V1H/TPD52/SCAMP3/TMED2/GNAS/ARF1/BNIP3/DNM1L/SOD1/ANP32E,3,SNF_C2
HALLMARK_CHOLESTEROL_HOMEOSTASIS,HALLMARK_CHOLESTEROL_HOMEOSTASIS,74,-0.33956230994813547,-1.2249039760959406,0.147024504084014,0.21621250600590294,0.08193316017065795,4344,"tags=34%, list=21%, signal=27%",SREBF2/S100A11/FBXO6/ATF5/PDK3/FABP5/MAL2/TRIB3/ALDOC/MVK/LSS/FADS2/MVD/CHKA/IDI1/PCYT2/FDPS/CBS/DHCR7/NSDHL/ACAT2/TMEM97/SQLE/GLDC/EBP,3,SNF_C2
HALLMARK_BILE_ACID_METABOLISM,HALLMARK_BILE_ACID_METABOLISM,104,0.2277218461573677,1.0808565044025282,0.256,0.3657142857142857,0.13858646616541354,1736,"tags=12%, list=9%, signal=11%",ABCA9/ABCA8/ABCA6/CH25H/LIPE/ALDH1A1/HSD17B11/ATXN1/ABCD2/NEDD4/ABCA1/NR3C2/DIO2,3,SNF_C2
HALLMARK_FATTY_ACID_METABOLISM,HALLMARK_FATTY_ACID_METABOLISM,152,-0.2715509845990251,-1.072641345071366,0.3218884120171674,0.4349843405637397,0.1648361711609961,3968,"tags=39%, list=20%, signal=32%",HIBCH/CPT2/ECHS1/OSTC/YWHAH/IL4I1/ADIPOR2/ACOX1/ECI1/S100A10/GRHPR/BPHL/RDH11/CBR1/PCBD1/GCDH/ENO3/RAP1GDS1/APEX1/CPOX/DECR1/NTHL1/ALDH3A1/NBN/SDHA/IDH3B/SDHC/ACO2/METAP1/LDHA/IDH3G/DLD/ME1/HSPH1/NCAPH2/TDO2/PRDX6/SUCLG1/ENO2/RDH16/SMS/IDI1/CA6/ADSL/AADAT/PTS/HCCS/KMT5A/ACOT8/FH/HSP90AA1/ODC1/HSD17B10/MDH2/NSDHL/ACAT2/MDH1/MIX23/PDHA1/H2AZ1,3,SNF_C2
HALLMARK_P53_PATHWAY,HALLMARK_P53_PATHWAY,200,0.19856971337401552,1.0216436703977247,0.31487823290557176,0.4349843405637397,0.1648361711609961,2216,"tags=16%, list=11%, signal=15%",F2R/FOS/BTG2/TP63/KLF4/TXNIP/JUN/ATF3/ZFP36L1/PLK3/ZBTB16/PTPRE/CCND2/ZMAT3/HBEGF/PPP1R15A/TGFB1/VWA5A/CDH13/KIF13B/SESN1/ISCU/MXD4/PDGFA/TSC22D1/FAS/XPC/FUCA1/RRAD/TSPYL2/STOM/RGS16/DGKA,3,SNF_C2
HALLMARK_ESTROGEN_RESPONSE_LATE,HALLMARK_ESTROGEN_RESPONSE_LATE,200,-0.26364777971684744,-1.0641364183555564,0.339304531085353,0.44645333037546453,0.1691823146685971,7465,"tags=42%, list=37%, signal=27%",IL17RB/MEST/DNAJC1/SOX3/PTPN6/MICB/ABCA3/OVOL2/BAG1/CACNA2D2/AMFR/ETFB/SULT2B1/DHRS2/XRCC3/SORD/CD9/KRT19/KLK10/ALDH3B1/FDFT1/GFUS/TFAP2C/PERP/METTL3/CLIC3/RET/FGFR3/CCND1/RBBP8/HOMER2/SLC16A1/BLVRB/KRT13/TST/GALE/HSPB8/PLAC1/MDK/SLC29A1/ASS1/ISG20/DCXR/CDH1/NHERF1/FABP5/SNX10/SLC27A2/CCNA1/IDH2/MAPK13/PPIF/TH/PCP4/CKB/SFN/ST14/BTG3/LLGL2/SCARB1/COX6C/NXT1/RNASEH2A/ASCL1/PKP3/HR/HSPA4L/FKBP4/DHCR7/NMU/GAL/LSR/IMPA2/FOXC1/KCNK5/TOP2A/CDC6/GJB3/PLK4/HPRT1/KIF20A/STIL/SLC7A5/GINS2/CDC20,3,SNF_C2
HALLMARK_NOTCH_SIGNALING,HALLMARK_NOTCH_SIGNALING,32,0.26796979352584305,1.0326802267326372,0.4099099099099099,0.5255255255255256,0.1991465149359886,2208,"tags=22%, list=11%, signal=20%",DLL1/WNT5A/HEYL/DTX1/JAG1/WNT2/TCF7L2,3,SNF_C2
HALLMARK_ADIPOGENESIS,HALLMARK_ADIPOGENESIS,197,-0.2525003406218101,-1.018355566636397,0.4380252100840336,0.5341770854683336,0.20242500080905276,3241,"tags=26%, list=16%, signal=22%",SDHC/ACO2/UBQLN1/PFKL/DGAT1/DLAT/ELOVL6/POR/COX8A/IDH3G/UQCR10/DLD/GHITM/ME1/SLC25A1/CDKN2C/SLC1A5/SLC5A6/SCARB1/RTN3/SUCLG1/UQCRC1/SDHB/NDUFS3/JAGN1/ATP1B3/YWHAG/COX6A1/ORM1/AK2/COX7B/PREB/PHYH/GRPEL1/DHCR7/SLC25A10/TKT/PTCD3/ATL2/IMMT/MDH2/SOD1/MCCC1/TALDO1/COQ3/NDUFAB1/COQ9/SLC19A1/AIFM1/MTCH2/CYC1/MRPL15,3,SNF_C2
HALLMARK_ANDROGEN_RESPONSE,HALLMARK_ANDROGEN_RESPONSE,101,0.21367911311329996,1.0014305034293316,0.43333333333333335,0.5341770854683336,0.20242500080905276,2373,"tags=19%, list=12%, signal=17%",AKAP12/PLPP1/ARID5B/ADAMTS1/MAF/PTPN21/SGK1/CDC14B/LIFR/MAK/KLK2/IQGAP2/TSC22D1/SELENOP/KLK3/ITGAV/MERTK/TNFAIP8/NKX3-1,3,SNF_C2
HALLMARK_PANCREAS_BETA_CELLS,HALLMARK_PANCREAS_BETA_CELLS,28,-0.3396705773440295,-1.0087771441392628,0.45382585751978893,0.5402688779997488,0.20473346955779953,799,"tags=14%, list=4%, signal=14%",SRPRB/PAX6/PCSK1/CHGA,3,SNF_C2
HALLMARK_HEDGEHOG_SIGNALING,HALLMARK_HEDGEHOG_SIGNALING,35,0.24544181190551753,0.9594647558540079,0.5260663507109005,0.6117050589661633,0.23180402234507244,2573,"tags=23%, list=13%, signal=20%",GLI1/NRP1/ETS2/THY1/DPYSL2/RASA1/RTN1/NRP2,3,SNF_C2
HALLMARK_INTERFERON_ALPHA_RESPONSE,HALLMARK_INTERFERON_ALPHA_RESPONSE,97,-0.2542247049502162,-0.9538810214147699,0.5636363636363636,0.6262626262626263,0.2373205741626794,7382,"tags=42%, list=36%, signal=27%",IFIT2/UBE2L6/IFI44L/PSMB8/HELZ2/PSMB9/OGFR/PLSCR1/OAS1/CMPK2/TENT5A/CXCL11/EIF2AK2/MX1/ADAR/LGALS3BP/CD47/PSME2/RTP4/IFI27/PARP12/TRIM25/IFI44/ISG20/IFIH1/OASL/LAMP3/CNP/TAP1/GMPR/BATF2/LY6E/ISG15/TRIM26/CMTR1/USP18/CXCL10/PSMA3/WARS1/RIPK2/PNPT1,3,SNF_C2
HALLMARK_WNT_BETA_CATENIN_SIGNALING,HALLMARK_WNT_BETA_CATENIN_SIGNALING,42,0.2286243233927527,0.939549825937113,0.5560975609756098,0.6262626262626263,0.2373205741626794,3067,"tags=26%, list=15%, signal=22%",NOTCH4/DLL1/CCND2/JAG1/TCF7/NKD1/AXIN2/NUMB/LEF1/WNT1/FZD1,3,SNF_C2
HALLMARK_INTERFERON_GAMMA_RESPONSE,HALLMARK_INTERFERON_GAMMA_RESPONSE,199,0.1860980191092712,0.9506437961326997,0.6153846153846154,0.6688963210702341,0.25347650061608873,3388,"tags=22%, list=17%, signal=19%",SELP/CFH/TXNIP/SERPING1/ARID5B/SSPN/IL6/LATS2/SOCS3/CD69/TNFAIP6/P2RY14/FGL2/IL4R/C1R/NOD1/C1S/ARL4A/CMKLR1/TNFAIP3/IL10RA/STAT4/FPR1/FAS/EIF4E3/JAK2/IRF8/CCL2/CASP4/CFB/LCP2/ST8SIA4/NFKB1/VAMP5/CD74/MVP/GZMA/IFITM2/HLA-DMA/CSF2RB/HLA-DRB1/CASP1/STAT3/KLRK1,3,SNF_C2
HALLMARK_KRAS_SIGNALING_DN,HALLMARK_KRAS_SIGNALING_DN,181,-0.2309264598480692,-0.9262860287201964,0.6497354497354497,0.6912079252504784,0.26193142430544447,5649,"tags=30%, list=28%, signal=22%",FGFR3/MX1/GPR3/CALML5/CPA2/KRT13/ATP6V1B1/SERPINB2/CHST2/CNTFR/CPB1/ZC2HC1C/SOX10/MSH5/NPHS1/KLHDC8A/PLAG1/MYH7/BARD1/KLK8/KLK7/CCNA1/CLDN16/UPK3B/NGB/STAG3/ALOX12B/HSD11B2/SLC30A3/RYR1/DTNB/SPTBN2/PKP1/ARHGDIG/CKM/SLC6A14/TFF2/AKR1B10/SMPX/KCNQ2/MAGIX/CDKAL1/GTF3C5/TLX1/SLC5A5/YBX2/TFCP2L1/RIBC2/TGM1/KRT4/CALCB/GPR19/SLC38A3/TEX15/COL2A1,3,SNF_C2
HALLMARK_HEME_METABOLISM,HALLMARK_HEME_METABOLISM,182,-0.22718084465397248,-0.9117458167057771,0.6881606765327696,0.7168340380549684,0.271642372315567,5586,"tags=31%, list=28%, signal=23%",EPB41/KEL/RIOK3/BLVRB/GCLC/LAMP2/CDC27/PDZK1IP1/RCL1/RHCE/UBAC1/TFRC/SLC25A38/MGST3/HTRA2/GCLM/ADIPOR1/SLC6A9/MKRN1/NNT/CPOX/BSG/GLRX5/DCUN1D1/FBXO9/TOP1/H4C3/ACSL6/ADD2/HAGH/HEBP1/SMOX/SLC7A11/MOCOS/MOSPD1/TCEA1/PRDX2/KLF1/FN3K/SLC2A1/ABCB6/OSBP2/RAD23A/RBM38/SLC6A8/FTCD/XK/ANK1/HMBS/EIF2AK1/HTATIP2/NARF/HDGF/TMCC2/GMPS/E2F2,3,SNF_C2
HALLMARK_APICAL_SURFACE,HALLMARK_APICAL_SURFACE,43,0.2016946872585123,0.8241940602904732,0.8350515463917526,0.8520934146854618,0.3228985571439645,3886,"tags=26%, list=19%, signal=21%",SRPX/GAS1/SLC2A4/THY1/SULF2/PKHD1/MDGA1/CROCC/CX3CL1/NTNG1/AFAP1L2,3,SNF_C2
HALLMARK_ESTROGEN_RESPONSE_EARLY,HALLMARK_ESTROGEN_RESPONSE_EARLY,200,0.12473490763758115,0.6417626671271384,1,1,0.37894736842105264,2484,"tags=12%, list=12%, signal=10%",CXCL12/FOS/EGR3/DLC1/KLF4/RPS6KA2/CCN5/TIPARP/GLA/IGFBP4/AFF1/MYOF/CISH/PDLIM3/AREG/SEC14L2/ADD3/JAK2/TGM2/OLFML3/MUC1/TMEM164/NBL1,3,SNF_C2
HALLMARK_ESTROGEN_RESPONSE_EARLY,HALLMARK_ESTROGEN_RESPONSE_EARLY,200,-0.5778190319195141,-3.131566412318378,1e-10,6.25e-10,2.894736842105263e-10,2828,"tags=48%, list=14%, signal=42%",BAG1/OVOL2/FOS/DHRS2/CALCR/PLAAT3/GLA/TBC1D30/SNX24/KRT8/TOB1/SLC1A4/DYNLT3/MUC1/ELF1/TIPARP/CANT1/AREG/CBFA2T3/ASB13/HSPB8/FLNB/TJP3/REEP1/EGR3/RAB31/SLC1A1/ITPK1/CELSR2/KRT18/TFF3/NRIP1/MSMB/AR/MYOF/GJA1/NHERF1/AFF1/AMFR/SCNN1A/ABCA3/PEX11A/SLC27A2/ARL3/EEIG1/ABHD2/PRSS23/SEC14L2/SIAH2/RET/ELOVL5/TPBG/MREG/SEMA3B/CCND1/TTC39A/MED13L/RAB17/CISH/BHLHE40/MYB/IGFBP4/NPY1R/IGF1R/SLC19A2/BCL2/ELOVL2/TFF1/PDZK1/ADCY1/MAST4/SYBU/MINDY1/ADCY9/RARA/GFRA1/LRIG1/RETREG1/UGCG/WFS1/ANXA9/MLPH/KCNK15/SLC22A5/SLC7A2/GREB1/STC2/CELSR1/KDM4B/XBP1/MAPT/IL6ST/SLC39A6/CA12/ABAT/PGR/THSD4,3,SNF_C3
HALLMARK_E2F_TARGETS,HALLMARK_E2F_TARGETS,200,0.6498366085986733,2.942820092472076,1e-10,6.25e-10,2.894736842105263e-10,4605,"tags=68%, list=23%, signal=53%",CDKN2A/CTPS1/NASP/HMGA1/CDC20/NCAPD2/CCNE1/ANP32E/LBR/DEK/CDCA8/STMN1/MCM5/MCM7/KIF2C/LYAR/CHEK1/RANBP1/TUBB/DONSON/AURKB/USP1/PHF5A/EZH2/MCM6/CKS1B/CDC25A/MCM3/PRDX4/DEPDC1/CDCA3/MELK/RAD51AP1/CHEK2/PRIM2/MSH2/ORC6/CCNB2/PLK1/TRIP13/RFC2/SSRP1/TCF19/CDC25B/CNOT9/DDX39A/PTTG1/MMS22L/AK2/TBRG4/DSCC1/KIF18B/SYNCRIP/DLGAP5/MYBL2/DCLRE1B/DIAPH3/SUV39H1/POLD1/MCM4/BIRC5/SMC6/EED/CDKN2C/CKS2/UBE2S/MTHFD2/GINS3/SPC24/ZW10/MKI67/H2AZ1/CDK4/NUP205/KIF4A/DNMT1/RFC3/CDK1/ILF3/MAD2L1/TACC3/UBE2T/JPT1/PSIP1/ASF1A/GINS4/MCM2/RRM2/GINS1/POP7/AURKA/TRA2B/PPP1R8/TK1/XRCC6/CENPE/BUB1B/HNRNPD/CDKN3/LMNB1/RNASEH2A/KPNA2/PCNA/H2AX/HMMR/ASF1B/RAN/TIPIN/TMPO/BRCA2/SPC25/CENPM/PLK4/NOP56/RPA1/HELLS/TFRC/XPO1/MYC/HMGB2/UNG/SRSF2/EXOSC8/SMC4/HMGB3/E2F8/POLD2/POLA2/NOLC1/CIT/SPAG5/NUP153/ESPL1/RPA2/PRKDC/BRMS1L/SLBP,3,SNF_C3
HALLMARK_G2M_CHECKPOINT,HALLMARK_G2M_CHECKPOINT,199,0.5942919025520987,2.68832481281203,1e-10,6.25e-10,2.894736842105263e-10,4111,"tags=58%, list=20%, signal=47%",NASP/HMGA1/CDC20/E2F3/LBR/CENPA/ODC1/STMN1/MCM5/KIF2C/TTK/CHEK1/SLC7A5/AURKB/NDC80/AMD1/E2F2/DKC1/KATNA1/RAD54L/EZH2/TFDP1/MCM6/CKS1B/CDC25A/TENT4A/MCM3/STIL/DBF4/PRIM2/BUB1/ORC6/CCNB2/PLK1/CDC45/CCNA2/TPX2/EXO1/CDC25B/PML/E2F4/INCENP/DDX39A/CDC7/PTTG1/UCK2/FBXO5/SYNCRIP/MYBL2/SNRPD1/UBE2C/SUV39H1/BIRC5/CDKN2C/CKS2/UBE2S/NCL/KIF23/HIRA/DMD/MKI67/H2AZ1/CENPF/KIF15/CDK4/SAP30/KIF4A/CHAF1A/CDK1/ILF3/MAD2L1/EFNA5/CUL1/FANCC/TACC3/JPT1/POLQ/RBL1/E2F1/MCM2/AURKA/TRA2B/TROAP/CENPE/HNRNPD/CDKN3/LMNB1/KPNA2/KIF11/H2AX/HMMR/SLC7A1/TMPO/BRCA2/PLK4/PRC1/KMT5A/TRAIP/XPO1/MYC/SRSF2/ATF5/SMC4/NUP50/SFPQ/CHMP1A/DTYMK/MTF2/KNL1/HMGB3/PBK/NEK2/CASP8AP2/POLA2/NOLC1,3,SNF_C3
HALLMARK_MYC_TARGETS_V1,HALLMARK_MYC_TARGETS_V1,200,0.5753284059421471,2.6054056825568903,1e-10,6.25e-10,2.894736842105263e-10,4372,"tags=52%, list=22%, signal=41%",CTPS1/CDC20/ODC1/DEK/PSMB2/SERBP1/RFC4/SRPK1/IFRD1/MCM5/MCM7/ILF2/HDAC2/RANBP1/KARS1/USP1/TFDP1/MCM6/HDGF/PRDX4/SNRPG/CDC45/CAD/MRPL9/FBL/CCNA2/PPM1G/LSM2/UBA2/PABPC4/CCT4/SNRPA1/YWHAQ/EIF3B/TYMS/SYNCRIP/SNRPD1/SF3B3/MCM4/STARD7/CCT5/NOP16/H2AZ1/SRM/EIF2S2/TCP1/CDK4/PABPC1/DDX18/PSMD14/SNRPA/PSMD7/HDDC2/PHB2/MAD2L1/CUL1/SRSF3/MCM2/SSBP1/SSB/TRA2B/XRCC6/HNRNPD/COX5A/KPNA2/PCNA/PSMC4/ACP1/PSMA7/CCT7/RAN/SRSF7/PGK1/XPOT/PSMA4/HNRNPA3/NOP56/CCT3/HSPD1/ABCE1/PRPS2/XPO1/MYC/EPRS1/PSMD8/SRSF2/DDX21/TARDBP/AIMP2/HPRT1/CDK2/POLE3/LSM7/POLD2/EEF1B2/NOLC1/HSPE1/PPIA/RRP9/CNBP/SNRPD2/SET/EIF3D,3,SNF_C3
HALLMARK_ALLOGRAFT_REJECTION,HALLMARK_ALLOGRAFT_REJECTION,193,0.570339048407486,2.578574198006541,1e-10,6.25e-10,2.894736842105263e-10,5884,"tags=68%, list=29%, signal=49%",CDKN2A/WARS1/LYN/TAP2/HLA-DOB/IFNAR2/RIPK2/EGFR/NCK1/IL2RA/GZMB/TAP1/IL27RA/CCL13/IFNG/CSK/IRF4/ICAM1/TNF/ABI1/PRF1/IL12RB1/MTIF2/SOCS1/TLR6/CD79A/MAP4K1/CCL5/LY75/CD7/UBE2D1/EIF5A/IL2RG/CD40/DARS1/NCR1/IL12A/RPS19/MRPL3/TLR1/LTB/CTSS/ELF4/FASLG/KLRD1/TLR2/AARS1/IL15/HLA-A/CCL7/CCL4/NCF4/IL18RAP/LCK/IFNGR1/CXCL9/ACHE/WAS/CCR1/HLA-G/BCAT1/HLA-E/LIF/CD47/FLNA/CD8B/FAS/CD247/ZAP70/CD80/ABCE1/SRGN/CCND3/SIT1/TAPBP/CCR5/RPL39/NOS2/CD2/CCR2/ITGB2/C2/CD3D/FYB1/CD86/PRKCB/CD96/IL7/HCLS1/CD3E/CXCR3/CD3G/GZMA/LCP2/HLA-DMA/ETS1/PTPRC/ITK/GLMN/IRF8/STAT1/HLA-DRA/CD8A/HLA-DMB/PSMB10/HIF1A/STAT4/EIF3D/CRTAM/SPI1/CD4/CD28/IL18/IFNGR2/HLA-DOA/TRAT1/CD40LG/GBP2/ST8SIA4/B2M/CAPG/CD74/ICOSLG/CCL2/FGR/FCGR2B/MAP3K7/NME1/IGSF6/IL10/TRAF2,3,SNF_C3
HALLMARK_INTERFERON_GAMMA_RESPONSE,HALLMARK_INTERFERON_GAMMA_RESPONSE,199,0.5280211930947865,2.3885441968694607,1e-10,6.25e-10,2.894736842105263e-10,5245,"tags=53%, list=26%, signal=40%",PLA2G4A/WARS1/IDO1/PSMB2/NUP93/IFNAR2/PFKP/RIPK2/PTGS2/PTPN2/CXCL10/PELI1/PIM1/UPP1/CD38/NMI/TAP1/IL15RA/PML/IRF4/ICAM1/PNP/CXCL11/NLRC5/SLAMF7/MTHFD2/PNPT1/PSMB9/SOCS1/CCL5/TNFAIP2/IL18BP/CD274/PLSCR1/CSF2RB/ZBP1/GBP4/VCAM1/ITGB7/IFIH1/CD40/BANK1/RTP4/LY6E/ISG20/CIITA/MX2/BATF2/GPR18/IL15/NAMPT/HLA-A/CCL7/TMT1B/CXCL9/IFI44/HLA-B/EPSTI1/HLA-G/GBP6/APOL6/TNFAIP3/FAS/IRF1/TAPBP/MYD88/CASP1/CD86/IL7/XCL1/TRIM26/GZMA/LCP2/HLA-DMA/SECTM1/PARP12/PSMB8/IRF8/STAT1/HLA-DRB1/IFI30/CMPK2/PSMB10/HIF1A/STAT4/OASL/IL10RA/CASP4/FCGR1A/LYSMD2/PDE4B/C1S/C1R/KLRK1/GCH1/SAMHD1/CASP3/USP18/RSAD2/ST8SIA4/B2M/LAP3/IRF5/CD74/IFIT2/IFI44L,3,SNF_C3
HALLMARK_ESTROGEN_RESPONSE_LATE,HALLMARK_ESTROGEN_RESPONSE_LATE,200,-0.43849852808066764,-2.3765005763599367,1e-10,6.25e-10,2.894736842105263e-10,2889,"tags=42%, list=14%, signal=36%",LARGE1/BAG1/OVOL2/FOS/SERPINA1/CYP4F11/DHRS2/FGFR3/CALCR/PLAAT3/GLA/TOB1/ALDH3A2/SLC1A4/CPE/DYNLT3/DLG5/ST6GALNAC2/HMGCS2/EMP2/MOCS2/AREG/IGSF1/PDCD4/CHST8/TFPI2/DNAJC1/HSPB8/FLNB/TJP3/EGR3/RAB31/CXCL14/ITPK1/CELSR2/TFF3/NRIP1/ACOX2/MYOF/NHERF1/AFF1/AMFR/SCNN1A/ABCA3/TPSAB1/PRLR/GPER1/COX6C/UGDH/SLC27A2/ARL3/EEIG1/ABHD2/PRSS23/SIAH2/RET/ELOVL5/TPBG/SERPINA5/SEMA3B/CCND1/CISH/MYB/IGFBP4/NPY1R/BCL2/TSPAN13/TFF1/PTGER3/PDZK1/AGR2/ASCL1/WFS1/ANXA9/CACNA2D2/SLC22A5/RABEP1/DNAJC12/XBP1/MAPT/IL6ST/CA12/PGR/SCUBE2,3,SNF_C3
HALLMARK_MTORC1_SIGNALING,HALLMARK_MTORC1_SIGNALING,200,0.5019562603603188,2.273135968310399,1e-10,6.25e-10,2.894736842105263e-10,4292,"tags=48%, list=21%, signal=38%",PSAT1/PHGDH/ENO1/WARS1/IFRD1/PDK1/CTSC/POLR3G/PSMG1/SLC7A5/SRD5A1/CDC25A/PGM1/BUB1/PLK1/TPI1/GAPDH/ACTR3/GMPS/NFIL3/SHMT2/GPI/DDX39A/TUBA4A/TOMM40/CALR/PSPH/RPN1/PNP/PNO1/MCM4/CCT6A/TES/MTHFD2/VLDLR/PITPNB/NFYC/EIF2S2/NUP205/STARD4/SLC2A1/DAPP1/PSMD14/MLLT11/PDAP1/ARPC5L/EBP/MAP2K3/CXCR4/MCM2/RRM2/NFKBIB/HMBS/SERPINH1/PSMC2/AURKA/HSP90B1/CACYBP/NAMPT/CORO1A/PSMC4/PPA1/LGMN/DHCR7/PGK1/ABCF2/UCHL5/DDIT4/PSMA4/BCAT1/YKT6/PFKL/HSPD1/ERO1A/RPA1/TFRC/IDI1/EPRS1/ITGB2/UNG/G6PD/ME1/SSR1/PRDX1/HPRT1/ACTR2/IMMT/PSMB5/STIP1/GOT1/HSPE1/PPIA/IFI30/PLOD2/RRP9/RAB1A,3,SNF_C3
HALLMARK_INFLAMMATORY_RESPONSE,HALLMARK_INFLAMMATORY_RESPONSE,198,0.449425414189082,2.031383544075986,3.962801017408259e-9,2.2015561207823662e-8,1.0196680980465696e-8,4962,"tags=45%, list=24%, signal=35%",CHST2/CCL20/LYN/LAMP3/RIPK2/OPRK1/CXCL10/PVR/ROS1/MARCO/NMI/ADORA2B/IL15RA/ICAM1/ADM/SEMA4D/SPHK1/IL1A/CXCL11/CXCL8/ABI1/CXCL6/MET/PLAUR/CD82/CCL5/CX3CL1/TNFRSF9/CXCR6/TNFSF9/CD70/CD40/TLR1/RTP4/LY6E/LTA/ATP2C1/TLR2/IL15/ITGB8/NAMPT/CCL7/MEFV/IL18RAP/KCNJ2/CD14/LCK/SLC7A1/CXCL9/IL18R1/SLAMF1/EDN1/CCL24/SELL/LIF/KIF1B/DCBLD2/IRF1/TAPBP/MYC/RHOG/GP1BA/CCR7/CCL17/GNAI3/CYBB/GNA15/CD48/TNFRSF1B/LCP2/KCNA3/SLC31A1/ADGRE1/ADRM1/AQP9/TNFSF15/HIF1A/PTAFR/IL10RA/PDE4B/IL18/OSM/NMUR1/IFNGR2/FZD5/GCH1/GPR183/IL7R/IRAK2/TACR1,3,SNF_C3
HALLMARK_MYC_TARGETS_V2,HALLMARK_MYC_TARGETS_V2,58,0.605374494990934,2.305367988179596,4.718565405773542e-8,2.3592827028867708e-7,1.0927204097580833e-7,7050,"tags=83%, list=35%, signal=54%",MCM5/NDUFAF4/NIP7/BYSL/WDR43/PLK1/TCOF1/MPHOSPH10/TBRG4/MCM4/NOP16/SRM/CDK4/MRTO4/DDX18/SUPV3L1/PES1/PUS1/MYBBP1A/WDR74/PPRC1/RCL1/DUSP2/NOP2/PLK4/NOP56/HSPD1/IMP4/MYC/UNG/AIMP2/NOLC1/HSPE1/RRP9/SLC19A1/EXOSC5/MAP3K6/FARSA/CBX3/PA2G4/RRP12/GNL3/PPAN/TFB2M/UTP20/NPM1/LAS1L/PHB1,3,SNF_C3
HALLMARK_INTERFERON_ALPHA_RESPONSE,HALLMARK_INTERFERON_ALPHA_RESPONSE,97,0.4773515916526803,1.9693140497780464,3.4878813353014733e-6,1.5854006069552153e-5,7.342908074318892e-6,5245,"tags=45%, list=26%, signal=34%",WARS1/LAMP3/RIPK2/NCOA7/CXCL10/NMI/TAP1/CXCL11/PNPT1/PSMB9/PLSCR1/GBP4/IFIH1/RTP4/LY6E/ISG20/BATF2/IL15/IFI44/EPSTI1/SELL/CD47/IRF1/CASP1/IL7/TRIM26/CNP/PARP12/PSMB8/IFI30/CMPK2/OASL/NUB1/C1S/HLA-C/GBP2/USP18/GMPR/RSAD2/B2M/LAP3/CD74/IFIT2/IFI44L,3,SNF_C3
HALLMARK_TNFA_SIGNALING_VIA_NFKB,HALLMARK_TNFA_SIGNALING_VIA_NFKB,198,0.3917979908150073,1.7709100687590245,7.987497319007815e-6,3.328123882919923e-5,1.541446851036596e-5,3627,"tags=33%, list=18%, signal=28%",BCL2A1/BTG3/CCL20/PTX3/CXCL1/CEBPB/RIPK2/PTGS2/CXCL10/NFKBIE/FOSL1/BMP2/SLC2A6/TAP1/NFIL3/IL15RA/PNRC1/CD83/FUT4/RELB/ICAM1/SPHK1/IL1A/RNF19B/CXCL11/TNF/CXCL6/CXCL3/SERPINB2/PLAUR/IL23A/YRDC/CCL5/TNFAIP2/TNFRSF9/VEGFA/NFKB2/TANK/TRAF1/MAP2K3/TNFSF9/IFIH1/RCAN1/SAT1/TLR2/NAMPT/CCL4/SERPINB8/CFLAR/DUSP2/BIRC3/EDN1/TRIP10/TNFAIP3/LAMB3/LIF/KYNU/PLEK/CD80/IRF1/EHD1/B4GALT5/MYC/BIRC2/TNFAIP8/SPSB1,3,SNF_C3
HALLMARK_MITOTIC_SPINDLE,HALLMARK_MITOTIC_SPINDLE,197,0.38183133719558837,1.7254419193455892,2.123236310075165e-5,8.166293500289097e-5,3.7822833053970544e-5,5453,"tags=40%, list=27%, signal=29%",FSCN1/NCK2/KIF2C/TTK/PIF1/NDC80/CDC42EP1/NCK1/KATNA1/BUB1/CCNB2/PLK1/MID1/ANLN/TPX2/INCENP/TUBA4A/FBXO5/DLGAP5/STK38L/CCDC88A/BIRC5/ABI1/KIF23/TUBGCP3/ACTN4/MYO9B/CENPF/KIF15/KIF4A/PLEKHG2/CDK1/SUN2/BIN1/AURKA/SOS1/CENPE/CEP72/MYO1E/LMNB1/KIF11/CEP57/RASA2/ARHGAP27/BRCA2/CLIP2/FLNA/KIF1B/PRC1/EPB41L2/WASF1/KIF3C/BCR/GEMIN4/ARHGEF2/SASS6/SMC4/NEK2/ESPL1/DOCK2/ECT2/KATNB1/PCNT/UXT/RASAL2/CDC42EP4/CKAP5/RACGAP1/LRPPRC/KIF20B/SAC3D1/RALBP1/ARHGAP10/MARCKS/MAPRE1/RHOF/MYH9/CLASP1,3,SNF_C3
HALLMARK_GLYCOLYSIS,HALLMARK_GLYCOLYSIS,195,0.3696563063260211,1.6725889768588993,8.660303584960696e-5,3.092965566057392e-4,1.4325314200686864e-4,6219,"tags=46%, list=31%, signal=32%",CHST2/PLOD1/DSC2/ENO1/NASP/CENPA/STMN1/PFKP/LCT/EGFR/CHST4/UGP2/RRAGD/DEPDC1/TGFA/MDH1/TPI1/ADORA2B/CHST6/ME2/CLDN9/SLC25A13/B4GALT2/KIF20A/MET/EXT1/VLDLR/SAP30/VEGFA/CDK1/TKTL1/B3GNT3/CXCR4/AURKA/PYGB/SOX9/ISG20/TALDO1/EXT2/PSMC4/HMMR/TGFBI/NANP/PGK1/DDIT4/TXN/MDH2/ERO1A/MIOX/B3GAT1/NSDHL/ANGPTL4/G6PD/ME1/IGFBP3/GOT1/PKM/PPIA/PLOD2/HS2ST1/SLC16A3/GALK1/SDC1/RPE/ANKZF1/EFNA3/PGAM1/AK4/CLN6/DLD/B4GALT4/PGM2/GAL3ST1/GNE/KDELR3/NT5E/LDHA/P4HA2/HAX1/ABCB6/P4HA1/NDST3/GYS1/LHPP/HSPA5/SLC37A4/PDK3/DPYSL4/SDC3,3,SNF_C3
HALLMARK_IL6_JAK_STAT3_SIGNALING,HALLMARK_IL6_JAK_STAT3_SIGNALING,83,0.45331246845872475,1.8350636503534061,1.3794516588605126e-4,4.5981721962017085e-4,2.129679754030265e-4,3846,"tags=39%, list=19%, signal=31%",IL1R2/CXCL1/PTPN2/CXCL10/PIM1/IL2RA/CD38/TNFRSF21/BAK1/IL15RA/CXCL11/LTBR/TNF/IL12RB1/CXCL3/SOCS1/CSF2RB/IL2RG/LTB/TLR2/CCL7/CD14/IFNGR1/CXCL9/IL18R1/CCR1/FAS/IRF1/MYD88/IL7/TNFRSF1B/CSF2RA,3,SNF_C3
HALLMARK_COMPLEMENT,HALLMARK_COMPLEMENT,194,0.357559848171151,1.6165547936592646,4.53433375462345e-4,0.0014169792983198281,6.562851486954993e-4,5301,"tags=40%, list=26%, signal=30%",CTSV/PLA2G4A/L3MBTL4/LYN/CXCL1/CEBPB/CTSC/PIM1/PRSS3/GZMB/MMP12/CASP5/XPNPEP1/DGKG/PFN1/SERPINB2/PSMB9/PLAUR/SPOCK2/CCL5/PLSCR1/PLA2G7/PREP/KLK1/ADRA2B/FYN/S100A9/GNB4/CTSS/FDX1/LCK/LGMN/C1QA/CR2/WAS/PCSK9/TNFAIP3/KCNIP3/CR1/KYNU/PLEK/CASP10/IRF1/C1QC/EHD1/RHOG/GP1BA/C2/CASP1/GNAI3/ME1/GZMA/LCP2/S100A12/HPCAL4/CTSL/ANXA5/CASP4/FCER1G/APOBEC3G/MMP15/CP/C1S/GNGT2/C1R/C3/COL4A2/LAMP2/F5/SRC/CD40LG/CASP3/APOBEC3F/CTSB/LAP3/DYRK2/MAFF,3,SNF_C3
HALLMARK_UV_RESPONSE_UP,HALLMARK_UV_RESPONSE_UP,156,0.3555397360591498,1.5641058763652016,0.0015374520238222334,0.004521917717124216,0.002094361890036479,4735,"tags=37%, list=23%, signal=29%",CTSV/CCNE1/BTG3/GAL/LYN/RFC4/GLS/AMD1/KLHDC3/CEBPG/BMP2/BID/TAP1/BAK1/HLA-F/TUBA4A/CHRNA5/AGO2/TYRO3/RPN1/ICAM1/NPTX2/FEN1/TARS1/GGH/PDAP1/SIGMAR1/EPCAM/CDC5L/LHX2/NKX2-5/E2F5/PRPF3/ARRB2/H2AX/CDKN2B/YKT6/CCND3/IRF1/TFRC/SLC6A8/ALAS1/DDX21/STK25/CCK/PSMC3/CDK2/POLE3/CDC34/STIP1/CNP/CREG1/DNAJA1/PPIF/POLR2H/CHKA/GCH1/MGAT1,3,SNF_C3
HALLMARK_SPERMATOGENESIS,HALLMARK_SPERMATOGENESIS,111,0.37695820561909554,1.5839403274713364,0.0021936391006920934,0.006093441946366926,0.002822225743580471,4350,"tags=36%, list=21%, signal=28%",ART3/LPIN1/IL12RB2/DMRT1/RFC4/KIF2C/TTK/PSMG1/CCNA1/EZH2/POMC/DBF4/BUB1/CCNB2/ACRV1/NCAPH/CSNK2A2/RPL39L/SLC2A5/TCP11/CDK1/TKTL1/TLE4/AURKA/AGFG1/TALDO1/CDKN3/PCSK1N/DCC/CNIH2/GFI1/NF2/SNAP91/CHFR/TOPBP1/NEK2/TULP2/MLLT10/ELOVL3/CLPB,3,SNF_C3
HALLMARK_HYPOXIA,HALLMARK_HYPOXIA,194,0.32563549466704794,1.472222405793309,0.005627039029635118,0.014807997446408205,0.0068584409225469585,6219,"tags=43%, list=31%, signal=30%",NCAN/CHST2/ENO1/CSRP2/PDK1/PFKP/EGFR/UGP2/NDRG1/RRAGD/PPARGC1A/PIM1/PGM1/PKP1/CHST3/TPI1/GAPDH/ADORA2B/GCNT2/NFIL3/GPI/PNRC1/TMEM45A/XPNPEP1/PRKCA/ADM/TES/EXT1/VLDLR/SLC2A5/PLAUR/PLIN2/S100A4/SAP30/SLC2A1/VEGFA/TKTL1/CXCR4/SCARB1/PHKG1/ISG20/JMJD6/HS3ST1/TGFBI/PGK1/DDIT4/TNFAIP3/PLAC8/PFKL/ERO1A/HOXB9/KLHL24/ANGPTL4/ETS1/IGFBP3/CAVIN3/ERRFI1/BCAN/EDN2/GALK1/CP/ANKZF1/EFNA3/AK4/ANXA2/DDIT3/NAGK/PGM2/MAFF/ALDOC/MYH9/KDELR3/B4GALNT2/LDHA/P4HA2/P4HA1/PRDX5/MT2A/GYS1/HSPA5/SLC37A4/PDK3/DPYSL4/SDC3,3,SNF_C3
HALLMARK_IL2_STAT5_SIGNALING,HALLMARK_IL2_STAT5_SIGNALING,197,0.31497608077792466,1.4233324518543284,0.006277221895321284,0.015693054738303208,0.007268362194582539,4214,"tags=31%, list=21%, signal=25%",CCNE1/ODC1/IL1R2/GLIPR2/NCS1/NDRG1/CXCL10/RRAGD/PIM1/IL2RA/TNFRSF21/S100A1/BMP2/NFIL3/UCK2/CD83/PRNP/PLAGL1/IRF4/PNP/PDCD2L/SOCS1/DCPS/PLIN2/CTLA4/CD79B/ICOS/LRRC8C/PLSCR1/TNFRSF9/BATF3/TRAF1/GBP4/ITGA6/ST3GAL4/TNFRSF8/LTB/COCH/PUS1/MYO1E/ITGAE/IFNGR1/IL18R1/NOP2/ADAM19/SELL/LIF/CCND3/PTCH1/ETV4/CKAP4/MYC/CD86/ANXA4/CD48/TNFRSF4/TNFRSF1B/CST7/UMPS/IRF8/CTSZ,3,SNF_C3
HALLMARK_UNFOLDED_PROTEIN_RESPONSE,HALLMARK_UNFOLDED_PROTEIN_RESPONSE,113,0.3581230541461984,1.510190386746529,0.007232860816810934,0.017221097182883175,0.007976087116282735,4238,"tags=34%, list=21%, signal=27%",PSAT1/CEBPB/SLC7A5/DKC1/PDIA6/CKS1B/CEBPG/CHAC1/CALR/PDIA5/MTHFD2/KHSRP/TARS1/NABP1/ATF4/VEGFA/TATDN2/HSP90B1/NFYA/PREB/EIF4G1/H2AX/DDIT4/DDX10/XPOT/NOP56/EIF4EBP1/SRPRB/ERO1A/POP4/HYOU1/GEMIN4/SSR1/EXOSC2/NOLC1/EXOSC4/RRP9/LSM4,3,SNF_C3
HALLMARK_KRAS_SIGNALING_UP,HALLMARK_KRAS_SIGNALING_UP,193,0.31208362405346884,1.4109691118846526,0.009718314726382836,0.022087078923597358,0.010229804975139827,5194,"tags=38%, list=26%, signal=29%",CCL20/KCNN4/PTGS2/SLPI/TMEM158/CXCL10/MALL/BMP2/BTBD3/MPZL2/GPRC5B/ETV5/ADAMDEC1/PLAUR/YRDC/HKDC1/MAP4K1/PDCD1LG2/IL1RL2/EPHB2/TRAF1/IL2RG/CXCR4/ADAM17/CTSS/SOX9/ALDH1A3/PCSK1N/ZNF639/BIRC3/USH1C/LCP1/TNFAIP3/FGF9/LIF/WDR33/TLR8/ERO1A/DCBLD2/IKZF1/ETV4/WNT7A/SNAP91/CD37/ITGB2/NGF/ANGPTL4/TNFRSF1B/CSF2RA/TRIB2/ETS1/IGFBP3/TMEM100/GYPC/PSMB8/IRF8/TNNT2/PCP4/IL10RA/FCER1G/ST6GAL1/BTC/DOCK2/PTBP2/ANKH/HSD11B1/CCSER2/GPNMB/IL7R/MYCN/LY96/GALNT3/LAPTM5/PRDM1,3,SNF_C3
HALLMARK_OXIDATIVE_PHOSPHORYLATION,HALLMARK_OXIDATIVE_PHOSPHORYLATION,200,0.304013980819839,1.3767436911230813,0.017856900881171697,0.0388193497416776,0.01797948830140857,7004,"tags=44%, list=34%, signal=29%",UQCRH/LDHB/PDHA1/POLR2F/ATP5F1C/MDH1/GPI/MRPL15/TIMM50/CYCS/TOMM22/ATP5MC3/NDUFA9/POR/MRPS22/SLC25A5/HCCS/MRPS12/SUPV3L1/PHB2/FDX1/MRPS15/MRPL11/COX5A/UQCRFS1/COX4I1/AFG3L2/MPC1/TIMM8B/ATP5MF/FH/MDH2/FXN/IDH2/SUCLG1/COX7B/ALAS1/HSD17B10/SDHD/NDUFA6/DLAT/COX10/IMMT/ACAA2/HTRA2/SDHB/COX6B1/BAX/CYB5R3/COX5B/PHYH/CYC1/NDUFB3/IDH3G/ATP5PF/SDHA/LRPPRC/DLD/NDUFS6/NDUFB5/ATP5PO/NQO2/DECR1/ATP6V1F/UQCRB/NDUFV1/ATP5PB/MGST3/LDHA/TIMM17A/OPA1/ATP5MC1/TIMM10/VDAC2/NDUFS3/NDUFA1/ETFA/COX7A2L/MRPL34/NDUFA4/VDAC3/NDUFB6/SLC25A6/UQCRC1/NDUFB7/UQCR10/IDH3B/NDUFB2/PDP1,3,SNF_C3
HALLMARK_DNA_REPAIR,HALLMARK_DNA_REPAIR,149,0.314428594479495,1.3694601051190514,0.020782747626395145,0.04329739088832322,0.020053528411433912,7233,"tags=50%, list=36%, signal=33%",RFC4/SF3A3/POLR2F/UPF3B/RFC2/SSRP1/ALYREF/SUPT5H/POLR1C/ADA/TYMS/PNP/POLD1/GTF3C5/FEN1/POLR2D/VPS37B/RFC3/SEC61A1/RAD51/CLP1/DGUOK/PCNA/TAF13/CSTF3/POLH/ELOA/SDCBP/HCLS1/HPRT1/NELFE/UMPS/POLA2/ADRM1/POLR3C/RBX1/CMPK2/ZWINT/PDE4B/RPA2/PDE6G/POLR2H/POLR1H/GUK1/SAC3D1/NUDT21/RALA/ERCC3/TAF1C/APRT/POLR2C/NCBP2/NME1/GSDME/GTF2A2/GTF2B/NT5C3A/POLR2I/ITPA/POLD3/RFC5/NELFCD/AGO4/POLR2J/RNMT/TAF6/LIG1/CDA/TAF12/NPR2/NELFB/DGCR8/TP53/REV3L/BCAP31,3,SNF_C3
HALLMARK_APICAL_JUNCTION,HALLMARK_APICAL_JUNCTION,198,0.2946780685520501,1.3319321968848106,0.03229665071770335,0.0645933014354067,0.029916897506925208,4830,"tags=30%, list=24%, signal=23%",CLDN6/COL9A1/FSCN1/NRTN/RSU1/CDH3/CALB2/EGFR/MSN/ACTG2/SIRPA/DSC3/CDK8/CLDN9/MPZL2/MPZL1/ICAM1/ICAM5/SLC30A3/PFN1/ACTN4/NECTIN1/ARPC2/MVD/CD274/CX3CL1/SPEG/ACTB/TRAF1/VCAM1/TGFBI/CDH4/GNAI1/LAMC2/LAMB3/NECTIN4/CLDN14/RAC2/NF2/EPB41L2/ITGB4/FYB1/CD86/ADAM15/YWHAH/CD209/ITGA9/ACTN1/CLDN8/PTPRC/SYK/CLDN4/MAP4K2/THBS3/DHX16/ZYX/AKT3/ICAM2/SRC,3,SNF_C3
HALLMARK_UV_RESPONSE_DN,HALLMARK_UV_RESPONSE_DN,143,-0.2497541014283761,-1.2834151141698695,0.04135807426674989,0.07953475820528824,0.03683715116876508,4456,"tags=33%, list=22%, signal=26%",MIOS/KCNMA1/TGFBR3/ZMIZ1/COL1A1/PRKAR2B/COL5A2/SFMBT1/CDKN1B/LPAR1/PMP22/ATRX/PRKCE/COL1A2/CITED2/MAP2K5/COL3A1/ATXN1/DBP/YTHDC1/DLC1/MGLL/PIAS3/RBPMS/PDGFRB/RXRA/PTEN/BDNF/DUSP1/RUNX1/CAP2/DMAC2L/SMAD3/IGFBP5/SPOP/ICA1/AMPH/CDON/GJA1/MAGI2/TOGARAM1/AGGF1/BHLHE40/IRS1/IGF1R/INPP4B/APBB2,3,SNF_C3
HALLMARK_REACTIVE_OXYGEN_SPECIES_PATHWAY,HALLMARK_REACTIVE_OXYGEN_SPECIES_PATHWAY,47,0.39383827613960104,1.4513560194101618,0.04583333333333333,0.08356272849419295,0.03870273740783674,8063,"tags=57%, list=40%, signal=35%",PFKP/PRDX4/PRNP/SCAF4/TXN/IPCEF1/MPO/CDKN2D/STK25/G6PD/NDUFA6/PRDX1/MBP/PRDX6/ABCC1/FTL/FES/TXNRD1/GCLM/OXSR1/LAMTOR5/MGST1/LSP1/MSRA/SELENOS/NDUFS2/SOD1,3,SNF_C3
HALLMARK_BILE_ACID_METABOLISM,HALLMARK_BILE_ACID_METABOLISM,104,-0.2624969503115502,-1.2568563514892306,0.04679512795674805,0.08356272849419295,0.03870273740783674,4625,"tags=36%, list=23%, signal=28%",DHCR24/CYP46A1/PECR/APOA1/HSD3B7/SLC23A1/SULT2B1/DIO1/PEX1/ABCA6/ATXN1/RETSAT/AMACR/BCAR3/RXRA/LONP2/LIPE/NEDD4/ABCA8/ABCA9/ISOC1/EPHX2/PEX7/PEX11G/CROT/ABCA2/PEX19/AR/ABCD3/ABCA3/PEX11A/SLC27A2/PEX12/EFHC1/HSD17B4/NUDT12/SERPINA6,3,SNF_C3
HALLMARK_WNT_BETA_CATENIN_SIGNALING,HALLMARK_WNT_BETA_CATENIN_SIGNALING,42,0.38659411798806725,1.3849637157775823,0.06588579795021962,0.10869143278599432,0.05034129518509211,3435,"tags=29%, list=17%, signal=24%",SKP2/WNT6/HDAC2/NOTCH1/DKK1/PPARD/CUL1/ADAM17/WNT5B/GNAI1/PTCH1/MYC,3,SNF_C3
HALLMARK_PI3K_AKT_MTOR_SIGNALING,HALLMARK_PI3K_AKT_MTOR_SIGNALING,103,0.3169699938745117,1.31734739978896,0.06546854942233633,0.10869143278599432,0.05034129518509211,6693,"tags=42%, list=33%, signal=28%",PDK1/EGFR/NCK1/ACTR3/CALR/SFN/PFN1/CDK4/SLC2A1/DAPP1/CDK1/MAP2K3/IL2RG/AP2M1/E2F1/CXCR4/NFKBIB/HSP90B1/FASLG/LCK/MYD88/NGF/PRKCB/CDK2/ACTR2/CFL1/RPS6KA3/MAPKAP1/RPS6KA1/SLA/CSNK2B/DDIT3/PLCG1/ADCY2/MAP3K7/STAT2/ARF1/TRAF2/NOD1/PPP2R1B/CAMK4/MKNK1/FGF17,3,SNF_C3
HALLMARK_KRAS_SIGNALING_DN,HALLMARK_KRAS_SIGNALING_DN,181,0.28594982163533733,1.281197686439008,0.06738868832731648,0.10869143278599432,0.05034129518509211,4230,"tags=30%, list=21%, signal=24%",CHST2/CLDN16/TGM1/TCF7L1/CCNA1/SLC6A14/CDKAL1/KLK7/PKP1/SOX10/GPR3/CYP39A1/RYR1/TEX15/GPR19/DTNB/KLK8/NUDT11/IFNG/SLC38A3/EDAR/STAG3/GTF3C5/SLC30A3/TFCP2L1/SMPX/TLX1/SERPINB2/CPA2/CKM/KLHDC8A/KRT5/PTGFR/CALCB/PDCD1/TCL1A/PLAG1/MEFV/KCNN1/DCC/LGALS7/EDN1/UPK3B/CAMK1D/CD80/MACROH2A2/GP1BA/ITGB1BP2/CALML5/CLDN8/PAX3/KCNMB1/WNT16/EDN2,3,SNF_C3
HALLMARK_PANCREAS_BETA_CELLS,HALLMARK_PANCREAS_BETA_CELLS,28,-0.3777990128933075,-1.3816435449361646,0.08446866485013624,0.13198228882833787,0.0611286390362828,4011,"tags=36%, list=20%, signal=29%",HNF1A/STXBP1/SCGN/SRP14/SPCS1/SYT13/INSM1/PCSK1/CHGA/ABCC8,3,SNF_C3
HALLMARK_CHOLESTEROL_HOMEOSTASIS,HALLMARK_CHOLESTEROL_HOMEOSTASIS,74,0.332101768453604,1.3227310351696118,0.0891891891891892,0.13513513513513514,0.06258890469416785,5387,"tags=36%, list=27%, signal=27%",FABP5/CXCL16/NFIL3/PNRC1/FDPS/S100A11/PLAUR/STARD4/MVD/CBS/PLSCR1/EBP/ACAT2/LGMN/DHCR7/GNAI1/IDI1/NSDHL/ATF5/PCYT2/ERRFI1/ANXA5/CHKA/LSS/FBXO6/ALDOC/TNFRSF12A,3,SNF_C3
HALLMARK_NOTCH_SIGNALING,HALLMARK_NOTCH_SIGNALING,32,0.3905568384974182,1.3227999575891294,0.10229007633587786,0.1504265828468792,0.06967125942381774,5106,"tags=47%, list=25%, signal=35%",ST3GAL6/NOTCH1/MAML2/PRKCA/FZD7/PPARD/SAP30/CUL1/DTX4/DTX2/TCF7L2/RBX1/FZD5/NOTCH3/APH1A,3,SNF_C3
HALLMARK_P53_PATHWAY,HALLMARK_P53_PATHWAY,200,0.26960759693599035,1.220932528035425,0.11163895486935867,0.15948422124194095,0.073866376154162125,3291,"tags=24%, list=16%, signal=20%",CDKN2A/LDHB/IRAK1/RAP2B/NOTCH1/NDRG1/RHBDF2/TGFA/UPP1/BMP2/ST14/SERPINB5/TAP1/BAK1/KLK8/PERP/STEAP3/ADA/S100A10/EPHA2/SPHK1/IL1A/RNF19B/SFN/SOCS1/CD82/KRT17/S100A4/PRMT2/TCN2/SEC61A1/TNFSF9/SAT1/APP/PCNA/PTPN14/NUDT15/DDIT4/IRAG2/CDKN2B/RPS12/DNTTIP2/LIF/TM4SF1/FAS/POLH/CCND3,3,SNF_C3
HALLMARK_PROTEIN_SECRETION,HALLMARK_PROTEIN_SECRETION,96,-0.22671058454821016,-1.068868547212634,0.2923728813559322,0.39509848831882727,0.18299298406345688,3332,"tags=24%, list=16%, signal=20%",GBF1/PPT1/ARFGEF1/YIPF6/CLCN3/SNX2/RAB14/VAMP4/ATP7A/GLA/GALC/AP3B1/TSG101/MON2/NAPA/SNAP23/ICA1/TOM1L1/AP2B1/KRT18/ARFIP1/COG2/SCAMP1,3,SNF_C3
HALLMARK_XENOBIOTIC_METABOLISM,HALLMARK_XENOBIOTIC_METABOLISM,184,-0.19331608145627158,-1.0449845294273368,0.28735632183908044,0.39509848831882727,0.18299298406345688,3996,"tags=24%, list=20%, signal=20%",MARCHF6/CA2/F10/AOX1/SLC35D1/CD36/SLC46A3/CYFIP2/RETSAT/PINK1/PTGR1/CYP4F2/PTGES/DHRS7/FAH/ACOX3/MAN1A1/LEAP2/ACSM1/CYP26A1/ETFDH/PDK4/CFB/GAD1/ARPP19/VTN/MAOA/TKFC/CYB5A/CROT/NINJ1/ACOX2/MPP2/CSAD/SAR1B/UGDH/ELOVL5/ENTPD5/TAT/IGFBP4/TMBIM6/MCCC2/FBP1/SERPINA6/ESR1,3,SNF_C3
HALLMARK_HEME_METABOLISM,HALLMARK_HEME_METABOLISM,182,-0.1894105148483175,-1.0172227013310726,0.38011695906432746,0.5001538935056941,0.23165022436053198,3155,"tags=21%, list=16%, signal=18%",DCAF11/MINPP1/SLC25A38/CLCN3/TSPAN5/TNS1/BNIP3L/KHNYN/GATA1/GAPVD1/GDE1/ARHGEF12/HAGH/ATP6V0A1/BLVRA/SIDT2/TRAK2/TRIM58/SLC30A1/RNF123/LRP10/PIGQ/EPOR/MARCHF8/SLC22A4/ABCG2/NUDT4/HEBP1/RBM5/EZH1/DCAF10/ALAD/ALDH6A1/VEZF1/TMEM9B/ADD1/BTRC/BTG2/BCAM,3,SNF_C3
HALLMARK_APICAL_SURFACE,HALLMARK_APICAL_SURFACE,43,0.28301865011696214,1.0197744156532977,0.4234104046242775,0.5428338520824071,0.25141778412237803,3873,"tags=30%, list=19%, signal=25%",RHCG/LYN/MAL/PLAUR/GHRL/CX3CL1/EFNA5/IL2RG/APP/PCSK9/DCBLD2/AKAP7/EPHB4,3,SNF_C3
HALLMARK_FATTY_ACID_METABOLISM,HALLMARK_FATTY_ACID_METABOLISM,152,-0.1953714129292745,-1.0122159424355723,0.43915343915343913,0.548941798941799,0.2542467279309384,4692,"tags=35%, list=23%, signal=27%",SUCLA2/DHCR24/CYP1A1/FASN/HSD17B7/RDH16/GPD2/CRYZ/CA2/CIDEA/GSTZ1/CA4/ECI1/HAO2/CD36/D2HGDH/RAP1GDS1/RETSAT/CRAT/ACADS/MGLL/AQP7/GPD1/CYP4A22/XIST/LTC4S/ECI2/INMT/AUH/CPT1A/PTPRG/ALDH3A2/SERINC1/ETFDH/AOC3/ADIPOR2/BLVRA/HMGCS2/SUCLG2/PDHB/MAOA/REEP6/ACOT2/HMGCL/HSDL2/CYP4A11/ALAD/UGDH/ELOVL5/GLUL/HSD17B4/BMPR1B/SLC22A5,3,SNF_C3
HALLMARK_EPITHELIAL_MESENCHYMAL_TRANSITION,HALLMARK_EPITHELIAL_MESENCHYMAL_TRANSITION,200,0.21416988700317102,0.9698798718565954,0.5380047505938242,0.6561033543827125,0.30387944834567737,3947,"tags=20%, list=19%, signal=16%",PLOD1/PTX3/CXCL1/MCM7/COLGALT1/CRLF1/PLOD3/PVR/FOXC2/IL32/GPX7/SERPINE2/SFRP1/CXCL8/CALU/CXCL6/DKK1/PLAUR/MMP1/VEGFA/VCAM1/SERPINH1/PFN2/SNTB1/SAT1/IL15/PPIB/TGFBI/LAMC2/TNFAIP3/FLNA/FAS/P3H1/GLIPR1/SLC6A8/PCOLCE2/LAMA1/FBN2/VIM/IGFBP3,3,SNF_C3
HALLMARK_APOPTOSIS,HALLMARK_APOPTOSIS,158,0.21165008691645007,0.9330581509465607,0.6182266009852216,0.7359840487919305,0.34087682259836777,4998,"tags=28%, list=25%, signal=21%",BTG3/CCNA1/CD38/BMP2/BID/TAP1/CDC25B/PPP3R1/BCL2L10/IL1A/TNF/PRF1/ANXA1/TSPO/EBP/CASP2/SAT1/APP/FASLG/ISG20/CD14/IFNGR1/CFLAR/BIRC3/FAS/DFFA/IRF1/HMGB2/CD2/CASP1/GNA15/CDK2/LMNA/DAP/BAX/CASP4/DNAJA1/IL18/DNM1L/ANKH/GCH1/PLCB2/DAP3/CASP3,3,SNF_C3
HALLMARK_PEROXISOME,HALLMARK_PEROXISOME,101,-0.1882110385175975,-0.9012104211014891,0.7017543859649122,0.8159934720522236,0.37793381863471404,2118,"tags=27%, list=10%, signal=24%",MVP/ABCB1/HSD3B7/SULT2B1/DIO1/HAO2/ATXN1/RETSAT/CRAT/ECI2/LONP2/CDK7/ISOC1/EPHX2/ABCC5/UGT2B17/DLG4/HMGCL/ALB/ABCD3/PEX11A/SLC27A2/SEMA3C/ELOVL5/HSD17B4/ABCC8/SERPINA6,3,SNF_C3
HALLMARK_HEDGEHOG_SIGNALING,HALLMARK_HEDGEHOG_SIGNALING,35,0.2442077356505047,0.8434902842293088,0.71898355754858,0.8170267699415683,0.37841239870977894,5531,"tags=40%, list=27%, signal=29%",CDK6/PML/VLDLR/VEGFA/L1CAM/TLE1/ADGRG1/ACHE/PTCH1/DPYSL2/NRP2/HEY2/MYH9/ETS2,3,SNF_C3
HALLMARK_MYOGENESIS,HALLMARK_MYOGENESIS,190,-0.1722203638560458,-0.9286343662940548,0.7423312883435583,0.8248125426039538,0.3820184407849891,4691,"tags=28%, list=23%, signal=22%",MYL3/AEBP1/IGF1/MYH1/PSEN2/FST/GNAO1/COL1A1/SPARC/MYO1C/TNNT1/ADAM12/FKBP1B/BDKRB2/COL3A1/CD36/MYH8/CRAT/LDB3/AGL/COL6A3/TSC2/LARGE1/COX7A1/BAG1/RB1/MYL7/CAMK2B/ATP6AP1/MYH11/CASQ2/MYOG/SGCD/ITGB5/CFD/VIPR1/HSPB8/OCEL1/LAMA2/MEF2D/REEP1/CASQ1/SGCG/CACNG1/SPDEF/HRC/PVALB/CACNA1H/PPP1R3C/ERBB3/BHLHE40/KCNH1/ADCY9/STC2,3,SNF_C3
HALLMARK_ANGIOGENESIS,HALLMARK_ANGIOGENESIS,32,0.23763915374147332,0.8048740452225254,0.7816793893129771,0.8496515101228012,0.3935228046884553,2418,"tags=16%, list=12%, signal=14%",TNFRSF21/CXCL6/S100A4/VEGFA/APP,3,SNF_C3
HALLMARK_ADIPOGENESIS,HALLMARK_ADIPOGENESIS,197,0.18680003454489638,0.8441229902873785,0.8205741626794258,0.8729512368930062,0.4043142570872871,4803,"tags=23%, list=24%, signal=18%",ATL2/SLC5A6/MCCC1/ATP1B3/PGM1/ANGPT1/COQ3/AK2/MRPL15/CMPK1/CDKN2C/ORM1/PLIN2/POR/NABP1/TANK/TKT/SCARB1/PREB/TALDO1/RIOK3/IFNGR1/PTCD3/DHCR7/COQ9/CHCHD10/MDH2/PFKL/ESRRA/SUCLG1/COX7B/MTCH2/ANGPTL4/ME1/DLAT/IMMT/ACAA2/SDHB/SLC19A1/PHYH/CYC1/IDH3G/ACADL/C3/JAGN1,3,SNF_C3
HALLMARK_ANDROGEN_RESPONSE,HALLMARK_ANDROGEN_RESPONSE,101,-0.16502899543718086,-0.7902079051436285,0.9166666666666666,0.9548611111111112,0.44225146198830406,4252,"tags=24%, list=21%, signal=19%",ZMIZ1/NCOA4/SELENOP/PLPP1/STEAP4/H1-0/SORD/KRT19/APPBP2/MAK/KLK3/NKX3-1/KRT8/SRP19/AKAP12/IQGAP2/STK39/SPDEF/ABHD2/ELOVL5/GPD1L/CCND1/INPP4B/BMPR1B,3,SNF_C3
HALLMARK_COAGULATION,HALLMARK_COAGULATION,122,0.17406045038554896,0.7409006985149836,0.9511568123393316,0.9705681758564608,0.4495263130282555,5092,"tags=24%, list=25%, signal=18%",CTSV/MMP7/TF/S100A1/SH2B2/KLK8/LEFTY2/ANXA1/SERPINB2/MMP1/C8G/PREP/FYN/LGMN/SIRT2/C1QA/PLEK/GP1BA/C2/P2RY1/CTSE/MMP15/GDA/C1S/C1R/C3/LAMP2/A2M/CTSB,3,SNF_C3
HALLMARK_TGF_BETA_SIGNALING,HALLMARK_TGF_BETA_SIGNALING,54,0.11579165580819872,0.4361403088001386,1,1,0.4631578947368421,7912,"tags=35%, list=39%, signal=22%",BMP2/LEFTY2/WWTR1/FKBP1A/SMURF1/SKI/FNTA/SMURF2/IFNGR2/MAP3K7/SMAD6/HDAC1/ID1/ID3/SPTBN1/FURIN/CDKN1C/ID2/CTNNB1,3,SNF_C3
