sample_id,assigned_cluster,best_correlation,second_best_correlation,confidence_gap,high_confidence
MB-0362,SNF_C1,0.2639079124332293,0.09653663936320267,0.16737127307002664,TRUE
MB-0346,SNF_C3,0.1529236115162504,0.07634665890635778,0.07657695260989261,TRUE
MB-0386,SNF_C2,0.1936111553840254,-0.02227616472210654,0.21588732010613193,TRUE
MB-0574,SNF_C1,0.30568734983431745,-0.022777750926274515,0.328465100760592,TRUE
MB-0185,SNF_C3,0.11505720548971779,0.039550360800889015,0.07550684468882878,TRUE
MB-0503,SNF_C2,0.1964953666440171,0.08721414009143132,0.10928122655258578,TRUE
MB-0641,SNF_C2,0.43396223139239615,0.017030720386370858,0.41693151100602527,TRUE
MB-0201,SNF_C3,0.18960542408027595,-0.00392947885653336,0.1935349029368093,TRUE
MB-0218,SNF_C1,0.31456596449938024,-0.09988006638906075,0.414446030888441,TRUE
MB-0316,SNF_C3,0.5425364277084379,-0.263389774098189,0.8059262018066269,TRUE
MB-0189,SNF_C2,0.3632116226004602,-0.01732656645299755,0.38053818905345776,TRUE
MB-0891,SNF_C2,0.4829691928889629,-0.10361409398458614,0.586583286873549,TRUE
MB-0658,SNF_C3,0.5223495074325819,-0.1815712521105762,0.7039207595431581,TRUE
MB-0899,SNF_C2,0.19773090869408133,0.03511081126629388,0.16262009742778744,TRUE
MB-0605,SNF_C2,0.34070424559421597,-0.019227977826260362,0.3599322234204763,TRUE
MB-0258,SNF_C1,0.18957850502638346,0.049077741488412756,0.1405007635379707,TRUE
MB-0506,SNF_C3,0.2068031652961288,-0.06375311514474842,0.2705562804408772,TRUE
MB-0420,SNF_C3,0.4453792940652822,-0.19893693832337922,0.6443162323886614,TRUE
MB-0223,SNF_C1,0.15405422849634454,0.015937546193740874,0.13811668230260365,TRUE
MB-0445,SNF_C1,0.2606844835497744,0.005618615947550274,0.25506586760222416,TRUE
MB-0199,SNF_C2,0.2149927574277728,0.133140589326694,0.08185216810107879,TRUE
MB-0517,SNF_C1,0.2593785902468527,0.14561720820400645,0.11376138204284628,TRUE
MB-0155,SNF_C2,0.5197678753811895,-0.04512003080535565,0.5648879061865452,TRUE
MB-0428,SNF_C3,0.011615263381540205,0.0011317032608969347,0.010483560120643269,FALSE
MB-0117,SNF_C2,0.2396020254276698,-0.04317015298652924,0.28277217841419905,TRUE
MB-0906,SNF_C3,0.32021579296327946,-0.013809489840868062,0.3340252828041475,TRUE
MB-0249,SNF_C3,0.24286380764017768,-0.1313083894891152,0.37417219712929284,TRUE
MB-0660,SNF_C3,0.12026614301569928,-0.056948587841653325,0.17721473085735262,TRUE
MB-0497,SNF_C2,0.11747537429613686,0.11387195883916919,0.0036034154569676707,FALSE
MB-0434,SNF_C1,0.19913094550452962,-0.0011352632502315595,0.20026620875476117,TRUE
MB-0143,SNF_C1,0.21107542048826256,-0.009890690476066069,0.2209661109643286,TRUE
MB-0513,SNF_C1,0.2426754129409904,-0.08200809311907457,0.32468350606006496,TRUE
MB-0541,SNF_C1,0.20331742573967196,-0.049361153035823974,0.25267857877549593,TRUE
MB-0653,SNF_C3,0.10313462543190086,0.07807963525539853,0.025054990176502326,TRUE
MB-0455,SNF_C3,0.1959012993426259,-0.044701789184903085,0.24060308852752899,TRUE
MB-0540,SNF_C3,0.24522485302833064,0.13122610904925266,0.11399874397907797,TRUE
MB-0384,SNF_C1,0.12530795712160175,0.01624425482707211,0.10906370229452965,TRUE
MB-0637,SNF_C3,0.08721698519048485,0.022013911523798724,0.06520307366668612,TRUE
MB-0157,SNF_C3,0.46243413684490753,-0.13752643890957558,0.5999605757544831,TRUE
MB-0443,SNF_C2,0.18541695624686705,-0.06183951409042799,0.24725647033729503,TRUE
MB-0584,SNF_C1,0.1380876538421533,-0.025131403580002418,0.1632190574221557,TRUE
MB-0292,SNF_C3,0.19373169342472568,-0.07440786862454174,0.2681395620492674,TRUE
MB-0322,SNF_C1,0.2867923136313245,-0.008100013853797983,0.2948923274851225,TRUE
MB-0501,SNF_C1,0.2978815610651669,-0.036326809004905786,0.33420837007007265,TRUE
MB-0401,SNF_C3,0.4109450911687041,-0.13383353401910875,0.5447786251878128,TRUE
MB-0140,SNF_C1,0.2675028576381693,0.014875776384464919,0.25262708125370437,TRUE
MB-0606,SNF_C1,0.2565422401363941,-0.06207303037939822,0.3186152705157923,TRUE
MB-0666,SNF_C1,0.08064010756524632,0.028754235111734,0.051885872453512324,TRUE
MB-0598,SNF_C3,0.04374779154840575,-0.014388800724802916,0.058136592273208665,TRUE
MB-0453,SNF_C3,0.08313124244888276,-0.0513685233002285,0.13449976574911127,TRUE
MB-0138,SNF_C2,0.37956040109206807,0.06298279435753153,0.31657760673453655,TRUE
MB-0579,SNF_C1,0.23850299377490347,0.06965914428240158,0.1688438494925019,TRUE
MB-0405,SNF_C1,0.3243636848096288,-0.09454989222227825,0.418913577031907,TRUE
MB-0471,SNF_C1,0.42864492034710333,-0.1975942480476112,0.6262391683947145,TRUE
MB-0347,SNF_C3,0.20141630582978085,0.06257263508472695,0.13884367074505388,TRUE
MB-0619,SNF_C2,0.07904912970971659,-0.014364289606310624,0.09341341931602722,TRUE
MB-0171,SNF_C2,0.45397090867155976,-0.11982228644404036,0.5737931951156001,TRUE
MB-0310,SNF_C2,0.3036604107136312,-0.07565074551752217,0.37931115623115336,TRUE
MB-0621,SNF_C2,0.4196174703016438,-0.1347048278241302,0.554322298125774,TRUE
MB-0614,SNF_C2,0.06145867284896558,0.03996818170680996,0.021490491142155614,FALSE
MB-0372,SNF_C3,0.41486933666288733,-0.1835764740947186,0.598445810757606,TRUE
MB-0374,SNF_C1,0.12382043575693381,-0.05759350539946101,0.1814139411563948,TRUE
MB-0382,SNF_C2,0.40335716387348086,-0.0896811784074737,0.49303834228095456,TRUE
MB-0327,SNF_C1,0.1990670065361782,0.1368330925162961,0.0622339140198821,TRUE
MB-0066,SNF_C1,0.19857543004130257,-0.018713658931835502,0.21728908897313806,TRUE
MB-0144,SNF_C2,0.1201111490354303,0.05054399876840286,0.06956715026702744,TRUE
MB-0596,SNF_C2,0.2703995713619777,-0.08306684900895359,0.35346642037093123,TRUE
MB-0164,SNF_C3,0.4934630344835925,-0.22618538790816187,0.7196484223917544,TRUE
MB-0215,SNF_C2,0.1547107640960954,0.0242990593033387,0.1304117047927567,TRUE
MB-0146,SNF_C1,0.3616692681135055,-0.13777954720863103,0.4994488153221366,TRUE
MB-0229,SNF_C1,0.23816636231655658,0.09761620778382922,0.14055015453272734,TRUE
MB-0505,SNF_C2,0.5019852234670691,-0.1750949166844368,0.6770801401515059,TRUE
MB-0102,SNF_C2,0.05220670690017486,0.011812133734285498,0.04039457316588936,TRUE
MB-0569,SNF_C3,0.049323719924416566,-0.028453376610409493,0.07777709653482606,TRUE
MB-0516,SNF_C3,0.5073679070347678,-0.2950680033235471,0.8024359103583149,TRUE
MB-0272,SNF_C1,0.22821304849871343,-0.04598295105325431,0.2741959995519677,TRUE
MB-0585,SNF_C1,0.139452813418378,0.013249404252651843,0.12620340916572617,TRUE
MB-0494,SNF_C3,0.3540898060370887,-0.13514072050125775,0.4892305265383464,TRUE
MB-0306,SNF_C2,0.11419902602557269,-0.007075547819110896,0.12127457384468358,TRUE
MB-0463,SNF_C2,0.2052003470361665,0.13928367369593508,0.06591667334023141,TRUE
MB-0198,SNF_C2,0.14931061962002418,-0.006642826445478478,0.15595344606550265,TRUE
MB-0203,SNF_C2,0.13262508719633848,0.006474034726189114,0.12615105247014935,TRUE
MB-0607,SNF_C2,0.22422500400282727,-0.019529939784812832,0.2437549437876401,TRUE
MB-0631,SNF_C2,0.281615837965015,0.03246026209444114,0.24915557587057385,TRUE
MB-0363,SNF_C3,0.06422298165669933,-0.003735027417709441,0.06795800907440877,TRUE
MB-0427,SNF_C2,0.040728081305402085,-0.013829197076334796,0.05455727838173688,TRUE
MB-0519,SNF_C3,0.1932511242279127,0.13818584052423957,0.05506528370367314,TRUE
MB-0371,SNF_C2,0.10024504893000079,-0.026875675033487246,0.12712072396348803,TRUE
MB-0380,SNF_C1,0.21976542699804488,-0.039121184573651074,0.25888661157169596,TRUE
MB-0221,SNF_C3,0.1232093226888877,-0.05065427970818755,0.17386360239707527,TRUE
MB-0348,SNF_C1,0.37397930142465274,0.005624144196082298,0.36835515722857043,TRUE
MB-0261,SNF_C1,0.27090713667804583,0.056745879314981235,0.2141612573630646,TRUE
MB-0576,SNF_C2,0.07755680224699636,0.03468290550549708,0.04287389674149928,TRUE
MB-0385,SNF_C1,0.20589750776851712,-0.07854467842907088,0.284442186197588,TRUE
MB-0659,SNF_C3,0.24880694150176974,-0.12134758552671623,0.37015452702848595,TRUE
MB-0270,SNF_C1,0.25436034299923266,-0.1152284104491193,0.36958875344835196,TRUE
MB-0379,SNF_C2,0.3063089316166077,-0.07593543472953684,0.38224436634614456,TRUE
MB-0432,SNF_C2,0.196953494819852,0.17423403693529846,0.02271945788455354,FALSE
MB-0527,SNF_C2,0.20273044387376324,0.02264197192318988,0.18008847195057337,TRUE
MB-0624,SNF_C2,0.4181833968522261,-0.15152373703850808,0.5697071338907342,TRUE
MB-0273,SNF_C1,0.169253483547267,0.13494938097604117,0.03430410257122582,TRUE
MB-0050,SNF_C2,0.3601206019669855,-0.07170771643593207,0.4318283184029176,TRUE
MB-0460,SNF_C2,0.4231142910788004,0.009047464249684561,0.41406682682911583,TRUE
MB-0654,SNF_C1,0.30014963054023325,0.13438896819877813,0.16576066234145512,TRUE
MB-0454,SNF_C1,0.2935613553193572,-0.09974296945282075,0.3933043247721779,TRUE
MB-0392,SNF_C2,0.15772988011771105,0.06240569431841218,0.09532418579929887,TRUE
MB-0336,SNF_C1,0.16336434556881493,-0.005403690583589755,0.16876803615240468,TRUE
MB-0467,SNF_C3,0.21370827223575478,-0.09521215200357387,0.30892042423932864,TRUE
MB-0349,SNF_C1,0.16789352580997502,-0.04299064981682223,0.21088417562679723,TRUE
MB-0378,SNF_C3,0.2655012212370446,-0.12031787707191444,0.38581909830895905,TRUE
MB-0176,SNF_C2,0.13611133220652363,0.019372473283927782,0.11673885892259585,TRUE
MB-0429,SNF_C1,0.2672656686136514,-0.06365345663289997,0.33091912524655137,TRUE
MB-0397,SNF_C2,0.2779577809944296,-0.01825076725564867,0.29620854825007825,TRUE
MB-0571,SNF_C1,0.13731852427491104,0.11374207379179403,0.023576450483117004,FALSE
MB-0426,SNF_C2,0.29025975407722576,-0.08936157077372854,0.3796213248509543,TRUE
MB-0135,SNF_C1,0.2973515656953846,-0.08811289694640528,0.3854644626417899,TRUE
MB-0112,SNF_C2,0.14190782264012022,-0.029594006547873444,0.17150182918799367,TRUE
MB-0352,SNF_C3,0.26654958160151593,0.048082914033734964,0.21846666756778096,TRUE
MB-0644,SNF_C2,0.4247920114587978,-0.023143240099458787,0.4479352515582566,TRUE
MB-0601,SNF_C3,0.07092382563016258,0.018196324482535668,0.05272750114762692,TRUE
MB-0568,SNF_C2,0.268292986394779,-1.8957941090254628e-4,0.26848256580568153,TRUE
MB-0328,SNF_C1,0.17126884663746705,-0.07892435117859695,0.250193197816064,TRUE
MB-0325,SNF_C3,0.2323633989787256,-0.0063005623196731595,0.23866396129839876,TRUE
MB-0358,SNF_C3,0.11247824881563181,0.059916499965761,0.05256174884987082,TRUE
MB-0413,SNF_C1,0.08991872554179842,0.0865310328086829,0.0033876927331155104,FALSE
MB-0158,SNF_C3,0.27185608415012613,-0.05500684576691208,0.3268629299170382,TRUE
MB-0636,SNF_C2,0.1764954646191357,-0.06531694298736607,0.24181240760650177,TRUE
MB-0145,SNF_C2,0.5121842373067468,-0.07666719972160159,0.5888514370283484,TRUE
MB-0195,SNF_C1,0.2885503719290042,-0.09191934937018773,0.3804697212991919,TRUE
MB-0422,SNF_C2,0.18337155593820517,0.13296339467331061,0.05040816126489456,TRUE
MB-0483,SNF_C1,0.13107116165682428,-0.02583752061151104,0.15690868226833532,TRUE
MB-0317,SNF_C1,0.16103769387117034,0.1016650844680704,0.059372609403099935,TRUE
MB-0486,SNF_C2,0.16517611146143957,0.0838425224169918,0.08133358904444776,TRUE
MB-0139,SNF_C2,0.42880353834183976,-0.14083268160109014,0.5696362199429299,TRUE
MB-0257,SNF_C1,0.20777702505880752,0.18703108644140812,0.0207459386173994,FALSE
MB-0345,SNF_C2,0.3842904312591011,-0.015024260755233918,0.39931469201433506,TRUE
MB-0375,SNF_C3,0.42831084383408585,-0.062069666519142544,0.4903805103532284,TRUE
MB-0419,SNF_C1,0.1785371352421896,0.09594550910803964,0.08259162613414994,TRUE
MB-0480,SNF_C1,0.19627099139713805,0.14293369619478277,0.05333729520235528,TRUE
MB-0311,SNF_C1,0.09451353137201593,-0.0024297934288514465,0.09694332480086737,TRUE
MB-0324,SNF_C1,0.2909761836504825,-0.0868917319022379,0.37786791555272037,TRUE
MB-0368,SNF_C1,0.2596427281904494,-0.08231310973186698,0.34195583792231643,TRUE
MB-0389,SNF_C2,0.04690611853747552,0.03786158780215762,0.009044530735317899,FALSE
MB-0248,SNF_C1,0.2130251246631266,-0.04471110066959888,0.25773622533272544,TRUE
MB-0035,SNF_C1,0.1458661425954096,-0.04589780358687375,0.19176394618228335,TRUE
MB-0667,SNF_C1,0.06456336773421677,0.01920987231045509,0.04535349542376167,TRUE
MB-0423,SNF_C2,0.4719278289920418,-0.1259368441127061,0.5978646731047479,TRUE
MB-0904,SNF_C2,0.2123775928892216,0.0990033948548437,0.11337419803437788,TRUE
MB-0119,SNF_C1,0.21511734962898335,-0.0661961723669551,0.28131352199593845,TRUE
MB-0650,SNF_C2,0.1354221186722363,-0.0313305806246728,0.1667526992969091,TRUE
MB-0204,SNF_C2,0.3629340653945422,-0.042064454081594954,0.4049985194761372,TRUE
MB-0184,SNF_C1,0.24491958917116932,-0.12355357292816681,0.3684731620993361,TRUE
MB-0600,SNF_C1,0.3070552383231111,-0.03680409857290252,0.3438593368960136,TRUE
MB-0400,SNF_C3,0.41811753857307427,-0.21473085681652843,0.6328483953896027,TRUE
MB-0511,SNF_C2,0.29135790508561527,-0.06440356787523265,0.3557614729608479,TRUE
MB-0059,SNF_C1,0.22900865058749756,-0.005272587674363852,0.23428123826186142,TRUE
MB-0500,SNF_C3,0.5041053325988188,-0.30524596663913267,0.8093512992379515,TRUE
MB-0150,SNF_C3,0.46354955468480513,-0.13466443928168392,0.598213993966489,TRUE
MB-0895,SNF_C3,0.06900608359529803,0.028803378223938445,0.04020270537135959,TRUE
MB-0366,SNF_C1,0.21118522201626808,0.017465778611218112,0.19371944340504996,TRUE
MB-0173,SNF_C1,0.2502609798272682,-0.08646973131070565,0.3367307111379738,TRUE
MB-0131,SNF_C1,0.2061010661302292,-0.04529285061516103,0.25139391674539024,TRUE
MB-0206,SNF_C3,0.5208316908903635,-0.19558596658078126,0.7164176574711447,TRUE
MB-0315,SNF_C2,0.22775859863936027,-0.04173153381493568,0.2694901324542959,TRUE
MB-0361,SNF_C3,0.18069399653949667,-0.0987292748489925,0.27942327138848916,TRUE
MB-0545,SNF_C2,0.16110705958208804,-0.04447993028834055,0.2055869898704286,TRUE
MB-0370,SNF_C1,0.16823886006187477,-0.022154651193516405,0.19039351125539117,TRUE
MB-0642,SNF_C1,0.31383373770300094,0.02978061059517511,0.2840531271078258,TRUE
MB-0431,SNF_C2,0.16755806718284455,0.02916637641229968,0.13839169077054486,TRUE
MB-0181,SNF_C2,0.3112279794790437,-0.001697012479517141,0.3129249919585608,TRUE
MB-0603,SNF_C1,0.1796045727057451,0.16355043183963172,0.01605414086611337,FALSE
MB-0295,SNF_C2,0.31393590038328073,-0.015071317151278718,0.32900721753455947,TRUE
MB-0618,SNF_C1,0.2753631907355579,0.07925536084772554,0.19610782988783232,TRUE
MB-0496,SNF_C2,0.4009909037397442,-0.10208519092812884,0.5030760946678731,TRUE
MB-0411,SNF_C2,0.2721103254295138,-0.09128244093669532,0.3633927663662091,TRUE
MB-0285,SNF_C2,0.3889362144871267,-0.038338611805587675,0.42727482629271435,TRUE
MB-0360,SNF_C1,0.33774928284787575,-0.07334188541955759,0.41109116826743336,TRUE
MB-0359,SNF_C2,0.3063114591746005,-0.10231110450355749,0.40862256367815797,TRUE
MB-0344,SNF_C2,0.4787486020768496,-0.15125766478317554,0.6300062668600251,TRUE
MB-0583,SNF_C2,0.26818271259005777,0.2245708900095851,0.043611822580472664,TRUE
MB-0202,SNF_C1,0.11775591843406268,-0.012368612129530495,0.13012453056359316,TRUE
MB-0485,SNF_C2,0.16666329346718706,-0.02273429431959054,0.1893975877867776,TRUE
MB-0609,SNF_C1,0.15754749676030885,0.03036010081594322,0.12718739594436562,TRUE
MB-0538,SNF_C2,0.12207403849719554,-0.026798631925081806,0.14887267042227736,TRUE
MB-0197,SNF_C3,0.14862346124880738,-0.07028782434069282,0.21891128558950018,TRUE
MB-0410,SNF_C2,0.355753215248957,-0.009967801768949167,0.36572101701790616,TRUE
MB-0528,SNF_C1,0.0053975748479876875,0.0025534883241379535,0.002844086523849734,FALSE
MB-0165,SNF_C2,0.15867079301191342,0.029951096750991515,0.1287196962609219,TRUE
MB-0152,SNF_C3,0.19389504056379261,-0.11390547402778238,0.307800514591575,TRUE
MB-0546,SNF_C2,0.22593707462878168,-0.046955159348754785,0.2728922339775365,TRUE
MB-0148,SNF_C3,0.2638314495010492,-0.07280910958580909,0.3366405590868583,TRUE
MB-0594,SNF_C1,0.1213275429808958,-0.02936952607903162,0.1506970690599274,TRUE
MB-0521,SNF_C2,0.4119302766612653,-0.04321435576066958,0.45514463242193487,TRUE
MB-0532,SNF_C3,0.17369049848222376,-0.06642566082175018,0.24011615930397395,TRUE
MB-0536,SNF_C3,0.12919055482982875,-0.06614908685837702,0.19533964168820578,TRUE
MB-0319,SNF_C1,0.26908024696019844,-0.10786988953749851,0.37695013649769693,TRUE
MB-0491,SNF_C2,0.2419878099272334,-0.08837859483597384,0.3303664047632072,TRUE
MB-0404,SNF_C1,0.19220433870623682,0.01911087639967571,0.1730934623065611,TRUE
MB-0243,SNF_C2,0.2160194765965104,0.1155890528025284,0.10043042379398201,TRUE
MB-0580,SNF_C3,0.08693899959459503,0.061911974637708096,0.025027024956886933,TRUE
MB-0312,SNF_C1,0.2854587925083982,-0.05292589492498182,0.33838468743338,TRUE
MB-0060,SNF_C3,0.2222167008593536,-0.008172553371241783,0.2303892542305954,TRUE
MB-0635,SNF_C2,0.24346148797573555,0.15019371728282746,0.09326777069290809,TRUE
MB-0649,SNF_C2,0.3234857693359577,-0.09851195013521644,0.42199771947117415,TRUE
MB-0643,SNF_C3,0.3674495251047644,-0.2103979832068501,0.5778475083116146,TRUE
MB-0581,SNF_C3,0.22993272116221014,-0.13498529115829885,0.364918012320509,TRUE
MB-0383,SNF_C1,0.026796156562307553,0.01820498082945714,0.008591175732850412,FALSE
MB-0142,SNF_C1,0.24591550622786504,-0.015473805268159559,0.2613893114960246,TRUE
MB-0320,SNF_C2,0.46488775306370683,-0.07507907914717682,0.5399668322108837,TRUE
MB-0207,SNF_C2,0.24663936371131623,0.08141764030070926,0.16522172341060698,TRUE
MB-0167,SNF_C1,0.22326807238598959,-5.784403529585253e-4,0.22384651273894812,TRUE
MB-0591,SNF_C1,0.18569074386361306,0.016653781281526198,0.16903696258208686,TRUE
MB-0613,SNF_C3,0.23005638554750693,-0.024686252606245178,0.2547426381537521,TRUE
MB-0313,SNF_C1,0.14425797443123767,0.029586428790989598,0.11467154564024806,TRUE
MB-0599,SNF_C2,0.20341110132893964,2.5658335591653903e-4,0.20315451797302309,TRUE
MB-0286,SNF_C2,0.49865261923111176,-0.05286290327512483,0.5515155225062366,TRUE
MB-0575,SNF_C2,0.2508501753789419,-0.03607476325791182,0.2869249386368537,TRUE
MB-0549,SNF_C1,0.21401525985306186,-0.07934062567963382,0.29335588553269565,TRUE
MB-0214,SNF_C3,0.3381687980339583,-0.20566070431985564,0.5438295023538139,TRUE
MB-0589,SNF_C1,0.23526953537290834,-0.059824979710531356,0.2950945150834397,TRUE
MB-0406,SNF_C1,0.18176477264320254,-0.03718709118341256,0.2189518638266151,TRUE
MB-0452,SNF_C1,0.03970687403393031,0.03339080318361397,0.006316070850316345,FALSE
MB-0524,SNF_C2,0.22981139717230106,7.512318114056558e-5,0.2297362739911605,TRUE
MB-0880,SNF_C1,0.2950629892898806,0.019513824466861077,0.27554916482301955,TRUE
MB-0573,SNF_C2,0.22110614789956973,-0.0033087239276153226,0.22441487182718506,TRUE
MB-0664,SNF_C3,0.5504145532980989,-0.3222660866432061,0.872680639941305,TRUE
MB-0446,SNF_C3,0.4124216111294413,-0.09614179355359259,0.5085634046830338,TRUE
MB-0008,SNF_C1,0.16754685276077988,-0.06023648839324765,0.22778334115402754,TRUE
MB-0656,SNF_C3,0.42864583341246215,-0.0864227206255567,0.5150685540380189,TRUE
MB-0154,SNF_C2,0.24465805994547238,0.055060839507425394,0.189597220438047,TRUE
MB-0597,SNF_C2,0.44546645699425275,-0.05784420400755931,0.5033106610018121,TRUE
MB-0550,SNF_C1,0.002685753591516033,7.433749570033469e-4,0.0019423786345126861,FALSE
MB-0616,SNF_C1,0.25673504949929177,-0.09541282763591083,0.35214787713520257,TRUE
MB-0448,SNF_C1,0.2621042559371267,-0.07073345403823782,0.33283770997536455,TRUE
MB-0412,SNF_C1,0.22576722113838651,-0.0016967639790166386,0.22746398511740315,TRUE
MB-0122,SNF_C2,0.2882432040874156,0.10428498224616493,0.18395822184125066,TRUE
MB-0425,SNF_C2,0.2014702710150787,0.11609099137467944,0.08537927964039925,TRUE
MB-0314,SNF_C3,0.10431942737101225,-0.027926323544919203,0.13224575091593146,TRUE
MB-0356,SNF_C2,0.1674702377768637,0.06601752312577062,0.10145271465109308,TRUE
MB-0440,SNF_C1,0.2654841122251227,-0.08145978357531529,0.346943895800438,TRUE
MB-0398,SNF_C3,0.07321471693548381,-0.013160002685812069,0.08637471962129588,TRUE
MB-0438,SNF_C3,0.17455744640808576,-0.005035075872197717,0.1795925222802835,TRUE
MB-0449,SNF_C2,0.1846890075722352,0.16427167454094393,0.020417333031291257,FALSE
MB-0162,SNF_C2,0.24162521388865468,0.1601402270236543,0.08148498686500039,TRUE
MB-0593,SNF_C3,0.24908356177495036,0.029072857990656075,0.2200107037842943,TRUE
MB-0301,SNF_C1,0.18116141902359745,0.10871776300082156,0.07244365602277589,TRUE
MB-0628,SNF_C1,0.10847624094291636,0.007459382187611719,0.10101685875530464,TRUE
MB-0283,SNF_C1,0.11789875743727357,0.00605208547985532,0.11184667195741825,TRUE
MB-0106,SNF_C2,0.19449175717665287,0.03404128661800998,0.1604504705586429,TRUE
MB-0341,SNF_C2,0.1425356541703869,-0.04296081796563329,0.1854964721360202,TRUE
MB-0474,SNF_C1,0.07831145933213561,0.015650855361759863,0.06266060397037575,TRUE
MB-0394,SNF_C1,0.164519509194434,0.03377108173717988,0.13074842745725412,TRUE
MB-0373,SNF_C3,0.05667131726150378,0.047561113618269424,0.009110203643234359,FALSE
MB-0247,SNF_C2,0.3243110468973615,-0.06999861079825327,0.39430965769561477,TRUE
MB-0225,SNF_C1,0.2771631891612666,-0.14122462927809346,0.41838781843936,TRUE
MB-0424,SNF_C2,0.38066480859529306,0.09433626908113908,0.286328539514154,TRUE
MB-0209,SNF_C2,0.28137565915763146,0.11559999686419005,0.16577566229344143,TRUE
MB-0115,SNF_C3,0.5233844306446153,-0.2373001994079292,0.7606846300525445,TRUE
MB-0136,SNF_C2,0.2470361824486523,-0.04251091027269199,0.28954709272134427,TRUE
MB-0542,SNF_C3,0.13397196283938437,0.07331446695346572,0.06065749588591865,TRUE
MB-0354,SNF_C3,0.3157299215274345,0.08551535859996026,0.23021456292747425,TRUE
MB-0151,SNF_C1,0.237367054084705,-0.057237457969968965,0.294604512054674,TRUE
MB-0590,SNF_C1,0.2638706609807794,0.019370147119169706,0.24450051386160968,TRUE
MB-0608,SNF_C3,0.4410213980284104,-0.18544583578635235,0.6264672338147628,TRUE
MB-0657,SNF_C2,0.41880115333993206,0.0058671606588243065,0.41293399268110775,TRUE
MB-0559,SNF_C1,0.35475512003663834,-0.10978208233403183,0.4645372023706702,TRUE
MB-0893,SNF_C2,0.23095689094471025,0.1681577839147644,0.06279910702994584,TRUE
MB-0514,SNF_C1,0.17398816942697498,0.05205490674341676,0.12193326268355822,TRUE
MB-0395,SNF_C3,0.1288249859921834,-0.053015031481650925,0.18184001747383433,TRUE
MB-0294,SNF_C2,0.31468242813835173,0.03996826123347719,0.27471416690487455,TRUE
MB-0439,SNF_C1,0.32774759109673846,-0.14047615702783198,0.46822374812457046,TRUE
MB-0481,SNF_C3,0.45163146673775245,-0.17489769324818646,0.6265291599859389,TRUE
MB-0529,SNF_C1,0.21460230714494577,0.12816631753977267,0.0864359896051731,TRUE
MB-0224,SNF_C2,0.3108606813165369,-0.08856603139751971,0.3994267127140566,TRUE
MB-0302,SNF_C2,0.4024151093087158,-0.06785054730952318,0.470265656618239,TRUE
MB-0126,SNF_C1,0.17333297017889432,0.046664053771896793,0.1266689164069975,TRUE
MB-0220,SNF_C2,0.31585707645002636,0.22171262327823937,0.09414445317178699,TRUE
MB-0192,SNF_C2,0.20379278794093972,0.18432432424710735,0.019468463693832372,FALSE
MB-0121,SNF_C1,0.19450750167845857,0.05043393466103362,0.14407356701742494,TRUE
MB-0239,SNF_C2,0.22104994885243281,-0.040548201647713424,0.26159815050014623,TRUE
MB-0364,SNF_C2,0.3812978901480072,-0.05213775422239824,0.43343564437040544,TRUE
MB-0232,SNF_C1,0.2072982147837452,0.09141801955552224,0.11588019522822295,TRUE
MB-0884,SNF_C1,0.20511994454273486,-0.03994732996420266,0.24506727450693752,TRUE
MB-0238,SNF_C3,0.4685597566038479,-0.23767569802742572,0.7062354546312737,TRUE
MB-0194,SNF_C2,0.27662367349256867,-0.04146178846607232,0.31808546195864096,TRUE
MB-0882,SNF_C1,0.29348772931669925,-0.14863446478247713,0.4421221940991764,TRUE
MB-0010,SNF_C1,0.15463312459988085,-0.013159082464053125,0.16779220706393397,TRUE
MB-0236,SNF_C2,0.14856602925814327,-0.008116448286713726,0.156682477544857,TRUE
MB-0377,SNF_C2,0.484357820606489,-0.06697863767539028,0.5513364582818793,TRUE
MB-0123,SNF_C1,0.11822972921365464,-0.03980179036672762,0.15803151958038225,TRUE
MB-0504,SNF_C2,0.36257690359049277,0.05695164861770862,0.30562525497278414,TRUE
MB-0564,SNF_C3,0.14970775174825374,-0.034487786256851484,0.1841955380051052,TRUE
MB-0475,SNF_C2,0.07189054727295709,0.012024201777716646,0.05986634549524044,TRUE
MB-0321,SNF_C1,0.23385292745583877,-0.09568826775157396,0.32954119520741276,TRUE
MB-0482,SNF_C3,0.19579545986950767,0.08851576083552579,0.10727969903398188,TRUE
MB-0101,SNF_C2,0.17907643527969105,-0.03509148651725682,0.21416792179694788,TRUE
MB-0662,SNF_C3,0.20145136457522586,0.02279913475211224,0.17865222982311363,TRUE
MB-0291,SNF_C1,0.05046288215735902,-0.008075814691332834,0.058538696848691854,TRUE
MB-0465,SNF_C3,0.03765440450639209,0.016008783853525898,0.021645620652866192,FALSE
MB-0630,SNF_C1,0.23705334997494548,-0.04260193520724964,0.2796552851821951,TRUE
MB-0036,SNF_C1,0.26773121944344863,1.0991179708842582e-4,0.2676213076463602,TRUE
MB-0166,SNF_C1,0.1438648504575082,0.1322293274890807,0.011635522968427486,FALSE
MB-0180,SNF_C1,0.30546583955922685,0.06820452238169859,0.23726131717752824,TRUE
MB-0525,SNF_C3,0.2468039844705483,-0.11411776874361265,0.360921753214161,TRUE
MB-0307,SNF_C2,0.1974867108624551,0.09357361675231113,0.10391309411014396,TRUE
MB-0002,SNF_C1,0.2717856314014551,0.020364578068594773,0.25142105333286036,TRUE
MB-0408,SNF_C1,0.134107320484761,0.1076195481091539,0.026487772375607108,TRUE
MB-0466,SNF_C1,0.14238465217125987,0.05207755377146132,0.09030709839979856,TRUE
MB-0632,SNF_C2,0.26197562236874933,-0.052954397308013296,0.3149300196767626,TRUE
MB-0120,SNF_C3,0.05268851539763037,-0.03214438600988676,0.08483290140751713,TRUE
MB-0507,SNF_C2,0.23091969549380517,-0.03823526534258737,0.26915496083639256,TRUE
MB-0287,SNF_C1,0.25577450799089213,-0.04489052853063034,0.3006650365215225,TRUE
MB-0869,SNF_C3,0.5908014741298202,-0.36749845840447803,0.9582999325342982,TRUE
MB-4633,SNF_C2,0.23567580451633882,0.20408920115515028,0.03158660336118854,TRUE
MB-4627,SNF_C1,0.18850405671730966,0.10015900498370499,0.08834505173360467,TRUE
MB-4004,SNF_C1,0.27008494486673645,-0.1286367560210779,0.39872170088781433,TRUE
MB-4708,SNF_C2,0.27909111472130066,-0.038304963928584866,0.3173960786498855,TRUE
MB-4618,SNF_C1,0.2420724438339289,-0.07436777608905344,0.3164402199229823,TRUE
MB-4641,SNF_C1,0.23456720572329748,0.20187142859590054,0.032695777127396936,TRUE
MB-4622,SNF_C3,0.4744977013653043,-0.175400828875702,0.6498985302410063,TRUE
MB-4634,SNF_C1,0.14561761408443788,0.027420455337506887,0.11819715874693099,TRUE
MB-4688,SNF_C1,0.12617515093680193,0.028959677215168598,0.09721547372163333,TRUE
MB-4665,SNF_C1,0.3373202899844509,-0.1041460013536911,0.441466291338142,TRUE
MB-4666,SNF_C1,0.18461308444834718,0.09873891988834162,0.08587416456000556,TRUE
MB-4640,SNF_C3,0.0873530102102182,-0.03325967250805527,0.12061268271827347,TRUE
MB-4691,SNF_C1,0.16286793581175735,0.031346448157338766,0.13152148765441857,TRUE
MB-4671,SNF_C1,0.3366897273129686,-0.11371360941283465,0.45040333672580324,TRUE
MB-4667,SNF_C3,0.20133739801028702,0.027240493077074195,0.17409690493321284,TRUE
MB-4721,SNF_C2,0.2380604644093409,0.1593377187689281,0.07872274564041279,TRUE
MB-4723,SNF_C1,0.32748965831858257,-0.1418907184454367,0.4693803767640192,TRUE
MB-4718,SNF_C2,0.4819713288602286,-0.13174953361404526,0.6137208624742738,TRUE
MB-4716,SNF_C2,0.11021661809802935,-0.0023771969162153686,0.11259381501424472,TRUE
MB-4729,SNF_C1,0.19810204544108884,-0.04762381175470989,0.24572585719579873,TRUE
MB-4717,SNF_C3,0.4557367861491346,-0.24580167097427866,0.7015384571234132,TRUE
MB-4724,SNF_C3,0.23867657279768809,-0.13905580884423435,0.37773238164192247,TRUE
MB-4770,SNF_C3,0.4071772722889256,-0.21024649941925602,0.6174237717081816,TRUE
MB-4752,SNF_C1,0.21114614069908583,-0.0652609889923555,0.2764071296914413,TRUE
MB-4762,SNF_C2,0.18018196616162743,0.14707017170439624,0.0331117944572312,TRUE
MB-5169,SNF_C1,0.17658745443687746,0.01123760466073161,0.16534984977614584,TRUE
MB-4796,SNF_C1,0.324990182667677,-0.13867022703647522,0.46366040970415223,TRUE
MB-4790,SNF_C1,0.24882974709404337,0.05903879400895047,0.18979095308509292,TRUE
MB-4797,SNF_C1,0.12713991992501186,0.05248467085395126,0.07465524907106061,TRUE
MB-4800,SNF_C1,0.13563348224434535,-0.0428543475244505,0.17848782976879585,TRUE
MB-5541,SNF_C2,0.40979340551848653,-0.10135462075611414,0.5111480262746007,TRUE
MB-5549,SNF_C3,0.2882417149886923,-0.1266890575498615,0.4149307725385538,TRUE
MB-5519,SNF_C1,0.13419151555704972,0.04623044833200509,0.08796106722504463,TRUE
MB-5495,SNF_C2,0.3039902064991961,-0.043454228251670717,0.34744443475086684,TRUE
MB-4832,SNF_C2,0.21117794681008867,0.10124485134291518,0.10993309546717349,TRUE
MB-4745,SNF_C3,0.317679875742686,-0.196834418530867,0.514514294273553,TRUE
MB-4825,SNF_C1,0.3114474093789818,0.00756139587404316,0.30388601350493866,TRUE
MB-4814,SNF_C3,0.13443034804048767,-0.047874842744790945,0.18230519078527863,TRUE
MB-4757,SNF_C3,0.48095209163453206,-0.24727031628155144,0.7282224079160835,TRUE
MB-4694,SNF_C3,0.47429660432651194,-0.2798491270256333,0.7541457313521452,TRUE
MB-4698,SNF_C2,0.3515298083709886,-0.040276901577207785,0.39180670994819633,TRUE
MB-4715,SNF_C3,0.483582472945131,-0.271886483164202,0.7554689561093331,TRUE
MB-4685,SNF_C1,0.3649805081780694,-0.15789666010734418,0.5228771682854135,TRUE
MB-4712,SNF_C3,0.11051472738452747,-0.05672408880761948,0.16723881619214695,TRUE
MB-4672,SNF_C1,0.3710791759992886,-0.15364253279228898,0.5247217087915775,TRUE
MB-4704,SNF_C2,0.2879012858120946,-0.08631167964317021,0.37421296545526483,TRUE
MB-4655,SNF_C1,0.10438699293648612,-0.047980967063975005,0.15236796000046113,TRUE
MB-4651,SNF_C1,0.07259516773494694,0.04747393798775758,0.02512122974718936,TRUE
MB-4661,SNF_C1,0.21606716170839488,0.0987383955997228,0.11732876610867207,TRUE
MB-4649,SNF_C1,0.12607266914054435,-0.023845418722901045,0.1499180878634454,TRUE
MB-4642,SNF_C1,0.26692707274806965,-0.1284489302749361,0.39537600302300574,TRUE
MB-4674,SNF_C1,0.4079457334940362,-0.07408964902536391,0.4820353825194001,TRUE
MB-4648,SNF_C1,0.26106229605568326,-0.1300922555117811,0.39115455156746437,TRUE
MB-5197,SNF_C1,0.3079540152548601,-0.15926459120380435,0.4672186064586644,TRUE
MB-5152,SNF_C1,0.2782010788237502,-0.024654363378684565,0.30285544220243477,TRUE
MB-5201,SNF_C1,0.30129028532020846,0.07877266923650506,0.2225176160837034,TRUE
MB-5189,SNF_C1,0.15688430999222983,0.11239551663284614,0.04448879335938369,TRUE
MB-5281,SNF_C2,0.08198884260929955,-0.017025044585513058,0.0990138871948126,TRUE
MB-5212,SNF_C1,0.054853412133041804,0.02487681402692804,0.029976598106113764,TRUE
MB-5172,SNF_C3,0.11482282129720056,-0.06674616339566658,0.18156898469286714,TRUE
MB-5183,SNF_C1,0.17358164565628775,0.14434326404663952,0.02923838160964823,TRUE
MB-5185,SNF_C2,0.06741551815211846,0.023650036846564505,0.04376548130555396,TRUE
MB-5022,SNF_C1,0.06695803206014572,0.028467350367833672,0.038490681692312054,TRUE
MB-5014,SNF_C1,0.36048029408269955,-0.0949389362629121,0.45541923034561166,TRUE
MB-4994,SNF_C1,0.29116375819264995,-0.004121413238230931,0.2952851714308809,TRUE
MB-5017,SNF_C3,0.17350766233017392,0.04122056997628968,0.13228709235388425,TRUE
MB-4982,SNF_C3,0.22312243305742585,-0.12263893417987089,0.3457613672372967,TRUE
MB-5004,SNF_C3,0.045747169750200246,-0.009478530957805528,0.055225700708005775,TRUE
MB-4986,SNF_C1,0.09669579788773952,-0.012909481656720631,0.10960527954446016,TRUE
MB-5327,SNF_C3,0.1925260555300495,-0.1193518332374265,0.311877888767476,TRUE
MB-5341,SNF_C1,0.4069837910165837,-0.10350898637794316,0.5104927773945269,TRUE
MB-5323,SNF_C3,0.4633737336188796,0.0041109606623953,0.4592627729564843,TRUE
MB-5328,SNF_C1,0.27031718943859034,-0.1338501513250277,0.40416734076361804,TRUE
MB-5318,SNF_C1,0.040692773591868375,-0.0021634573757902007,0.04285623096765857,TRUE
MB-5287,SNF_C2,0.20948161416882288,0.08773324868085564,0.12174836548796725,TRUE
MB-5324,SNF_C2,0.2996629916716612,0.02238957725360294,0.27727341441805825,TRUE
MB-4682,SNF_C1,0.25951228720047265,-0.10211808250749994,0.3616303697079726,TRUE
MB-4710,SNF_C2,0.3407098433685557,-0.004200688125288588,0.34491053149384426,TRUE
MB-4701,SNF_C1,0.15872661377929045,0.11627904842754655,0.042447565351743904,TRUE
MB-4709,SNF_C1,0.1727116115160871,0.10662680827481594,0.06608480324127117,TRUE
MB-4686,SNF_C2,0.17543787853470794,-0.03921207181754796,0.2146499503522559,TRUE
MB-4706,SNF_C2,0.05139148520792622,0.027547257593355353,0.023844227614570866,TRUE
MB-4719,SNF_C1,0.3452407415628601,0.03676701480185541,0.3084737267610047,TRUE
MB-4702,SNF_C1,0.16748102774890553,-6.088565500718756e-4,0.1680898842989774,TRUE
MB-4908,SNF_C1,0.22316719816648237,-0.11378515058926979,0.33695234875575214,TRUE
MB-4871,SNF_C3,0.28801317195566273,-0.11448244253200962,0.40249561448767235,TRUE
MB-4906,SNF_C1,0.3694610933507156,-0.18702888677591226,0.5564899801266279,TRUE
MB-4911,SNF_C3,0.5647704109350156,-0.32728869282597317,0.8920591037609887,TRUE
MB-4866,SNF_C1,0.24656303697634135,0.0459999706972652,0.20056306627907616,TRUE
MB-4858,SNF_C1,0.05500494085804529,-0.002247307222726501,0.05725224808077179,TRUE
MB-4862,SNF_C3,0.15481261721750253,-0.035754771022671085,0.1905673882401736,TRUE
MB-4872,SNF_C2,0.21308913057245776,-0.07469250987980837,0.2877816404522661,TRUE
MB-4887,SNF_C2,0.1169922372699201,0.005416632260022653,0.11157560500989745,TRUE
MB-4867,SNF_C2,0.2931300551306416,0.03228657302829258,0.26084348210234903,TRUE
MB-4888,SNF_C3,0.47460689513786497,-0.11441382610018458,0.5890207212380496,TRUE
MB-4929,SNF_C1,0.10811894087183192,-0.010893685620213242,0.11901262649204516,TRUE
MB-4945,SNF_C3,0.48985520389585135,-0.2512269616721817,0.7410821655680331,TRUE
MB-4930,SNF_C1,0.17013140640583138,0.029023840227422496,0.1411075661784089,TRUE
MB-4894,SNF_C1,0.1747468255963945,-0.08458763034253562,0.2593344559389301,TRUE
MB-4898,SNF_C1,0.3660117516097216,-0.00974845432957578,0.3757602059392974,TRUE
MB-4670,SNF_C1,0.32561881135362447,0.003808109821996544,0.32181070153162794,TRUE
MB-5013,SNF_C1,0.3789899302452395,-0.03941406178989922,0.4184039920351387,TRUE
MB-4977,SNF_C1,0.13609271009732346,0.11423677444590527,0.02185593565141819,FALSE
MB-4967,SNF_C2,0.27129521140316726,0.031098480626631463,0.2401967307765358,TRUE
MB-4981,SNF_C2,0.3931158242315889,-0.13679566984876093,0.5299114940803499,TRUE
MB-4003,SNF_C3,0.1330769899558079,0.040283062056356525,0.09279392789945139,TRUE
MB-4968,SNF_C1,0.20910438234167647,0.09498197936797141,0.11412240297370506,TRUE
MB-5052,SNF_C3,0.32331740442426304,-0.005983716120936099,0.32930112054519917,TRUE
MB-5049,SNF_C1,0.2860433976881588,-0.12209757539817541,0.4081409730863342,TRUE
MB-5041,SNF_C3,0.24904169316795885,0.002820302403142315,0.24622139076481653,TRUE
MB-5044,SNF_C1,0.22073734636940423,-0.10188047552701743,0.32261782189642163,TRUE
MB-5072,SNF_C3,0.07924046500333193,-0.04595147719931168,0.12519194220264362,TRUE
MB-4171,SNF_C1,0.09396606847350374,-0.02278759294259598,0.11675366141609972,TRUE
MB-5053,SNF_C2,0.30134981178938197,0.07021781482102749,0.2311319969683545,TRUE
MB-5045,SNF_C3,0.1408218153684925,-0.07697967145145608,0.2178014868199486,TRUE
MB-5116,SNF_C1,0.3796696078738397,-0.1641831148895922,0.5438527227634319,TRUE
MB-5120,SNF_C3,0.13147351976395794,0.039759673001279944,0.09171384676267799,TRUE
MB-5074,SNF_C1,0.12028987902328857,0.04222921356779674,0.07806066545549183,TRUE
MB-5119,SNF_C2,0.11444987572245612,0.0826373880191866,0.03181248770326951,TRUE
MB-5114,SNF_C3,0.36843957563156343,-0.02288426994016698,0.3913238455717304,TRUE
MB-4230,SNF_C2,0.08413068927490804,0.048801286191840834,0.0353294030830672,TRUE
MB-4154,SNF_C3,0.20546183292301676,-0.05556580741209604,0.2610276403351128,TRUE
MB-5115,SNF_C3,0.5290994245730498,-0.2761880767036326,0.8052875012766825,TRUE
MB-4737,SNF_C1,0.22281682023677096,-0.0631844979999517,0.28600131823672265,TRUE
MB-4764,SNF_C2,0.3841562590343551,-0.10657371541063697,0.49072997444499206,TRUE
MB-4735,SNF_C1,0.30657466014532014,-0.027808693005018044,0.3343833531503382,TRUE
MB-4730,SNF_C1,0.24993979822687756,0.026270116871186192,0.22366968135569137,TRUE
MB-4733,SNF_C3,0.4142077801102075,-0.10353645408339736,0.5177442341936048,TRUE
MB-4758,SNF_C3,0.3974207510187861,-0.21121581196092945,0.6086365629797156,TRUE
MB-5033,SNF_C1,0.3840079706157097,-0.20145080453258793,0.5854587751482976,TRUE
MB-4741,SNF_C1,0.22164305767317252,0.031189239538761935,0.1904538181344106,TRUE
MB-4732,SNF_C3,0.4813079711458343,-0.17047304546917197,0.6517810166150062,TRUE
MB-5305,SNF_C1,0.325843059575068,-0.09915457356249892,0.4249976331375669,TRUE
MB-5256,SNF_C1,0.21718306256042716,0.08482387268007714,0.13235918988035,TRUE
MB-5273,SNF_C1,0.2894874569078556,-0.10089536159363958,0.3903828185014952,TRUE
MB-5236,SNF_C3,0.5506250702772164,-0.32049930586934994,0.8711243761465663,TRUE
MB-5238,SNF_C3,0.22885420085156596,0.12642868531228912,0.10242551553927684,TRUE
MB-5233,SNF_C1,0.3608330032664594,-0.18174427403421153,0.542577277300671,TRUE
MB-5244,SNF_C1,0.4058346755663626,-0.1488862261524851,0.5547209017188477,TRUE
MB-5253,SNF_C2,0.2869467108101063,-0.08484269296174689,0.3717894037718532,TRUE
MB-5260,SNF_C1,0.3660135718516441,-0.08915903258394534,0.4551726044355895,TRUE
MB-4998,SNF_C1,0.27777829950228006,-0.06583470457873608,0.34361300408101614,TRUE
MB-4993,SNF_C3,0.16907604632168113,-0.03972288025995985,0.20879892658164098,TRUE
MB-5001,SNF_C1,0.26179098960131136,0.023845565946555198,0.23794542365475616,TRUE
MB-5084,SNF_C2,0.15354229337528114,0.09070516383580687,0.06283712953947426,TRUE
MB-4969,SNF_C1,0.4003416288634298,-0.045253810285819505,0.44559543914924926,TRUE
MB-4999,SNF_C1,0.2799060106163971,-0.014968732425846776,0.29487474304224387,TRUE
MB-5011,SNF_C1,0.1860261663942666,0.15251739357578414,0.03350877281848247,TRUE
MB-4959,SNF_C2,0.2828120402894861,0.06443361814901298,0.2183784221404731,TRUE
MB-4599,SNF_C1,0.3406763625360011,-0.026367817210602214,0.3670441797466033,TRUE
MB-4616,SNF_C1,0.3493029890337648,0.05797669773552485,0.29132629129823995,TRUE
MB-4623,SNF_C1,0.10306171855947929,0.031473205525662316,0.07158851303381697,TRUE
MB-4644,SNF_C1,0.3154537245120191,-0.12260153102463892,0.43805525553665803,TRUE
MB-4869,SNF_C1,0.32015450272706597,0.003943465959348716,0.3162110367677173,TRUE
MB-4878,SNF_C2,0.1436176740108544,-0.012134034272840787,0.1557517082836952,TRUE
MB-4851,SNF_C1,0.34023323403832506,-0.07439360828054987,0.4146268423188749,TRUE
MB-4233,SNF_C1,0.2833068077331974,-0.0770303819127899,0.36033718964598727,TRUE
MB-4937,SNF_C3,0.09978982747835363,0.011382001042909007,0.08840782643544462,TRUE
MB-4934,SNF_C1,0.28768140595555447,-0.10958506402742492,0.3972664699829794,TRUE
MB-4899,SNF_C2,0.20926793312872363,0.03444377423079204,0.1748241588979316,TRUE
MB-4912,SNF_C1,0.33349411483333685,-0.12683403901404613,0.460328153847383,TRUE
MB-4935,SNF_C3,0.3173863595438876,-0.1668446184708884,0.484230978014776,TRUE
MB-4933,SNF_C1,0.06833289576880908,0.02794914005825575,0.040383755710553325,TRUE
MB-4900,SNF_C1,0.0998894250670436,-0.01899927379945553,0.11888869886649912,TRUE
MB-4941,SNF_C2,0.25014097096959304,-0.03733245897052521,0.28747342994011826,TRUE
MB-5221,SNF_C1,0.27327506216092445,0.05196547698057149,0.22130958518035296,TRUE
MB-5139,SNF_C1,0.05832645491646863,0.006015085951082708,0.05231136896538592,TRUE
MB-5222,SNF_C3,0.43650251622658054,-0.13024070981941493,0.5667432260459955,TRUE
MB-5097,SNF_C1,0.02360245634812175,0.007664213291349235,0.015938243056772515,FALSE
MB-5338,SNF_C3,0.13910404741444418,0.024208390870295835,0.11489565654414835,TRUE
MB-5315,SNF_C3,0.29733401744488264,-0.07250325283233434,0.36983727027721697,TRUE
MB-5195,SNF_C3,0.05604673882434701,-0.017738170062225247,0.07378490888657226,TRUE
MB-5226,SNF_C1,0.23049643004254786,-0.07086791559890884,0.3013643456414567,TRUE
MB-5232,SNF_C3,0.45586463138863975,-0.0966881471036925,0.5525527784923323,TRUE
MB-5160,SNF_C1,0.35691441641261085,-0.16883308931446567,0.5257475057270765,TRUE
MB-5126,SNF_C3,0.5029974364168954,-0.29069164146915766,0.793689077886053,TRUE
MB-5124,SNF_C1,0.21228511740241443,0.05415298594933694,0.15813213145307747,TRUE
MB-4855,SNF_C1,0.2317240753019836,-0.05608169526194015,0.28780577056392376,TRUE
MB-5279,SNF_C1,0.35188101297033747,-0.04229912986165308,0.39418014283199054,TRUE
MB-4173,SNF_C1,0.2852286846916077,0.12367041086676882,0.1615582738248389,TRUE
MB-5145,SNF_C3,0.44690652648508394,-0.07134188442834212,0.5182484109134261,TRUE
MB-4944,SNF_C1,0.384196099374243,-0.18907597968541157,0.5732720790596546,TRUE
MB-4961,SNF_C2,0.1831527739514334,0.13640079315012554,0.04675198080130785,TRUE
MB-5121,SNF_C1,0.34157995618645365,-0.08289080517178289,0.4244707613582365,TRUE
MB-4956,SNF_C1,0.22106889932684937,-0.08262781309637292,0.30369671242322227,TRUE
MB-4886,SNF_C3,0.19150011045067905,-0.07196563928162135,0.2634657497323004,TRUE
MB-4950,SNF_C1,0.21006508741778152,0.0369726159555548,0.17309247146222673,TRUE
MB-4965,SNF_C1,0.27627608523738795,-0.06368575752264123,0.33996184276002916,TRUE
MB-4962,SNF_C1,0.3454601434094763,0.004932780805905413,0.34052736260357086,TRUE
MB-4952,SNF_C3,0.2934915459279976,-0.029682555779218554,0.32317410170721617,TRUE
MB-5267,SNF_C2,0.304660930710458,-0.10301914748412669,0.40768007819458474,TRUE
MB-5266,SNF_C1,0.2002525845767311,0.048681207774617444,0.15157137680211363,TRUE
MB-5396,SNF_C1,0.08280860969392896,-0.03233598182536188,0.11514459151929085,TRUE
MB-4938,SNF_C3,0.4784735605548615,-0.17244848069477212,0.6509220412496336,TRUE
MB-5351,SNF_C2,0.2761132421494812,0.0765610734683404,0.19955216868114078,TRUE
MB-5347,SNF_C1,0.29749509866709906,-0.1566648407057009,0.45415993937279997,TRUE
MB-5312,SNF_C3,0.34965290386799336,-0.16203319264001378,0.5116860965080071,TRUE
MB-5311,SNF_C2,0.3166094630643038,0.0036636211835162696,0.31294584188078756,TRUE
MB-5284,SNF_C2,0.2781109808073036,0.06109005567622072,0.2170209251310829,TRUE
MB-4148,SNF_C1,0.1673835850674356,-0.0756461529802185,0.2430297380476541,TRUE
MB-5078,SNF_C3,0.07001676537163701,0.004420991934927137,0.06559577343670987,TRUE
MB-5088,SNF_C1,0.19097686746541107,-0.05211651735925568,0.24309338482466675,TRUE
MB-5064,SNF_C1,0.22612968653686713,-0.02986049019954855,0.25599017673641566,TRUE
MB-5107,SNF_C1,0.30324035807875527,-0.09016487520605389,0.39340523328480914,TRUE
MB-5066,SNF_C1,0.19075103033681667,0.17161291735465256,0.019138112982164113,FALSE
MB-5068,SNF_C1,0.24048760715479883,-0.04775717990023469,0.28824478705503354,TRUE
MB-5061,SNF_C1,0.1873425304142827,-0.09186472425654615,0.27920725467082885,TRUE
MB-5070,SNF_C3,0.4662254038640189,-0.1641946284418823,0.6304200323059012,TRUE
MB-5059,SNF_C2,0.18696535019101598,0.1282675647980029,0.0586977853930131,TRUE
MB-4266,SNF_C1,0.15661312224127782,-0.05638676301924643,0.21299988526052427,TRUE
MB-4276,SNF_C3,0.10406445483572016,0.021689240117913754,0.0823752147178064,TRUE
MB-4771,SNF_C1,0.1672995468827984,0.11487267908445248,0.05242686779834593,TRUE
MB-4739,SNF_C2,0.21504276088032453,0.10382904173550789,0.11121371914481665,TRUE
MB-5331,SNF_C1,0.10072365745018536,0.09726179103814674,0.0034618664120386194,FALSE
MB-4743,SNF_C2,0.42366757815303985,-0.155624123897823,0.5792917020508629,TRUE
MB-4785,SNF_C1,0.29944846334393077,-0.019303958530702263,0.31875242187463304,TRUE
MB-4778,SNF_C2,0.09768998454137547,0.08263998932535337,0.0150499952160221,FALSE
MB-4763,SNF_C3,0.2430826728388506,-0.11124222090061239,0.35432489373946296,TRUE
MB-4779,SNF_C2,0.3500330338014474,0.015156565573884562,0.33487646822756284,TRUE
MB-4849,SNF_C1,0.3072217267287957,-0.14782527474536342,0.4550470014741591,TRUE
MB-4787,SNF_C1,0.08798443143779665,-0.042026390968280584,0.13001082240607723,TRUE
MB-4767,SNF_C1,0.04658805538451234,-0.0097326795439015,0.05632073492841384,TRUE
MB-4784,SNF_C1,0.10164154527462946,0.003992731250668121,0.09764881402396133,TRUE
MB-5043,SNF_C1,0.21740574843311095,0.04872413793034122,0.16868161050276972,TRUE
MB-4992,SNF_C2,0.13670740300176717,-0.014771119455826176,0.15147852245759336,TRUE
MB-5020,SNF_C1,0.23501788755565867,0.04130989627998076,0.1937079912756779,TRUE
MB-5019,SNF_C3,0.1573165995105198,-0.023887491685617778,0.18120409119613756,TRUE
MB-5015,SNF_C1,0.2964969694517733,-0.034373622558066044,0.3308705920098393,TRUE
MB-5048,SNF_C1,0.29191045836728186,-0.019752715630857273,0.31166317399813914,TRUE
MB-5035,SNF_C2,0.12004955935641365,-0.023607746063155095,0.14365730541956875,TRUE
MB-5398,SNF_C1,0.28473285981163227,0.16351662501024863,0.12121623480138363,TRUE
MB-5377,SNF_C1,0.3090901969016676,0.08264257527492092,0.2264476216267467,TRUE
MB-5291,SNF_C1,0.3787918639215371,-0.19567611508234484,0.5744679790038819,TRUE
MB-5403,SNF_C1,0.29842187984389806,-0.01495588065410821,0.31337776049800625,TRUE
MB-5224,SNF_C2,0.24666310204547837,0.10982689755083219,0.13683620449464617,TRUE
MB-5369,SNF_C1,0.30571593495841815,-0.020536641757588927,0.32625257671600705,TRUE
MB-5404,SNF_C1,0.24625700429214328,0.046747627498411756,0.19950937679373154,TRUE
MB-5397,SNF_C1,0.14576844057898203,0.036948598702471455,0.10881984187651057,TRUE
MB-5378,SNF_C3,0.4770232812470498,-0.25307366606460113,0.730096947311651,TRUE
MB-5388,SNF_C2,0.11491272882900429,0.027115795103192702,0.08779693372581159,TRUE
MB-5395,SNF_C2,0.15300069044165643,0.007832559535861641,0.14516813090579478,TRUE
MB-5365,SNF_C1,0.3164041585899526,0.16287878586666488,0.1535253727232877,TRUE
MB-5389,SNF_C1,0.3859379142934875,-0.04984853125179059,0.4357864455452781,TRUE
MB-5385,SNF_C1,0.3632955469465226,-0.10746154604468111,0.4707570929912037,TRUE
MB-5393,SNF_C1,0.3518346871077498,-0.1823629686511399,0.5341976557588897,TRUE
MB-5289,SNF_C1,0.2152185200234455,0.09456029415638438,0.12065822586706111,TRUE
MB-5361,SNF_C1,0.1676020855123671,-0.04491432471152619,0.21251641022389328,TRUE
MB-5392,SNF_C3,0.23548303810136648,0.11936706291104303,0.11611597519032345,TRUE
MB-5147,SNF_C2,0.1401361338282639,0.022738821305457922,0.11739731252280597,TRUE
MB-4140,SNF_C1,0.3373944314873356,-0.030653772775602297,0.3680482042629379,TRUE
MB-5138,SNF_C3,0.48515566855964376,-0.2803435551039302,0.765499223663574,TRUE
MB-5123,SNF_C2,0.19464570493380176,-0.011594288067113545,0.2062399930009153,TRUE
MB-5065,SNF_C3,0.46768869361353316,-0.05877791047792554,0.5264666040914587,TRUE
MB-4127,SNF_C1,0.1457040197695194,0.04416340752501864,0.10154061224450077,TRUE
MB-5058,SNF_C3,0.1491221443616537,0.017357007724948966,0.13176513663670472,TRUE
MB-5050,SNF_C2,0.299066732314487,0.1515243674602895,0.1475423648541975,TRUE
MB-5027,SNF_C2,0.35010939803792474,-0.09842801817565258,0.44853741621357734,TRUE
MB-5060,SNF_C1,0.22519098551636008,-0.03167980537006833,0.2568707908864284,TRUE
MB-5062,SNF_C1,0.11409787074686964,0.03759027957794965,0.07650759116891999,TRUE
MB-5383,SNF_C1,0.19477924126978965,0.07213782468248728,0.12264141658730238,TRUE
MB-5101,SNF_C1,0.244217429211613,-0.08459634788493621,0.3288137770965492,TRUE
MB-5258,SNF_C3,0.44213032780217715,-0.2664183563795135,0.7085486841816906,TRUE
MB-5268,SNF_C2,0.2926695059051768,0.10026265988821446,0.19240684601696234,TRUE
MB-5261,SNF_C1,0.286038578219676,0.006473010639929338,0.27956556757974665,TRUE
MB-5272,SNF_C3,0.23135495902159903,0.03888841107433358,0.19246654794726545,TRUE
MB-5264,SNF_C2,0.3119333886897747,0.029770955663247146,0.28216243302652755,TRUE
MB-5259,SNF_C3,0.23388396858768803,-0.03508688241770269,0.26897085100539075,TRUE
MB-5306,SNF_C1,0.2336452677764233,-0.06929379681320423,0.30293906458962755,TRUE
MB-5270,SNF_C1,0.2717357069052837,-0.042152059108151896,0.3138877660134356,TRUE
MB-5411,SNF_C3,0.2771501239371247,-0.05059167692455469,0.32774180086167937,TRUE
MB-5490,SNF_C1,0.2928826682563303,0.03465953587775969,0.25822313237857064,TRUE
MB-5421,SNF_C3,0.44157238506691077,-0.19858263059674988,0.6401550156636606,TRUE
MB-5348,SNF_C3,0.5768948970806277,-0.2610446065627315,0.8379395036433592,TRUE
MB-5429,SNF_C1,0.19529266360244923,0.1592695855531437,0.036023078049305546,TRUE
MB-5405,SNF_C3,0.21060349505544879,0.022581620964614607,0.18802187409083418,TRUE
MB-5414,SNF_C3,0.10788018952086752,0.056383143913284084,0.05149704560758343,TRUE
MB-5489,SNF_C2,0.40747103860116357,0.0403691811079202,0.36710185749324337,TRUE
MB-5417,SNF_C3,0.1763445884680794,-0.09512308466661094,0.27146767313469033,TRUE
MB-5481,SNF_C1,0.20787936532064832,-0.09344295984554796,0.3013223251661963,TRUE
MB-5409,SNF_C3,0.32728227280015426,-0.11850970319540449,0.44579197599555875,TRUE
MB-5413,SNF_C2,0.2520141821668712,0.07994217957576674,0.17207200259110447,TRUE
MB-5299,SNF_C3,0.5134534149968313,-0.29675630634172,0.8102097213385513,TRUE
MB-5408,SNF_C3,0.22550819276187523,0.17803982098069165,0.04746837178118357,TRUE
MB-5475,SNF_C1,0.33146709976661226,-0.03496525628315904,0.3664323560497713,TRUE
MB-5505,SNF_C1,0.32365673444845244,-0.07011640751502077,0.39377314196347324,TRUE
MB-5100,SNF_C3,0.5726644229476527,-0.21481445051566114,0.7874788734633139,TRUE
MB-5325,SNF_C3,0.4906106469208846,-0.1987400607199417,0.6893507076408263,TRUE
MB-5502,SNF_C1,0.271256023653782,-0.06658558450427193,0.3378416081580539,TRUE
MB-5485,SNF_C1,0.22207337233002086,-0.025414615203316355,0.24748798753333723,TRUE
MB-4293,SNF_C1,0.18881213985081477,0.15810000211036898,0.03071213774044579,TRUE
MB-4289,SNF_C1,0.2753734332710125,-0.13675058754406838,0.41212402081508087,TRUE
MB-5293,SNF_C1,0.1286330070629903,0.06104210754979969,0.06759089951319061,TRUE
MB-5381,SNF_C3,0.1325256604693187,-0.011642579892800988,0.1441682403621197,TRUE
MB-4834,SNF_C1,0.20742224047300578,-0.014404647083745776,0.22182688755675156,TRUE
MB-5498,SNF_C3,0.0130152400483663,-0.0053800284383752625,0.018395268486741563,FALSE
MB-4749,SNF_C1,0.3136550181678309,0.03552334503553619,0.27813167313229475,TRUE
MB-4818,SNF_C1,0.27422484865917446,-0.11902814196428481,0.39325299062345925,TRUE
MB-4805,SNF_C1,0.18587729899978128,-0.08201631165774276,0.26789361065752404,TRUE
MB-4809,SNF_C3,0.5284943321520281,-0.31921680207559394,0.847711134227622,TRUE
MB-5418,SNF_C1,0.21407822351045197,0.01685609984884037,0.1972221236616116,TRUE
MB-5441,SNF_C2,0.039312143864865236,0.004870584291515568,0.03444155957334967,TRUE
MB-5424,SNF_C2,0.20679179558276567,-0.07440740403609854,0.2811991996188642,TRUE
MB-5296,SNF_C3,0.2183858412843048,0.07340669878873396,0.14497914249557084,TRUE
MB-5446,SNF_C3,0.09596172153765843,-0.0043718809210465,0.10033360245870493,TRUE
MB-5137,SNF_C3,0.5781927967151939,-0.28751878797671837,0.8657115846919122,TRUE
MB-5219,SNF_C1,0.1484960190613736,0.14135557103509525,0.007140448026278362,FALSE
MB-5093,SNF_C1,0.1823543305856905,-0.07227394871390048,0.254628279299591,TRUE
MB-5350,SNF_C2,0.1553378567985601,0.0779560591325317,0.0773817976660284,TRUE
MB-5230,SNF_C2,0.20268444125999568,0.021447601475789037,0.18123683978420665,TRUE
MB-5206,SNF_C1,0.17033082938248706,0.06147524321501452,0.10885558616747254,TRUE
MB-4687,SNF_C3,0.1760843893496196,0.03436861651456272,0.14171577283505687,TRUE
MB-5433,SNF_C1,0.36959510242386373,-0.13730104096978943,0.5068961433936532,TRUE
MB-5442,SNF_C3,0.3647455026111466,-0.19537122234750928,0.5601167249586558,TRUE
MB-5427,SNF_C3,0.37718321207044303,-0.23487167372345674,0.6120548857938998,TRUE
MB-5491,SNF_C1,0.365423453783332,-0.1479661688853589,0.5133896226686909,TRUE
MB-5493,SNF_C1,0.2093603122415854,-0.09235890126575873,0.30171921350734415,TRUE
MB-5451,SNF_C2,0.17423552336412465,0.10880631245842182,0.06542921090570283,TRUE
MB-5454,SNF_C3,0.14138651702517208,0.019398597538927857,0.12198791948624421,TRUE
MB-5360,SNF_C1,0.20864332212226896,0.06036287272904667,0.1482804493932223,TRUE
MB-5229,SNF_C3,0.22106450524589197,0.04877521801031112,0.17228928723558085,TRUE
MB-4827,SNF_C1,0.18554636234958893,0.18502009954683366,5.262628027552785e-4,FALSE
MB-5455,SNF_C2,0.14517860159282775,0.04903293831345469,0.09614566327937306,TRUE
MB-5349,SNF_C1,0.1794817026702471,0.05673370974898543,0.12274799292126168,TRUE
MB-5370,SNF_C1,0.40803920101530705,-0.1724800360204066,0.5805192370357136,TRUE
MB-5290,SNF_C1,0.27129871265781574,-0.01229335656350266,0.2835920692213184,TRUE
MB-5366,SNF_C3,0.05413778064738586,0.043870977726732235,0.010266802920653621,FALSE
MB-5382,SNF_C1,0.21886827200148112,0.015422173847302496,0.20344609815417863,TRUE
MB-5402,SNF_C1,0.27312837752996655,-0.07256521339883112,0.3456935909287977,TRUE
MB-5288,SNF_C1,0.05813560449261183,0.001806445151664981,0.056329159340946844,TRUE
MB-5384,SNF_C1,0.1535554381533271,-0.06411126457396547,0.21766670272729255,TRUE
MB-5358,SNF_C2,0.14999322268506582,0.13755528355203314,0.012437939133032677,FALSE
MB-4357,SNF_C3,0.05836478536180517,0.03420627574665194,0.02415850961515323,TRUE
MB-4991,SNF_C1,0.18602012954090413,-0.0762541018559173,0.26227423139682143,TRUE
MB-5401,SNF_C1,0.24690021463507353,0.04909968215135316,0.19780053248372037,TRUE
MB-5387,SNF_C3,0.481872993806098,-0.25934911660461063,0.7412221104107086,TRUE
MB-5390,SNF_C3,0.4892316262752962,-0.2297520857601435,0.7189837120354396,TRUE
MB-5412,SNF_C2,0.303260857848289,-0.007544367327394817,0.3108052251756838,TRUE
MB-5193,SNF_C1,0.38332743121440144,-0.047937825005059165,0.4312652562194606,TRUE
MB-5182,SNF_C2,0.22769554346159077,0.17705965973258367,0.0506358837290071,TRUE
MB-5157,SNF_C3,0.21671713061501693,-0.00197916687884844,0.21869629749386538,TRUE
MB-5205,SNF_C3,0.43006006304361893,-0.26317746721002416,0.6932375302536431,TRUE
MB-5161,SNF_C2,0.46343039278541703,-0.0713540584079723,0.5347844511933894,TRUE
MB-5292,SNF_C1,0.198319294556341,-0.036399668939160044,0.23471896349550106,TRUE
MB-5211,SNF_C1,0.37593773212759823,-0.18474587884450547,0.5606836109721037,TRUE
MB-5218,SNF_C1,0.2525092587000196,-0.11439518808322081,0.3669044467832404,TRUE
MB-5209,SNF_C3,0.38036241856312647,-0.2259320848631297,0.6062945034262561,TRUE
MB-5227,SNF_C1,0.06008567736828585,0.04413244645246438,0.015953230915821473,FALSE
MB-5213,SNF_C3,0.3546861545262781,-0.21646137713286623,0.5711475316591443,TRUE
MB-5166,SNF_C1,0.1496240927800873,-0.022545477240577507,0.1721695700206648,TRUE
MB-5163,SNF_C1,0.13523463086578313,0.0128283159085103,0.12240631495727283,TRUE
MB-5188,SNF_C3,0.4254389125892955,-0.20845969787264831,0.6338986104619438,TRUE
MB-5143,SNF_C2,0.25094104152627805,0.0533642458144672,0.19757679571181086,TRUE
MB-5329,SNF_C2,0.1071960614593349,0.0072142864193241426,0.09998177504001075,TRUE
MB-5322,SNF_C1,0.17650967122155845,-0.012237378864434934,0.18874705008599338,TRUE
MB-5310,SNF_C2,0.11024103028997866,0.03681238808777109,0.07342864220220757,TRUE
MB-4000,SNF_C1,0.23693279509044918,-0.1210500012754742,0.3579827963659234,TRUE
MB-5240,SNF_C2,0.2603573285923766,0.028952211768996757,0.23140511682337983,TRUE
MB-5228,SNF_C1,0.17239283706253763,-0.054070903413532156,0.2264637404760698,TRUE
MB-5136,SNF_C2,0.31794673510043925,-0.10268945836991811,0.42063619347035736,TRUE
MB-5140,SNF_C1,0.1564617320949627,-0.0457226561019596,0.2021843881969223,TRUE
MB-5106,SNF_C1,0.1643235531371223,-0.07907640052146968,0.24339995365859196,TRUE
MB-5117,SNF_C1,0.1979309319843493,0.040944763346815405,0.1569861686375339,TRUE
MB-5104,SNF_C2,0.163180368686486,0.13928838799888432,0.023891980687601677,TRUE
MB-5131,SNF_C2,0.16146279990887732,0.11578208400209702,0.0456807159067803,TRUE
MB-5109,SNF_C2,0.2646596215495291,-0.09220565492533596,0.35686527647486505,TRUE
MB-5176,SNF_C3,0.07242059398333832,0.0025452027906965277,0.06987539119264179,TRUE
MB-5158,SNF_C1,0.15662512999836548,0.1318051701818363,0.02481995981652918,TRUE
MB-5076,SNF_C3,0.49473624398011334,-0.27783093553309995,0.7725671795132133,TRUE
MB-5215,SNF_C1,0.32996820071800276,-0.09536911488718011,0.42533731560518284,TRUE
MB-5223,SNF_C3,0.3559248787375057,0.1417279168922469,0.21419696184525883,TRUE
MB-5179,SNF_C2,0.14727883171013006,0.04813395287171924,0.09914487883841083,TRUE
MB-5330,SNF_C1,0.1706277960984575,0.08838041384385747,0.08224738225460002,TRUE
MB-5144,SNF_C1,0.3163305902067325,-0.1492549801873714,0.46558557039410386,TRUE
MB-5196,SNF_C1,0.16551476932054376,-0.0296577200213549,0.19517248934189865,TRUE
MB-5200,SNF_C1,0.19379608865018824,-0.029625723487426585,0.22342181213761483,TRUE
MB-5583,SNF_C2,0.1989153347904102,0.09770857364890558,0.10120676114150463,TRUE
MB-5601,SNF_C1,0.09335509723525426,0.030661982416202122,0.06269311481905214,TRUE
MB-5632,SNF_C1,0.1578097659419518,-0.022974850413976452,0.18078461635592827,TRUE
MB-5616,SNF_C3,0.5230444517404578,-0.18764507908134898,0.7106895308218067,TRUE
MB-5604,SNF_C1,0.37263454055875256,-0.1880929202405406,0.5607274607992931,TRUE
MB-5589,SNF_C2,0.22367458853998196,0.19235960370490887,0.031314984835073084,TRUE
MB-5582,SNF_C2,0.35792303482304727,-0.014939551348690829,0.3728625861717381,TRUE
MB-5625,SNF_C3,0.4347977925575175,-0.2426975298084304,0.6774953223659479,TRUE
MB-5571,SNF_C1,0.3179253069334443,0.05731382275417699,0.26061148417926727,TRUE
MB-5596,SNF_C2,0.1976217184813275,0.07875588694852437,0.11886583153280314,TRUE
MB-5590,SNF_C1,0.13331032621088865,-0.044666272153067225,0.17797659836395588,TRUE
MB-5599,SNF_C2,0.14282287159826423,0.04907087928008485,0.09375199231817938,TRUE
MB-5629,SNF_C2,0.11490935967196975,0.032764640856431874,0.08214471881553786,TRUE
MB-5579,SNF_C2,0.2635074958284752,-0.0694349413967683,0.3329424372252435,TRUE
MB-5623,SNF_C1,0.22473411704079527,0.023253623931927446,0.20148049310886781,TRUE
MB-5654,SNF_C1,0.28885686335807087,-0.005184953824866698,0.2940418171829376,TRUE
MB-5617,SNF_C1,0.29039366441221215,-0.08794425647287378,0.37833792088508594,TRUE
MB-5638,SNF_C1,0.2549602563914634,-0.12509715302293387,0.38005740941439725,TRUE
MB-5635,SNF_C1,0.27252099439801386,-0.09948595872311349,0.37200695312112736,TRUE
MB-5642,SNF_C1,0.30338514889940554,-0.0015168686141819642,0.30490201751358753,TRUE
MB-5647,SNF_C1,0.2473717018599031,-0.08275147745262787,0.330123179312531,TRUE
MB-4018,SNF_C2,0.16161881517428636,0.028395028359256756,0.1332237868150296,TRUE
MB-5584,SNF_C3,0.20123196242380825,-0.029383470851798644,0.2306154332756069,TRUE
MB-5626,SNF_C1,0.15446380745336705,0.06825749855573073,0.08620630889763632,TRUE
MB-5602,SNF_C3,0.4073694393545564,-0.12608748372452225,0.5334569230790787,TRUE
MB-5653,SNF_C1,0.11672389865712463,-0.02402726468603417,0.1407511633431588,TRUE
MB-5576,SNF_C1,0.08019380828435979,-0.009737215434455968,0.08993102371881576,TRUE
MB-5575,SNF_C1,0.11304929480549696,0.030568997688772893,0.08248029711672406,TRUE
MB-5646,SNF_C1,0.3202286284482616,-0.15231215216731442,0.47254078061557603,TRUE
MB-5634,SNF_C3,0.5175145542224098,-0.26204578457409056,0.7795603387965003,TRUE
MB-5591,SNF_C2,0.1842890709650863,0.10177251220522421,0.08251655875986208,TRUE
MB-5567,SNF_C1,0.279652257187575,0.1059993505816256,0.17365290660594943,TRUE
MB-5651,SNF_C3,0.36262663495678904,0.020140375029782664,0.3424862599270064,TRUE
MB-5603,SNF_C2,0.2218698809212685,0.004680880166317533,0.21718900075495096,TRUE
MB-5622,SNF_C1,0.32767728155777726,-0.12433346730602175,0.452010748863799,TRUE
MB-5597,SNF_C1,0.2414920029025272,0.17011955956120464,0.07137244334132256,TRUE
MB-5613,SNF_C3,0.07732266311021439,0.023942724034752855,0.05337993907546154,TRUE
MB-5580,SNF_C2,0.18262749240914025,0.1569777639594766,0.02564972844966365,TRUE
MB-5645,SNF_C1,0.2451799196464169,-0.007206375069081985,0.2523862947154989,TRUE
MB-5548,SNF_C3,0.34506162099709653,-0.117257102493441,0.46231872349053754,TRUE
MB-5526,SNF_C3,0.5538745269041718,-0.27498635374076547,0.8288608806449373,TRUE
MB-5531,SNF_C3,0.47205371384765443,-0.09697176567719122,0.5690254795248456,TRUE
MB-5468,SNF_C3,0.5064637091208292,-0.27669885415181583,0.783162563272645,TRUE
MB-5474,SNF_C3,0.3502426896435374,0.016452041176903368,0.33379064846663403,TRUE
MB-5514,SNF_C1,0.29775743889129547,-0.08912776150427794,0.3868852003955734,TRUE
MB-5302,SNF_C3,0.06059000550378747,0.04578978385724966,0.014800221646537812,FALSE
MB-5510,SNF_C1,0.2819495333811274,0.011264019868817778,0.27068551351230963,TRUE
MB-5473,SNF_C1,0.19968695233611708,0.10690258032172414,0.09278437201439294,TRUE
MB-5484,SNF_C2,0.15940270075960916,0.1341486593060981,0.025254041453511067,TRUE
MB-5432,SNF_C1,0.25600378890155095,-0.07590222870531779,0.3319060176068688,TRUE
MB-5525,SNF_C1,0.2627691419780842,-0.11224623075924496,0.37501537273732916,TRUE
MB-5562,SNF_C1,0.37417676058017835,-0.038661614556027624,0.41283837513620597,TRUE
MB-5497,SNF_C1,0.32913354894951535,-0.09035782810826104,0.4194913770577764,TRUE
MB-5551,SNF_C3,0.41696700795747754,-0.22862195985724573,0.6455889678147233,TRUE
MB-5300,SNF_C2,0.2282320671669106,0.11011129371755744,0.11812077344935316,TRUE
MB-5560,SNF_C3,0.44281497611481013,-0.21736631353594366,0.6601812896507537,TRUE
MB-5550,SNF_C1,0.3508527911306755,-0.013067918948946036,0.36392071007962157,TRUE
MB-5520,SNF_C3,0.05500326412284247,-0.023422717714202367,0.07842598183704483,TRUE
MB-5529,SNF_C3,0.5022064680765518,-0.2623047940897437,0.7645112621662955,TRUE
MB-5554,SNF_C2,0.1424898441945151,0.03452621954870863,0.10796362464580647,TRUE
MB-5301,SNF_C2,0.11619080643287133,0.06996053130716573,0.0462302751257056,TRUE
MB-4421,SNF_C1,0.37555218329401785,-0.1580585079047878,0.5336106911988057,TRUE
MB-4408,SNF_C3,0.4256935889460709,-0.23298316780601624,0.6586767567520871,TRUE
MB-4146,SNF_C3,0.4160549433514435,-0.1783791822679057,0.5944341256193492,TRUE
MB-5534,SNF_C2,0.19245869876202754,0.1653659007465023,0.02709279801552525,TRUE
MB-5521,SNF_C3,0.1418547629146756,0.0375307908516982,0.10432397206297742,TRUE
MB-5482,SNF_C3,0.4150516676882556,-0.08893622392558127,0.5039878916138368,TRUE
MB-5483,SNF_C3,0.11425950858386447,-0.045717790250065206,0.15997729883392967,TRUE
MB-5532,SNF_C1,0.3565208380200924,-0.12132452715565223,0.4778453651757446,TRUE
MB-5556,SNF_C1,0.2558031810719467,-0.08666423708143589,0.3424674181533826,TRUE
MB-5518,SNF_C1,0.10721928227096286,0.030026397742484452,0.07719288452847842,TRUE
MB-5486,SNF_C1,0.23546774680044316,-0.0024411132915882943,0.23790886009203147,TRUE
MB-5511,SNF_C3,0.0931509593634554,-0.05407968258014847,0.14723064194360386,TRUE
MB-5422,SNF_C1,0.2482062238176937,0.06566582925305033,0.18254039456464338,TRUE
MB-5535,SNF_C3,0.2799523966606432,-0.005702315625070735,0.28565471228571393,TRUE
MB-5477,SNF_C1,0.30500335045247207,-0.15970858348582362,0.4647119339382957,TRUE
MB-5472,SNF_C1,0.2683928678635505,0.06510215493697764,0.20329071292657286,TRUE
MB-5540,SNF_C3,0.09888465379844383,0.04574548808646334,0.05313916571198049,TRUE
MB-5184,SNF_C2,0.4782701512914266,-0.1539820724153772,0.6322522237068038,TRUE
MB-5294,SNF_C3,0.4601658131004369,-0.2520121200810795,0.7121779331815163,TRUE
MB-5565,SNF_C3,0.5533537045735357,-0.22454077629391636,0.777894480867452,TRUE
MB-5040,SNF_C1,0.16312118452647353,-0.0451233675718679,0.20824455209834142,TRUE
MB-4801,SNF_C1,0.26834349332090357,0.059017439954760505,0.20932605336614307,TRUE
MB-5499,SNF_C2,0.3149670291276998,0.007884265025560314,0.30708276410213947,TRUE
MB-5459,SNF_C1,0.25080519229413567,-0.10140693079218595,0.3522121230863216,TRUE
MB-5243,SNF_C1,0.12794339253555276,-0.027755617380093835,0.15569900991564659,TRUE
MB-4120,SNF_C1,0.3604045466436468,-0.007314889878226225,0.367719436521873,TRUE
MB-4966,SNF_C2,0.23308298558452212,4.957937619900482e-4,0.23258719182253207,TRUE
MB-5457,SNF_C2,0.24839277497686385,-0.07497636500622007,0.3233691399830839,TRUE
MB-4011,SNF_C1,0.20790214797011078,-0.06654422310920997,0.27444637107932074,TRUE
MB-5478,SNF_C2,0.12908090923164975,-0.004373845102254361,0.1334547543339041,TRUE
MB-4822,SNF_C2,0.17369661670473963,0.11230309005334041,0.061393526651399216,TRUE
MB-4017,SNF_C1,0.4172922015084638,-0.21704706296019746,0.6343392644686613,TRUE
MB-5018,SNF_C1,0.2602670888445166,-0.03473882572818017,0.29500591457269676,TRUE
MB-4791,SNF_C3,0.07328404050559467,-0.035864015815554824,0.10914805632114949,TRUE
MB-5118,SNF_C2,0.24490164260386374,0.11298083619254304,0.1319208064113207,TRUE
MB-4806,SNF_C2,0.2677263099592931,0.1276576883991233,0.14006862156016978,TRUE
MB-4970,SNF_C1,0.2928023798030876,-0.1052953892390533,0.3980977690421409,TRUE
MB-2964,SNF_C1,0.024348418793274342,-0.006879825133941218,0.03122824392721556,TRUE
MB-2963,SNF_C2,0.32031478620212367,0.036649107088123974,0.2836656791139997,TRUE
MB-2957,SNF_C3,0.5196406212896976,-0.21825528079855258,0.7378959020882502,TRUE
MB-2954,SNF_C1,0.2739885329951179,-0.07607781147334705,0.35006634446846496,TRUE
MB-2916,SNF_C2,0.34907821245244797,-0.10140430057896052,0.4504825130314085,TRUE
MB-2725,SNF_C2,0.4235778949928735,-0.14375155150699293,0.5673294464998664,TRUE
MB-2711,SNF_C1,0.22475476021635601,0.1152903921381926,0.10946436807816341,TRUE
MB-2730,SNF_C1,0.21740533680096197,-0.11241760262963034,0.3298229394305923,TRUE
MB-2669,SNF_C2,0.11392962143621578,0.04283744844771627,0.07109217298849951,TRUE
MB-2705,SNF_C1,0.2958846207833751,-0.0051327468067431355,0.3010173675901182,TRUE
MB-2728,SNF_C1,0.08085928272619874,-0.04153668562613269,0.12239596835233144,TRUE
MB-2708,SNF_C2,0.180115709984931,-0.024234132749325097,0.2043498427342561,TRUE
MB-2735,SNF_C1,0.019148372855926927,-0.002794833676970876,0.021943206532897802,FALSE
MB-3035,SNF_C2,0.24014213816104266,0.04971992883566943,0.19042220932537324,TRUE
MB-3064,SNF_C2,0.4261921808085533,-0.11651621503129429,0.5427083958398476,TRUE
MB-3060,SNF_C1,0.3457249736632376,-0.13887141238857237,0.48459638605181,TRUE
MB-3049,SNF_C2,0.31443347066047445,-0.08770395890046581,0.40213742956094023,TRUE
MB-3037,SNF_C2,0.30030110451813785,0.08207996147019957,0.21822114304793827,TRUE
MB-3063,SNF_C3,0.47557311710765854,-0.2602224223421896,0.7357955394498481,TRUE
MB-3083,SNF_C1,0.2864897664198607,-0.11769985302278009,0.40418961944264076,TRUE
MB-3046,SNF_C3,0.3776110067969273,-0.049652461441515916,0.4272634682384432,TRUE
MB-3067,SNF_C3,0.5469721144805726,-0.17489562261339375,0.7218677370939663,TRUE
MB-3351,SNF_C1,0.1728271782120673,0.09943856194176504,0.07338861627030227,TRUE
MB-3367,SNF_C3,0.4650027933466675,-0.17652086532228098,0.6415236586689484,TRUE
MB-3361,SNF_C1,0.0990950507253926,-0.05129173866139167,0.15038678938678426,TRUE
MB-3412,SNF_C2,0.18585717045287758,0.08576074398045039,0.1000964264724272,TRUE
MB-3371,SNF_C1,0.16653321908011073,0.026887541364100653,0.13964567771601008,TRUE
MB-3429,SNF_C2,0.5118964216262907,-0.08701484549633551,0.5989112671226262,TRUE
MB-3360,SNF_C1,0.04116365103191661,-0.0058588352105590135,0.047022486242475625,TRUE
MB-3403,SNF_C2,0.16780828742702206,0.11690888685420923,0.05089940057281282,TRUE
MB-3350,SNF_C1,0.36570164827210044,-0.11316763216795422,0.47886928044005467,TRUE
MB-3355,SNF_C3,0.3190237520684564,-0.12699173356031815,0.4460154856287746,TRUE
MB-3329,SNF_C3,0.2845812936634547,-0.05231536712800233,0.336896660791457,TRUE
MB-3467,SNF_C3,0.20459860631674393,0.039177805334602175,0.16542080098214174,TRUE
MB-3341,SNF_C2,0.15991982673919322,0.1360960529254802,0.023823773813713034,TRUE
MB-3298,SNF_C2,0.41623023444750895,-0.040401734293164626,0.4566319687406736,TRUE
MB-3357,SNF_C1,0.2431708023574339,-0.027478223119021938,0.27064902547645586,TRUE
MB-3388,SNF_C1,0.137725225698569,0.008700843859646222,0.12902438183892276,TRUE
MB-3365,SNF_C1,0.23629979004474866,0.012709583646121276,0.2235902063986274,TRUE
MB-2749,SNF_C2,0.45123826504665016,-0.05504726037772335,0.5062855254243736,TRUE
MB-2754,SNF_C2,0.24762009278182923,0.053965145983076085,0.19365494679875314,TRUE
MB-2752,SNF_C2,0.12638469118132223,0.12221684221613595,0.00416784896518628,FALSE
MB-2745,SNF_C1,0.2037744289766859,0.0869237476860769,0.11685068129060901,TRUE
MB-2747,SNF_C1,0.2349210998516409,0.07935968522692056,0.15556141462472034,TRUE
MB-2760,SNF_C1,0.2034168495961191,0.18405844227340368,0.019358407322715432,FALSE
MB-2742,SNF_C3,0.42094057508718646,-0.26015401347348566,0.6810945885606721,TRUE
MB-2750,SNF_C2,0.32753704725585225,-0.0021279592914287835,0.32966500654728104,TRUE
MB-2753,SNF_C3,0.4392282023341602,-0.2631117935199858,0.7023399958541461,TRUE
MB-2966,SNF_C1,0.09930828526918577,0.05690973268657162,0.04239855258261415,TRUE
MB-2953,SNF_C3,0.0753808942574821,0.04720811447212464,0.028172779785357455,TRUE
MB-2969,SNF_C2,0.27419313941784673,-0.06456181897885721,0.33875495839670394,TRUE
MB-3014,SNF_C3,0.4975657908612891,-0.2952260589099447,0.7927918497712338,TRUE
MB-2947,SNF_C2,0.21941396978454591,0.016261307906823688,0.20315266187772224,TRUE
MB-2951,SNF_C2,0.11192164923603273,-0.02558550671813936,0.1375071559541721,TRUE
MB-2960,SNF_C1,0.21196605241406188,0.08897012979672717,0.12299592261733472,TRUE
MB-2970,SNF_C2,0.36432435824730736,-0.032667520583652854,0.3969918788309602,TRUE
MB-2971,SNF_C2,0.26698399081162466,0.02248102963204186,0.2445029611795828,TRUE
MB-2933,SNF_C2,0.25806755126304487,0.06535460602146953,0.19271294524157534,TRUE
MB-3479,SNF_C2,0.46048237192414837,0.04573921677760059,0.4147431551465478,TRUE
MB-3490,SNF_C1,0.20829259747528367,-0.06820535917952267,0.27649795665480636,TRUE
MB-3487,SNF_C1,0.263910027745201,-0.041064507218976434,0.3049745349641774,TRUE
MB-3459,SNF_C2,0.12767044462085603,0.023084162663989573,0.10458628195686645,TRUE
MB-3476,SNF_C3,0.46451169990768754,-0.17098311083225248,0.6354948107399401,TRUE
MB-3492,SNF_C1,0.13690989388979302,-0.053992537085170295,0.19090243097496332,TRUE
MB-3452,SNF_C3,0.09473989502147123,0.09408446927516806,6.554257463031732e-4,FALSE
MB-3303,SNF_C1,0.11490384402927448,-0.05598952622265897,0.17089337025193346,TRUE
MB-3328,SNF_C2,0.1213020444361363,0.11140946760881826,0.009892576827318048,FALSE
MB-3300,SNF_C1,0.25530860128603533,-0.12726898797940162,0.38257758926543695,TRUE
MB-3277,SNF_C3,0.5730144936309237,-0.29044035482654423,0.863454848457468,TRUE
MB-3254,SNF_C2,0.32642315013980255,0.05636713263514194,0.27005601750466063,TRUE
MB-3275,SNF_C1,0.016804997600071776,0.014606463477958256,0.002198534122113519,FALSE
MB-3272,SNF_C1,0.051761841841361296,0.032558957673830824,0.019202884167530472,FALSE
MB-3271,SNF_C3,0.5678831346321691,-0.25506638956914285,0.822949524201312,TRUE
MB-3292,SNF_C3,0.5716305145267384,-0.12743502621350367,0.6990655407402421,TRUE
MB-3840,SNF_C1,0.3574992911045921,-0.15401809841146133,0.5115173895160534,TRUE
MB-2536,SNF_C2,0.415954295596783,-0.14420558939744038,0.5601598849942233,TRUE
MB-2564,SNF_C2,0.33627031852168227,-0.02415202054582508,0.36042233906750737,TRUE
MB-2513,SNF_C2,0.09665976662394475,0.08271484669900868,0.013944919924936072,FALSE
MB-2617,SNF_C2,0.07717132064850371,0.017329077809740478,0.05984224283876323,TRUE
MB-2614,SNF_C2,0.1733082764881793,0.06562307947016802,0.1076851970180113,TRUE
MB-2632,SNF_C3,0.3285803343584832,-0.12280297072306771,0.45138330508155095,TRUE
MB-2556,SNF_C2,0.1648934883941457,0.15776575982312024,0.007127728571025449,FALSE
MB-2624,SNF_C2,0.3529430061448382,-0.10407008904670453,0.45701309519154276,TRUE
MB-2867,SNF_C2,0.3592839063247055,-0.1286887092902031,0.4879726156149086,TRUE
MB-2922,SNF_C3,0.21264681209816744,-0.07570995773752519,0.28835676983569264,TRUE
MB-2917,SNF_C3,0.46671330510654485,-0.25610456175179186,0.7228178668583367,TRUE
MB-2858,SNF_C1,0.192822151943833,-0.06190119399652459,0.2547233459403576,TRUE
MB-2854,SNF_C1,0.19519892376136605,0.10066940660529732,0.09452951715606873,TRUE
MB-2853,SNF_C1,0.2868924485084423,-0.03937384832106914,0.32626629682951147,TRUE
MB-3235,SNF_C3,0.09746654827966794,-0.0466370033006888,0.14410355158035673,TRUE
MB-3165,SNF_C3,0.2428788619028237,-0.059049509051800994,0.3019283709546247,TRUE
MB-3171,SNF_C2,0.1600470773286053,0.12425802890178399,0.035789048426821304,TRUE
MB-3167,SNF_C1,0.37271994160960603,-0.1509756368512266,0.5236955784608326,TRUE
MB-3222,SNF_C2,0.28764276365653635,-0.0054209012949224065,0.29306366495145875,TRUE
MB-3706,SNF_C3,0.4938707379611375,-0.2589800631374097,0.7528508010985472,TRUE
MB-3497,SNF_C3,0.2503025117381836,-0.08954102347415885,0.33984353521234245,TRUE
MB-3488,SNF_C3,0.13545335440943262,-0.0592564613712891,0.19470981578072172,TRUE
MB-3711,SNF_C2,0.13660988180581976,0.026451244785585446,0.11015863702023432,TRUE
MB-3548,SNF_C1,0.15508232243428144,0.02976213622766561,0.12532018620661584,TRUE
MB-3506,SNF_C1,0.20152119754759576,-0.06179791637973939,0.26331911392733515,TRUE
MB-3525,SNF_C1,0.15026992453970697,-0.022586483770150406,0.17285640830985738,TRUE
MB-3606,SNF_C3,0.3324762723402027,-0.18858214586130836,0.5210584182015111,TRUE
MB-3453,SNF_C3,0.3267106754972185,-0.12402267831984196,0.4507333538170605,TRUE
MB-3545,SNF_C2,0.39103618713043975,-0.11219299833973304,0.5032291854701728,TRUE
MB-3470,SNF_C3,0.1922803140365077,-0.09773852273241268,0.2900188367689204,TRUE
MB-2765,SNF_C2,0.21908902498698835,0.005750902077570551,0.21333812290941778,TRUE
MB-2763,SNF_C1,0.2549389927103649,-0.032672671309627664,0.28761166401999255,TRUE
MB-2767,SNF_C1,0.06284083637824724,-0.0203887487196564,0.08322958509790364,TRUE
MB-2790,SNF_C1,0.2577081159188827,0.06019633541605093,0.19751178050283177,TRUE
MB-2769,SNF_C2,0.15220160266504965,0.11234586936797811,0.03985573329707154,TRUE
MB-2842,SNF_C3,0.3803447369910231,-0.2357288624414011,0.6160735994324242,TRUE
MB-2772,SNF_C2,0.11497101788868419,0.005884866035600029,0.10908615185308417,TRUE
MB-2779,SNF_C1,0.16365932412722473,-0.07141176638007116,0.23507109050729588,TRUE
MB-2774,SNF_C2,0.1857247366869015,0.01460204114434163,0.17112269554255988,TRUE
MB-2983,SNF_C1,0.22111475333452923,-0.08771913603594936,0.3088338893704786,TRUE
MB-3005,SNF_C2,0.1275715446431446,0.04140581979248378,0.08616572485066082,TRUE
MB-2977,SNF_C2,0.364100276784801,-0.013648927079004983,0.377749203863806,TRUE
MB-2996,SNF_C1,0.28315036211077754,0.049557597363355785,0.23359276474742174,TRUE
MB-2999,SNF_C1,0.26828755026556494,-0.08839731609638529,0.35668486636195024,TRUE
MB-2994,SNF_C2,0.30811525211801793,-0.09052168124303415,0.3986369333610521,TRUE
MB-3025,SNF_C3,0.16728137104266572,-0.023476120888621534,0.19075749193128724,TRUE
MB-2984,SNF_C1,0.09343631234900386,-0.001556485996405541,0.0949927983454094,TRUE
MB-3002,SNF_C2,0.17575378577328563,0.0015587409543468874,0.17419504481893874,TRUE
MB-2845,SNF_C2,0.43949376282241237,-0.08601039570072137,0.5255041585231337,TRUE
MB-2912,SNF_C3,0.5626286456271458,-0.24669639904026638,0.8093250446674122,TRUE
MB-2844,SNF_C3,0.17376534830587503,-0.007603048640486269,0.1813683969463613,TRUE
MB-2847,SNF_C3,0.06680590148342484,0.03566207008890425,0.031143831394520594,TRUE
MB-2849,SNF_C3,0.31018449120802755,-0.0945055865290266,0.4046900777370541,TRUE
MB-2851,SNF_C2,0.1760401114438933,0.009478662439864357,0.16656144900402894,TRUE
MB-2848,SNF_C2,0.14668208371235883,0.01870114390020819,0.12798093981215064,TRUE
MB-2863,SNF_C1,0.19969488614549014,0.041527291331964845,0.1581675948135253,TRUE
MB-2840,SNF_C2,0.3348710432326383,-0.025868438182359437,0.36073948141499773,TRUE
MB-2843,SNF_C2,0.22243231622763945,-0.0013631433312669176,0.22379545955890637,TRUE
MB-3013,SNF_C2,0.3425272730248553,-0.08923116192705116,0.43175843495190647,TRUE
MB-3058,SNF_C3,0.3719570470927961,-0.05707709236195805,0.42903413945475416,TRUE
MB-3016,SNF_C1,0.12720902643928275,-0.057928538891704996,0.18513756533098774,TRUE
MB-3057,SNF_C3,0.5765788359563063,-0.35896800669753315,0.9355468426538395,TRUE
MB-3008,SNF_C2,0.35977300484898894,0.0543791853553517,0.30539381949363725,TRUE
MB-3021,SNF_C2,0.05004811566776854,-0.014006850716228203,0.06405496638399674,TRUE
MB-3032,SNF_C2,0.33434578121450276,-0.10904286431894222,0.443388645533445,TRUE
MB-3007,SNF_C1,0.2276663647243069,-0.02096433081640401,0.2486306955407109,TRUE
MB-3033,SNF_C2,0.2857364023144807,0.025139898212048532,0.2605965041024322,TRUE
MB-3026,SNF_C1,0.23761684934973654,-0.05246147172366056,0.2900783210733971,TRUE
MB-3006,SNF_C2,0.45545724979593327,0.05371735457657832,0.40173989521935494,TRUE
MB-3439,SNF_C2,0.21857510282482434,0.036533396511793506,0.18204170631303085,TRUE
MB-3437,SNF_C1,0.31857538517122036,-0.127563136725424,0.4461385218966444,TRUE
MB-3395,SNF_C3,0.46311501955707696,0.09278095912983414,0.3703340604272428,TRUE
MB-3386,SNF_C3,0.23204193645428592,-0.12472532338153515,0.3567672598358211,TRUE
MB-3382,SNF_C1,0.03903257805646919,-0.0025240635741956663,0.04155664163066485,TRUE
MB-3379,SNF_C2,0.19104357996809812,0.15850677012322784,0.032536809844870285,TRUE
MB-3430,SNF_C2,0.11727398588360421,0.09079148065592361,0.0264825052276806,TRUE
MB-3389,SNF_C1,0.24777780204964667,-0.031039181895801515,0.2788169839454482,TRUE
MB-3378,SNF_C2,0.4832383519592408,-0.13883524482757348,0.6220735967868143,TRUE
MB-3110,SNF_C2,0.1223419225211001,0.08764424333691867,0.03469767918418143,TRUE
MB-3079,SNF_C2,0.1603373699500201,0.12895533400223977,0.03138203594778033,TRUE
MB-3103,SNF_C1,0.0844763950088394,-0.016406549654088512,0.10088294466292791,TRUE
MB-3102,SNF_C1,0.19884945261378925,0.006168799545626113,0.19268065306816315,TRUE
MB-3085,SNF_C2,0.4075006412254372,-0.02615853783892583,0.4336591790643631,TRUE
MB-3122,SNF_C3,0.19733098675365784,-0.04693971767962532,0.24427070443328316,TRUE
MB-3104,SNF_C1,0.25077556130135736,-0.012924415601931612,0.263699976903289,TRUE
MB-3123,SNF_C3,0.43503970412721044,-0.26057675474710246,0.6956164588743129,TRUE
MB-3121,SNF_C1,0.15302526726126978,0.14307485769375242,0.00995040956751736,FALSE
MB-2835,SNF_C2,0.214920022170914,0.08984338965751835,0.12507663251339562,TRUE
MB-2838,SNF_C2,0.24085837108429561,-0.06159540437281301,0.3024537754571086,TRUE
MB-2801,SNF_C1,0.1935543173027637,0.02458337261653996,0.16897094468622376,TRUE
MB-2834,SNF_C3,0.33038493629522625,-0.12367850714146876,0.454063443436695,TRUE
MB-2796,SNF_C2,0.2073405036623638,-0.04198897142988771,0.2493294750922515,TRUE
MB-2857,SNF_C3,0.48679368838410203,0.011340389353183855,0.47545329903091815,TRUE
MB-2819,SNF_C1,0.25522155508414707,0.12459070617867478,0.13063084890547227,TRUE
MB-2781,SNF_C1,0.17355981708990229,-0.08807235849742052,0.2616321755873228,TRUE
MB-2793,SNF_C1,0.3707325689751351,-0.06307795648736504,0.43381052546250015,TRUE
MB-2827,SNF_C3,0.5231190927425304,-0.2169117437284341,0.7400308364709646,TRUE
MB-2814,SNF_C1,0.21965372221983395,0.09932155187933046,0.12033217034050349,TRUE
MB-2791,SNF_C2,0.2562993230544427,0.12823747110721262,0.12806185194723008,TRUE
MB-2803,SNF_C1,0.20934070208221345,-0.047301410719861235,0.25664211280207466,TRUE
MB-2797,SNF_C1,0.207257504279934,0.052202202546407034,0.15505530173352697,TRUE
MB-2795,SNF_C2,0.12170855965178057,0.0415804400995178,0.08012811955226276,TRUE
MB-2786,SNF_C2,0.11996922618432766,0.06180349474332287,0.058165731441004793,TRUE
MB-3850,SNF_C2,0.36537239130890947,-0.06661833541500944,0.4319907267239189,TRUE
MB-3556,SNF_C3,0.16876781257404744,-0.10511175771811734,0.2738795702921648,TRUE
MB-3838,SNF_C1,0.3710784417809879,-0.1013866063123316,0.4724650480933195,TRUE
MB-3707,SNF_C2,0.3738596111346326,0.06119853508604591,0.31266107604858673,TRUE
MB-3600,SNF_C1,0.203853373954072,-0.015873806940879136,0.21972718089495114,TRUE
MB-3824,SNF_C1,0.30201110953622745,-0.13261775217935376,0.43462886171558124,TRUE
MB-3823,SNF_C2,0.20820760911764513,-0.0051494003077741735,0.2133570094254193,TRUE
MB-3781,SNF_C1,0.2022574564658416,0.05104694338099388,0.1512105130848477,TRUE
MB-2642,SNF_C1,0.1524945904640283,-0.05125449854516313,0.20374908900919142,TRUE
MB-2686,SNF_C3,0.18243740775419431,-0.08356352566148142,0.26600093341567577,TRUE
MB-2616,SNF_C2,0.4410547932171495,0.01409258438575404,0.42696220883139546,TRUE
MB-2634,SNF_C1,0.3330386655086498,-0.14268857144082112,0.47572723694947094,TRUE
MB-2613,SNF_C3,0.11573012550114024,0.016409090670711234,0.099321034830429,TRUE
MB-3842,SNF_C3,0.05865024419879797,0.03513788189348148,0.02351236230531649,FALSE
MB-3866,SNF_C3,0.2596373396303589,-0.1205098111263585,0.3801471507567174,TRUE
MB-3874,SNF_C2,0.24488582422503807,0.05916331399785631,0.18572251022718178,TRUE
MB-3871,SNF_C2,0.33861643485609155,-0.02048811122950371,0.3591045460855953,TRUE
MB-3702,SNF_C3,0.3532169429737209,0.08821341981715963,0.2650035231565613,TRUE
MB-3105,SNF_C1,0.1706120915329787,0.07089673843724675,0.09971535309573196,TRUE
MB-3852,SNF_C2,0.0817892207568948,0.05150185045506458,0.03028737030183023,TRUE
MB-3854,SNF_C2,0.4004890884402686,-0.11343207630152817,0.5139211647417967,TRUE
MB-3865,SNF_C2,0.5163597457235698,-0.15459942085953002,0.6709591665830998,TRUE
MB-3228,SNF_C2,0.31227396972120763,0.008810445920382224,0.3034635238008254,TRUE
MB-3028,SNF_C3,0.09449920789544437,0.014289174300784784,0.08021003359465959,TRUE
MB-3502,SNF_C3,0.4436193722225357,-0.2122899537708348,0.6559093259933705,TRUE
MB-3567,SNF_C3,0.3914624413038108,-0.07646422392661895,0.46792666523042975,TRUE
MB-3752,SNF_C3,0.4265721646949873,-0.07564613213415766,0.502218296829145,TRUE
MB-3450,SNF_C1,0.21704489900334303,0.019690979853802734,0.1973539191495403,TRUE
MB-0444,SNF_C2,0.12824471711904412,0.10065173239038382,0.0275929847286603,TRUE
MB-0476,SNF_C2,0.3188005900864671,0.1897258217721286,0.1290747683143385,TRUE
MB-0610,SNF_C2,0.16605655288142868,0.023056215082983438,0.14300033779844523,TRUE
MB-0451,SNF_C2,0.11982822190561797,-0.030039081428187443,0.1498673033338054,TRUE
MB-0133,SNF_C2,0.3267794609241284,-0.006764205908956718,0.3335436668330851,TRUE
MB-0005,SNF_C2,0.13336625548648037,0.002772971161601245,0.13059328432487913,TRUE
MB-0048,SNF_C2,0.27005665527348455,0.08099910347224908,0.18905755180123546,TRUE
MB-0083,SNF_C2,0.1758731120026151,0.07814409141499977,0.09772902058761533,TRUE
MB-0053,SNF_C1,0.13981450305295404,-0.048710533040468025,0.18852503609342205,TRUE
MB-0056,SNF_C1,0.21780804589603092,-0.10904435916642513,0.32685240506245605,TRUE
MB-0068,SNF_C2,0.16349171300403817,0.044743457858835496,0.11874825514520268,TRUE
MB-0093,SNF_C2,0.08865811962438559,0.0058108168436282305,0.08284730278075736,TRUE
MB-0079,SNF_C3,0.12971833953101228,-0.015427711134680194,0.14514605066569247,TRUE
MB-0108,SNF_C3,0.14071168633625278,0.053978933887850855,0.08673275244840192,TRUE
MB-0006,SNF_C1,0.019451654294836716,0.01710478314108869,0.002346871153748025,FALSE
MB-0014,SNF_C2,0.24821028887784827,0.06692472757874669,0.18128556129910156,TRUE
MB-0022,SNF_C2,0.2514378959176461,-0.013272823778601617,0.2647107196962477,TRUE
MB-0039,SNF_C1,0.25512688190584276,-0.12175508133868244,0.3768819632445252,TRUE
MB-0062,SNF_C3,0.41485026840764627,-0.25226613330733116,0.6671164017149774,TRUE
MB-0054,SNF_C3,0.07402510376306737,-0.03734116869698239,0.11136627246004976,TRUE
MB-0081,SNF_C2,0.14915884777576496,0.09380263117497514,0.05535621660078982,TRUE
MB-0071,SNF_C1,0.040315335183933765,0.008458352177357988,0.03185698300657577,TRUE
MB-0099,SNF_C2,0.22280455224079695,-0.07884130738961824,0.3016458596304152,TRUE
MB-0064,SNF_C1,0.239324296421022,-0.10105949761904218,0.34038379404006414,TRUE
MB-0107,SNF_C1,0.2231481390812607,-0.04110057324007152,0.2642487123213322,TRUE
MB-4681,SNF_C2,0.22916062089126757,0.03291079625976946,0.1962498246314981,TRUE
MB-4626,SNF_C1,0.2626050150769707,-0.12334595288737728,0.38595096796434797,TRUE
MB-4639,SNF_C1,0.3013283715074102,-0.15085652231269164,0.45218489382010185,TRUE
MB-4673,SNF_C1,0.21372884015564073,-0.0746732540102704,0.2884020941659111,TRUE
MB-4711,SNF_C3,0.3211595582323719,0.0720458846764842,0.2491136735558877,TRUE
MB-4607,SNF_C1,0.17434300957346954,0.13550303779271794,0.0388399717807516,TRUE
MB-4669,SNF_C1,0.2833964536679156,-0.14771704105497635,0.43111349472289195,TRUE
MB-4015,SNF_C3,0.19756201143776989,-0.09570175230928384,0.2932637637470537,TRUE
MB-2931,SNF_C2,0.2325854963362776,0.06650806089194904,0.16607743544432857,TRUE
MB-2927,SNF_C1,0.12956963389337403,0.08352842498096148,0.04604120891241255,TRUE
MB-2919,SNF_C1,0.13164378847606925,0.035654876680356995,0.09598891179571226,TRUE
MB-2944,SNF_C2,0.22594937092439,0.09707914208782187,0.12887022883656812,TRUE
MB-2929,SNF_C3,0.12023203287096483,0.036417321244479654,0.08381471162648518,TRUE
MB-2932,SNF_C1,0.42519438296034495,-0.1931127716877999,0.6183071546481449,TRUE
MB-2724,SNF_C3,0.2737717491307827,0.08132871400366974,0.19244303512711297,TRUE
MB-2712,SNF_C2,0.23529445786840486,0.09907865346588414,0.13621580440252073,TRUE
MB-3062,SNF_C3,0.42407472647320316,0.04071487104383984,0.3833598554293633,TRUE
MB-3050,SNF_C1,0.18696599232884317,-0.0978956511765818,0.284861643505425,TRUE
MB-4722,SNF_C1,0.3538936169840617,0.06814085641672234,0.28575276056733934,TRUE
MB-4731,SNF_C3,0.21541560322953315,-1.4446285068775964e-4,0.2155600660802209,TRUE
MB-4725,SNF_C3,0.03482869522274735,0.01478809422743224,0.020040600995315107,FALSE
MB-4707,SNF_C3,0.5084419793969379,-0.2683410267133123,0.7767830061102502,TRUE
MB-4643,SNF_C3,0.19300575122535715,-0.09179615064736399,0.28480190187272114,TRUE
MB-3363,SNF_C3,0.2614546385381252,-0.11571154576716157,0.37716618430528676,TRUE
MB-3383,SNF_C3,0.3646521504440192,-0.15475176434855586,0.5194039147925751,TRUE
MB-3344,SNF_C2,0.3137888320024917,0.04262251853913267,0.271166313463359,TRUE
MB-3381,SNF_C2,0.38230690548588536,-0.12485961169810898,0.5071665171839943,TRUE
MB-3297,SNF_C3,0.465629461296491,-0.20292591263432902,0.6685553739308201,TRUE
MB-3301,SNF_C2,0.20869960455669176,-0.003705547546577064,0.21240515210326882,TRUE
MB-3088,SNF_C1,0.3234421906913884,-0.03206103199841817,0.3555032226898066,TRUE
MB-2764,SNF_C2,0.5009044829747871,0.03750022036261674,0.4634042626121703,TRUE
MB-2744,SNF_C2,0.3970866053303593,-0.058694111072197006,0.4557807164025563,TRUE
MB-7114,SNF_C3,0.5050581552609181,-0.30060676289973837,0.8056649181606566,TRUE
MB-7118,SNF_C1,0.18292597057675233,0.0932918175036566,0.08963415307309573,TRUE
MB-7113,SNF_C2,0.20470803439344445,0.07707524417186006,0.1276327902215844,TRUE
MB-7130,SNF_C1,0.29650783337743253,-0.11688548033626671,0.41339331371369925,TRUE
MB-7149,SNF_C1,0.11400193296526254,0.027695854602207363,0.08630607836305518,TRUE
MB-7140,SNF_C1,0.2548164693167904,-0.10476830274508953,0.35958477206187994,TRUE
MB-7148,SNF_C1,0.26770628609171765,-0.04512261197560541,0.31282889806732306,TRUE
MB-7208,SNF_C3,0.2548161720937945,-0.14720044447434338,0.40201661656813786,TRUE
MB-7170,SNF_C1,0.13639704507888864,-0.06159730797222641,0.19799435305111504,TRUE
MB-7174,SNF_C3,0.09782012771014267,-0.020436556482303636,0.11825668419244631,TRUE
MB-7252,SNF_C3,0.2825015745023099,-0.07754741998920836,0.3600489944915183,TRUE
MB-7244,SNF_C2,0.2174182139254949,-0.010145223797719835,0.22756343772321475,TRUE
MB-7187,SNF_C3,0.13897439837098624,0.10251436858693026,0.03646002978405598,TRUE
MB-7251,SNF_C3,0.27101465859501217,-0.15585755666946444,0.4268722152644766,TRUE
MB-7173,SNF_C2,0.1095499590170172,0.10772900536124083,0.001820953655776364,FALSE
MB-3001,SNF_C3,0.5384922005391259,-0.3059928405388433,0.8444850410779692,TRUE
MB-2952,SNF_C2,0.18429374120287098,0.14006264560665918,0.0442310955962118,TRUE
MB-7097,SNF_C1,0.19152672862780828,0.027939420898237047,0.16358730772957125,TRUE
MB-7104,SNF_C3,0.2637126066539621,-0.01983692542069003,0.28354953207465217,TRUE
MB-7099,SNF_C1,0.30880313637972884,-0.07945659005008428,0.3882597264298131,TRUE
MB-7069,SNF_C3,0.1901311584342565,-0.035066536473217176,0.22519769490747366,TRUE
MB-7066,SNF_C2,0.031198631847522914,0.029503199326665744,0.00169543252085717,FALSE
MB-7100,SNF_C1,0.3234714416563899,-0.13455868372115865,0.45803012537754856,TRUE
MB-7067,SNF_C3,0.29402671906050276,-0.10406003166302781,0.39808675072353056,TRUE
MB-7073,SNF_C3,0.35340651503908493,-0.2186969408315854,0.5721034558706704,TRUE
MB-7063,SNF_C2,0.22917588707560357,0.07903039735989198,0.1501454897157116,TRUE
MB-7102,SNF_C1,0.2792520363473578,-0.11629815977628014,0.39555019612363795,TRUE
MB-7068,SNF_C3,0.266906037178792,-0.09923125026519863,0.36613728744399066,TRUE
MB-7075,SNF_C1,0.39775822433974156,-0.19337261390445273,0.5911308382441943,TRUE
MB-7053,SNF_C1,0.18316527774008612,0.05628423528125367,0.12688104245883244,TRUE
MB-7074,SNF_C2,0.4105733406115671,-0.07443978711400914,0.48501312772557625,TRUE
MB-7057,SNF_C2,0.21312353085054672,-0.04847929964622789,0.26160283049677463,TRUE
MB-7109,SNF_C1,0.3303999395963991,-0.16702172595908274,0.49742166555548184,TRUE
MB-7051,SNF_C1,0.1784305247256576,-0.07556280269932629,0.2539933274249839,TRUE
MB-7071,SNF_C3,0.16063862451402097,0.00623916858203788,0.1543994559319831,TRUE
MB-7106,SNF_C2,0.36266388479302536,0.013223099067636829,0.3494407857253885,TRUE
MB-7059,SNF_C3,0.06767520336573811,-0.00762884322597451,0.07530404659171262,TRUE
MB-7107,SNF_C1,0.2867686736830412,-0.06502907509966699,0.3517977487827082,TRUE
MB-7076,SNF_C1,0.3479275274525715,-0.07775502748142059,0.4256825549339921,TRUE
MB-7111,SNF_C3,0.19547267047237213,-0.019844397570295245,0.21531706804266737,TRUE
MB-7015,SNF_C1,0.2844144316762217,-0.1340938565337823,0.418508288210004,TRUE
MB-7026,SNF_C2,0.19406492367565445,0.03584573394381384,0.15821918973184063,TRUE
MB-7013,SNF_C1,0.2690956624674272,-0.01389516637245822,0.28299082883988547,TRUE
MB-7023,SNF_C3,0.44004194236272004,-0.21280733191165546,0.6528492742743754,TRUE
MB-7024,SNF_C1,0.104079033855914,0.07782038904934604,0.02625864480656795,TRUE
MB-7014,SNF_C3,0.04280292018052388,0.03676489866771796,0.00603802151280592,FALSE
MB-7017,SNF_C3,0.5337267199741728,-0.2093481066007641,0.7430748265749368,TRUE
MB-7019,SNF_C2,0.20079974651545907,0.08348061207460672,0.11731913444085235,TRUE
MB-3510,SNF_C1,0.2350519150772679,0.13407533198608435,0.10097658309118354,TRUE
MB-3500,SNF_C3,0.5106601902280522,-0.3184478691116974,0.8291080593397496,TRUE
MB-3396,SNF_C3,0.23925564886165399,-0.07404975150291541,0.3133054003645694,TRUE
MB-3435,SNF_C3,0.07369749553480849,0.04567341048509214,0.028024085049716353,TRUE
MB-7186,SNF_C1,0.33836889961884226,-0.14208428250549995,0.4804531821243422,TRUE
MB-7142,SNF_C1,0.29930907098099047,-0.060965849664866796,0.36027492064585726,TRUE
MB-7196,SNF_C1,0.0822335709410188,0.05098736159790778,0.031246209343111016,TRUE
MB-7171,SNF_C1,0.29527412854763563,-0.13344607182885115,0.4287202003764868,TRUE
MB-7145,SNF_C3,0.48379653825041213,-0.2696295540745494,0.7534260923249616,TRUE
MB-7132,SNF_C1,0.2600887325242754,0.028883732270607684,0.2312050002536677,TRUE
MB-7189,SNF_C1,0.15515504189617374,-0.0739712321858124,0.22912627408198616,TRUE
MB-7137,SNF_C1,0.18412766285647467,0.05015745127122882,0.13397021158524586,TRUE
MB-7181,SNF_C1,0.33543852942618857,-0.16759747285284654,0.5030360022790351,TRUE
MB-7155,SNF_C3,0.5194569832369071,-0.31778626935381227,0.8372432525907194,TRUE
MB-7138,SNF_C1,0.3798540387249564,-0.19041149337022936,0.5702655320951857,TRUE
MB-3295,SNF_C2,0.26742362297935035,-0.04463393211281575,0.3120575550921661,TRUE
MB-3218,SNF_C3,0.4985375575692968,-0.27247664908987534,0.7710142066591721,TRUE
MB-7232,SNF_C1,0.346855473595505,-0.00874681157798221,0.3556022851734872,TRUE
MB-7281,SNF_C3,0.21514083237678214,-0.021124002205298288,0.23626483458208042,TRUE
MB-7270,SNF_C3,0.3138647507794313,-0.16982060043878755,0.4836853512182189,TRUE
MB-7231,SNF_C1,0.3119248569236044,-0.10815153737336708,0.42007639429697147,TRUE
MB-7220,SNF_C1,0.1470449786889804,0.10221521997752821,0.044829758711452186,TRUE
MB-7277,SNF_C1,0.1966008349717169,0.09786489316320279,0.09873594180851411,TRUE
MB-7269,SNF_C3,0.5778567629771716,-0.299050388226215,0.8769071512033866,TRUE
MB-7280,SNF_C1,0.15929841545177334,0.10535162676104146,0.053946788690731884,TRUE
MB-7227,SNF_C2,0.12333942972450074,-0.019656446575507188,0.14299587630000793,TRUE
MB-7278,SNF_C2,0.23661698595065578,0.07452120403012578,0.16209578192052998,TRUE
MB-2610,SNF_C2,0.30637079988671184,0.0013823048503631933,0.3049884950363487,TRUE
MB-2517,SNF_C3,0.21551174922803665,-0.08303696504113926,0.2985487142691759,TRUE
MB-2896,SNF_C2,0.23676221839136224,-0.07125795591618642,0.3080201743075487,TRUE
MB-2901,SNF_C1,0.434686844408759,-0.21835345879383622,0.6530403032025952,TRUE
MB-2895,SNF_C3,0.3202072058642891,0.05540202852438333,0.2648051773399058,TRUE
MB-2900,SNF_C2,0.4520680257126719,-0.01822471767759047,0.4702927433902624,TRUE
MB-2939,SNF_C1,0.03817561909527193,-0.0070759261126867624,0.045251545207958696,TRUE
MB-7008,SNF_C2,0.25243286639725787,0.05511133806692014,0.19732152833033773,TRUE
MB-7002,SNF_C2,0.1924604675501566,0.04382791419090561,0.148632553359251,TRUE
MB-7000,SNF_C1,0.35333129032144656,-0.17049612565664943,0.523827415978096,TRUE
MB-7006,SNF_C2,0.3213398971192493,0.049543062744267605,0.2717968343749817,TRUE
MB-7007,SNF_C3,0.4573252556299714,-0.24208874903763203,0.6994140046676034,TRUE
MB-7011,SNF_C1,0.20915682586255235,-0.053016339744701914,0.2621731656072543,TRUE
MB-7001,SNF_C2,0.15085613455612973,0.03579488669775844,0.1150612478583713,TRUE
MB-7009,SNF_C3,0.46396971857459735,-0.22347025607632395,0.6874399746509213,TRUE
MB-7003,SNF_C2,0.27854789578815875,-0.09898754060087259,0.3775354363890313,TRUE
MB-7005,SNF_C2,0.16652959408585574,0.07190289415553347,0.09462669993032227,TRUE
MB-7010,SNF_C1,0.23514058363758183,0.1115043042278035,0.12363627940977834,TRUE
MB-3153,SNF_C3,0.31372475849464376,-0.1335741998752543,0.4472989583698981,TRUE
MB-3211,SNF_C3,0.49851235500754487,-0.2420074681573971,0.7405198231649419,TRUE
MB-3181,SNF_C1,0.19489663889584602,-0.07751479075545661,0.2724114296513026,TRUE
MB-3252,SNF_C2,0.4236209150081041,-0.11409235667905636,0.5377132716871604,TRUE
MB-3266,SNF_C2,0.06715520456109081,0.009290417173843473,0.05786478738724733,TRUE
MB-7082,SNF_C3,0.1179647797124408,-0.015972711295843614,0.13393749100828442,TRUE
MB-7081,SNF_C3,0.509028049349097,-0.1771669397836563,0.6861949891327532,TRUE
MB-7093,SNF_C2,0.29455901806326695,0.04364467532518807,0.2509143427380789,TRUE
MB-7083,SNF_C1,0.153015350554127,-0.07521069615851214,0.22822604671263913,TRUE
MB-7091,SNF_C2,0.24981694524215672,0.11810378263635728,0.13171316260579946,TRUE
MB-7065,SNF_C1,0.35899662174773755,-0.0738730349620784,0.4328696567098159,TRUE
MB-7085,SNF_C2,0.1904473306979442,0.10402989950928926,0.08641743118865494,TRUE
MB-7096,SNF_C2,0.33664176178002,0.009186470562678049,0.3274552912173419,TRUE
MB-7018,SNF_C2,0.20974330053505602,-0.04159509712274206,0.2513383976577981,TRUE
MB-7088,SNF_C3,0.250677554270819,-0.13517837734383742,0.3858559316146564,TRUE
MB-7055,SNF_C3,0.3318999157497166,-0.16142633245650728,0.4933262482062239,TRUE
MB-7080,SNF_C2,0.1800644771653315,0.1035999801349023,0.0764644970304292,TRUE
MB-7161,SNF_C1,0.10028955063494312,-0.022476926708062096,0.12276647734300522,TRUE
MB-7115,SNF_C1,0.11481331165105904,0.09036465703841376,0.024448654612645282,TRUE
MB-7123,SNF_C2,0.0976458256291058,0.06711521086543636,0.030530614763669445,TRUE
MB-7176,SNF_C1,0.20885012195475894,0.05304120416370439,0.15580891779105455,TRUE
MB-7121,SNF_C3,0.5008232501783927,-0.13455450665166,0.6353777568300527,TRUE
MB-7172,SNF_C1,0.1797999330004744,0.028488145527787466,0.15131178747268692,TRUE
MB-7164,SNF_C1,0.17235608706762562,0.12620904642110697,0.046147040646518644,TRUE
MB-7127,SNF_C1,0.15533795124281105,-0.061027331566221865,0.21636528280903292,TRUE
MB-7128,SNF_C2,0.22090399015178966,0.07924568998633616,0.1416583001654535,TRUE
MB-7157,SNF_C1,0.360990707813883,-0.18585087702997874,0.5468415848438617,TRUE
MB-7092,SNF_C1,0.09211474558254162,0.011487480534614921,0.08062726504792671,TRUE
MB-7135,SNF_C1,0.07369969805439518,0.030083515798523197,0.04361618225587198,TRUE
MB-3754,SNF_C2,0.03625829104001587,-0.010342631505769005,0.04660092254578488,TRUE
MB-3536,SNF_C2,0.119212668891204,0.06871780035621687,0.05049486853498712,TRUE
MB-3748,SNF_C1,0.13971748439171666,0.06184597388530643,0.07787151050641022,TRUE
MB-3530,SNF_C1,0.1347372581754749,0.010167281044702749,0.12456997713077217,TRUE
MB-3582,SNF_C3,0.24126644304442604,0.15760693844478624,0.0836595045996398,TRUE
MB-3528,SNF_C3,0.15712317918945143,-0.06189268966288128,0.2190158688523327,TRUE
MB-3547,SNF_C2,0.19196190930274462,0.08454163886896543,0.10742027043377919,TRUE
MB-3576,SNF_C1,0.27994022843744976,-0.14601814114748665,0.4259583695849364,TRUE
MB-2770,SNF_C1,0.17564871151746125,0.12255962305211783,0.05308908846534342,TRUE
MB-2758,SNF_C3,0.3014761789106542,0.15002062509761718,0.15145555381303702,TRUE
MB-2771,SNF_C3,0.4019009570059248,-0.1608305823337994,0.5627315393397242,TRUE
MB-7152,SNF_C1,0.30553174489298024,-0.0965777316057855,0.4021094764987657,TRUE
MB-7143,SNF_C3,0.07086698975885446,0.0487847288187107,0.022082260940143754,FALSE
MB-7197,SNF_C1,0.27759724978704564,-0.03204028916730476,0.3096375389543504,TRUE
MB-7153,SNF_C1,0.16550088611250494,-0.06230528153648933,0.22780616764899425,TRUE
MB-7144,SNF_C1,0.18315334510609968,-0.06785153884113254,0.2510048839472322,TRUE
MB-7185,SNF_C1,0.38796463700262424,-0.0479649162234121,0.4359295532260363,TRUE
MB-7199,SNF_C1,0.2822888421164795,-0.09675574072806466,0.3790445828445441,TRUE
MB-7158,SNF_C3,0.4311050443634068,-0.05558419983699599,0.48668924420040277,TRUE
MB-7163,SNF_C2,0.36231124426703054,0.011549872439887515,0.350761371827143,TRUE
MB-7215,SNF_C2,0.45152524579378883,-0.1556243657443603,0.6071496115381492,TRUE
MB-7200,SNF_C1,0.2537941881389207,0.03773517918870238,0.2160590089502183,TRUE
MB-7193,SNF_C1,0.21765127596069725,-0.08875735051691992,0.3064086264776172,TRUE
MB-7188,SNF_C1,0.33198209911612087,-0.048892005360284665,0.3808741044764055,TRUE
MB-7198,SNF_C3,0.1296599764953286,-0.022565571618628204,0.1522255481139568,TRUE
MB-7256,SNF_C3,0.046636354457066695,0.006935716303168383,0.039700638153898314,TRUE
MB-7258,SNF_C3,0.34952604476387383,-0.16897993850846385,0.5185059832723377,TRUE
MB-7194,SNF_C1,0.35806431157453295,-0.13234349252136848,0.49040780409590146,TRUE
MB-7254,SNF_C1,0.12263556551913438,0.07257960901141224,0.05005595650772214,TRUE
MB-7262,SNF_C1,0.13697566891519314,0.023512381837654514,0.11346328707753862,TRUE
MB-2990,SNF_C1,0.24886499933138792,0.11577871591165297,0.13308628341973494,TRUE
MB-2993,SNF_C3,0.40730523503408494,0.03170310650629271,0.37560212852779223,TRUE
MB-3031,SNF_C3,0.26109345740953893,-0.16053773169617508,0.421631189105714,TRUE
MB-2904,SNF_C3,0.48056225826736,-0.2220937909649698,0.7026560492323298,TRUE
MB-2846,SNF_C3,0.1733400829250652,0.03040008174928987,0.14294000117577532,TRUE
MB-7154,SNF_C3,0.4762273784282541,-0.2605419163336767,0.7367692947619308,TRUE
MB-7229,SNF_C1,0.3427689529312061,-0.015175002364195053,0.35794395529540113,TRUE
MB-7151,SNF_C3,0.3539876412652704,-0.13676273381431994,0.4907503750795903,TRUE
MB-7228,SNF_C2,0.3944694980702073,-0.08767380406765324,0.48214330213786055,TRUE
MB-7218,SNF_C1,0.214615132789221,0.12426476521488823,0.09035036757433278,TRUE
MB-7147,SNF_C1,0.29643700990921346,-0.11345116627637358,0.40988817618558704,TRUE
MB-7219,SNF_C1,0.12169425785819081,0.09484649678080742,0.02684776107738339,TRUE
MB-7165,SNF_C3,0.5045299153681925,-0.27435459348913405,0.7788845088573265,TRUE
MB-7150,SNF_C1,0.08228004884750748,-0.020473701314704697,0.10275375016221217,TRUE
MB-3436,SNF_C1,0.18236766084653724,-0.039408111435894476,0.22177577228243173,TRUE
MB-3462,SNF_C2,0.35840564048313706,-0.0318447212546132,0.39025036173775024,TRUE
MB-3417,SNF_C1,0.4144962062490339,-0.12138446427951886,0.5358806705285527,TRUE
MB-2721,SNF_C1,0.24045301237549546,0.18762642230218546,0.052826590073310004,TRUE
MB-3092,SNF_C1,0.3230770487428958,-0.08106241726730404,0.4041394660101998,TRUE
MB-2821,SNF_C2,0.3309451644739006,0.15577456853667712,0.17517059593722348,TRUE
MB-2850,SNF_C3,0.439723230174562,0.03281856255565891,0.4069046676189031,TRUE
MB-2820,SNF_C2,0.28753088698820367,0.04650545318280297,0.2410254338054007,TRUE
MB-2823,SNF_C2,0.39091580124451064,0.04171060692033768,0.34920519432417296,TRUE
MB-2792,SNF_C3,0.013067917884350626,0.006634393606008583,0.0064335242783420425,FALSE
MB-7273,SNF_C3,0.2622726966419626,-0.13522102271429923,0.3974937193562619,TRUE
MB-7283,SNF_C1,0.2255569954734669,-0.07746407280438546,0.30302106827785236,TRUE
MB-7284,SNF_C1,0.17118031270409148,0.14809999511740957,0.023080317586681914,FALSE
MB-7279,SNF_C1,0.0896052268654987,0.08904640876639851,5.58818099100189e-4,FALSE
MB-7233,SNF_C1,0.1755565133654955,0.05657109889096482,0.11898541447453068,TRUE
MB-7287,SNF_C3,0.04459256868979682,0.028783487987504457,0.015809080702292366,FALSE
MB-7250,SNF_C3,0.2098074579674495,-0.05424129279938588,0.26404875076683537,TRUE
MB-7238,SNF_C1,0.1400824763089051,-0.05058345794483663,0.19066593425374173,TRUE
MB-7285,SNF_C2,0.36971223588474467,-0.10410386180123754,0.4738160976859822,TRUE
MB-7260,SNF_C1,0.06441337683246695,0.03408423074201335,0.030329146090453604,TRUE
MB-7264,SNF_C2,0.11798206061028867,0.055395241351988526,0.06258681925830015,TRUE
MB-7268,SNF_C2,0.11487252392056596,0.09047819745065444,0.02439432646991152,TRUE
MB-7276,SNF_C1,0.12836173539035337,0.12450656799850152,0.003855167391851849,FALSE
MB-7212,SNF_C2,0.1874081713670335,0.030781878364913997,0.1566262930021195,TRUE
MB-7267,SNF_C3,0.5241596973003783,-0.2822749052976021,0.8064346025979803,TRUE
MB-7266,SNF_C1,0.2992132209768836,-0.13204295433712993,0.4312561753140135,TRUE
MB-7216,SNF_C1,0.3171946086128933,-0.12738117245330524,0.44457578106619855,TRUE
MB-7195,SNF_C1,0.25762910243313386,0.09866527140656797,0.1589638310265659,TRUE
MB-7201,SNF_C3,0.22350109081269592,0.046226908401161206,0.17727418241153473,TRUE
MB-7217,SNF_C2,0.35897021549913,-0.08730573606780949,0.4462759515669395,TRUE
MB-2778,SNF_C2,0.15357149290787075,0.023463507287730823,0.13010798562013992,TRUE
MB-2815,SNF_C2,0.4190636918401932,-0.13903162299188118,0.5580953148320744,TRUE
MB-2833,SNF_C3,0.40556759840602535,0.003089811210653324,0.40247778719537203,TRUE
MB-3614,SNF_C1,0.08223836652354485,-0.042902081610065625,0.12514044813361047,TRUE
MB-7052,SNF_C3,0.4918373538016775,-0.2582414381561445,0.750078791957822,TRUE
MB-7124,SNF_C1,0.42441221997413986,-0.04859044961506902,0.4730026695892089,TRUE
MB-7122,SNF_C3,0.15934428788933316,-0.01911907075938406,0.17846335864871724,TRUE
MB-7133,SNF_C1,0.10479273531858625,-0.04186092853021579,0.14665366384880205,TRUE
MB-7084,SNF_C3,0.5329113809402863,-0.32853439061758677,0.8614457715578732,TRUE
MB-7101,SNF_C2,0.2413472256177253,0.06823714617870576,0.17311007943901952,TRUE
MB-7116,SNF_C1,0.08587090743289806,0.015888721237959532,0.06998218619493853,TRUE
MB-7131,SNF_C1,0.3040204626291292,-0.15271111544192245,0.45673157807105164,TRUE
MB-7090,SNF_C3,0.33487470138708575,-0.19224937427737512,0.5271240756644608,TRUE
MB-7095,SNF_C1,0.30730950282843306,-0.051795280702394725,0.35910478353082775,TRUE
MB-7094,SNF_C1,0.15667058701480688,-0.03446681677405354,0.1911374037888604,TRUE
MB-7087,SNF_C3,0.4566820700896955,-0.26369704025392415,0.7203791103436197,TRUE
MB-7077,SNF_C2,0.3064727801647047,-0.058662594546109406,0.3651353747108141,TRUE
MB-7072,SNF_C1,0.24977975916274248,-0.09770151058336267,0.34748126974610516,TRUE
MB-7041,SNF_C2,0.33618891050815713,-0.07017879684651422,0.40636770735467137,TRUE
MB-7044,SNF_C2,0.4645508214143148,0.012203702278227105,0.4523471191360877,TRUE
MB-7022,SNF_C1,0.08777463629518668,0.001501880504148564,0.08627275579103812,TRUE
MB-7070,SNF_C3,0.07771283945327051,0.0046071681155654106,0.0731056713377051,TRUE
MB-7079,SNF_C2,0.4981250913416438,0.024723646767732085,0.4734014445739117,TRUE
MB-7035,SNF_C3,0.0887832866291663,0.045761731210289695,0.04302155541887661,TRUE
MB-7025,SNF_C3,0.3769598278579269,0.11723623504100748,0.2597235928169194,TRUE
MB-7062,SNF_C2,0.18029640333399352,0.07246116946233037,0.10783523387166315,TRUE
MB-7036,SNF_C3,0.558989021324509,-0.3258947708613908,0.8848837921858999,TRUE
MB-7046,SNF_C1,0.2841778189780992,-0.11809426367662157,0.40227208265472075,TRUE
MB-4839,SNF_C1,0.14987784041302485,0.06256546214395604,0.0873123782690688,TRUE
MB-5559,SNF_C3,0.30573569679754525,-0.013525654133210554,0.3192613509307558,TRUE
MB-5463,SNF_C1,0.19943441263757572,-0.07000532304579384,0.26943973568336954,TRUE
MB-4744,SNF_C1,0.4102909224857031,-0.12896521311449613,0.5392561356001992,TRUE
MB-4769,SNF_C3,0.4561084097494591,-0.2581557917200088,0.7142642014694679,TRUE
MB-4484,SNF_C2,0.24452143624987382,-0.031079581517602525,0.27560101776747636,TRUE
MB-5558,SNF_C2,0.17159668787537183,0.13895968780790358,0.03263700006746825,TRUE
MB-4750,SNF_C1,0.15338960879342195,0.03160983167924473,0.12177977711417723,TRUE
MB-4793,SNF_C3,0.4268337963116951,-0.25861875597395445,0.6854525522856496,TRUE
MB-4843,SNF_C2,0.27895665834000694,-0.012505563767027252,0.2914622221070342,TRUE
MB-5563,SNF_C2,0.13525124784180975,0.12562803953863994,0.009623208303169817,FALSE
MB-5546,SNF_C2,0.1956469780981702,0.06273714290983043,0.13290983518833976,TRUE
MB-5513,SNF_C3,0.15141755386914188,0.02016010509172007,0.13125744877742182,TRUE
MB-5656,SNF_C2,0.19126912254559822,-0.024288636121061965,0.2155577586666602,TRUE
MB-5530,SNF_C2,0.17510662380670544,0.053484265292493664,0.12162235851421177,TRUE
MB-5553,SNF_C1,0.21906807170065518,0.09811003438272674,0.12095803731792844,TRUE
MB-4836,SNF_C1,0.08126293878578851,-0.026684332085901163,0.10794727087168968,TRUE
MB-4828,SNF_C1,0.21582759904045412,-0.06908716939072168,0.2849147684311758,TRUE
MB-4697,SNF_C2,0.19479282000859327,0.09277320045138114,0.10201961955721213,TRUE
MB-4679,SNF_C3,0.5310929021264547,-0.287616567250009,0.8187094693764636,TRUE
MB-4033,SNF_C2,0.3320056551700484,-0.10174600532280431,0.4337516604928527,TRUE
MB-4692,SNF_C1,0.34107884880515277,-0.12872358376831936,0.4698024325734721,TRUE
MB-4675,SNF_C1,0.28042102625242527,0.031196560732622818,0.24922446551980246,TRUE
MB-4653,SNF_C2,0.25000922949520016,-0.06380401414085227,0.31381324363605245,TRUE
MB-4663,SNF_C3,0.34263585181486533,-0.16836679790145256,0.5110026497163179,TRUE
MB-4660,SNF_C3,0.42501579945645096,-0.21172014578591986,0.6367359452423709,TRUE
MB-5275,SNF_C1,0.17587155959558243,-0.0835859030804352,0.25945746267601766,TRUE
MB-4654,SNF_C1,0.22387418434180129,-0.03554202004133291,0.2594162043831342,TRUE
MB-2618,SNF_C1,0.20570894336505344,-0.08285346930582395,0.2885624126708774,TRUE
MB-2718,SNF_C3,0.5168538824626546,-0.31996245916218535,0.83681634162484,TRUE
MB-2643,SNF_C2,0.202563699858954,0.19736306613987606,0.005200633719077946,FALSE
MB-2629,SNF_C1,0.3250241907477097,-0.0336810973543332,0.35870528810204294,TRUE
MB-2645,SNF_C3,0.13389567789299378,0.02100827234654345,0.11288740554645033,TRUE
MB-2626,SNF_C2,0.1447412550135523,-0.028229268090860613,0.1729705231044129,TRUE
MB-6263,SNF_C2,0.14575223337235116,0.062284696084505695,0.08346753728784546,TRUE
MB-6305,SNF_C3,0.4233778519961464,-0.13518366495695117,0.5585615169530975,TRUE
MB-6185,SNF_C2,0.3860447965425299,0.004664115974210132,0.38138068056831975,TRUE
MB-6187,SNF_C2,0.40855467055430567,0.09125482067820108,0.3172998498761046,TRUE
MB-6248,SNF_C3,0.528502842001729,-0.21915284004845528,0.7476556820501843,TRUE
MB-6330,SNF_C3,0.18136709125750158,0.00926759738446554,0.17209949387303605,TRUE
MB-6184,SNF_C1,0.15174255998512967,0.0932334208489352,0.058509139136194474,TRUE
MB-6329,SNF_C1,0.13825960601993387,0.020481822521551393,0.11777778349838247,TRUE
MB-6283,SNF_C1,0.19399634924198653,0.18410652408421058,0.00988982515777595,FALSE
MB-6359,SNF_C1,0.025059339063982018,-0.00732346318417642,0.03238280224815844,TRUE
MB-6337,SNF_C3,0.2401420862940009,-0.1405066019915613,0.3806486882855622,TRUE
MB-6256,SNF_C1,0.2848989621779662,0.004696059516038083,0.2802029026619281,TRUE
MB-6201,SNF_C1,0.24172614687024674,-0.003256493854882605,0.24498264072512935,TRUE
MB-6207,SNF_C2,0.18057446805503258,0.10879419177276656,0.07178027628226602,TRUE
MB-6194,SNF_C2,0.2776598874925962,-0.10221148432851665,0.37987137182111286,TRUE
MB-6281,SNF_C1,0.32438553315200075,-0.15365681651861907,0.4780423496706198,TRUE
MB-6322,SNF_C2,0.10810401869643012,0.04065444133286308,0.06744957736356705,TRUE
MB-6223,SNF_C3,0.3103243627603272,-0.15520354300667752,0.46552790576700476,TRUE
MB-6190,SNF_C1,0.3079402158194527,-0.04143442453390327,0.34937464035335597,TRUE
MB-6306,SNF_C1,0.32858920288355054,-0.16888789564384674,0.4974770985273973,TRUE
MB-6188,SNF_C3,0.5172961688669735,-0.24480060950005078,0.7620967783670243,TRUE
MB-6318,SNF_C3,0.2580654099301011,-0.13832568249713467,0.39639109242723575,TRUE
MB-6228,SNF_C3,0.35601440461103157,0.21506123973292438,0.1409531648781072,TRUE
MB-6226,SNF_C1,0.1482928390778034,0.01070575697718132,0.1375870821006221,TRUE
MB-6225,SNF_C2,0.19503251684479017,0.0622603757303872,0.13277214111440297,TRUE
MB-6280,SNF_C3,0.5139211968029224,-0.31960868666709025,0.8335298834700127,TRUE
MB-6253,SNF_C2,0.24894178496971242,0.14835356286057044,0.10058822210914198,TRUE
MB-6098,SNF_C3,0.4812517490355087,-0.2937146321750494,0.774966381210558,TRUE
MB-6017,SNF_C1,0.28996311059299507,0.04723183170803818,0.24273127888495688,TRUE
MB-6019,SNF_C2,0.10643049843755972,0.012827081459998281,0.09360341697756144,TRUE
MB-6163,SNF_C1,0.3389038043338291,-0.007265916767292502,0.3461697211011216,TRUE
MB-6157,SNF_C3,0.13014638735317113,0.0166008523830598,0.11354553497011133,TRUE
MB-6179,SNF_C1,0.2618880103592785,-0.0442522164663772,0.30614022682565567,TRUE
MB-6105,SNF_C2,0.1092392095378447,0.015958926156305633,0.09328028338153907,TRUE
MB-6047,SNF_C1,0.10042133610831723,0.06791162464679154,0.03250971146152569,TRUE
MB-6001,SNF_C2,0.09527973464043889,-0.030557901086389772,0.12583763572682866,TRUE
MB-6050,SNF_C2,0.17745307769812838,0.16487798489764036,0.01257509280048802,FALSE
MB-6169,SNF_C3,0.2796138780667946,0.05263221908594147,0.22698165898085315,TRUE
MB-4548,SNF_C3,0.2518751125347988,-0.1292101816933514,0.3810852942281502,TRUE
MB-4564,SNF_C1,0.3172763759250735,-0.035091113244459925,0.3523674891695334,TRUE
MB-4591,SNF_C1,0.38686485681546057,-0.19618367562298175,0.5830485324384423,TRUE
MB-4557,SNF_C2,0.1411975153380051,0.1069459892818731,0.03425152605613199,TRUE
MB-4601,SNF_C3,0.2707741878516512,-0.0112726220568541,0.2820468099085053,TRUE
MB-4598,SNF_C1,0.35571538211466314,-0.06356322422788001,0.41927860634254316,TRUE
MB-4578,SNF_C1,0.2530541612010584,0.059563691191044155,0.19349047001001424,TRUE
MB-4593,SNF_C1,0.22050557551372835,0.04254539717644545,0.1779601783372829,TRUE
MB-5186,SNF_C1,0.06066541117376537,-0.021761758442247207,0.08242716961601258,TRUE
MB-4974,SNF_C3,0.47445613073182774,-0.27513188612536216,0.7495880168571899,TRUE
MB-4978,SNF_C2,0.10475991379329028,-0.038118059911742656,0.14287797370503294,TRUE
MB-5086,SNF_C1,0.4403819191182194,-0.07394485576268775,0.5143267748809072,TRUE
MB-5150,SNF_C1,0.29064158532758855,-0.07100858102926519,0.36165016635685376,TRUE
MB-5345,SNF_C2,0.2704917490128926,-0.015843254460424085,0.28633500347331664,TRUE
MB-4696,SNF_C3,0.3141731490993866,-0.13523174792254422,0.4494048970219308,TRUE
MB-4695,SNF_C2,0.29888336381629205,-0.010473242873220037,0.3093566066895121,TRUE
MB-4714,SNF_C3,0.3892215896299093,-0.212082751674204,0.6013043413041134,TRUE
MB-4705,SNF_C2,0.37819786366359115,-0.10056167892665835,0.4787595425902495,TRUE
MB-4882,SNF_C2,0.19526439154907416,-0.002667115398049934,0.19793150694712408,TRUE
MB-4879,SNF_C3,0.16703634922827162,-0.08404880833324138,0.251085157561513,TRUE
MB-4881,SNF_C3,0.5727517098517524,-0.30539937589477256,0.8781510857465249,TRUE
MB-4846,SNF_C1,0.052523248750975006,-1.2125439385055929e-4,0.052644503144825563,TRUE
MB-4870,SNF_C2,0.1794921329192838,0.03870149851548002,0.14079063440380377,TRUE
MB-4224,SNF_C1,0.1779824865298229,-0.09023953287361737,0.26822201940344026,TRUE
MB-4845,SNF_C1,0.3330070032244551,0.12335673655708475,0.20965026666737036,TRUE
MB-4904,SNF_C3,0.32819429020300706,-0.053896647778474964,0.382090937981482,TRUE
MB-4865,SNF_C3,0.467645614843466,-0.1922456410742367,0.6598912559177027,TRUE
MB-4876,SNF_C3,0.23890297926165496,0.03290091146699966,0.2060020677946553,TRUE
MB-4860,SNF_C2,0.1586667284010633,0.128765396678439,0.029901331722624297,TRUE
MB-5081,SNF_C2,0.13921062176049034,0.005076242789383579,0.13413437897110678,TRUE
MB-4897,SNF_C2,0.4132258132700549,-0.03859691509289606,0.451822728362951,TRUE
MB-4925,SNF_C2,0.08093886208153023,0.0317969602058871,0.04914190187564313,TRUE
MB-4883,SNF_C2,0.2690931042048785,0.049881346249341714,0.21921175795553677,TRUE
MB-4896,SNF_C3,0.21754137424396935,0.004490835263196543,0.2130505389807728,TRUE
MB-4987,SNF_C2,0.2496921660980545,0.03265991575882236,0.21703225033923215,TRUE
MB-4416,SNF_C3,0.45556236892323254,-0.1879366556239035,0.643499024547136,TRUE
MB-4374,SNF_C1,0.3245772886643052,-0.06520747774347345,0.38978476640777865,TRUE
MB-4407,SNF_C3,0.4064388255000645,-0.24597677099420756,0.652415596494272,TRUE
MB-5039,SNF_C1,0.16198239574176393,-0.0013966664991612837,0.16337906224092522,TRUE
MB-4119,SNF_C1,0.33818002985983503,-0.14742968242933743,0.4856097122891725,TRUE
MB-4091,SNF_C1,0.24671523104674029,-0.11966539858118982,0.3663806296279301,TRUE
MB-5079,SNF_C1,0.2837320932942221,0.12760660852880423,0.15612548476541788,TRUE
MB-5073,SNF_C2,0.10491001342026263,0.036627281696671954,0.06828273172359067,TRUE
MB-5105,SNF_C1,0.2170053117180612,0.11213638205340208,0.10486892966465912,TRUE
MB-4254,SNF_C3,0.5322069832371196,-0.31892045651065476,0.8511274397477744,TRUE
MB-5174,SNF_C1,0.19222584011590524,-0.0730893491834489,0.26531518929935416,TRUE
MB-4742,SNF_C1,0.3308402599253637,0.102615943155006,0.2282243167703577,TRUE
MB-5239,SNF_C1,0.30625434035692717,-0.03704571409759576,0.34330005445452294,TRUE
MB-5251,SNF_C2,0.15451678918340322,0.10856082749105993,0.0459559616923433,TRUE
MB-4996,SNF_C1,0.19612076624612568,0.13983369550593344,0.056287070740192235,TRUE
MB-4282,SNF_C1,0.19053253794846417,-0.039134936214251154,0.22966747416271532,TRUE
MB-4603,SNF_C1,0.21441224995530186,-0.009268022737840219,0.22368027269314208,TRUE
MB-4621,SNF_C3,0.3000048509497744,-0.12529905731841506,0.4253039082681895,TRUE
MB-4853,SNF_C2,0.3100509440091847,0.04735853689276383,0.2626924071164209,TRUE
MB-4362,SNF_C1,0.25046134413144966,0.00716426874841471,0.24329707538303494,TRUE
MB-4602,SNF_C1,0.42912684076300434,-0.20808341398185004,0.6372102547448544,TRUE
MB-4222,SNF_C1,0.30709047017526336,-0.1417892522545843,0.44887972242984764,TRUE
MB-4893,SNF_C3,0.5144690306890928,-0.03463507183852578,0.5491041025276185,TRUE
MB-4859,SNF_C2,0.22825735285564305,0.1713510302588068,0.056906322596836256,TRUE
MB-4212,SNF_C2,0.30422474623731854,0.09291606812126497,0.21130867811605358,TRUE
MB-4873,SNF_C1,0.27323248318168203,0.010545945068365481,0.26268653811331655,TRUE
MB-4942,SNF_C3,0.49007612708562814,-0.23528762722959842,0.7253637543152266,TRUE
MB-4949,SNF_C3,0.19129715271505912,-0.09134811407075372,0.2826452667858128,TRUE
MB-4928,SNF_C3,0.12944897347283607,-0.07661794758518349,0.20606692105801955,TRUE
MB-5098,SNF_C1,0.33826949304578235,-0.10762555875916233,0.4458950518049447,TRUE
MB-5313,SNF_C3,0.16455544784405524,-0.021673847502999388,0.18622929534705462,TRUE
MB-4145,SNF_C1,0.054845135627408746,-0.020875304633389984,0.07572044026079873,TRUE
MB-5122,SNF_C1,0.15598080799390016,0.0680278681217218,0.08795293987217835,TRUE
MB-5278,SNF_C2,0.3236450647550045,-0.11572049860075917,0.43936556335576366,TRUE
MB-4213,SNF_C1,0.24495305580172455,-0.07511460704519783,0.3200676628469224,TRUE
MB-4126,SNF_C3,0.04450619801858345,-0.006542997692902297,0.05104919571148575,TRUE
MB-4957,SNF_C1,0.36971425003836406,-0.1897188509080866,0.5594331009464506,TRUE
MB-5470,SNF_C2,0.15552589714254952,-0.03613302519318559,0.19165892233573512,TRUE
MB-5317,SNF_C1,0.30466983198953435,-0.0712373450799075,0.3759071770694419,TRUE
MB-5308,SNF_C2,0.23929921085372674,0.02700880496490482,0.21229040588882192,TRUE
MB-4976,SNF_C2,0.19523565728294454,0.1753007237743176,0.019934933508626934,FALSE
MB-5277,SNF_C2,0.058897006939688475,0.00598521502521635,0.05291179191447212,TRUE
MB-5110,SNF_C2,0.17554296446186898,-0.04805823291477409,0.22360119737664308,TRUE
MB-4046,SNF_C1,0.2679307640190647,-0.06157479294833162,0.3295055569673963,TRUE
MB-4012,SNF_C1,0.13561817409592059,-0.041328233355901016,0.1769464074518216,TRUE
MB-4141,SNF_C1,0.24296336668035678,-0.07442068238476007,0.31738404906511686,TRUE
MB-4001,SNF_C1,0.21852758944008777,-0.0825999960462432,0.30112758548633095,TRUE
MB-4792,SNF_C3,0.47811961397821623,-0.24756667395820864,0.7256862879364249,TRUE
MB-4738,SNF_C2,0.3860223856930348,-0.09742115161974324,0.48344353731277806,TRUE
MB-4264,SNF_C1,0.11507658593013223,0.025722852151636905,0.08935373377849533,TRUE
MB-4794,SNF_C1,0.3171722742298248,0.02484380649976259,0.2923284677300622,TRUE
MB-4782,SNF_C2,0.25212758131463514,0.11753554134054205,0.13459203997409308,TRUE
MB-5008,SNF_C3,0.1784580819411698,0.03899168197294795,0.13946639996822185,TRUE
MB-4426,SNF_C3,0.04494968287740237,0.03295925345826453,0.01199042941913784,FALSE
MB-4390,SNF_C2,0.2522954476394916,0.19576215939209105,0.05653328824740053,TRUE
MB-4434,SNF_C1,0.22320768579811937,-0.11307660764424282,0.3362842934423622,TRUE
MB-4368,SNF_C1,0.22830685982068413,0.03137457926246488,0.19693228055821926,TRUE
MB-4442,SNF_C1,0.25304758750655365,-0.11668151982372942,0.3697291073302831,TRUE
MB-4418,SNF_C1,0.30756145381102123,-0.07569777312178333,0.38325922693280456,TRUE
MB-4381,SNF_C1,0.19749648716699666,-0.05847244308074531,0.255968930247742,TRUE
MB-4395,SNF_C1,0.2991626865278089,-0.11397387167725502,0.41313655820506395,TRUE
MB-4630,SNF_C1,0.3161750236994121,-0.1483161686292149,0.464491192328627,TRUE
MB-6010,SNF_C3,0.20870023562067894,-0.11733033039079846,0.3260305660114774,TRUE
MB-6021,SNF_C2,0.4046953530283927,0.03225070956147569,0.372444643466917,TRUE
MB-6059,SNF_C2,0.08732291919857077,0.01909971759948779,0.06822320159908297,TRUE
MB-6154,SNF_C1,0.3541563781588742,-0.05006338958108356,0.40421976773995777,TRUE
MB-6097,SNF_C1,0.233726165944033,-0.1057564847182093,0.3394826506622423,TRUE
MB-6107,SNF_C2,0.22755953077344312,-0.011052281009412662,0.2386118117828558,TRUE
MB-6023,SNF_C1,0.1739721264902486,0.08489616738109643,0.08907595910915217,TRUE
MB-6152,SNF_C3,0.38142169132736087,-0.18143849156243827,0.5628601828897991,TRUE
MB-6018,SNF_C2,0.2492029027279759,0.09975445304588496,0.14944844968209095,TRUE
MB-6082,SNF_C2,0.20375295682073366,-0.0176448538467852,0.22139781066751885,TRUE
MB-6029,SNF_C1,0.2331984701913554,0.06403066830333402,0.16916780188802139,TRUE
MB-5295,SNF_C3,0.4356167832441906,-0.22102029397418715,0.6566370772183778,TRUE
MB-5386,SNF_C1,0.358236057262096,-0.049257678340575796,0.4074937356026718,TRUE
MB-5092,SNF_C2,0.47259661769177935,-0.10628041721934306,0.5788770349111224,TRUE
MB-6068,SNF_C3,0.4335982669205258,-0.019289649575993155,0.45288791649651894,TRUE
MB-6039,SNF_C3,0.0805735442464346,0.060153937373758924,0.02041960687267568,FALSE
MB-6022,SNF_C1,0.37795318734362077,-0.1433014043190658,0.5212545916626865,TRUE
MB-6125,SNF_C2,0.23443805370522497,-0.009697476636479668,0.24413553034170463,TRUE
MB-6053,SNF_C1,0.26503149783289925,-0.12170803759251544,0.3867395354254147,TRUE
MB-6135,SNF_C1,0.2466789122571235,-0.12107830633361719,0.3677572185907407,TRUE
MB-6042,SNF_C2,0.27393959575953464,-2.0251472244323584e-4,0.2741421104819779,TRUE
MB-6058,SNF_C3,0.5522458152037082,-0.1858489072652497,0.7380947224689579,TRUE
MB-6077,SNF_C1,0.14042875898656132,-0.021030660318749884,0.1614594193053112,TRUE
MB-6052,SNF_C3,0.28933116594646746,0.24589837572126963,0.04343279022519783,TRUE
MB-5368,SNF_C2,0.09399758065126146,0.02153517323048803,0.07246240742077342,TRUE
MB-4189,SNF_C3,0.08093942365549046,0.011215861505510535,0.06972356214997993,TRUE
MB-5335,SNF_C3,0.4636716350417068,-0.2833731203896151,0.7470447554313219,TRUE
MB-4008,SNF_C1,0.3220239570191543,-0.14322559280990563,0.46524954982905997,TRUE
MB-5134,SNF_C2,0.3312325235989539,0.08881157053663513,0.24242095306231876,TRUE
MB-4139,SNF_C1,0.44342381385458274,-0.20248163604048772,0.6459054498950705,TRUE
MB-5130,SNF_C2,0.07464471916541893,-4.46325557952732e-4,0.07509104472337166,TRUE
MB-5135,SNF_C3,0.4225298798105138,-0.22110843092096685,0.6436383107314807,TRUE
MB-4880,SNF_C3,0.44383146166748005,-0.22775179132674422,0.6715832529942243,TRUE
MB-5054,SNF_C3,0.30057573663847575,-0.01080142071958656,0.3113771573580623,TRUE
MB-5057,SNF_C3,0.5441174055449458,-0.2916317916074876,0.8357491971524333,TRUE
MB-4098,SNF_C1,0.2801494432270115,-0.1379446476605959,0.4180940908876074,TRUE
MB-4760,SNF_C2,0.3017913990564507,-0.034761814846322805,0.3365532139027735,TRUE
MB-5102,SNF_C3,0.3793145193780547,-0.19189865709192577,0.5712131764699805,TRUE
MB-5420,SNF_C3,0.20626125894376882,0.043004988501694305,0.16325627044207452,TRUE
MB-5458,SNF_C3,0.1767474788641569,-0.08924869428162643,0.26599617314578333,TRUE
MB-5492,SNF_C2,0.31149106467670346,-0.11534941939122936,0.42684048406793285,TRUE
MB-5407,SNF_C2,0.1301371150523712,0.05364844309976918,0.076488671952602,TRUE
MB-5394,SNF_C3,0.20507031063586784,-0.09221645328353831,0.2972867639194061,TRUE
MB-5410,SNF_C1,0.195342130049559,-0.0112507403664659,0.2065928704160249,TRUE
MB-5435,SNF_C1,0.3150638519259628,-0.054044527018285424,0.36910837894424825,TRUE
MB-5406,SNF_C1,0.16017109918720043,-0.06692304857780366,0.22709414776500408,TRUE
MB-4329,SNF_C1,0.2760753753995321,0.10585298381355465,0.17022239158597743,TRUE
MB-4005,SNF_C2,0.22710068863481944,0.06217040910593828,0.16493027952888117,TRUE
MB-6288,SNF_C1,0.29794000576869856,-0.1507676359937538,0.44870764176245237,TRUE
MB-6272,SNF_C3,0.49479376555377824,-0.2060344965510044,0.7008282621047827,TRUE
MB-6218,SNF_C2,0.08362967219092758,0.007532947623052963,0.07609672456787461,TRUE
MB-6246,SNF_C3,0.14926070690366397,0.023924708875621398,0.12533599802804257,TRUE
MB-6217,SNF_C1,0.3109206114812796,-0.13443510765361577,0.44535571913489536,TRUE
MB-6308,SNF_C2,0.25007259893388034,0.11273180990727834,0.13734078902660202,TRUE
MB-6271,SNF_C1,0.33298906154453206,0.062298690987429815,0.27069037055710227,TRUE
MB-6245,SNF_C3,0.4526756390684171,-0.24856839338368694,0.7012440324521041,TRUE
MB-6233,SNF_C2,0.22609752837995611,0.10636931372050372,0.1197282146594524,TRUE
MB-4343,SNF_C3,0.059858138566509705,0.008389216590661625,0.051468921975848084,TRUE
MB-4281,SNF_C1,0.1986681792597127,-0.0027613414149367972,0.2014295206746495,TRUE
MB-4283,SNF_C1,0.11940620304410914,0.09490886732103937,0.024497335723069766,TRUE
MB-4341,SNF_C3,0.1739447736603775,-0.040117098499219836,0.21406187215959732,TRUE
MB-4303,SNF_C3,0.26085978195136306,-0.15215742893742923,0.4130172108887923,TRUE
MB-4274,SNF_C1,0.312545622620598,-0.1421745975738711,0.4547202201944691,TRUE
MB-4292,SNF_C1,0.22925796562864859,-0.02337260382536562,0.2526305694540142,TRUE
MB-4278,SNF_C3,0.06307631200282593,0.010944086173717798,0.052132225829108134,TRUE
MB-5399,SNF_C1,0.25107363804669663,0.08953230962279758,0.16154132842389907,TRUE
MB-5364,SNF_C2,0.30879251889620113,0.0028172042142920587,0.3059753146819091,TRUE
MB-3526,SNF_C2,0.09488916188341807,-0.0012312806185184263,0.0961204425019365,TRUE
MB-6138,SNF_C2,0.193274052728728,0.0078168768281321,0.1854571759005959,TRUE
MB-6049,SNF_C1,0.07971777521842972,-0.012566014767592573,0.0922837899860223,TRUE
MB-6055,SNF_C3,0.5228557423755731,-0.2094228463812576,0.7322785887568307,TRUE
MB-6108,SNF_C2,0.11644832209379581,-0.015833211978034417,0.13228153407183024,TRUE
MB-6044,SNF_C1,0.085621772379305,0.06626939837943183,0.019352373999873176,FALSE
MB-6181,SNF_C1,0.3210536716862744,-0.13162839245033517,0.4526820641366096,TRUE
MB-6100,SNF_C3,0.1761570210235409,-0.04316268812391474,0.21931970914745563,TRUE
MB-6085,SNF_C3,0.2201970343543646,-0.06721675330331062,0.2874137876576752,TRUE
MB-6113,SNF_C3,0.07903784577823422,-0.029882623474722217,0.10892046925295644,TRUE
MB-6079,SNF_C1,0.3188599865269929,-0.08163392047929305,0.40049390700628595,TRUE
MB-6103,SNF_C2,0.09372508943524131,-0.013438217504111052,0.10716330693935236,TRUE
MB-6016,SNF_C1,0.21459624959351828,-0.024242864344870784,0.23883911393838905,TRUE
MB-6149,SNF_C1,0.3463685810572186,-0.1045982190592733,0.45096680011649193,TRUE
MB-6131,SNF_C3,0.14158844423312253,-0.01276013186883959,0.15434857610196212,TRUE
MB-6007,SNF_C1,0.12419946919016399,-0.003220933879817435,0.12742040306998142,TRUE
MB-6147,SNF_C2,0.4990548718287302,-0.09175164843738949,0.5908065202661197,TRUE
MB-6114,SNF_C3,0.19439169946901577,-0.03664676365352664,0.23103846312254242,TRUE
MB-6167,SNF_C1,0.16089732007276092,0.10603513010873698,0.054862189964023936,TRUE
MB-6146,SNF_C3,0.07446571476776705,-0.028007790657810647,0.10247350542557769,TRUE
MB-6092,SNF_C2,0.136194905243049,0.07795214352875077,0.058242761714298236,TRUE
MB-6160,SNF_C3,0.3108317938276312,-0.09605627069034994,0.40688806451798115,TRUE
MB-6075,SNF_C1,0.4256992149859283,-0.14891731284625423,0.5746165278321825,TRUE
MB-6011,SNF_C1,0.4532483541792592,-0.16591565683475398,0.6191640110140132,TRUE
MB-6071,SNF_C2,0.14471151213698613,0.09919335743024525,0.04551815470674088,TRUE
MB-6214,SNF_C2,0.29003477534825456,0.10196031160700332,0.18807446374125125,TRUE
MB-6334,SNF_C1,0.18257771178399929,-0.013686901071423957,0.19626461285542324,TRUE
MB-6346,SNF_C1,0.2534282404391716,-0.08259297181383528,0.3360212122530069,TRUE
MB-6319,SNF_C2,0.37697666215221926,-0.058081632049088845,0.4350582942013081,TRUE
MB-6200,SNF_C2,0.08528769867711962,0.07092106473103947,0.014366633946080148,FALSE
MB-6336,SNF_C3,0.45862839926584714,-0.23628768265166922,0.6949160819175164,TRUE
MB-6211,SNF_C2,0.12896373885805879,0.03809058379178509,0.09087315506627369,TRUE
MB-6232,SNF_C2,0.20644185037478124,0.13613747577491206,0.07030437459986918,TRUE
MB-6234,SNF_C2,0.3955736773292868,-0.13369656575858987,0.5292702430878766,TRUE
MB-6300,SNF_C1,0.16600238757617122,-0.020123032991066412,0.18612542056723763,TRUE
MB-5533,SNF_C2,0.18824794610987303,-0.0347435440843333,0.22299149019420633,TRUE
MB-5543,SNF_C2,0.08140753609975172,-0.018375390375193836,0.09978292647494556,TRUE
MB-4236,SNF_C1,0.07742524753302629,-0.0221186984321134,0.09954394596513969,TRUE
MB-4234,SNF_C1,0.2956711859949751,-0.00816895724316609,0.3038401432381412,TRUE
MB-4270,SNF_C3,0.172261355774881,-0.03941639521054228,0.21167775098542327,TRUE
MB-4235,SNF_C3,0.33724461255249266,-0.10953062286690353,0.4467752354193962,TRUE
MB-4250,SNF_C2,0.10998776624331796,0.07676531819328734,0.03322244805003062,TRUE
MB-5467,SNF_C1,0.07890035417660976,0.07699579588299904,0.0019045582936107197,FALSE
MB-4323,SNF_C1,0.3365825272826004,-0.05173280909131203,0.38831533637391247,TRUE
MB-4318,SNF_C1,0.30452321024694046,-0.05562053200328028,0.3601437422502207,TRUE
MB-4333,SNF_C2,0.14224134930427032,0.1311723057374453,0.011069043566825032,FALSE
MB-4339,SNF_C1,0.3492373295483674,-0.18122063468387048,0.5304579642322379,TRUE
MB-4322,SNF_C1,0.29564822564270965,-0.017828848078761207,0.3134770737214709,TRUE
MB-4351,SNF_C3,0.20973892196608984,-0.07486210704864092,0.2846010290147308,TRUE
MB-5063,SNF_C3,0.11802781316993846,0.006025386601609957,0.11200242656832851,TRUE
MB-4360,SNF_C3,0.36263008698761934,-0.21561528086726278,0.5782453678548821,TRUE
MB-4375,SNF_C2,0.10965887964272304,0.08476224669031565,0.02489663295240739,TRUE
MB-4798,SNF_C2,0.23777500375465074,-0.0032382378806787167,0.24101324163532947,TRUE
MB-4746,SNF_C1,0.0908513716734475,0.07833114281245254,0.012520228860994964,FALSE
MB-4838,SNF_C1,0.44895077260224375,-0.22141720390562653,0.6703679765078703,TRUE
MB-4829,SNF_C2,0.09791984971501236,0.08668075372507468,0.011239095989937678,FALSE
MB-4802,SNF_C1,0.2463156279117476,-0.12153933939590832,0.36785496730765593,TRUE
MB-5426,SNF_C3,0.3820238125736698,-0.06343107205588906,0.44545488462955884,TRUE
MB-5444,SNF_C1,0.13461939796844144,0.12929487671018797,0.005324521258253473,FALSE
MB-5431,SNF_C3,0.359610023250614,0.0739684513046885,0.2856415719459255,TRUE
MB-5447,SNF_C1,0.22694246391247308,-0.10939235624376228,0.3363348201562354,TRUE
MB-5434,SNF_C1,0.23159464869093263,-0.0560481960275353,0.2876428447184679,TRUE
MB-5255,SNF_C2,0.3427677718956293,0.21870417734970973,0.12406359454591956,TRUE
MB-5231,SNF_C3,0.14495638345346337,-0.09000028294497389,0.23495666639843726,TRUE
MB-5339,SNF_C2,0.09848321547226484,0.025451526749978526,0.07303168872228631,TRUE
MB-5208,SNF_C3,0.4087802664171114,-0.23827795009041688,0.6470582165075283,TRUE
MB-5428,SNF_C2,0.2874027607218723,0.008424098038765001,0.27897866268310734,TRUE
MB-5440,SNF_C3,0.5119675985337722,-0.2541255342694749,0.766093132803247,TRUE
MB-5425,SNF_C2,0.2129488951422307,0.13085018000539886,0.08209871513683184,TRUE
MB-5298,SNF_C3,0.5567614201100008,-0.333728353948634,0.8904897740586348,TRUE
MB-5334,SNF_C1,0.1886722713304546,0.005458536338516036,0.18321373499193858,TRUE
MB-5326,SNF_C2,0.21626434555780955,-0.06760188194900155,0.2838662275068111,TRUE
MB-4059,SNF_C2,0.3272361862411314,-0.10252255796776891,0.42975874420890026,TRUE
MB-6230,SNF_C2,0.2630856249110258,0.1323056260533524,0.13077999885767339,TRUE
MB-6150,SNF_C2,0.1351546500644442,-0.048530031262277215,0.1836846813267214,TRUE
MB-6014,SNF_C2,0.4974195383040289,-0.04589837451301434,0.5433179128170432,TRUE
MB-6145,SNF_C1,0.18556979585751174,-0.04718949580924158,0.23275929166675333,TRUE
MB-6012,SNF_C1,0.26771476810731315,-0.0135426318655291,0.28125739997284227,TRUE
MB-6024,SNF_C2,0.2540362368365282,0.014464935555485855,0.23957130128104234,TRUE
MB-6124,SNF_C1,0.2747334759882201,-0.12410193777776571,0.39883541376598586,TRUE
MB-6171,SNF_C1,0.21485542660244772,0.14484747436080558,0.07000795224164214,TRUE
MB-6060,SNF_C3,0.14092759787961626,-0.011490609823855517,0.15241820770347178,TRUE
MB-6008,SNF_C1,0.41392416569374546,-0.19873349892461756,0.612657664618363,TRUE
MB-6036,SNF_C3,0.4544958909522807,-0.17816755298484413,0.6326634439371248,TRUE
MB-6144,SNF_C3,0.4933060784715314,-0.0971515670730377,0.5904576455445691,TRUE
MB-5346,SNF_C3,0.38915608244045347,-0.19564519709852882,0.5848012795389823,TRUE
MB-5373,SNF_C2,0.09401771618191036,0.062348629347916844,0.03166908683399352,TRUE
MB-6178,SNF_C3,0.5262459472508323,-0.20751160078880845,0.7337575480396408,TRUE
MB-6063,SNF_C3,0.15912302095539185,-0.0699336843285106,0.22905670528390246,TRUE
MB-6020,SNF_C2,0.036853367545345066,0.020590765364301326,0.01626260218104374,FALSE
MB-6062,SNF_C3,0.4723061089582183,-0.21931796970997747,0.6916240786681958,TRUE
MB-6069,SNF_C1,0.18514575994865806,0.12667266693972631,0.05847309300893175,TRUE
MB-6141,SNF_C1,0.30866034968277906,-0.011940147140056178,0.32060049682283526,TRUE
MB-6118,SNF_C2,0.32027405144577636,-0.04593667008844433,0.3662107215342207,TRUE
MB-6065,SNF_C1,0.3198908703759026,0.09044533113784296,0.2294455392380596,TRUE
MB-6006,SNF_C2,0.22885570449220308,0.10744029369996909,0.12141541079223399,TRUE
MB-6048,SNF_C3,0.08879762996930653,-0.011878271252858686,0.10067590122216521,TRUE
MB-6116,SNF_C3,0.08337270233577088,-9.608089393400714e-4,0.08433351127511095,TRUE
MB-4310,SNF_C1,0.40819821311164745,-0.17416028298479844,0.5823584960964459,TRUE
MB-4300,SNF_C1,0.08326880406811632,0.06053679770051198,0.022732006367604342,FALSE
MB-4298,SNF_C1,0.2944728213132301,-0.029465780492191212,0.32393860180542133,TRUE
MB-4417,SNF_C3,0.4603520885805589,-0.2647053408346167,0.7250574294151757,TRUE
MB-4079,SNF_C1,0.1416055818952096,-0.027575470387292973,0.16918105228250258,TRUE
MB-4317,SNF_C3,0.13227863011025048,-0.024686706351057994,0.15696533646130847,TRUE
MB-4350,SNF_C3,0.14473863477861,-0.04534537564458048,0.19008401042319045,TRUE
MB-4332,SNF_C3,0.4860910186431579,-0.2527957686968338,0.7388867873399917,TRUE
MB-4324,SNF_C1,0.27666044658346217,-0.11791736035832151,0.3945778069417837,TRUE
MB-4306,SNF_C1,0.33247407762735276,0.05804095492095752,0.27443312270639525,TRUE
MB-7226,SNF_C1,0.3518461209185839,-0.14819840516581834,0.5000445260844022,TRUE
MB-7205,SNF_C3,0.5081403240632011,-0.20617080111222078,0.7143111251754218,TRUE
MB-7160,SNF_C3,0.08491630586184942,0.046697767814143795,0.03821853804770563,TRUE
MB-7159,SNF_C3,0.43592489126867945,-0.21452630419810625,0.6504511954667858,TRUE
MB-7167,SNF_C2,0.17464090689199172,0.1477695433249787,0.026871363567013,TRUE
MB-7207,SNF_C3,0.32227872592533663,-0.08966509997784115,0.4119438259031778,TRUE
MB-7237,SNF_C2,0.11972218590511952,-0.02502050388846194,0.14474268979358146,TRUE
MB-7241,SNF_C1,0.2578006502099709,0.0784356833447035,0.1793649668652674,TRUE
MB-7236,SNF_C1,0.32403319074869225,-0.12957308733314998,0.45360627808184223,TRUE
MB-7168,SNF_C2,0.24025078619959922,-0.024755611638731037,0.26500639783833024,TRUE
MB-7162,SNF_C2,0.1400155186429501,0.11684550056780557,0.023170018075144516,FALSE
MB-7235,SNF_C1,0.21730956124536158,0.09584660253961687,0.12146295870574471,TRUE
MB-4331,SNF_C1,0.1746011083785148,-0.037494369123103825,0.21209547750161864,TRUE
MB-4353,SNF_C1,0.1367436827505166,-0.06615285765164564,0.20289654040216223,TRUE
MB-4354,SNF_C2,0.033265273337919093,0.018622750847848504,0.01464252249007059,FALSE
MB-4328,SNF_C1,0.33293072805509105,-0.1584737298602991,0.4914044579153901,TRUE
MB-4348,SNF_C1,0.20864863413482,0.019770413624757042,0.18887822051006295,TRUE
MB-6030,SNF_C2,0.1918894667607898,0.17734499835320472,0.014544468407585082,FALSE
MB-6133,SNF_C1,0.15586308834774815,0.1337795210098558,0.02208356733789235,FALSE
MB-6083,SNF_C1,0.27785551220419835,0.10943184002868447,0.16842367217551388,TRUE
MB-6026,SNF_C1,0.27805724302624335,-0.05663189844226681,0.33468914146851014,TRUE
MB-6168,SNF_C2,0.37781534456603405,-0.09459263875281543,0.4724079833188495,TRUE
MB-6101,SNF_C3,0.08753511843271299,0.005670183159016649,0.08186493527369634,TRUE
MB-6156,SNF_C1,0.06091144616877793,0.01946109956864043,0.0414503466001375,TRUE
MB-6051,SNF_C2,0.3726391709670241,0.0144139157386126,0.3582252552284115,TRUE
MB-6182,SNF_C3,0.2070437562476579,-0.07288171239463977,0.27992546864229767,TRUE
MB-6080,SNF_C3,0.18547430011175142,-0.028536902696315303,0.21401120280806674,TRUE
MB-6143,SNF_C3,0.38740870043366704,-0.07997669806912648,0.46738539850279354,TRUE
MB-6164,SNF_C1,0.11332223702204931,0.09191733961124758,0.021404897410801732,FALSE
MB-0551,SNF_C2,0.3999001640911169,-0.041058396833185254,0.44095856092430213,TRUE
MB-0391,SNF_C3,0.17101029427625344,0.021746687985505653,0.14926360629074778,TRUE
MB-0367,SNF_C2,0.40849994819181096,0.0225808552631205,0.3859190929286905,TRUE
MB-5171,SNF_C2,0.3998135826485088,-0.044888021828019535,0.44470160447652834,TRUE
MB-5199,SNF_C3,0.1994503095138758,0.07495121322667277,0.12449909628720303,TRUE
MB-5177,SNF_C3,0.16233018535212632,-0.03072122569360952,0.19305141104573584,TRUE
MB-5178,SNF_C1,0.20255799586682405,0.08096056688190768,0.12159742898491636,TRUE
MB-5280,SNF_C1,0.17686628005431856,0.05788418107468223,0.11898209897963632,TRUE
MB-5148,SNF_C2,0.12418933451403501,0.07284719691123769,0.05134213760279732,TRUE
MB-4342,SNF_C2,0.31181264365284217,-0.039375895162101715,0.3511885388149439,TRUE
MB-5225,SNF_C3,0.5359000724562254,-0.25766640031161425,0.7935664727678396,TRUE
MB-4024,SNF_C3,0.42504526722363245,-0.23719808390510752,0.66224335112874,TRUE
MB-6314,SNF_C1,0.2074351281908326,0.023049394949886042,0.18438573324094656,TRUE
MB-6257,SNF_C1,0.365281611093182,-0.027983913365850165,0.3932655244590322,TRUE
MB-6358,SNF_C3,0.05450760754087463,-4.7423082507876775e-4,0.0549818383659534,TRUE
MB-6242,SNF_C3,0.456463826712169,-0.2759196335421791,0.7323834602543481,TRUE
MB-6237,SNF_C3,0.47332417782253383,-0.2828491864539938,0.7561733642765276,TRUE
MB-6183,SNF_C1,0.3545975651232809,-0.08425556128942008,0.43885312641270097,TRUE
MB-6254,SNF_C1,0.36884356114159794,-0.03372628759722304,0.40256984873882096,TRUE
MB-6231,SNF_C1,0.1420674803522007,0.013526521204816917,0.12854095914738378,TRUE
MB-6204,SNF_C2,0.3446447890115312,-0.12046661980967452,0.4651114088212057,TRUE
MB-6229,SNF_C2,0.33063734974019765,0.057928950178264896,0.27270839956193277,TRUE
MB-5154,SNF_C2,0.22760912607713554,0.1488732532152108,0.07873587286192474,TRUE
MB-5175,SNF_C2,0.278359032460373,0.07420595639843953,0.2041530760619335,TRUE
MB-5173,SNF_C3,0.49982185412691355,-0.2877502868763434,0.787572141003257,TRUE
MB-5162,SNF_C2,0.26937255377733665,0.12520611278370172,0.14416644099363493,TRUE
MB-5164,SNF_C2,0.08628607928304183,0.04921819468328212,0.03706788459975971,TRUE
MB-7253,SNF_C1,0.17801218677645536,-0.08182986398203267,0.25984205075848804,TRUE
MB-7298,SNF_C1,0.15937860281145716,-0.07978862209860953,0.2391672249100667,TRUE
MB-7299,SNF_C3,0.13231950838495993,-0.04885450558933977,0.1811740139742997,TRUE
MB-7293,SNF_C2,0.3773518123682858,-0.10507190369619293,0.48242371606447876,TRUE
MB-3978,SNF_C1,0.09387425126646562,-0.021171596405373434,0.11504584767183905,TRUE
MB-7288,SNF_C1,0.13386607039336876,0.0011341997683766564,0.1327318706249921,TRUE
MB-2923,SNF_C1,0.09528177889702913,0.056283421555744256,0.03899835734128487,TRUE
MB-0402,SNF_C2,0.49803141764582426,-0.04176018113739709,0.5397915987832214,TRUE
MB-0381,SNF_C1,0.03814194834164603,0.03367306545063534,0.004468882891010696,FALSE
MB-0592,SNF_C1,0.31161767323639405,-0.05500495340383398,0.36662262664022804,TRUE
MB-5271,SNF_C1,0.16195185759919592,0.013046457933246372,0.14890539966594954,TRUE
MB-5235,SNF_C3,0.3352208859297452,-0.1384293136126896,0.4736501995424348,TRUE
MB-4931,SNF_C3,0.39249437819859084,-0.1514918568079898,0.5439862350065806,TRUE
MB-5332,SNF_C3,0.07586283741880824,0.058090231245272204,0.017772606173536036,FALSE
MB-7045,SNF_C3,0.11821597341522835,-0.02663307485557409,0.14484904827080244,TRUE
MB-7049,SNF_C3,0.3151199903215008,-0.18285268714337594,0.4979726774648767,TRUE
MB-7031,SNF_C3,0.48943910653870426,-0.22939853125060625,0.7188376377893105,TRUE
MB-7061,SNF_C2,0.14799005668155737,-0.03264545675669875,0.18063551343825612,TRUE
MB-7050,SNF_C1,0.10824830863979165,0.00670116095137924,0.10154714768841241,TRUE
MB-7078,SNF_C3,0.24489734891486695,-0.13160413881747623,0.37650148773234315,TRUE
MB-7054,SNF_C3,0.32596360812696235,-0.16060853097764358,0.48657213910460595,TRUE
MB-7048,SNF_C2,0.05736597661362229,0.021173425933266054,0.036192550680356234,TRUE
MB-7058,SNF_C2,0.4166480113082461,-0.03868911602953878,0.45533712733778486,TRUE
MB-7056,SNF_C1,0.2912709956241202,0.010068127280210516,0.2812028683439097,TRUE
MB-7038,SNF_C3,0.3953407620332984,-0.11782187917287715,0.5131626412061755,TRUE
MB-7086,SNF_C1,0.09887224055309125,-0.031839303759237055,0.13071154431232831,TRUE
MB-0177,SNF_C2,0.3104143317919031,0.02171717501369223,0.28869715677821084,TRUE
MB-0435,SNF_C3,0.24353724225221848,0.1491970660188077,0.09434017623341079,TRUE
MB-0159,SNF_C3,0.2213222897151722,0.03458710104158563,0.18673518867358657,TRUE
MB-0399,SNF_C3,0.09867182493106028,-0.021721464649613373,0.12039328958067365,TRUE
MB-0388,SNF_C2,0.2780418148591361,-0.006034579576119798,0.2840763944352559,TRUE
MB-0351,SNF_C1,0.24987809746503006,-0.019507897540071855,0.2693859950051019,TRUE
MB-0615,SNF_C2,0.21933752347162058,0.04770112159558046,0.17163640187604012,TRUE
MB-0265,SNF_C2,0.2476465091436106,0.20458595212934463,0.04306055701426598,TRUE
MB-0116,SNF_C2,0.27173419468976406,-0.02922054523528759,0.3009547399250517,TRUE
MB-0472,SNF_C1,0.37272920619088695,-0.08498111028308843,0.45771031647397536,TRUE
MB-0191,SNF_C3,0.4868263461895791,-0.2869129625323579,0.773739308721937,TRUE
MB-0231,SNF_C2,0.167012345750984,0.09234801823544703,0.07466432751553698,TRUE
MB-0558,SNF_C3,0.43872700382585034,-0.25046977790985625,0.6891967817357065,TRUE
MB-0393,SNF_C2,0.16941622777092977,0.15249154587902242,0.01692468189190735,FALSE
MB-0553,SNF_C1,0.23954908533957517,-0.07552649290942606,0.31507557824900123,TRUE
MB-0587,SNF_C1,0.24601804095349233,-0.09532909217813659,0.3413471331316289,TRUE
MB-0611,SNF_C3,0.07780858880715766,-0.04090441378071906,0.11871300258787672,TRUE
MB-0640,SNF_C2,0.3153237678498836,-0.09385328072615493,0.40917704857603854,TRUE
MB-0114,SNF_C1,0.24793166214672774,0.018792663683955654,0.22913899846277208,TRUE
MB-0222,SNF_C2,0.30282169438846246,-0.008250341382107068,0.3110720357705695,TRUE
MB-0284,SNF_C3,0.4391430630570051,0.023324884769961283,0.4158181782870438,TRUE
MB-0459,SNF_C1,0.22230104589593633,-0.05197747731924675,0.2742785232151831,TRUE
MB-0128,SNF_C2,0.47607730380449603,-0.08226229173293415,0.5583395955374302,TRUE
MB-0639,SNF_C3,0.44134828758339445,-0.23150170926663938,0.6728499968500339,TRUE
MB-0318,SNF_C3,0.2531002279640241,0.024262564023873615,0.22883766394015048,TRUE
MB-0417,SNF_C1,0.24944843681618348,-0.02791699601383482,0.2773654328300183,TRUE
MB-6238,SNF_C2,0.21902140949285775,0.08212861147805979,0.13689279801479798,TRUE
MB-6286,SNF_C2,0.22183548225766236,0.19143600093041488,0.030399481327247485,TRUE
MB-6328,SNF_C1,0.2997014091179891,-0.05610721597029144,0.35580862508828054,TRUE
MB-6284,SNF_C1,0.11377071104710298,-0.05303403033733996,0.16680474138444296,TRUE
MB-6363,SNF_C2,0.08108509588857174,0.0460383442026963,0.03504675168587544,TRUE
MB-6224,SNF_C3,0.28088164211134803,-0.020111305014027442,0.3009929471253755,TRUE
MB-6297,SNF_C2,0.14143285380387585,0.12767689891583647,0.013755954888039379,FALSE
MB-6239,SNF_C2,0.11910880843105208,0.060851259257848116,0.058257549173203964,TRUE
MB-6208,SNF_C2,0.10267033696972212,0.010901526818432419,0.09176881015128971,TRUE
MB-6273,SNF_C2,0.3088485393373456,0.06844088006886229,0.2404076592684833,TRUE
MB-6344,SNF_C1,0.22023239473196776,-0.10081837427960182,0.3210507690115696,TRUE
MB-6312,SNF_C1,0.15303854349398227,-0.07070939579437094,0.2237479392883532,TRUE
MB-6212,SNF_C2,0.37055991557780144,0.03665606508030595,0.3339038504974955,TRUE
MB-6302,SNF_C1,0.2782806552680411,-0.11097590204585654,0.38925655731389763,TRUE
MB-6327,SNF_C1,0.39717032288706994,-0.08055186551826603,0.477722188405336,TRUE
MB-6287,SNF_C1,0.19650214764187712,-0.0934049014082874,0.2899070490501645,TRUE
MB-6213,SNF_C1,0.2729617890783079,0.010006449933058522,0.2629553391452494,TRUE
MB-6251,SNF_C3,0.4294264739064553,-0.21825602642979003,0.6476825003362453,TRUE
MB-0489,SNF_C3,0.25130652916093554,0.24229098933493065,0.009015539826004892,FALSE
MB-0876,SNF_C2,0.3824045681347338,0.1613873234925946,0.22101724464213918,TRUE
MB-0342,SNF_C2,0.44828079841306706,-0.09316201619624467,0.5414428146093118,TRUE
MB-7289,SNF_C2,0.4250472654099619,0.004718501471561318,0.4203287639384006,TRUE
MB-3253,SNF_C1,0.08520702170913268,0.07491371095751344,0.010293310751619239,FALSE
MB-7291,SNF_C3,0.2885050596874756,0.031013725688348173,0.25749133399912744,TRUE
MB-7243,SNF_C1,0.12312723914136081,0.12041229543017426,0.0027149437111865515,FALSE
MB-3466,SNF_C1,0.06437286165047504,0.06140563259153936,0.0029672290589356776,FALSE
MB-7286,SNF_C1,0.22732083903893277,0.043791850487795735,0.18352898855113703,TRUE
MB-7292,SNF_C1,0.2379360057300519,-0.10954336544816762,0.34747937117821953,TRUE
MB-7275,SNF_C2,0.17869591148110264,-0.02192073050607588,0.20061664198717852,TRUE
MB-7249,SNF_C1,0.23830961994346542,-0.09624918813316674,0.3345588080766322,TRUE
MB-7295,SNF_C2,0.2673820682205088,-0.05414712504646391,0.3215291932669727,TRUE
MB-7297,SNF_C1,0.15036169181033335,-0.03450339070644583,0.1848650825167792,TRUE
MB-7294,SNF_C1,0.3661707416544938,-0.1886565802009095,0.5548273218554033,TRUE
MB-7296,SNF_C1,0.19595548046742384,-0.0076904876856875234,0.20364596815311137,TRUE
MB-3402,SNF_C1,0.1973009021287052,-0.0839100407052891,0.2812109428339943,TRUE
MB-5113,SNF_C1,0.04710843542850656,0.027824675402696456,0.019283760025810105,FALSE
MB-5450,SNF_C3,0.4830368219177352,-0.1953298119010321,0.6783666338187673,TRUE
MB-7032,SNF_C1,0.20525124881989024,0.12736056662545156,0.07789068219443868,TRUE
MB-7037,SNF_C1,0.34178441544205884,0.07237195198023547,0.26941246346182335,TRUE
MB-7040,SNF_C2,0.13950907376455948,0.030401879030512995,0.10910719473404648,TRUE
MB-7020,SNF_C3,0.25683727624839775,-0.13736774547201128,0.39420502172040905,TRUE
MB-7042,SNF_C1,0.22176969115002618,0.006891611637013644,0.21487807951301252,TRUE
MB-7043,SNF_C2,0.28238561082294167,0.05400551438125665,0.22838009644168503,TRUE
MB-7028,SNF_C1,0.25131660215031365,-0.12105649254080515,0.3723730946911188,TRUE
MB-7029,SNF_C2,0.3323184520862803,-0.07352269056414346,0.40584114265042376,TRUE
MB-7027,SNF_C3,0.32535485687458376,-0.055729631861957805,0.38108448873654155,TRUE
MB-7060,SNF_C2,0.14471506531013992,0.13772375984621432,0.006991305463925596,FALSE
MB-7034,SNF_C1,0.3167506402350952,-0.0654523838386469,0.38220302407374207,TRUE
MB-5191,SNF_C2,0.3419941344817104,-0.043712743240502595,0.385706877722213,TRUE
MB-5214,SNF_C2,0.1615917635940305,0.0403712467696557,0.12122051682437479,TRUE
MB-5204,SNF_C2,0.2103577563279406,0.13418740624031578,0.07617035008762482,TRUE
MB-5155,SNF_C2,0.27173584887560664,-0.018477672942255288,0.2902135218178619,TRUE
MB-5190,SNF_C3,0.21620797623425253,-0.07561944390742005,0.29182742014167257,TRUE
MB-5614,SNF_C2,0.31341121379215564,-0.0730903906960813,0.38650160448823695,TRUE
MB-5592,SNF_C1,0.24443593091186128,-0.0018746848811046464,0.24631061579296593,TRUE
MB-0437,SNF_C1,0.2118213696737304,-0.05968393015489895,0.27150529982862937,TRUE
MB-0028,SNF_C1,0.28163817264357155,-0.12948365433606684,0.4111218269796384,TRUE
MB-0309,SNF_C2,0.25329520646455866,0.176120784623558,0.07717442184100065,TRUE
MB-0100,SNF_C3,0.46727197331672254,-0.18385118210326173,0.6511231554199843,TRUE
MB-5648,SNF_C1,0.3139504332227085,-0.03735627616675446,0.35130670938946296,TRUE
MB-5572,SNF_C3,0.4970986946044573,-0.0425086045539689,0.5396072991584262,TRUE
MB-5655,SNF_C3,0.4779506910126914,-0.2665756268293957,0.7445263178420871,TRUE
MB-5577,SNF_C3,0.19328186547768847,0.08487066764869157,0.1084111978289969,TRUE
MB-5585,SNF_C1,0.11102199182320625,-0.03397570877415318,0.14499770059735945,TRUE
MB-5620,SNF_C1,0.263508284299789,0.04156534174108973,0.22194294255869929,TRUE
MB-5652,SNF_C2,0.19617557967512692,0.08670332953402131,0.1094722501411056,TRUE
MB-0537,SNF_C2,0.47369481652085427,-0.07812203033393753,0.5518168468547918,TRUE
MB-0544,SNF_C1,0.2360649993000307,0.10110614949741242,0.13495884980261827,TRUE
MB-0468,SNF_C1,0.1635256716953738,0.002196784202867634,0.16132888749250615,TRUE
MB-0333,SNF_C3,0.31733067160512013,-0.19121399904757405,0.5085446706526942,TRUE
MB-0205,SNF_C2,0.4466963924225406,-0.1215937404984678,0.5682901329210084,TRUE
MB-0233,SNF_C2,0.15394326186201507,-0.026267394991012688,0.18021065685302776,TRUE
MB-0210,SNF_C3,0.2054930738501481,0.13337818493565395,0.07211488891449414,TRUE
MB-0200,SNF_C3,0.489441184836423,-0.2568895103482293,0.7463306951846523,TRUE
MB-0244,SNF_C1,0.0851947335673016,0.06414866888527213,0.021046064682029478,FALSE
MB-5588,SNF_C3,0.23029343580089695,0.1766097959057686,0.05368363989512834,TRUE
MB-5628,SNF_C3,0.049243285127781075,0.01816718405085246,0.031076101076928615,TRUE
MB-5633,SNF_C3,0.36671487244483664,0.019819381051250032,0.3468954913935866,TRUE
MB-0169,SNF_C2,0.40833156920262575,-0.07621366433189619,0.48454523353452195,TRUE
MB-0253,SNF_C1,0.2332679543748713,0.04122169642859011,0.1920462579462812,TRUE
MB-0226,SNF_C2,0.35103571917203663,0.04056470737429103,0.3104710117977456,TRUE
MB-0278,SNF_C3,0.44502831913242574,-0.26256715899009003,0.7075954781225158,TRUE
MB-0266,SNF_C2,0.37948772496020683,-0.051670081152884705,0.4311578061130915,TRUE
MB-0577,SNF_C1,0.2426726177734092,-0.11865457139500826,0.36132718916841744,TRUE
MB-0156,SNF_C2,0.43141008870242753,0.11765522674983585,0.31375486195259167,TRUE
MB-0531,SNF_C2,0.3587612818972459,7.283875621855417e-4,0.35803289433506036,TRUE
MB-0245,SNF_C2,0.2209453545035018,-0.08115324375716372,0.30209859826066554,TRUE
MB-5641,SNF_C1,0.28808179383413335,-0.14711053058766382,0.43519232442179717,TRUE
MB-5640,SNF_C1,0.22820033112025234,0.06259161953319979,0.16560871158705254,TRUE
MB-0534,SNF_C2,0.44988977349769166,0.004144034085388186,0.4457457394123035,TRUE
MB-0230,SNF_C3,0.14168464313657742,-0.026724936285953092,0.16840957942253051,TRUE
MB-0109,SNF_C1,0.12370526676704807,0.08798266270254432,0.035722604064503755,TRUE
MB-0304,SNF_C1,0.2714329371792449,-0.08426010928096919,0.35569304646021405,TRUE
MB-0369,SNF_C1,0.31127716346655016,-0.12424490389298021,0.43552206735953036,TRUE
MB-0627,SNF_C3,0.2714879972443868,0.08310858220815097,0.18837941503623584,TRUE
MB-0492,SNF_C1,0.24444143115603145,-0.11150545773477925,0.3559468888908107,TRUE
MB-0147,SNF_C1,0.1969987721618777,-0.09846532329584591,0.2954640954577236,TRUE
MB-0442,SNF_C2,0.453520742203435,-0.06116270616488577,0.5146834483683208,TRUE
MB-0111,SNF_C2,0.36978830258040685,0.020291054193136236,0.3494972483872706,TRUE
MB-0634,SNF_C2,0.35157054516644637,0.08945913390219863,0.26211141126424775,TRUE
MB-0280,SNF_C1,0.18420353963866393,0.010824445066394626,0.1733790945722693,TRUE
MB-0490,SNF_C1,0.1846198236629351,0.1012770290637633,0.08334279459917181,TRUE
MB-0885,SNF_C2,0.2696816637795914,0.04743570483381748,0.22224595894577392,TRUE
MB-0178,SNF_C1,0.2293164388249837,-0.0398881593625724,0.2692045981875561,TRUE
MB-0242,SNF_C2,0.1651227802001839,0.00404628073329495,0.16107649946688896,TRUE
MB-5624,SNF_C3,0.4862915654038345,-0.20579882615767575,0.6920903915615102,TRUE
MB-5593,SNF_C3,0.2507707931483471,-0.14125549352475972,0.3920262866731068,TRUE
MB-4010,SNF_C1,0.21321393402000555,-0.10379136309342506,0.3170052971134306,TRUE
MB-5605,SNF_C1,0.21035411814694727,-0.0348998509668895,0.24525396911383676,TRUE
MB-5636,SNF_C1,0.23614743082052064,-0.06739908874971859,0.30354651957023926,TRUE
MB-4529,SNF_C2,0.16029037031266874,0.04545341367250425,0.1148369566401645,TRUE
MB-5566,SNF_C3,0.566500042174202,-0.1975472725588442,0.7640473147330462,TRUE
MB-0268,SNF_C1,0.23286739719384242,0.022168790389433726,0.2106986068044087,TRUE
MB-0160,SNF_C2,0.3457797176127549,-0.016234767475863582,0.36201448508861844,TRUE
MB-0275,SNF_C2,0.3623988449978308,-0.08981709209002231,0.4522159370878531,TRUE
MB-0127,SNF_C2,0.24446647440129451,-0.031662925670939174,0.2761294000722337,TRUE
MB-0045,SNF_C3,0.36680093376568373,0.14206944396186644,0.2247314898038173,TRUE
MB-0414,SNF_C3,0.5455364252675666,-0.26218727082193816,0.8077236960895048,TRUE
MB-0259,SNF_C3,0.44424135723025926,-0.18872475688064108,0.6329661141109003,TRUE
MB-0396,SNF_C3,0.5156136343436072,-0.3206164341423894,0.8362300684859966,TRUE
MB-0874,SNF_C3,0.48644695398381854,-0.2500439361066764,0.736490890090495,TRUE
MB-0179,SNF_C2,0.33233040594491875,0.2048148864001745,0.12751551954474424,TRUE
MB-0526,SNF_C1,0.2584836993235051,-0.11977454126106539,0.3782582405845705,TRUE
MB-0586,SNF_C1,0.23269852063516994,0.14537138035036326,0.08732714028480668,TRUE
MB-0508,SNF_C2,0.14846623101133172,-0.03878255227944729,0.18724878329077901,TRUE
MB-0288,SNF_C2,0.1405670880144551,0.08587311545443874,0.054693972560016374,TRUE
MB-0269,SNF_C3,0.19956271996306804,0.1548392426857779,0.04472347727729015,TRUE
MB-0582,SNF_C3,0.3656541871576505,-0.16362478490537025,0.5292789720630208,TRUE
MB-0901,SNF_C3,0.4829359033483997,-0.2622201687277877,0.7451560720761874,TRUE
MB-0000,SNF_C2,0.38537502354409564,0.04798494595074798,0.33739007759334766,TRUE
MB-0535,SNF_C1,0.1351149732819419,0.08870111101410683,0.04641386226783509,TRUE
MB-0469,SNF_C3,0.03918079518787828,0.029449115867691205,0.009731679320187075,FALSE
MB-0478,SNF_C2,0.47928828023749187,-0.17074422610412848,0.6500325063416204,TRUE
MB-0499,SNF_C2,0.25793922510623435,0.13726676942757818,0.12067245567865617,TRUE
MB-0170,SNF_C2,0.3804934643849512,-0.1167204702116968,0.497213934596648,TRUE
MB-0403,SNF_C2,0.2895780501480667,0.15279642204354782,0.13678162810451888,TRUE
MB-0464,SNF_C3,0.2495533267697661,-0.13184909363893071,0.3814024204086968,TRUE
MB-0421,SNF_C1,0.09708588967960889,-0.03911100558650245,0.13619689526611134,TRUE
MB-0623,SNF_C2,0.4005073467149759,-0.14860073734857193,0.5491080840635478,TRUE
MB-0241,SNF_C3,0.13752179171126877,-0.04926370050378087,0.18678549221504964,TRUE
MB-0163,SNF_C3,0.39280724111336907,-0.22412296828497535,0.6169302093983444,TRUE
MB-0149,SNF_C3,0.4596203014288409,-0.27364153851372297,0.7332618399425639,TRUE
MB-0153,SNF_C2,0.12052839565495874,0.11365141786560354,0.006876977789355199,FALSE
MB-0350,SNF_C3,0.4005117822697948,-0.24777387143039084,0.6482856537001856,TRUE
MB-0512,SNF_C2,0.28656546124176896,-0.0033189661797601694,0.28988442742152914,TRUE
MB-0020,SNF_C2,0.21561571475239158,0.07691542706808827,0.13870028768430331,TRUE
MB-0046,SNF_C1,0.2106550539116473,-0.10179742303685177,0.3124524769484991,TRUE
MB-0134,SNF_C1,0.23180109791993822,-0.06517927001733864,0.2969803679372769,TRUE
MB-0495,SNF_C2,0.16977214442032013,0.057140043213077724,0.1126321012072424,TRUE
MB-0470,SNF_C3,0.05875851751950401,-0.035753454811457364,0.09451197233096137,TRUE
MB-0872,SNF_C2,0.2290146825819865,-0.05495957459503637,0.2839742571770229,TRUE
MB-0661,SNF_C1,0.35597514633183097,0.00796481640930392,0.34801032992252706,TRUE
MB-0339,SNF_C1,0.22968853108953804,-0.03739891416825014,0.26708744525778816,TRUE
MB-0264,SNF_C1,0.15593681675802984,0.013774031985422085,0.14216278477260774,TRUE
MB-0175,SNF_C1,0.2746115780623352,-0.05498994455766729,0.32960152262000253,TRUE
MB-0303,SNF_C3,0.48632194018258756,-0.15278407449223802,0.6391060146748255,TRUE
MB-0172,SNF_C2,0.2094779222047325,0.021833341093325718,0.18764458111140678,TRUE
MB-0125,SNF_C1,0.3241709718707336,-0.023722428460394216,0.34789340033112787,TRUE
MB-0340,SNF_C3,0.4080143444885307,-0.22273630349194562,0.6307506479804763,TRUE
MB-0234,SNF_C1,0.1554934392774731,0.0193189708758456,0.1361744684016275,TRUE
MB-0487,SNF_C2,0.3725600037943685,-0.13539459080459587,0.5079545945989643,TRUE
MB-0305,SNF_C2,0.2427090456418126,-0.042420669011364896,0.2851297146531775,TRUE
MB-0390,SNF_C3,0.23033648291452521,-0.06982000989751262,0.3001564928120378,TRUE
MB-0502,SNF_C3,0.1946925086836261,0.15940268245262895,0.035289826230997134,TRUE
MB-0663,SNF_C3,0.1538677032223009,-0.0932434945473809,0.2471111977696818,TRUE
MB-0130,SNF_C2,0.2850417224454497,-0.09750030550920039,0.3825420279546501,TRUE
MB-0289,SNF_C2,0.29182202431437027,0.13856904831644945,0.15325297599792082,TRUE
MB-0129,SNF_C3,0.20884145039731014,-0.002496567677638037,0.21133801807494818,TRUE
MB-0343,SNF_C1,0.15340661898306923,0.14761863176237655,0.005787987220692681,FALSE
MB-0458,SNF_C2,0.404519274252391,-0.0014375765535420352,0.405956850805933,TRUE
MB-0570,SNF_C1,0.2988606368050187,-0.10275785540269558,0.4016184922077143,TRUE
MB-0281,SNF_C2,0.4376143763733171,0.055442633658464066,0.38217174271485305,TRUE
MB-0488,SNF_C2,0.26377577198362984,0.08205058855827012,0.1817251834253597,TRUE
MB-0655,SNF_C2,0.09365854500213129,-0.02896712246295867,0.12262566746508996,TRUE
MB-0235,SNF_C1,0.14165873652038935,0.1309093890487164,0.010749347471672943,FALSE
MB-0484,SNF_C2,0.08639203014003109,0.06685571984952912,0.01953631029050197,FALSE
MB-0436,SNF_C3,0.27261376877465227,-0.08600278227844264,0.3586165510530949,TRUE
MB-0299,SNF_C3,0.39517657874082585,-0.2430603133804536,0.6382368921212794,TRUE
MB-0877,SNF_C1,0.27911032991351303,-0.034751440540379666,0.3138617704538927,TRUE
MB-0097,SNF_C1,0.2928707804734154,-0.06552071032946591,0.35839149080288135,TRUE
MB-0897,SNF_C2,0.10706258353562872,0.06548032270875213,0.04158226082687659,TRUE
MB-0095,SNF_C1,0.3819786212773699,-0.1258830367559723,0.5078616580333422,TRUE
MB-0227,SNF_C2,0.1924563363414027,-0.031223402710886732,0.2236797390522894,TRUE
MB-0353,SNF_C1,0.2423202711403119,0.05637878091155955,0.18594149022875234,TRUE
MB-0522,SNF_C3,0.0731246088338041,-0.029173885622260656,0.10229849445606476,TRUE
MB-0543,SNF_C3,0.2256352422383013,0.006849465149209218,0.21878577708909208,TRUE
MB-0646,SNF_C1,0.08207545150824991,0.041785387932348275,0.04029006357590163,TRUE
MB-0293,SNF_C2,0.49370928689607085,0.09640495546130685,0.397304331434764,TRUE
MB-0552,SNF_C3,0.12959619125840677,0.041540705931330496,0.08805548532707627,TRUE
MB-0260,SNF_C2,0.2584445054909078,0.04065203994455992,0.2177924655463479,TRUE
MB-0256,SNF_C2,0.33021148908019277,-0.003956906185766022,0.33416839526595876,TRUE
MB-0539,SNF_C3,0.30518986534233905,-0.03567275388071524,0.3408626192230543,TRUE
MB-0626,SNF_C1,0.2170448266175872,-0.036970097209313525,0.2540149238269007,TRUE
MB-0211,SNF_C2,0.15786938210981125,0.03944198119824965,0.11842740091156159,TRUE
MB-0124,SNF_C2,0.2697583114635543,-0.02957159048353183,0.2993299019470861,TRUE
MB-0510,SNF_C2,0.09350156274812269,0.007595083286350658,0.08590647946177203,TRUE
MB-0365,SNF_C3,0.20544291155638736,0.042588705678524394,0.16285420587786298,TRUE
MB-0290,SNF_C2,0.3192813862697696,0.0169180746856103,0.3023633115841593,TRUE
MB-0113,SNF_C2,0.010809442008998698,-0.0029362683402974392,0.013745710349296138,FALSE
MB-0620,SNF_C2,0.3874488631881531,0.09047140487493044,0.29697745831322264,TRUE
MB-0282,SNF_C2,0.5165227114298196,-0.11681935044113562,0.6333420618709553,TRUE
MB-0228,SNF_C2,0.42714558278540327,-0.12699394343485335,0.5541395262202566,TRUE
MB-0578,SNF_C2,0.4648795520916724,-0.07645643664134037,0.5413359887330128,TRUE
MB-0479,SNF_C3,0.17163018824321963,-0.10477367051485252,0.27640385875807216,TRUE
MB-0263,SNF_C2,0.3258969670416447,-0.00702982087745377,0.3329267879190985,TRUE
MB-0509,SNF_C2,0.18355286515602454,0.08433869093227278,0.09921417422375176,TRUE
MB-0110,SNF_C2,0.3214474824545159,0.04264278131733642,0.2788047011371795,TRUE
MB-0279,SNF_C2,0.37084168144913937,-0.01325248944566369,0.3840941708948031,TRUE
MB-0168,SNF_C2,0.2906928275328784,-0.024682156978937195,0.3153749845118156,TRUE
MB-0588,SNF_C2,0.07866677154410222,0.04116871065557367,0.03749806088852855,TRUE
MB-0462,SNF_C3,0.23131480155293152,0.03628296947227346,0.19503183208065805,TRUE
MB-0262,SNF_C3,0.030936382262737646,-0.01889846355278806,0.049834845815525705,TRUE
MB-0907,SNF_C2,0.27903851854395406,0.16515245444606483,0.11388606409788923,TRUE
MB-0554,SNF_C2,0.10091461241267305,0.0813902605595449,0.019524351853128147,FALSE
MB-0418,SNF_C1,0.26912983780810434,-0.11091790868903365,0.380047746497138,TRUE
MB-0193,SNF_C1,0.22822219390770723,0.09194669296945934,0.1362755009382479,TRUE
MB-0652,SNF_C3,0.022113064175394333,-9.232347878316282e-4,0.02303629896322596,FALSE
MB-0638,SNF_C2,0.48824913025486655,-0.16103854948620136,0.6492876797410679,TRUE
MB-0188,SNF_C3,0.028223152858144786,0.008276257584793395,0.01994689527335139,FALSE
MB-0617,SNF_C2,0.41812505979497455,0.0310598165640949,0.38706524323087965,TRUE
MB-7225,SNF_C3,0.36143118190649426,-0.19233293453901693,0.5537641164455112,TRUE
MB-7141,SNF_C2,0.1263188654407702,0.06021627264459632,0.06610259279617388,TRUE
MB-7234,SNF_C1,0.31832391774378394,-0.09850999474424527,0.4168339124880292,TRUE
MB-7089,SNF_C3,0.47279476104250767,-0.15776765787551852,0.6305624189180262,TRUE
MB-7030,SNF_C3,0.34001090974268205,-0.007481773537997535,0.3474926832806796,TRUE
MB-7004,SNF_C2,0.3321295370147833,0.038178252381337194,0.2939512846334461,TRUE
MB-7119,SNF_C3,0.47298449255668273,-0.2501377544039048,0.7231222469605876,TRUE
MB-7263,SNF_C1,0.33672913490521894,-0.16534558407328082,0.5020747189784998,TRUE
MB-7012,SNF_C3,0.5079544092809988,-0.28239667051680456,0.7903510797978033,TRUE
MB-0174,SNF_C3,0.37152278776273495,-0.05032857051338127,0.4218513582761162,TRUE
MB-7182,SNF_C1,0.17381867369352166,0.0037538506111453158,0.17006482308237636,TRUE
MB-7039,SNF_C2,0.3326734801641163,0.07990539901764487,0.2527680811464714,TRUE
MB-3797,SNF_C1,0.23058916968907256,-0.0802994091304537,0.31088857881952625,TRUE
MB-7112,SNF_C1,0.08521343225023675,-0.040808562551662035,0.1260219948018988,TRUE
MB-0308,SNF_C2,0.44516134350452924,-0.10319009977210898,0.5483514432766382,TRUE
MB-7230,SNF_C2,0.1541400972558088,0.15371511238617752,4.24984869631273e-4,FALSE
MB-5452,SNF_C1,0.33154870427737754,-0.06462299883586875,0.3961717031132463,TRUE
MB-6195,SNF_C2,0.4074492212545795,-0.09836966293245687,0.5058188841870364,TRUE
MB-6317,SNF_C1,0.2688448553368675,-0.06129388995313564,0.33013874529000314,TRUE
MB-5460,SNF_C1,0.10555693905823538,-0.005194483683229233,0.11075142274146461,TRUE
MB-5464,SNF_C1,0.2559664585068632,-0.05804668628988051,0.31401314479674375,TRUE
MB-5552,SNF_C3,0.19762252369805997,-0.0755704048968248,0.27319292859488475,TRUE
MB-5547,SNF_C3,0.4449890057236543,-0.20393351431812826,0.6489225200417825,TRUE
MB-6189,SNF_C1,0.3771309850339688,-0.1148850118778582,0.492015996911827,TRUE
MB-6122,SNF_C3,0.2731724066404121,-0.10258117473075716,0.37575358137116927,TRUE
MB-6192,SNF_C1,0.09708737423462978,-0.01783959451217312,0.1149269687468029,TRUE
MB-4820,SNF_C1,0.2987009595032129,-0.09937949123297543,0.39808045073618836,TRUE
MB-5527,SNF_C3,0.32833811305384136,0.004025510316022978,0.32431260273781837,TRUE
MB-5167,SNF_C1,0.257890643069715,-0.045305325274747045,0.30319596834446205,TRUE
MB-5465,SNF_C3,0.4437432801474698,-0.11792963196686869,0.5616729121143385,TRUE
MB-5453,SNF_C2,0.22801390936289664,0.1365720427254906,0.09144186663740606,TRUE
MB-5471,SNF_C2,0.14109132790800258,0.0010330329327924185,0.14005829497521016,TRUE
MB-5127,SNF_C1,0.3067246795916834,-0.11591804079073159,0.422642720382415,TRUE
MB-4313,SNF_C1,0.12522389698796482,0.03580855191654823,0.0894153450714166,TRUE
MB-4823,SNF_C3,0.2290354279120202,-0.0972866850125,0.3263221129245202,TRUE
